episode,mean,min,max,n_runs
1,33.463990259991625,15.58674653518392,52.09994668961736,20
2,33.8433255427934,20.15494321467486,44.40322022058808,20
3,35.02395146449673,26.25082597142561,48.2149821824878,20
4,35.832614374820125,25.181151725375457,44.80727096433248,20
5,35.43735613719893,19.456221391560398,43.310949296324544,20
6,36.260076028377064,21.841658826235896,46.54694159845136,20
7,36.734004288065805,22.206841968413624,47.44551578448487,20
8,36.380807881486234,22.66267788524965,46.39367885743559,20
9,34.17227674795597,17.988830534880336,45.263798458072216,20
10,34.0560550696737,16.529184992443334,45.09581175538242,20
11,32.13341167544682,12.189219860473797,45.25373683710826,20
12,31.131003202202272,7.141189914291317,47.95580229397698,20
13,30.74639374189469,1.6869485335018208,49.72323248816359,20
14,29.972023602657192,-2.8429068472214567,54.58329532456576,20
15,28.947090304992248,-6.26433950180605,53.36670355413226,20
16,28.039183675282658,-10.611611229272512,52.686643965851545,20
17,27.175214159292217,-14.032994052196203,52.266055822882606,20
18,26.625092679704608,-17.43950036780532,51.96704809395143,20
19,26.451448017799017,-19.94257260752975,51.3923108212705,20
20,26.396917287382802,-22.06371708430197,53.37085270952957,20
21,26.214287563747973,-23.695294958777332,54.74626714138902,20
22,25.962776174087015,-24.44428350295394,57.69408960239591,20
23,25.414493112873195,-25.363365322366324,56.45005125104217,20
24,25.51346095448341,-26.04790350097725,55.18945115344104,20
25,25.297532845396866,-27.077348214103548,53.86795559604885,20
26,24.999151500275413,-27.908965019441755,54.11336878668695,20
27,24.61593739859856,-25.65805892294884,54.381361948872936,20
28,23.84910357535021,-23.451584544103238,54.50441860274045,20
29,23.632790302722636,-24.46539635177283,53.82523594635602,20
30,23.085985230574362,-22.71687768061117,52.95497556073745,20
31,22.802358686898426,-20.409340447744103,53.03192693090756,20
32,21.935086503047195,-18.919972907851616,52.47823196835378,20
33,21.38665616870835,-17.31065211168673,53.70098690575298,20
34,21.21970380835806,-16.127583225386736,54.51227442295262,20
35,20.73292195136628,-14.399295535483024,53.95827138849267,20
36,20.32375385560954,-13.341999585596971,57.48692261851521,20
37,20.058789987894137,-12.146657517753074,59.9231518304592,20
38,19.458841038405964,-11.177276876970083,60.08857077149012,20
39,18.823501351677223,-9.945559651346672,60.23794191550009,20
40,18.13194202929955,-8.73389449518345,60.20888763158232,20
41,18.135051248677126,-7.469770865566516,60.70150113037287,20
42,17.625414858268915,-6.376109295572297,60.83183015425844,20
43,17.210478858240275,-4.691967649561818,60.17894008101266,20
44,16.850123847744207,-4.594759199327242,59.236553847998245,20
45,16.64101891640989,-5.94541694876142,58.66999521089613,20
46,16.417921357356313,-7.274371851785556,58.0001511169648,20
47,16.032503784800177,-8.560921376356303,57.45619538758999,20
48,15.795442229499704,-9.425438477835504,56.8795379118111,20
49,15.475657920834104,-10.60172469874354,56.18270078380972,20
50,15.306739050081006,-9.6591869335093,55.46693068513367,20
51,15.08400720637395,-10.519676451939471,54.55657876901712,20
52,15.124675843364656,-9.314602813525164,53.470596582536544,20
53,15.183391918280051,-8.58532896038992,51.89100526088479,20
54,15.325552012159559,-7.739008495298583,50.95799243199828,20
55,15.254441551341008,-7.090184124278808,49.5243402044348,20
56,15.470072925504677,-5.923876715249305,48.652712113537454,20
57,15.72664110997054,-4.402375271273342,47.77490356278344,20
58,15.994324011565922,-4.302724298351583,47.09520025771062,20
59,16.276821055952247,-4.699508434103244,46.68497085623142,20
60,16.492461233978723,-5.193540894718323,46.24572872970951,20
61,16.695176300581522,-5.3547375916825,46.11740024178441,20
62,16.959541880625796,-5.702273627364687,46.619546201092845,20
63,17.223494757837436,-6.013813657402381,46.38030105159351,20
64,17.35167077411013,-6.60936213789401,46.17456249856113,20
65,17.471340231635153,-7.127302598506307,45.953643169352205,20
66,17.823547720867246,-7.667076359027526,46.08830532006651,20
67,17.943720363608143,-7.84583002703913,45.85955449450663,20
68,17.936863287641646,-8.389139670020006,46.13339817541555,20
69,17.937833661340356,-8.429892410339365,45.9673402406444,20
70,17.999950646948502,-8.805080896560192,46.542608944577424,20
71,18.15926513014915,-8.961891735888265,46.39412690828764,20
72,18.34247953989786,-9.03761337066026,46.50978165391328,20
73,18.510131673436227,-9.12633387407373,46.311944599044566,20
74,18.606087909092835,-8.725460092887063,46.1087868846934,20
75,18.528397205425744,-8.303422237085881,45.92032812726808,20
76,18.828763578051557,-8.421769779050608,46.30405641067589,20
77,18.894793422606643,-8.059255909656146,46.33873045591867,20
78,19.03964594063552,-7.671002012412501,46.89260435083296,20
79,19.31200853628269,-7.310587057063458,47.27505523780231,20
80,19.347998454816555,-6.961692906494795,47.67523449345433,20
81,19.43156761565306,-6.627900945342418,48.187508121159865,20
82,19.52608055316818,-6.255864660048978,48.74862673824551,20
83,19.55001950613013,-5.843545936045861,49.2509256922062,20
84,19.688299117893,-5.490555689623653,49.9893575196548,20
85,19.89237051486764,-5.187069445912087,50.92436589975951,20
86,19.98478998284866,-4.791414960437028,52.53844854426624,20
87,20.224579259604834,-4.495209260659641,53.41172487967776,20
88,20.679106592504176,-4.092380485516535,54.84211708211964,20
89,21.139472067005297,-3.7470215785851497,56.36634227158763,20
90,21.316239471629316,-3.4503010546975523,56.89154383867513,20
91,21.62068576559215,-3.1570469680539714,56.50159802327065,20
92,21.85262753387291,-2.79377489121759,56.220747079845495,20
93,22.04917042858158,-2.4388865773817088,56.159351568211925,20
94,22.13415474567322,-2.1777505580752634,56.29940191236612,20
95,22.360463659089845,-1.939698835029087,55.99153027777952,20
96,22.586297864287673,-1.6367475280209005,56.09837871846539,20
97,22.834587901178033,-1.3737141320405724,56.40330135745822,20
98,23.03686816293048,-1.3499840044455131,56.72443992781728,20
99,23.259850167016253,-1.111435651720912,56.76011623619359,20
100,23.51245876494428,-0.8850460268911593,57.315868181533645,20
101,23.878837918245548,-0.9254154576063774,57.92596955353734,20
102,24.09943567593071,-1.09451019766444,59.71901320518058,20
103,24.379063259467124,-1.234836035454009,61.09889645542082,20
104,24.53805398264769,-1.4767018289077714,62.03622309775155,20
105,24.76909751839289,-1.4527149779773936,63.63926412945677,20
106,24.92562874961182,-1.4433370652794293,64.30168431937759,20
107,25.141656615490557,-1.5511519117903665,65.1254835454055,20
108,25.255920297074187,-2.0292469147028167,66.23958065707068,20
109,25.447429573909584,-2.2291755559196464,66.51433473866264,20
110,25.461722064535802,-2.676517063499777,67.44070524767804,20
111,25.63581544251978,-2.8451198474591366,67.46600992507045,20
112,26.00209850340546,-2.99697940376529,68.42781340171327,20
113,26.19900829987273,-3.079113332954585,69.28828203750052,20
114,26.397711223012244,-3.3483451523346592,70.38303413300518,20
115,26.82997113605731,-3.246234299511998,71.14688357752456,20
116,27.00716529086577,-2.497824681987404,71.5897654305835,20
117,27.349580493548142,-2.5251639394921948,72.87756836791232,20
118,27.684353223967797,-2.3067048677563435,73.83884781920526,20
119,27.90431504664445,-2.2685219687916107,74.17907453543681,20
120,28.17157456720537,-2.171616760636098,75.27170867013919,20
121,28.366439426035793,-2.109788361298269,75.0813611942454,20
122,28.702496275918737,-0.8608935664591263,76.53515866046946,20
123,29.077348257234444,0.0232234719212283,77.05740339879121,20
124,29.187268366082737,0.0470862895066966,76.89130439576867,20
125,29.50020465502011,0.1932326668829773,77.59160516436387,20
126,30.063296782421258,0.2496311195523594,79.61156408938521,20
127,30.62077416442664,1.2056745782450888,80.41812078380026,20
128,31.308282154355247,2.200866766418621,81.54929194841534,20
129,31.801243530974467,2.480949732098088,83.90967486727284,20
130,32.394928393678235,2.978502794946835,85.23279104952934,20
131,33.05202131294136,3.351587929893576,87.22403262148845,20
132,33.83834270940167,3.472880610954308,89.3430661257454,20
133,34.491009653805214,3.895676477067464,90.94975462461863,20
134,35.13615153889948,4.624151587994129,92.62326474670132,20
135,35.759307920992455,4.705204030564055,94.94431305977793,20
136,36.397074895000564,5.3469135928619655,95.56642226283992,20
137,36.94742186821498,5.7337644295673815,97.43349244479876,20
138,37.72409488580871,6.113031142698601,99.92446499795508,20
139,38.41546500979083,6.700882734130136,99.79105971029814,20
140,39.20380882654437,7.3562794457003475,101.38828286043922,20
141,39.743445144430744,7.659073214731179,100.56151636970782,20
142,40.33178560835974,7.08436670109164,102.03393333792307,20
143,40.96514890259009,6.460703341937624,101.81198512673932,20
144,41.63528933987155,6.001710041025653,101.7015082686636,20
145,42.365370161340174,5.433113371413201,103.3183937731068,20
146,42.697980952858956,5.0111871198005975,103.20789647147612,20
147,43.487887300795734,4.7182804386504,104.7239881297908,20
148,43.94660656886956,4.271085494179278,104.1335729439798,20
149,44.79240446377609,4.662904182188213,105.66069356524008,20
150,45.464315573169024,4.319830277599395,107.85412018803969,20
151,46.07182413420759,4.083182320278138,107.72398666341876,20
152,46.50612610834969,3.757497298326344,109.3297221052376,20
153,47.10623055608802,3.5798179021663965,111.72816475891888,20
154,47.80071723295277,3.703630227027461,114.0598415923436,20
155,48.42797317784653,3.344372804388404,116.0004762154646,20
156,48.92300268122637,2.940269585736096,117.79101462070044,20
157,49.27233897485995,2.668216729145497,118.12890929903514,20
158,49.59895786934947,3.140709298588336,119.7181326342738,20
159,49.99730785175006,2.986531626060605,122.02636258058396,20
160,50.48165167649999,3.608394600567408,123.15401295965682,20
161,50.795337242194236,3.228796111685224,123.83137778339166,20
162,51.37640174680263,3.770022539203055,125.30775122705104,20
163,51.930244459058464,4.231541846734472,126.07005002252016,20
164,52.342803095873116,4.897190106515772,127.2366787715671,20
165,52.90902706554691,5.512644413807429,128.76731690241445,20
166,53.489164237045074,6.207162844985724,130.16852218931962,20
167,54.132780425173884,6.70380053629633,130.76016333682475,20
168,55.03722345425187,7.46398587915115,132.49483186466227,20
169,55.9217043321863,7.856286336733028,134.53427465135886,20
170,56.680683782354016,8.451367803565226,136.3927408990143,20
171,57.33274267654419,8.879563921461813,137.96917800620852,20
172,57.9501272511518,9.342256549107844,139.47987890991106,20
173,58.64191713161218,9.838454049541616,141.70196623407728,20
174,59.29954475763418,9.92648237851914,143.62082394005037,20
175,60.0336406173592,9.945987832280808,145.53160321838692,20
176,60.444524090638176,10.462310939426532,147.65335663202222,20
177,61.1803218058609,10.576494737579488,149.59381786405112,20
178,61.728765510719676,10.621219171858392,152.03708419347186,20
179,62.261391066015236,10.721781215067022,152.4277446283773,20
180,62.934290204511626,9.980692089642398,154.46108631467916,20
181,63.58966997389267,10.08332031150814,156.6535281029232,20
182,64.18221207199863,10.07778494001468,158.7422084316325,20
183,64.91578468475105,9.462081866288646,160.83060884888215,20
184,65.58435122698415,8.377669634563937,162.58575388279675,20
185,66.13796417844063,7.152776417113928,164.64087401417015,20
186,66.76106690156034,7.153662332087842,165.9770022545655,20
187,67.36605453314442,6.48743278345195,166.1792457730037,20
188,67.77620652317474,4.120726985732181,166.90403852594017,20
189,68.14442664476235,1.40738829536931,167.69574396681904,20
190,68.75719450836009,1.942586865784688,169.0722186009672,20
191,69.27117793051502,-0.409991514430294,170.4926550602813,20
192,69.84116511713876,-1.1806690245670324,170.94817552761106,20
193,70.43753001571135,-4.0599490812317525,172.3232218118105,20
194,71.08137168540279,-4.235008574231906,174.2440342607256,20
195,71.67369872594551,-6.891432189281477,176.69281023032033,20
196,72.15545574026063,-7.49018229465597,178.72097481585106,20
197,72.62693895373005,-9.900622966458322,180.89036854751407,20
198,73.09015752216166,-10.908657973353984,182.6374296562746,20
199,73.45275716465301,-10.8238739338296,184.13332613594363,20
200,73.80039307467416,-13.447541189660551,185.85318100088972,20
201,74.03853090405593,-15.504216306750896,186.40158607221903,20
202,74.43884163167118,-16.256297751289093,186.96524933585664,20
203,74.78295951028124,-18.668814282041275,187.5661067904695,20
204,75.12749279620081,-19.19065109314048,187.89075116069756,20
205,75.61225367584669,-21.13637840417796,188.4844352080277,20
206,76.13649809801605,-22.950220190003748,188.61230838656192,20
207,76.52736042397535,-26.115832499429818,188.8547643887787,20
208,76.82075729600606,-27.714745812710607,189.4715094007156,20
209,77.43716764128737,-27.705089676711943,190.0922683444782,20
210,78.1069440664738,-28.76451842171257,191.44934374199948,20
211,78.76756445850036,-27.90596963933785,192.78116168655225,20
212,79.12592941966906,-29.70680911935051,193.2313894963241,20
213,79.73707112098698,-31.28368013944128,194.36679736701535,20
214,80.31037059581652,-30.62730569567226,194.8186329347617,20
215,80.69441578173044,-31.955987649072632,195.207227214647,20
216,81.42973150907997,-31.452452575240024,196.44544473029907,20
217,81.83293746689912,-31.04453732279464,196.8455810645246,20
218,82.40418283235488,-30.148265861034016,197.349742405985,20
219,82.89176124063692,-29.07338663324117,197.70870017719687,20
220,83.46689674413862,-28.751889859916265,198.3415671735746,20
221,84.26870766797582,-27.93132756616789,198.70303520307175,20
222,84.92342081653074,-27.285991749149836,200.3058347260044,20
223,85.51305711374242,-25.935634119781756,201.47254718072944,20
224,86.30565821153043,-24.396650340551133,202.93863475688036,20
225,86.9825176958852,-23.039359397013172,204.23209767638937,20
226,87.3711489596754,-21.65799280323132,204.19611549274296,20
227,87.72568352697638,-21.282450314983,204.42851009493927,20
228,88.0988255197129,-19.84758249761464,204.75982041137524,20
229,88.66670001691837,-18.48105632539766,205.7226056937152,20
230,89.12422263143426,-17.15133194351496,206.1596138422773,20
231,89.5123594115837,-16.37089336441757,206.39307827737412,20
232,90.01171328811458,-15.029280282455584,206.6843632766069,20
233,90.54711352183438,-13.779155951383146,206.56126901353164,20
234,90.98621950373345,-12.416626020661642,207.2284246924302,20
235,91.402893795242,-10.912318859564694,207.3067324449696,20
236,91.96076451227836,-9.541244763965803,208.9998696678213,20
237,92.5079527735319,-8.250224022093317,209.41511179428423,20
238,92.89216951821317,-6.766603015156433,209.91546151729176,20
239,93.43751988462455,-5.273699385764048,211.99133744034796,20
240,94.0993176901676,-4.716626492457436,212.39174440809637,20
241,94.55227642974708,-5.444149513359153,215.2074520385928,20
242,95.16910543960668,-5.212541220276616,215.90795878092868,20
243,95.72561519471692,-3.797990828766488,218.06678005538055,20
244,96.30424489895063,-3.222346588256769,220.41097825484687,20
245,96.7317976667615,-2.816426321645267,220.89362361716096,20
246,97.59495033148038,-1.7037835171213374,223.30181838825337,20
247,98.10370200226149,-1.2660312312818132,223.7152444314956,20
248,98.83274675317718,0.19227059163386,226.56006886857148,20
249,99.23819720755786,1.7851164846983738,227.1376095699943,20
250,99.76571589162242,3.158723466533702,227.10536801639063,20
251,100.428861643197,4.592564254680183,229.47971292013352,20
252,101.11851931981725,5.822557679184246,229.94540197100545,20
253,101.63115642570334,7.102194389491342,230.09070035041069,20
254,101.93530677348537,8.524583943956532,229.8612818639236,20
255,102.38795706741608,10.014413374685684,229.79740125963457,20
256,102.87550537379052,11.58750393729657,230.02699429504565,20
257,103.55500640726011,13.04260965115449,231.9708752025896,20
258,104.03077600902691,14.529103732817456,232.3485666336258,20
259,104.67200335549005,15.980485779017908,232.55172074642036,20
260,105.24725275889223,17.357493485399317,233.1701453691721,20
261,106.00602797695367,17.563997434341147,234.2185872400483,20
262,106.38856332302866,17.414701589961332,234.38232149738127,20
263,106.76622194050057,17.93858412273301,234.4241737370124,20
264,107.27947554573193,18.222172654420863,234.73243848940365,20
265,107.74282625755347,18.126032886654865,235.26752031885096,20
266,108.15842721315293,18.05826237287445,235.3863012668491,20
267,108.54800799227674,18.754841119573246,235.70552687878205,20
268,108.76804917535071,19.223533099437045,235.77796975191572,20
269,109.1024665625401,19.477102364594028,235.75201341502145,20
270,109.52239459443024,19.58815758129145,235.73330674309057,20
271,109.90256399263947,19.68649039502052,235.8184111699323,20
272,110.25333106097048,19.73102809526754,235.7901422900847,20
273,110.59804966847636,19.6464015060736,235.6477403395973,20
274,111.0782023667686,19.62086208431778,236.06743641545023,20
275,111.51395865996369,19.688509742978784,236.51963076312757,20
276,111.91117080407965,19.646487706199117,236.55593287888172,20
277,112.21289812599028,19.703665074769237,236.6179058273156,20
278,112.65597256622678,19.704865076660937,236.5949778601081,20
279,112.91501360638624,19.721188710581337,236.9801827174724,20
280,113.24118049826438,20.598863692812447,237.37920317676577,20
281,113.58776037900682,20.91912288787571,237.32981873875863,20
282,114.05370408473114,20.85080166951549,237.73893639499587,20
283,114.39516887576679,20.980976225629277,237.9987036295448,20
284,114.68672115720491,21.08317870524508,237.9197846377295,20
285,115.12769822955681,21.12053718431649,238.0341534150977,20
286,115.5633744359915,21.192829289872023,238.02826018937665,20
287,115.74630951415675,21.15888025180233,238.23552788019916,20
288,116.15131465615627,21.16289675135893,238.3600042195505,20
289,116.65915338286786,21.09672686901671,238.35161597908277,20
290,117.0996410994725,21.137322131346732,238.44532423053667,20
291,117.35224648240364,21.11919328789023,238.60972783439595,20
292,117.63559497548984,21.10974694057164,238.83858778369407,20
293,118.04410014135127,21.05727860522253,239.0165293546193,20
294,118.38990340152725,21.03167215472815,239.91996368326105,20
295,118.69445367513906,20.99701695843396,240.20452940258983,20
296,119.11021215263034,20.933805341616097,240.47947839844363,20
297,119.59335563944384,20.477809948686332,240.88460607094083,20
298,120.06331218500029,20.287310992263084,240.8732432053956,20
299,120.6831194194414,20.319856985516672,242.9479018343645,20
300,121.29384310001873,20.218307297944847,245.0846849086872,20
301,121.6580094768859,20.04221717373264,245.44746779124168,20
302,122.09850608928586,19.96483806217817,245.57909660481764,20
303,122.53420440108634,20.435080260967663,245.91180967696667,20
304,123.11257681426248,20.5398402468281,248.13097875702115,20
305,123.5188085507569,19.797311183864075,248.3095508290167,20
306,123.83806045072996,19.882115404939103,248.5809346485781,20
307,124.31518707699334,20.89320973964204,248.7689363827641,20
308,124.98560499579465,21.0195529911833,250.84432860980655,20
309,125.47595829739544,21.83160271661618,251.2950249014228,20
310,125.87713138289715,22.370420242420224,251.78826684361707,20
311,126.3385103024206,23.24028643329424,252.1400866629594,20
312,126.76203997212144,23.64582773084549,252.6073164630347,20
313,127.04103277908978,24.152639103166585,252.75262431903192,20
314,127.3344294003526,24.50924888522161,253.02161140192683,20
315,127.76232929453495,24.606252760466013,253.38302793529328,20
316,128.072824971904,24.694206512763923,253.45510108730264,20
317,128.6334756187098,25.509556836344128,253.3353162669993,20
318,128.94006624933718,26.103850069910116,253.5115308633584,20
319,129.4262437214792,26.81320137879171,253.64029486132745,20
320,129.70626122748993,26.91993494722352,253.60865623298056,20
321,129.95060695207738,26.88433187299699,253.670998636202,20
322,130.1799701464997,26.895044934063336,254.1470199363232,20
323,130.5079519372619,26.923526069645888,254.3931836940833,20
324,130.84201416378883,26.98731841185421,254.33656041294293,20
325,131.03426259583497,27.00989026424766,254.6630419381983,20
326,131.3709666188908,26.955501564567093,254.9398464177265,20
327,131.7665344545123,27.005980963979965,255.0673808009662,20
328,132.20121813674592,27.061353190907397,255.23125968751685,20
329,132.47462214023412,27.00987299057015,255.29422646201405,20
330,132.88188825290703,26.907495845261145,255.2856022895421,20
331,133.21832467618745,26.886654152109404,255.54274838206229,20
332,133.45877316672014,27.004596866558423,255.655606202036,20
333,133.65872667553427,26.956999031159214,255.9233873045443,20
334,133.95445741788575,27.27591999804892,256.4940987568999,20
335,134.38545837060752,27.31279604854353,256.96672815528683,20
336,134.57854439302432,27.315929520784994,257.63609134505487,20
337,134.95283030500306,27.383226984053035,257.9580874667036,20
338,135.3960830236694,27.290710115631228,258.10433167154883,20
339,135.79515783102858,27.315922324390268,258.5704012246894,20
340,135.94348498342933,26.346944315129075,258.70183780960025,20
341,136.33033055244678,26.305187607103143,258.7446188713073,20
342,136.77826811135944,26.08501557263837,258.7883483875565,20
343,137.2581284982195,25.97460249114141,258.8096571524277,20
344,137.6453186342872,26.06156613215164,259.01788750068505,20
345,137.9880452807678,26.054148514394765,258.9061876263957,20
346,138.3594834640987,26.094369079408352,259.03960732034915,20
347,138.6663089354038,26.07986763240129,259.16736076169224,20
348,138.92110465018374,26.14164065488905,259.4258314969069,20
349,139.24126528499497,26.175908833400463,259.4375359371355,20
350,139.61822944538898,26.251749223520164,259.55212536866355,20
351,139.93964893657704,26.30378089498088,259.85923691539136,20
352,140.25536637348654,25.6788289671886,259.8933385331002,20
353,140.60814309171778,25.752560081103,259.94654045975113,20
354,141.0278940074195,25.84517341547937,260.2261354450769,20
355,141.54534770391436,25.920035547570443,260.3092429977683,20
356,141.90527524802928,25.99375899578736,260.63278499334103,20
357,142.16624759903146,26.038638561417464,260.90484637110944,20
358,142.787287609399,26.12782029650465,261.02946422931313,20
359,143.1997838916039,26.19834541495249,261.18284246036825,20
360,143.60620239853316,26.116130723648823,261.37158303753694,20
361,144.00139579302703,25.97828171951056,261.63415177394853,20
362,144.46507574005219,25.85252803392068,261.55068493310887,20
363,144.95488283043048,25.811103973913124,261.8079031316057,20
364,145.51233315703922,25.82833356220566,262.1023086124711,20
365,145.9513326954986,25.719729474706693,262.24195212411286,20
366,146.31094003185152,25.554862353967614,262.47850967537204,20
367,146.78245037433086,25.509249061083537,262.73529079090395,20
368,147.29960798297822,25.345749362614004,262.9560411765572,20
369,147.58035290239587,25.293174612000584,263.08259910098803,20
370,147.84425057678627,25.20944239640609,263.264499386893,20
371,148.33004565278515,25.1134147984162,263.4135378880048,20
372,148.81666666912602,25.103938872125,263.56283725798073,20
373,149.25945980649286,25.129636573176832,263.7177560244681,20
374,149.55785588755188,25.10058838741854,263.7236164312804,20
375,149.94976287729563,25.214737106133253,263.7148893127771,20
376,150.5344242880895,25.438208797462284,263.5066969457077,20
377,150.93639387223848,25.623993369042875,263.5187310227746,20
378,151.3437440918648,25.66063988618553,263.38198936471366,20
379,151.87912064405023,25.92126012338325,263.25603758884245,20
380,152.49663451003966,26.264349951129407,263.24201020087696,20
381,152.93142614820704,26.299203060697764,263.25346306744615,20
382,153.25830907427454,26.34832935221959,263.21116475218327,20
383,153.64830703566926,26.4297404739866,263.0191964289488,20
384,154.13973608145963,26.56946628168691,262.9263297330041,20
385,154.43205696761976,26.67274922606069,262.83135867640493,20
386,154.69127371163248,26.70078926822636,262.7375928747945,20
387,155.06890113145684,26.80451378223021,262.5656593632803,20
388,155.37862956808468,26.900612524175084,262.2903249386616,20
389,155.5960689452233,26.88940250754822,261.8101630264485,20
390,155.927868189688,26.85222328950185,261.4648785567458,20
391,156.43730073210912,26.95570640117396,261.05167745076005,20
392,157.0133905328002,27.171952505824155,260.7202744482446,20
393,157.3773688958271,27.114586815335787,260.4344443989906,20
394,157.77084164535194,27.228924041860736,259.95530816258747,20
395,158.20431353487763,27.245718857464382,259.59429464942895,20
396,158.58304557802782,27.372035637875086,258.9254565693211,20
397,158.85872872399986,27.55693691010121,259.0696962673744,20
398,159.13896102915078,27.627198240482247,259.6309651152479,20
399,159.37863200786387,27.735038431960277,259.93284718677086,20
400,159.76584880146333,28.022154717709054,260.2633533647951,20
401,160.10239839234504,28.108495453710784,260.5494598483356,20
402,160.4845988370647,28.24053736217611,261.0576108373734,20
403,160.84769239177885,28.378852913005392,261.3733153531966,20
404,161.14674385125005,28.977779773639632,261.6852519856565,20
405,161.38853984495367,29.133878219628823,261.9462223454364,20
406,161.77512458288916,29.51373511096288,262.23005222227283,20
407,162.04686862272337,29.794492575394106,262.352939233548,20
408,162.5146034994574,30.126333444489283,262.76579296208075,20
409,162.87299281118075,30.190155610123767,262.99197490525523,20
410,163.2271838085946,30.392758435214056,263.6915930313882,20
411,163.55912621502608,30.558317325895768,264.03088317334044,20
412,164.00914604861265,30.631465133538587,264.2333068877025,20
413,164.45104945548633,30.71169108908449,264.6286819046931,20
414,165.05171067976164,30.82950857739721,264.9531205972014,20
415,165.4567731492817,30.92030985521909,265.2920688427323,20
416,165.95395371639887,30.99333089361724,265.75749251379534,20
417,166.38371656545806,31.362172048304345,265.9325276545984,20
418,166.84915726070295,31.589745054960368,266.4758825974063,20
419,167.22500514871234,31.596066565800573,266.68434750564995,20
420,167.58540588910495,31.86985400501464,266.91571459575226,20
421,167.9087756604791,31.788545671234026,266.99713961888705,20
422,168.19694715351108,31.81876185286616,267.5013651229688,20
423,168.6819769588954,32.098290600774924,267.7954910733425,20
424,169.0430826069889,32.265426500959435,267.89490892667925,20
425,169.46183294166852,32.36348708194506,268.0615133556085,20
426,169.86671032092082,33.07715853276488,268.12430441287484,20
427,170.2509858996706,33.26934277158987,268.1301387814539,20
428,170.4473010210382,33.370736839220044,268.0194708246798,20
429,170.7271366598085,33.49006389285263,268.1782249645227,20
430,171.02954279525218,33.60612613540899,267.8027930324049,20
431,171.38200603909928,34.3336507943162,267.86041373119593,20
432,171.75411067163967,34.95576452071604,268.10355399135403,20
433,172.23660195193935,35.03850433216255,268.2010917183188,20
434,172.6975938073404,35.091476948157066,268.2406861336799,20
435,173.19270967033273,35.23652812902641,268.4895390591784,20
436,173.6559379077376,35.18082951352757,268.592670839868,20
437,173.95921154219235,35.26336402452376,268.5483109397664,20
438,174.33615141524967,35.6342981688754,268.61785615470626,20
439,174.73099441368635,35.69950870082539,268.755557944478,20
440,175.22154334319777,37.33552254748356,268.9711987804821,20
441,175.71602985280538,37.44318222655741,269.15256739048186,20
442,176.17905141132366,37.66031265350816,269.2022076530093,20
443,176.55249349370152,37.92113773041231,269.31347920965305,20
444,176.87135044385468,38.23230211716902,269.2210501691503,20
445,177.36209053342108,38.72202221877232,269.31500295256166,20
446,177.80364696920356,38.787745379463885,269.2295241950163,20
447,178.29933596781956,38.97604241055728,269.4825982406144,20
448,178.8797046439883,39.54929420334578,269.7954693123805,20
449,179.4235448461368,39.83924830693111,269.9898805302628,20
450,179.83381823229348,39.92064012953372,270.0698108692713,20
451,180.29537836703372,40.16405009921,270.2257329102666,20
452,180.58911223712374,41.26995659495151,270.2989782125982,20
453,181.00659279081066,41.38196191937109,270.4627997940792,20
454,181.4333623970296,41.577170650330665,270.4719572475426,20
455,181.73954440220857,41.80611035373557,270.4755247187046,20
456,182.08360868049226,42.02987055529404,270.7273017814699,20
457,182.4957557016419,42.470539224618406,270.9925867004776,20
458,182.7340965221918,42.71317993409495,271.0341146298022,20
459,182.96200982587288,42.72639294191758,271.1809702592287,20
460,183.08440786591018,42.65932616076927,271.2032815397754,20
461,183.33647267538004,42.77592478518869,271.46287131397423,20
462,183.62798141925953,42.895486873309416,271.63621694662976,20
463,183.9455947179133,43.23634908021923,271.72470198321525,20
464,184.30517667609666,43.52531687700685,271.7534068595906,20
465,184.63493378423797,43.99385410089075,271.75504241535526,20
466,185.03679482806947,44.10132852777868,271.84930308537645,20
467,185.4539888554766,44.4809470662105,271.9944797821352,20
468,185.74981006895945,44.49364648163348,272.1456264477418,20
469,186.25139046049304,44.547465932891065,272.2067166159311,20
470,186.69081131349316,44.59558184018155,272.38517532100525,20
471,187.01319868234242,44.61708747794648,272.42802743637554,20
472,187.35275148173338,44.91016078397428,272.4359269362254,20
473,187.71312680405458,45.17966378656944,272.4279220851688,20
474,188.12198317573103,45.31253907117789,272.64587362694465,20
475,188.6177950872086,45.58319731326803,273.05973939003337,20
476,188.9440009779403,45.61286419397249,273.1285843288704,20
477,189.3821999896864,45.92802695978462,273.1562923004097,20
478,189.71559575536304,46.33719502133812,273.2555168860304,20
479,190.11696507205903,46.50722151705792,273.266605706568,20
480,190.38329468407034,46.29554252607544,273.2248248945824,20
481,190.7636137175703,46.37912183908542,273.1866706745415,20
482,191.27803398363966,46.71923162827763,273.22305131874936,20
483,191.78521102742766,46.71797660757351,273.3686056806236,20
484,192.13759701393104,46.852783383191856,273.3542189209997,20
485,192.5859960649032,46.87678403087455,273.36364567744965,20
486,193.07736085882007,47.14346400250244,273.5715733878799,20
487,193.54533707273052,47.09311040429893,273.574651540617,20
488,193.92587406240915,47.35596900955338,273.7511360400278,20
489,194.389504175349,47.41318484766904,273.64244700417066,20
490,194.72145260455875,47.7752904615787,273.7361843320556,20
491,195.1789625076861,47.7854174444321,273.8384294034555,20
492,195.417321735367,47.58947099092038,273.8442439334202,20
493,195.79156003929944,47.70943102302583,273.948562636796,20
494,196.24790517941022,48.01643284446182,274.0152286798615,20
495,196.70394727586353,48.51598605352076,273.9193979524277,20
496,197.0907502130339,48.484100688310285,273.6903342839811,20
497,197.53896999794577,48.63633148996713,273.45540899166053,20
498,198.0661866583962,48.97816580964805,273.174477137934,20
499,198.44451115888356,49.33455315069092,273.13009250212605,20
500,198.63413867226342,49.60831939789728,272.8697086595386,20
501,199.06104691967894,49.92420962578879,272.61530814340017,20
502,199.23436622339065,50.30650548751728,272.4938066463839,20
503,199.54689581849811,50.68572584766691,272.25177446301706,20
504,199.80244373366884,50.87389734092896,270.3005057785363,20
505,200.07538892095312,51.23288731198554,270.3124838547857,20
506,200.25617573869988,51.317068568279794,270.28390405668705,20
507,200.49982830320454,51.58168054370006,270.416781905804,20
508,200.5803929096156,51.810887187158514,270.379913314961,20
509,200.70466062674245,52.2516660177501,270.3400727090874,20
510,201.00966473375811,52.46832689679955,270.10527947206805,20
511,201.26971502687022,52.56477430218627,270.0900013293005,20
512,201.61320287153677,52.50215166047012,270.1595461403072,20
513,201.9107934112253,52.36222845003736,270.06158349777166,20
514,202.2299565009026,52.21867133780295,270.01390011750686,20
515,202.5457821422649,52.22840087123128,269.8696578703314,20
516,202.830673918415,52.64857364350843,269.5752540632204,20
517,203.15728741364038,52.6373077724679,269.71002113944445,20
518,203.5653442137846,52.98925026934506,269.8870742804027,20
519,203.85719347443802,53.55308416195126,269.85302268642295,20
520,204.29722636051991,53.58184240441682,269.9320187110297,20
521,204.6719357485504,53.752350495941066,269.97928031374,20
522,205.22191307559584,54.209636468569805,269.9590010520187,20
523,205.42099377130126,53.977988496487086,269.9636592644942,20
524,205.6917489969594,54.020252015524605,270.1235358835314,20
525,206.11824474282102,54.06356737015682,270.22909685472723,20
526,206.4255006777601,53.89986222734122,270.26422432703663,20
527,206.6958420539137,53.98237890466495,270.35559188999,20
528,207.1653234603517,54.373228336622994,270.35083527681184,20
529,207.60433612593525,54.77475177125452,270.6264036208275,20
530,207.85217875082276,55.300439621232506,270.828218931302,20
531,208.16611548138317,55.090242579788026,270.92310357953187,20
532,208.49919011814464,55.00052459827072,270.9422744406178,20
533,208.84712534153664,55.47923879506445,270.91718030202435,20
534,209.08839410772535,55.66885110402392,271.24180064100074,20
535,209.2463131385078,56.262377648725234,271.1732604676695,20
536,209.59446777713205,56.83563049200835,271.2335003287601,20
537,210.02138680242714,57.45722963986831,271.0548600877891,20
538,210.3748280589983,57.64024904593738,271.07410628880143,20
539,210.64811957941907,57.87203231066378,269.6365478031966,20
540,210.9664963780312,57.46508416717785,269.61218492432266,20
541,211.29192861468113,57.82165259418922,269.5614017915237,20
542,211.54470166982873,58.219154450277856,269.6183414376969,20
543,211.84094316048012,58.69868538387964,269.5979839189048,20
544,212.1195081411613,59.06745627926168,267.6694462678931,20
545,212.44370092129128,59.38537389625358,267.7493219279102,20
546,212.59568886465317,59.96795952348533,266.4310623955831,20
547,212.75662089831917,60.21034656785923,266.64422597172785,20
548,212.94043438599664,60.256209769589184,266.5895436368987,20
549,213.0874962689269,60.36075070418447,266.56448592642903,20
550,213.35191949006952,61.08034529855097,266.5246212770615,20
551,213.55865738362772,61.52769125626976,266.6521609957412,20
552,214.01257700563892,61.55238374382723,267.05261452391625,20
553,214.27497617852933,62.42371134991059,267.3529631385009,20
554,214.56937274800376,63.07668761679088,267.5141635704029,20
555,214.78007784911583,63.66621626437758,267.79541858423386,20
556,215.12438716941952,64.17697482538526,268.2406602918345,20
557,215.41018639054906,64.34416493483005,268.38366003427075,20
558,215.79476446643088,65.51785324034208,268.7150521359441,20
559,216.12289343046314,66.25261362927006,268.71928329697226,20
560,216.59800318728713,67.09394866690941,269.03602972814986,20
561,216.8635241292762,67.63286699014687,269.538659002764,20
562,217.00679015513438,68.16510493365087,269.5792011987994,20
563,217.21151287680215,69.56770942049071,269.6890716772172,20
564,217.2996920559238,69.9933486330972,269.78640045218344,20
565,217.3782839396481,70.21616323591181,269.7020065893809,20
566,217.43553380214604,71.07676284619869,269.697790395582,20
567,217.61812312009533,72.752526912069,269.77821575846696,20
568,217.81984567153881,73.88192365197611,269.69272352866074,20
569,218.02423081356497,75.6504127591956,270.0314053001738,20
570,218.27820470692618,77.24601636152161,270.10011125660907,20
571,218.47325333880804,79.0025286700428,270.0951741038909,20
572,218.62921985208112,79.72781265681057,270.073634617384,20
573,218.7177941025309,79.9436088035014,270.07978169243256,20
574,218.81848629891647,80.21677753710566,270.21394826582286,20
575,219.00070776666453,81.26144669835601,270.19379351527544,20
576,219.18352618597174,82.5245787057202,270.16543287619135,20
577,219.38134287770876,83.43209418355633,270.27976790453425,20
578,219.65778926581555,84.44296580549009,270.3100620821782,20
579,219.819072294636,85.40035212927876,270.1807962836523,20
580,220.06210798116658,87.26897183741632,270.2920930569141,20
581,220.28487999385348,89.02741609221047,270.53783556487235,20
582,220.55671187325578,90.95511284357823,270.6385428813339,20
583,220.73055516914664,92.80555731148416,270.62659757864253,20
584,220.91209570433602,94.26767815292769,270.4383317119867,20
585,221.11631306908671,95.98342837338292,270.47536840044484,20
586,221.3347369501737,97.60885148840912,270.2862549412489,20
587,221.63421224572144,99.42116803103085,270.1221269192413,20
588,221.92243576218453,100.5646705903388,270.284948454253,20
589,222.01751057066343,102.73834185589992,270.29221695925634,20
590,222.3044385226794,104.2211009601569,270.36658746311963,20
591,222.35087229069535,106.1951589253977,270.3398022288602,20
592,222.6401503758935,108.21317598586567,270.3686975082877,20
593,222.91314186523556,109.961321716417,270.45070964297105,20
594,223.1466109238799,111.9106216531586,270.5159363110416,20
595,223.31392070687292,113.05502262273468,270.53405429862033,20
596,223.61423859646032,114.91840874500238,270.4077766948525,20
597,223.81841284324324,115.23961688728468,270.53501863659653,20
598,224.06310941628712,115.3192022880905,270.78420853186867,20
599,224.42571708199617,115.65604853476562,270.9663109799521,20
600,224.8383842244951,115.60652818002204,270.97770550271963,20
601,225.06718432656612,115.6463446179817,271.4031908891955,20
602,225.50118668587706,115.75402101225616,271.7744701737212,20
603,225.80344165543426,116.5283927837892,271.8818126182677,20
604,225.84753915023458,115.951321558011,270.53110346831966,20
605,226.170660480187,115.44466981788796,270.6239235720702,20
606,226.48708080100897,115.70377979439849,270.6967662876949,20
607,226.81814649412277,115.80311361675082,270.71022586084086,20
608,227.1987894302187,115.59972017181968,270.6904524042096,20
609,227.72797101218444,115.22094849039031,270.6417564877693,20
610,228.17100000567947,114.9956326660763,270.6682788051304,20
611,228.6613394289232,114.6955281953013,270.50737371201745,20
612,229.0358386796166,114.36561922594557,270.5605285461072,20
613,229.45774650898315,114.92286300465814,270.51956636848973,20
614,229.67662378257373,115.5162094101042,270.5839212991495,20
615,230.07863778853525,115.84141735216254,270.63351209820365,20
616,230.4288568838255,116.30497742040664,270.6625541398686,20
617,230.7345541621161,116.52433610756532,270.6189229678444,20
618,231.0467367651851,117.86598136934104,270.73129408519657,20
619,231.53738749645436,119.07409684237676,270.81323632525744,20
620,231.89083650655192,120.0544709560799,270.8463095535268,20
621,232.25761197481592,121.15956618910306,270.9449765753676,20
622,232.54361470774438,122.1971473460237,270.9938629903947,20
623,232.96759067533253,122.66932121513062,271.0177722523926,20
624,233.32439231584743,122.83312540676096,271.02807980979384,20
625,233.66143411999414,123.81008779566386,271.03298244519624,20
626,234.0699028240333,125.77286931141164,271.04585385628974,20
627,234.53535630874458,128.4537894188694,271.0844020042848,20
628,234.90002703158925,128.73954007007762,271.08879536660857,20
629,235.20078964056103,129.8748342497798,271.16499255103525,20
630,235.64443136279647,131.2440021012316,271.1905783835845,20
631,236.02915423232767,132.0088148327975,271.2482415488688,20
632,236.4430201445795,132.7480986309669,271.23692833195906,20
633,236.7798685794488,134.3077098387282,271.32515401656275,20
634,237.14266590114804,135.6857210105739,271.54887796551515,20
635,237.56083672630484,136.07268600543378,271.597654583953,20
636,237.92089107584556,137.5632157660241,271.8636532085441,20
637,238.181311903804,138.20269357038313,271.9656147830241,20
638,238.48327705938317,139.43725990947917,271.98031557039883,20
639,238.8151283792221,140.43009261098342,271.9713028559793,20
640,239.0723777846419,141.38334613383398,272.11918562003933,20
641,239.27055667115278,141.49201721551478,272.25539595217504,20
642,239.54663115289335,141.47347494094282,272.3912632577034,20
643,239.68346896046805,142.0156184779352,272.30984165374247,20
644,239.99625713456265,142.28364125740364,272.40656694629985,20
645,240.2009186135735,142.1960830042942,272.45024823885234,20
646,240.5194135590021,142.38957802455522,272.44357149865306,20
647,240.7537198325415,142.46923607136705,272.427020283647,20
648,241.04302367387058,142.56685372288922,272.56769205098794,20
649,241.38096554432218,142.80630177170622,272.6595219241321,20
650,241.6358310299223,142.85962443323456,272.8615767099761,20
651,241.90327537362054,142.94222748029628,272.97952684375514,20
652,242.14018348547,143.04671981816762,273.0308758221945,20
653,242.34201690215704,143.14982136472244,273.06472713050493,20
654,242.52305128524736,143.44150842889795,273.15837119072734,20
655,242.90441725044434,144.28373526274808,273.09886349694864,20
656,243.1815122219799,145.5821609111468,273.2143336094782,20
657,243.37794993908034,146.67452603257843,273.2035669910541,20
658,243.53332072619332,147.89661640932434,273.39362109000854,20
659,243.80409466429228,149.01237189319568,273.52625288528213,20
660,244.0836812456143,149.52236058123992,273.52834772769364,20
661,244.4154278689287,150.43714690991095,273.4742612801958,20
662,244.72242999311365,151.88433368342348,273.5181168396677,20
663,245.05905334270068,153.36084838572714,273.7375431858469,20
664,245.46786974745237,154.69163037257096,273.91796114071275,20
665,245.92265384806075,156.75196093003092,274.2498931949865,20
666,246.24752345485362,158.27709697034035,274.37510191370734,20
667,246.47385593927075,160.3735346283886,274.53238434514964,20
668,246.7783723294095,161.90563213809685,274.73974741701966,20
669,246.98631095716837,163.23059005168557,274.6927664996055,20
670,247.24288885178453,164.61739144372115,274.65633353173035,20
671,247.47596788614192,165.4234547909751,274.6562136781239,20
672,247.68826647580858,166.15716021746456,274.7845192003739,20
673,247.92557591423275,167.74739116940705,274.94721747607224,20
674,248.03029639534475,168.73350978978212,274.95511821827154,20
675,248.07471285129714,169.45778864380205,275.1049689998082,20
676,248.10470271717992,170.29396845303708,275.1756345090619,20
677,248.23320417092447,171.33442697855645,275.5347985961824,20
678,248.37672130781,172.18697686991655,275.5930241038161,20
679,248.56466960442472,173.06427008555735,275.7156502787559,20
680,248.6526034536245,173.74072373102885,275.63343468711014,20
681,248.82506697955188,174.65104138457215,275.6056817298132,20
682,248.74613179222192,175.39293088299223,275.61137392632025,20
683,248.81700329882423,175.99401329237037,275.60039506652686,20
684,249.02662172705246,177.1581493432587,275.79767520024734,20
685,249.20646436856646,178.19344656329136,275.8454101481597,20
686,249.15992321694966,179.30010822958778,276.1090541047399,20
687,249.21910646446045,180.79815212895627,276.3597970134561,20
688,249.05509776856246,182.89014670662056,276.3662739051581,20
689,249.3173008410397,184.89586936277743,276.48172445277334,20
690,249.58845844374392,186.7079305856436,276.5076056041347,20
691,249.83172606457552,188.66379174539296,276.57358633323224,20
692,249.93414500597024,190.37856122272555,276.5659364757652,20
693,249.94293382517202,192.20456041899044,276.6838586685958,20
694,249.79600151765257,192.88780496806373,275.32325191818177,20
695,249.9442334763907,193.64860804006923,275.42741344938406,20
696,249.96629601590206,195.11445604415144,275.71074994475464,20
697,250.01992566467115,195.87175869410396,275.8066120256356,20
698,250.11545777319785,196.5782243756531,275.8352762169821,20
699,250.30611869272502,197.289590437836,275.9396004512871,20
700,250.51104111985677,198.56287818558744,276.0318235148082,20
701,250.8585679636388,199.76994789119635,276.143182980303,20
702,251.0931415533997,200.7657728438248,277.5724717968809,20
703,251.21686776106085,201.42609229067165,277.6496237633298,20
704,251.77533804641612,202.45850675797385,277.9664879010026,20
705,252.11475459711906,203.55087715864008,278.0414442048189,20
706,252.41699544572324,204.5293445007672,278.0152280191253,20
707,252.7164802161497,205.70673523868493,278.1085305114309,20
708,253.0080185594487,206.49825956754444,278.0730993868257,20
709,253.1092351189014,207.15746217647623,278.12509020707427,20
710,253.23474576258428,207.9395900060632,278.05112885716227,20
711,253.3913399741028,208.08482313693733,277.9716394728664,20
712,253.55669178647085,208.2716032777098,277.94714099596007,20
713,253.69533333578298,208.320932254449,277.9249298408044,20
714,253.95765989299124,209.0416315651429,277.91259092973297,20
715,253.8945346427043,209.49421517675043,277.90531248769474,20
716,254.06575277939237,209.6828396339365,277.93713265246,20
717,254.22505399277216,209.70781425558263,277.948197929303,20
718,254.18204486069484,209.9086232726113,277.895687259578,20
719,254.23646874986554,209.92534706678475,277.89621102481414,20
720,254.35348508244005,210.0013222548482,277.95170529176744,20
721,254.44891106969536,209.9634180407901,277.9712569250658,20
722,254.55727732621773,209.9312921364256,278.04562138751413,20
723,254.66806414673903,209.9123188693472,277.9535054208737,20
724,254.8405411273577,209.8428615766508,277.9937760647506,20
725,254.94858145751454,209.8047887470224,278.0320853498511,20
726,254.99317410606122,209.7026183354715,277.9094860279045,20
727,254.93125920452525,209.62175905982264,277.96029602462863,20
728,255.03917114192967,209.48828084612495,277.92814310497107,20
729,255.06131832984556,209.51709159077143,277.9297925233815,20
730,255.17893986808184,209.70543857500888,277.8430844460495,20
731,255.22727483526037,209.6963575279992,277.8898933899656,20
732,255.28444485035007,209.7658434174955,277.8416063858263,20
733,255.32945124129938,209.71389109883455,277.78764618319195,20
734,255.39816750276114,209.67320601008836,277.7680594109066,20
735,255.48969796903833,209.73726098272948,277.85314435932526,20
736,255.53854607655757,209.64904661795129,277.728037496919,20
737,255.61990873982668,209.48486233698205,277.8382845391866,20
738,255.65025107391403,209.4990216806717,277.7763249850899,20
739,255.71364278410516,209.54363058023156,277.6789264866451,20
740,255.79052856730078,209.512914523494,277.522202157166,20
741,255.86838354340162,209.42971995658476,277.5040414451921,20
742,255.90259584910805,209.27671983873705,277.5149467816876,20
743,256.08127646103355,209.3419965200336,277.50033718643914,20
744,256.18428222270796,209.32967538794736,277.4265624721993,20
745,256.24670998428735,209.2376338410494,277.3793039896425,20
746,256.38006523906716,209.13297329941295,277.40006546744075,20
747,256.499865332106,209.1613647816074,276.72211710411926,20
748,256.6288493738995,209.15312466675417,276.79940307444764,20
749,256.6678173521837,209.1647054856131,276.9246688495005,20
750,256.7874626484269,209.12019162983168,277.08683422913646,20
751,256.86187986797887,209.16206678582824,277.0364237074518,20
752,256.8269886133728,209.1245243093232,277.01876806088364,20
753,256.81894207925745,208.93437390437816,277.1220526855439,20
754,256.9274877879496,208.91980532075743,277.2440919294452,20
755,256.84145328425734,209.11714520973615,277.2520480186177,20
756,256.8497781944706,207.99308188383927,277.1233191315095,20
757,256.925623432937,206.27501072966027,277.1707963078899,20
758,256.80223814004455,204.9371634807484,277.02867980221856,20
759,256.6626099005074,204.96985976540017,277.1173117014846,20
760,256.60174066196305,204.5642838236364,277.0420625151681,20
761,256.55994324814645,204.7720825016173,277.0820856555445,20
762,256.62544892013796,204.7163019281952,277.0699226138356,20
763,256.48771941508795,202.7637942507444,277.12887318896003,20
764,256.28273732405256,201.31057355137776,277.1550994036986,20
765,256.28067579685245,201.21560672870137,277.1090414756989,20
766,256.22452871022773,201.0962046544277,277.1201875393359,20
767,256.1930489191757,201.1641293251724,277.19225366658407,20
768,256.05393494621126,201.04497661030152,277.2499220756708,20
769,256.04324223012867,201.1045243952726,277.3235059690905,20
770,256.0157313956357,201.086004556783,277.47257508265426,20
771,256.0348660033116,201.21186549953416,277.62311906778825,20
772,256.2349007103206,203.49445407835069,277.6981991635087,20
773,256.3541807308944,205.93287800047776,277.7380849162872,20
774,256.72274162800306,208.2131968669989,277.85930928699776,20
775,256.9786754247145,210.5436664243997,277.85898319427963,20
776,257.08591974585124,213.1871043000673,277.9247059856086,20
777,257.3059866331787,215.74470507990972,277.9977274830184,20
778,257.303652349828,217.9668239284348,278.0440967475121,20
779,257.45672595669373,220.2908905162796,278.151580714943,20
780,257.6956196150538,222.79766798010505,278.22946097861615,20
781,257.891639622277,225.2532701486832,278.4247931338857,20
782,258.1744772686262,227.46148800832395,278.5296615553565,20
783,258.3635805449194,228.8312757990841,278.6948138383368,20
784,258.5020073969198,229.1286049518693,278.85712290072456,20
785,258.51377007094953,229.3894726940576,277.2700876564357,20
786,258.9392509456487,229.8544827285409,277.2246931967616,20
787,259.193885688648,230.2571539943293,277.21389229695416,20
788,259.61578204198804,230.4832874445617,277.308409755082,20
789,259.65802678120446,230.6263213734701,277.29975580836924,20
790,259.6649163437156,230.45819344026967,277.43876033203725,20
791,259.82317998147903,230.2560254537314,277.4415307458867,20
792,259.9113171657296,227.90020022057,277.5544393979856,20
793,260.0718110425158,225.66977244881912,277.59438672342384,20
794,260.4284848075141,223.7541918546334,279.08756757707846,20
795,260.562163282249,223.64509613240136,278.8983325177203,20
796,260.7128578540817,221.54238119356333,278.936672767336,20
797,260.9934620219391,221.6329185759276,278.862022619518,20
798,261.1537436247244,221.58110581444575,278.894174161817,20
799,261.25200505845885,221.64136461146177,278.8595457973173,20
800,261.1413968357494,221.48463970324025,278.7795710398471,20
801,261.2006422664023,221.2832433258556,278.7085600471874,20
802,261.1269484055433,219.3597537790425,278.63429525919537,20
803,261.2820474561919,219.2969439688325,278.5299574787384,20
804,261.3143127220443,219.2090273232572,278.42204742949923,20
805,261.32256271226385,219.17682701380923,278.43002654087263,20
806,261.3087266086654,219.2014111957699,276.8898673559772,20
807,261.324942347935,219.2641861695424,276.80185433015924,20
808,261.349093758388,219.12976633578535,276.8028099308605,20
809,261.29006822335555,219.20433814316988,276.7413971130061,20
810,261.1098329047985,219.17525962749497,276.8248750095884,20
811,260.9557876284527,218.7049041233957,276.91663078062936,20
812,260.8160089120979,218.4677724504657,276.9313305456448,20
813,260.72783612763277,218.19675426330417,276.9659734872798,20
814,260.51259829713285,217.641647778824,276.98018373763887,20
815,260.5924389172094,217.3566870413907,276.94537208040015,20
816,260.35615016476896,217.15205729665237,276.9079405481904,20
817,260.31982569985956,216.7744351260364,276.8737582804053,20
818,260.20866905311914,216.33702860960736,276.9722557538888,20
819,260.046199079473,216.17145469803364,277.03679969895165,20
820,259.91063076949575,216.15646608879788,277.1375428458257,20
821,259.68148802640667,216.18997547209264,277.2499991263961,20
822,259.5037702967079,215.9849541120604,277.3096567113278,20
823,259.28837003462536,215.8958241415955,277.33149721165654,20
824,259.1007192847384,215.93242905706168,277.2677895133058,20
825,258.8512423114117,215.77098086360843,277.3582241740962,20
826,258.6361470916421,215.7980220744573,277.46421118632423,20
827,258.53518864809536,215.51721728410573,277.7423023281572,20
828,258.37485730878126,215.40087018461895,277.82041205264164,20
829,258.3362505731724,215.39181464415043,277.9284763864102,20
830,258.14722640377147,215.3503818290867,277.9959637153381,20
831,258.0342016251886,215.16480175135655,278.3945814131247,20
832,257.84551937933765,215.34988666368648,278.58428304082247,20
833,257.7342870150675,215.57257149117063,278.7316641781898,20
834,257.60899998119714,215.55813244299964,278.8711398956971,20
835,257.39303961800596,215.82751121969892,279.0930044543045,20
836,257.2821156352452,215.9010792064108,279.29791505346543,20
837,257.103985792476,215.96918111504988,279.3866537297191,20
838,257.0490809475088,216.1797625949979,279.45005165644454,20
839,256.9488277518505,216.23432465823367,279.4650339040486,20
840,256.9710451556193,216.4654912484251,279.6184811623162,20
841,256.94574582021784,216.6277654869296,279.7206286616018,20
842,256.70356581465967,217.0826368028112,279.8714856415568,20
843,256.5767748152956,217.15578156804665,279.986792503926,20
844,256.5897340019834,217.10594546180215,280.1809254793404,20
845,256.34972597852243,217.1719126846641,280.2396496260492,20
846,256.2126525474617,217.220054920502,280.32354782608803,20
847,256.05471946574596,217.30167330846191,280.3659987710556,20
848,255.92679498683577,217.79914693435651,280.45787251406813,20
849,255.95040479198374,218.5049582612887,280.5301502991049,20
850,255.71691956115146,218.56117699084805,280.64868140443696,20
851,255.55007695104004,218.94825358791567,280.7499482566072,20
852,255.70388256255427,218.8733515153016,280.8871705459943,20
853,255.63511648485223,218.754551229098,280.99063111708966,20
854,255.56998875049567,218.93034123794467,281.1402773993136,20
855,255.72833672722805,218.95683275149491,281.03328565621285,20
856,255.60540290341024,218.90416543052825,281.1030173904029,20
857,255.65969251215847,218.88021979572545,281.26146233420354,20
858,255.8637413979538,218.87748302493532,281.2780035272194,20
859,255.87814472118617,216.70781671416304,281.4331408392591,20
860,255.80984568529703,214.73498735048167,281.5649574750336,20
861,255.84952114030006,214.91428890018085,281.7626574686216,20
862,255.86987474411325,214.9537491963274,281.6750723759411,20
863,256.08605942669334,214.7272610109701,281.689338163198,20
864,256.25853945676556,213.70997214258648,281.6706973795826,20
865,256.37466840320315,213.81800585889724,281.72575497013054,20
866,256.4692617755346,211.6479448082624,281.72675540084487,20
867,256.47979139022243,209.36946722621565,281.7374006975861,20
868,256.56709046605687,207.21110215986613,281.7359063303052,20
869,256.5271728929362,205.0088790034177,281.7908207756793,20
870,256.5280204643258,202.75484139884355,281.87353380854705,20
871,256.6147665218464,202.75539293019563,281.842686340441,20
872,256.5118687739767,200.5229591062898,281.7922516524559,20
873,256.4939656740629,198.32236358447463,281.756504570595,20
874,256.2618307708314,196.09750508118887,281.70220070880373,20
875,256.03050493608833,193.75425192501865,281.80817123087587,20
876,256.11386520220185,191.60175240871496,282.1195626594732,20
877,256.03857253843876,189.35171902804169,282.1374310319731,20
878,256.23879861166176,189.20842537779828,282.2213307454111,20
879,256.2879627759877,189.15614295485892,282.2105385224056,20
880,256.29137692406755,189.11694493764543,282.1988431999367,20
881,256.28354423033636,189.0027617090149,282.0496519957064,20
882,256.3224317543637,189.00323825377507,281.97953579298684,20
883,256.3805426278235,188.90583526050207,282.0536505241273,20
884,256.3416483994068,188.73371517078485,282.1013203594228,20
885,256.45261456419075,188.69973315639425,282.22415103161705,20
886,256.3958717564198,188.7382208923344,282.25362815782427,20
887,256.3339049812324,186.4613143189717,282.4122067259066,20
888,256.1435759874727,184.3647915806156,282.5471041054837,20
889,256.1976534789293,184.3666553098429,282.5928002967406,20
890,256.01656921733763,184.36900408401388,282.5722675038036,20
891,255.80657420268398,184.3151167074521,282.6700209860597,20
892,255.69261790916948,184.2746190267173,282.71745691590945,20
893,255.47894438077938,184.3158890171838,282.8377383728325,20
894,255.46078708576132,184.3279733502795,282.9139286954887,20
895,255.35577916967924,184.3332867231057,283.01130494736134,20
896,255.17135488455136,184.16854768106012,283.0217006460018,20
897,254.95113537782973,184.11346388005884,282.98992726035414,20
898,254.97639576226024,184.0076131083467,283.04794992851095,20
899,254.73734072866577,183.90592740616063,283.065119558759,20
900,254.66759776205504,183.8656038638973,283.12457437040285,20
901,254.47326057128913,183.85297519326443,283.1396323215775,20
902,254.44836412742293,183.70771815372865,283.2378416014556,20
903,254.4607430988837,183.61724377652865,283.2193063873146,20
904,254.29527601093554,183.56661537459357,283.17575972489084,20
905,254.07316135035757,183.4802688002889,283.2452535042446,20
906,254.23569611654108,183.47950140954228,283.3641246075463,20
907,254.31599204174518,183.3569046483265,283.33818483487704,20
908,254.26758900863155,183.12303640019903,283.40970097654497,20
909,254.24217133622633,182.94068660499357,283.43364018837923,20
910,254.48348218027473,182.7998618944903,283.4712768799346,20
911,254.54067492705263,182.6661118580197,283.4844416399766,20
912,254.69342611385431,182.4661513796385,283.3838201445993,20
913,254.71140694072673,184.1505212554644,283.40202774868345,20
914,254.85573334681393,183.87155391373963,283.4059009965416,20
915,255.02267561930248,185.50235791911663,283.36285305078144,20
916,255.13777004766348,186.7949508984416,283.3387372535374,20
917,255.17577155403433,186.6658932536497,283.39201728033834,20
918,255.22428384102582,186.34380790986413,283.35162633962,20
919,255.1084768828651,186.23663097294337,283.2817845312599,20
920,255.0919578086975,186.11914428076068,283.25144955010154,20
921,255.1583996148292,187.9243661890767,283.1735655355733,20
922,255.16371501898033,189.8610225737217,283.14580463335847,20
923,255.11892079342744,191.70476842551784,283.15133140775373,20
924,255.072731716034,193.4805360018212,283.253128958093,20
925,255.34888194767973,195.3661150273803,283.19578642508014,20
926,255.50366896277941,197.3484262130532,283.181277536368,20
927,255.68836463375425,199.08904785143503,283.097598411832,20
928,255.81810087944865,201.019058890788,283.0235486245528,20
929,255.97470107778582,202.9484145251132,283.0453270732332,20
930,256.10001424776436,204.51249283710783,283.04731229675,20
931,256.06491878919377,206.3364465817652,282.9788889854867,20
932,256.23279178632436,208.2637476074911,282.8511288624536,20
933,256.3961544943128,208.13643086239983,282.79800813228826,20
934,256.5670854433723,210.1049638100184,282.876047745822,20
935,256.70072775542513,210.03248327158917,282.8385635176021,20
936,256.7435075450719,209.93878425329748,282.68470098854044,20
937,256.77376704193773,209.7814981072751,282.69829590052365,20
938,256.70337172016133,209.6981623499823,282.8114020632207,20
939,256.6699301237326,209.5487442445365,282.8822576440125,20
940,256.5955480805307,209.3484554215503,282.83653115498834,20
941,256.5935950509634,209.2686575080996,282.72176148460244,20
942,256.70204740327347,211.36842805475757,282.70260253557933,20
943,256.89290683807883,211.1122615414561,282.66110576163044,20
944,256.9303824770167,210.91333702484903,282.67485741767103,20
945,257.11916204279686,210.92134474570688,282.6341712398548,20
946,257.20256967982186,210.90894504462196,282.6023932921048,20
947,257.50931698367134,212.724305540722,282.6594232707843,20
948,257.46447218491176,214.98631657394407,282.6940099188406,20
949,257.17351967930097,214.8398072843981,282.7352413188387,20
950,257.438436217675,216.9643196273205,282.75147395818493,20
951,257.55518694816686,219.1460699350928,282.6500215352792,20
952,257.54708903495816,219.0935684955848,282.5404956027027,20
953,257.67420985517305,221.2834499519953,282.49382084907035,20
954,257.7837946263098,223.51941600216375,282.4507370582223,20
955,257.8118152021637,223.3156091017352,282.5417021122994,20
956,258.03468230368907,225.3671250804403,282.61999068420846,20
957,258.1163320160422,227.5146851260849,282.51224378716665,20
958,258.19538415641784,229.52399430132297,282.6040370778413,20
959,258.40767633750875,230.7394000356377,282.51021631638054,20
960,258.5953628085159,230.8063788963214,282.43399939976166,20
961,258.708409146563,230.841432839582,282.30746055626776,20
962,258.83303167003385,230.9253916145151,282.43022417727394,20
963,258.8343098935018,231.1073512171453,282.4918870974751,20
964,258.9797306438103,231.4660290801397,282.5173029098334,20
965,258.9925035223024,231.53342713762655,282.3581248933496,20
966,259.0909516546771,231.67751981021956,282.32049379537347,20
967,259.2394069762207,232.04541072739173,282.30163725734224,20
968,259.36056738807,232.2088855250331,282.2055424817884,20
969,259.4591934551047,232.44043559324345,281.94695806943344,20
970,259.5528639836727,232.64860397284733,281.6598110326985,20
971,259.5683718040997,232.84304067460704,281.13042901629115,20
972,259.6789811202163,232.94918419324503,280.8427510771708,20
973,259.73448750320796,233.06281189045575,280.9187743173534,20
974,259.71300518873574,233.0879659742833,280.95038815702253,20
975,259.78000993646424,233.1915350118064,281.0175261234207,20
976,259.8086693709977,233.34385552199265,281.0603371422639,20
977,259.88779216014086,233.51440802093117,281.0506627939915,20
978,259.76731778618324,233.31328455183424,280.9775233624218,20
979,259.4937394952409,233.2203282496403,281.0241387215158,20
980,259.44264991893016,233.0820127515937,280.5851552367484,20
981,259.30333558457085,230.83247007245896,280.67702109075094,20
982,259.2195658737834,230.75020162454567,280.62521123344953,20
983,259.19133504434467,230.71464666438052,280.6606646248599,20
984,259.19663989654464,230.23897924515185,280.5020127282286,20
985,259.1372339623631,230.1026919602114,280.4410052409762,20
986,259.1502802226711,230.11470738691045,280.5297567089432,20
987,259.20827779952276,229.78185982309049,280.4703648478695,20
988,259.13361588301456,231.9713596650562,280.5714599844225,20
989,259.1589640634958,231.2341380289715,280.53277593871286,20
990,259.3632818483753,230.6352282167325,280.6422033707024,20
991,259.56633171926427,229.94401009681687,280.7264040279546,20
992,259.76623600516666,229.21471360378257,280.7272284726397,20
993,260.07150771699656,228.494347558695,280.768541737792,20
994,260.1704586549344,227.8978038394108,280.7110834114038,20
995,260.19529048489636,227.336855543594,280.75102331326985,20
996,260.4984012879641,227.01939769817807,280.8074579232902,20
997,260.6075284054465,226.1827147791377,280.80212568739137,20
998,260.5001408858299,225.93422032054804,280.81127945733897,20
999,260.599234286124,225.4761943065963,280.7812418761634,20
1000,260.7351867046439,225.33687573506555,280.75032507832805,20
1001,260.78574251602987,225.11936583021247,280.8903020025202,20
1002,260.8432592022715,225.05701988119225,280.78918723901444,20
1003,260.7216626956581,224.96526818213343,280.64526969175495,20
1004,260.84974009456425,224.86052941569417,280.67305969932755,20
1005,261.02295956137084,224.5682055457827,280.67074937313504,20
1006,260.975357084861,224.47230783273463,280.6841897360765,20
1007,260.8628206252488,224.4120562667679,280.63836498321905,20
1008,260.87054512212376,224.3335272565391,280.5664360240469,20
1009,261.01277021263553,224.2929575477401,280.5099835401017,20
1010,260.9312984608812,224.0383912791172,280.44092133048804,20
1011,260.98328896163497,224.0552593364194,280.6175793022278,20
1012,260.8904966012642,223.888868248309,280.5358279281564,20
1013,260.9110269920035,223.72795431954785,280.6603635178774,20
1014,261.01968974215504,223.7817319473438,280.720014637335,20
1015,261.0002901667306,223.70233550951812,280.82475351428496,20
1016,261.1378273076155,223.6353114095889,280.810537900402,20
1017,261.17715220287164,223.55332072415388,280.91311137925715,20
1018,261.31523689361603,223.47734753637576,281.03940314410136,20
1019,261.65326276197135,223.34501034033485,280.98799798032155,20
1020,261.82971689365365,223.17028521362693,281.03959231562794,20
1021,262.0618630743387,222.9669514591177,281.08319090653094,20
1022,262.2905858076416,223.02837949893672,280.99466514250145,20
1023,262.51277654235207,223.06066956677708,280.92207329663097,20
1024,262.7602132589303,223.0184718677332,280.7752947663993,20
1025,262.77061893308866,223.02844414514723,280.5771600504138,20
1026,262.9061402746099,223.04944202172803,280.42216150751455,20
1027,263.0122316872883,222.98074558269465,280.3270239986677,20
1028,263.0722566957939,222.97638177345095,280.26334312291465,20
1029,263.12178581221957,222.93465277400392,280.1963166718313,20
1030,263.23784253749693,222.55062232779864,280.0951835597062,20
1031,263.43984500543837,222.5059483354777,279.9453877619782,20
1032,263.43264774366355,222.5451847276796,279.9640187002474,20
1033,263.4588735804161,222.5385185020935,279.9797641842056,20
1034,263.4300560680757,222.50156018372215,279.74395923787785,20
1035,263.5527566706409,224.89236021261252,279.7738458757574,20
1036,263.5719232701208,224.8594484876428,279.8028195350344,20
1037,263.7960583329367,227.1659108646546,279.85448811917627,20
1038,263.9851275330308,229.3460699143965,279.7777996214019,20
1039,264.15199808376605,231.3339736408327,279.6707987303572,20
1040,264.22426824917517,231.53004936122397,279.5915699643927,20
1041,264.3010067830667,231.55092409926056,279.5508413130144,20
1042,264.26630081196254,230.88566655612144,279.5118469595263,20
1043,264.249607684429,230.89609463283384,279.4249947978655,20
1044,264.2214329686044,230.98913184833305,279.3518314267608,20
1045,264.28471986433533,231.0972289120831,279.1824766533548,20
1046,264.249216158934,228.59207088221387,278.81600057630857,20
1047,264.19309548585824,228.3722727911762,278.6264683099935,20
1048,264.3886470803138,230.95989771882364,278.4049158522027,20
1049,264.57814610145385,229.0428541694052,278.1564306122559,20
1050,264.5469186842983,228.94490688028105,277.962292371181,20
1051,264.6592678145673,231.7135956676892,277.65203989110245,20
1052,264.54107412850215,229.5814563825569,277.5312103773962,20
1053,264.61085079700126,229.77362714327697,277.33881340653926,20
1054,264.5395753404997,229.99913870304647,277.2323567585956,20
1055,264.4625005610164,230.0814091796038,277.28090751883866,20
1056,264.40236396491906,230.3572951454279,277.19493095170066,20
1057,264.23520338784226,230.2340945306217,277.1113531884673,20
1058,263.9642526830742,230.3499307592196,277.0477806229639,20
1059,263.564912801187,230.52545340819108,276.840859463758,20
1060,263.3241965611586,230.6464356170391,276.65024875778994,20
1061,263.01233090212634,230.767040939469,276.51464142389887,20
1062,262.6831361274932,231.1958834932448,276.0618954865105,20
1063,262.348832219575,231.2070170960725,275.61139433257574,20
1064,262.15383546952626,231.51883497490184,275.41649431452447,20
1065,261.80119313712373,231.9963516065256,275.15497562336094,20
1066,261.59684851271425,232.37226008526616,275.05676533451594,20
1067,261.172013767613,230.679547264562,274.8438245732081,20
1068,260.70281354985525,228.16400500590447,274.6680969880708,20
1069,260.4159912647328,225.6568492566934,275.0649401393905,20
1070,260.0013927866314,223.1146353106713,275.23378235574813,20
1071,259.77588249168383,220.53772694326472,275.2945577063225,20
1072,259.36944358229,218.0698010646878,275.4937311628414,20
1073,259.0605872763712,218.2104174231598,275.9653333506314,20
1074,258.9957365049628,218.42146312168333,276.43229823275936,20
1075,258.8024989633836,215.78133090464863,276.6274521244084,20
1076,258.49109246962206,218.2870748381736,276.3884417517995,20
1077,258.31876244470425,218.3264566503232,276.6935320004402,20
1078,258.14819313702293,218.2945893651573,276.8434634511685,20
1079,258.07213344093867,218.02783410595265,277.0788520883909,20
1080,258.0326890323551,218.0088061245484,277.2246300605265,20
1081,257.9424480504107,218.08209237152244,277.2036407034518,20
1082,257.6361430724915,218.02619755934455,277.29451030849015,20
1083,257.3272620507029,215.57339296892752,277.3297644803161,20
1084,257.1881733996451,215.648092895546,277.35361832238266,20
1085,257.0840780413676,214.9166009120323,277.3822111180471,20
1086,256.769385057981,212.46265134057555,277.4975469774334,20
1087,256.4170983821077,209.88764491711336,277.6466610481171,20
1088,256.49198976377284,207.31713393044657,277.6842307597352,20
1089,256.4368212769319,205.73724799981863,277.7843993329955,20
1090,256.23959458259435,203.4638120657072,277.84556762370744,20
1091,256.1384536822375,201.1027871631325,277.822463104683,20
1092,256.0072088067844,200.46791227866487,277.77548514922614,20
1093,255.8819480434926,200.37754242091032,277.5152164275898,20
1094,255.74924023932482,199.6833590561949,277.43644064256455,20
1095,255.57976713672915,197.2655021092162,277.49087261857,20
1096,255.30234701440003,195.0825444608793,277.5448265915318,20
1097,255.41623078210182,195.0778088279307,277.6900671628257,20
1098,255.46214161724066,194.594191536298,277.79275220200884,20
1099,255.49184244114048,194.2536074493546,277.64851387704255,20
1100,255.46774293222634,193.5027343707252,277.6491795696644,20
1101,255.41029731423765,192.9195153962169,277.62151277400085,20
1102,255.36886862045134,192.73336363500917,277.66757873988246,20
1103,255.21248916474056,192.0875040964689,277.6445755682187,20
1104,255.18607903446565,191.74647299847567,277.5980771667371,20
1105,255.14621870545702,191.32645700273105,277.53835489314514,20
1106,254.9963135145393,190.78495005960576,277.490139247817,20
1107,254.9895516433559,190.82698763407768,277.5257239993336,20
1108,254.97509822270476,190.6040557243116,277.45791926678737,20
1109,254.79015606842486,189.83637198289856,277.4971145728836,20
1110,254.6376210581224,189.80982593728228,277.49917491537985,20
1111,254.59239545256582,189.7645392948017,277.5615336562088,20
1112,254.42770917376393,189.69326585145663,277.5784907566337,20
1113,254.5304289333554,189.5716800648626,277.4584771357244,20
1114,254.24194118668748,189.41078015989623,277.45820424181875,20
1115,254.24454221516368,188.93458837768995,277.3846168225025,20
1116,254.0631211220833,188.9081556333788,277.1301982887788,20
1117,254.04180379939157,188.84578200658785,277.12173313507344,20
1118,253.99332670389384,189.1122984755412,277.1570558715565,20
1119,253.8337616199371,189.10840804403648,277.0563264878048,20
1120,253.60963301997404,189.16165124567223,277.0356847544154,20
1121,253.58515257670484,189.0751265343837,277.1208088830166,20
1122,253.41095597823923,188.65234031386677,277.12111933738515,20
1123,253.34366126004028,188.27310472192244,277.49184824826426,20
1124,253.1962985861156,188.01197929704563,277.5806565458939,20
1125,253.070342615679,187.699465109203,277.81370396867453,20
1126,252.92284698518046,187.28840727366503,278.0426449468272,20
1127,252.8104679842483,186.9731550118141,278.07115700538327,20
1128,252.71034547072423,186.68065421663223,278.31216780825577,20
1129,252.576253296207,186.68036860862748,278.3497310371051,20
1130,252.47043007997462,186.61746003897397,278.4782389013009,20
1131,252.38164431567276,186.3662888734741,278.8101497973228,20
1132,252.3770023785186,186.25995006521697,278.83593369032315,20
1133,252.1482849687905,186.22832070033067,278.9262465977023,20
1134,251.80455942536702,186.09636332902127,278.97065282198656,20
1135,251.46379932541814,186.0217216466088,279.0497696609894,20
1136,251.23714075771258,186.00962751342917,279.11332513627656,20
1137,251.0087253127478,185.7865532481484,279.10901099399723,20
1138,250.83477432805793,185.7960838218685,279.3037258059817,20
1139,250.77521716247293,185.8289940028731,279.5333382955013,20
1140,250.72270569508447,185.7451449951064,279.6450600173516,20
1141,250.64846063909582,185.7344860535767,279.79008242268173,20
1142,250.784861344302,185.70155872141007,279.79290309878127,20
1143,250.68673430665734,185.7009687490296,280.1619338869775,20
1144,250.62023114157847,185.58565862088463,280.57917787000594,20
1145,250.6899394906387,185.6141021571774,280.7246890169574,20
1146,250.70655796413772,185.6897973651532,280.86414580910525,20
1147,250.71707249541456,185.55978419254532,281.2709250662016,20
1148,250.73805512597147,185.3867757433746,281.3820610342646,20
1149,250.76866899420332,185.2751093246136,281.6050709581474,20
1150,250.6740601034306,185.3570830332953,282.03395536841884,20
1151,250.566486551301,185.32117933491244,282.154997243025,20
1152,250.44369703882802,185.4363495306112,282.25523843282895,20
1153,250.24997180567385,185.3288384767249,282.1076013727399,20
1154,249.99186476735449,185.44424494347533,282.1253607230686,20
1155,249.82779451258648,185.46024415326303,282.31337672703955,20
1156,249.84599110165567,185.64143499978815,282.4197450476425,20
1157,249.99685403916638,185.74372205953117,282.4079586054996,20
1158,250.31479793512494,188.23162149454467,282.33385626854897,20
1159,250.50594828869356,190.9074018744193,282.3162760765344,20
1160,250.33471571299742,193.6450627712533,282.28355346141905,20
1161,250.19321715966026,196.01915688317268,282.2938154144265,20
1162,250.27117312289883,198.55258368447423,282.2766563477047,20
1163,250.3429879974129,201.2651726067253,282.18265429013,20
1164,250.28625566639826,201.1013556648791,282.1594888706371,20
1165,250.4180174381319,202.50699574467723,282.3778257628396,20
1166,250.4397214301739,202.8628380656149,282.32860930100605,20
1167,250.72670855853903,203.93062099006028,282.3401724083215,20
1168,250.99141703969548,203.9234351297654,282.2681828448788,20
1169,251.22121550442034,203.8162554208376,282.2062028295599,20
1170,251.55728636978387,203.71582371441647,282.29499406849555,20
1171,251.69575881423847,203.57171851269905,282.3370772224624,20
1172,252.02860273906867,203.3850950085372,282.23923331899164,20
1173,252.1875270033685,203.2105967753008,282.34582206068154,20
1174,252.17180303059595,203.0507557901088,282.2868306746619,20
1175,252.34648188212154,200.8696347007435,282.39172474603225,20
1176,252.54413129786644,198.2938097311836,282.35497376610584,20
1177,252.16617332995878,195.80603769534267,282.28716668729726,20
1178,252.168182782846,193.7082276672218,282.2641909284802,20
1179,252.41864035771405,193.86313094810583,282.27541176938973,20
1180,252.40727718894496,191.6051270714309,282.29811204693806,20
1181,252.31028239922352,189.1860144572612,282.38745077633826,20
1182,252.54643644268145,189.26098814561036,282.4173905268381,20
1183,252.8909353931916,189.13379107634535,282.42430783763297,20
1184,253.10512399420296,189.07966640983707,282.4912840639404,20
1185,252.8819688889762,189.04048263247125,282.5860442011594,20
1186,253.0016703550012,189.05457230393776,282.5223837904795,20
1187,253.02976604041586,189.09143080753276,282.5159759667306,20
1188,253.0227755978521,189.1631938213017,282.5233942905697,20
1189,252.84679485773805,189.2217246790603,282.68925769637104,20
1190,252.93138766754646,189.2381419073604,282.75406552410453,20
1191,252.91613924486023,189.30946646489204,282.75845479731214,20
1192,252.80928258392606,189.48185045659545,282.85511923908024,20
1193,252.58727698381253,189.55588727848604,283.0007955105113,20
1194,252.35207853086663,189.69642068447544,283.06907166060296,20
1195,252.41088575507652,189.85715781079605,282.939669784375,20
1196,252.36582997483575,190.00193973068147,282.9739152786252,20
1197,252.01397730693878,190.16698099946603,282.9229825670575,20
1198,251.7178609647895,190.34720475144684,282.9671512709116,20
1199,251.3297947658694,190.484342159424,282.982939545617,20
1200,250.95336755362828,190.67573876855892,283.0797319063102,20
1201,250.64808343926444,190.8120190953836,283.1930588048813,20
1202,250.29906567158713,190.96587741738185,283.2937064075959,20
1203,250.17771093142196,191.1679554296657,283.29438774173383,20
1204,249.90124771229648,191.40328827805817,283.3945894015697,20
1205,249.7970995671272,191.58025441462172,283.42245382323165,20
1206,249.73131893676504,191.69976348940284,283.5562595751253,20
1207,249.42026157294868,191.82448550740256,283.6534490908892,20
1208,249.1209496492399,191.88683620812373,283.75424703302093,20
1209,249.23064205760744,191.9237460334413,283.8411705869646,20
1210,248.99357425299286,192.04928083242848,283.90919717524434,20
1211,248.7377765388864,192.19848259991036,284.0395961267152,20
1212,248.76281145082476,192.3296481897682,284.0841623913706,20
1213,248.5219189370881,192.55558347932995,284.091676475734,20
1214,248.6799264302212,192.7856578920409,284.1216827008128,20
1215,248.58920915089615,193.062096526362,284.09440212060696,20
1216,248.75332112684842,193.27291770194657,284.2296990132611,20
1217,248.65726709237083,193.48826703409665,284.3038057254907,20
1218,248.54784644094394,193.8596582167316,284.3580390703492,20
1219,248.56208701533842,194.1166430483665,284.43503355193883,20
1220,248.42743813864905,194.28209381167775,284.5611922695953,20
1221,248.1747720534485,194.51157236994243,284.6346252561454,20
1222,248.03852487248324,194.7591231943481,284.5314332486596,20
1223,247.79496880938532,195.07103666983545,284.4106167857442,20
1224,247.56039360246967,195.31759632581844,284.4230609252397,20
1225,247.4973843630829,195.5727742975205,284.4577091772389,20
1226,247.39809486776704,195.6433252740279,284.39697868860327,20
1227,247.34904344739,195.6799258824624,284.3119298745785,20
1228,246.96401266750158,195.99701824693008,284.3332867322583,20
1229,246.82380862972772,196.1723614753131,284.3965280952212,20
1230,246.6711841491928,196.40268710319884,284.4638832024578,20
1231,246.62409180009612,196.5344314394612,284.5358121571224,20
1232,246.56423375499838,196.62196772261524,284.5934389216546,20
1233,246.31031277534325,195.4458921908075,284.6713783526328,20
1234,246.39306007192104,194.7665700664604,284.69759836235085,20
1235,246.5445415149285,194.2422528698156,284.75806406225075,20
1236,246.5923732667938,193.74774198485076,284.7503623642307,20
1237,246.65871823649027,195.7108102917252,284.7169210704509,20
1238,246.69642894113062,197.416120398934,284.69383705067446,20
1239,246.62552437261348,196.1838564109057,284.6480738088396,20
1240,246.5506887465528,193.48781568901612,284.5924425513949,20
1241,246.3341408288661,190.53508609170092,284.5806109658163,20
1242,246.14846136427036,187.7611356172245,284.55123818500897,20
1243,246.02460277746158,184.86293541640973,284.280344938552,20
1244,246.02433406799668,184.63569615638812,284.3239047384169,20
1245,245.9656823659579,184.24853011094964,284.4288900182117,20
1246,246.04060554550702,183.8689715300221,284.3986156019289,20
1247,245.9063398899686,183.59160118517465,284.34454769416715,20
1248,245.77674861661802,183.4015777342673,284.43153676177377,20
1249,245.60511618543077,180.64544107577763,284.3923818357009,20
1250,245.57557677769788,177.63474695895798,284.3039217629004,20
1251,245.66650797703522,177.2677629975509,284.2682865394745,20
1252,245.767220855607,174.3705227774475,284.2918295743782,20
1253,245.99064487406355,173.92497428077274,284.37475587436,20
1254,246.28235440387738,173.4091670934204,284.2761336557334,20
1255,246.4524125634302,173.0115282720234,284.201025308799,20
1256,246.50001141679013,172.3540937778447,284.2209594635852,20
1257,246.396680520409,169.46551977801136,284.3079992253473,20
1258,246.36307368687613,169.09043929803184,284.4151378602302,20
1259,246.59638459004844,168.60048324340954,284.4844573024428,20
1260,247.01178645322688,167.9404323279485,284.5000346953748,20
1261,247.4494106804961,167.26901763582603,284.6808325217431,20
1262,247.7091023292769,166.72589071866125,284.8121100044856,20
1263,248.00654297275565,166.278357272204,284.966276170793,20
1264,248.208694054214,165.75296202974394,285.0408108538249,20
1265,248.42633412908066,165.2758603916969,285.2404074995173,20
1266,248.61999602735108,164.9589445223566,285.35982770295345,20
1267,248.72683045911944,164.54240637139418,285.43729309447576,20
1268,248.8120725092844,161.87982998839578,285.5436500849249,20
1269,248.94017900579175,161.5725653834734,285.5694117381377,20
1270,249.04161246752633,161.44005974509753,285.6255470745592,20
1271,249.12859238559298,161.05378885780462,285.69784097916914,20
1272,249.21170310883122,160.73977798230015,285.8461793537857,20
1273,249.42170034811434,160.20879106755368,285.86927457100245,20
1274,249.7516686233686,159.91348753132857,285.92881762972104,20
1275,249.97744063858005,159.71594427094794,285.9381047489867,20
1276,250.18307634068734,159.1399011575151,286.00747260600326,20
1277,250.74741202094523,158.71085495394655,286.16477897772563,20
1278,250.92643414372597,158.0698590958491,286.1585718061961,20
1279,250.9078974245645,157.5086859988235,286.2137034732802,20
1280,250.8104896106152,156.96396743262187,286.2178703942103,20
1281,251.05159737397594,156.38804600158707,286.2360713213822,20
1282,250.9842421277463,156.04990865128116,286.27252075444443,20
1283,250.87165671724648,155.68307795466856,286.3198771814117,20
1284,250.75037359272451,155.36032735766844,286.3093661737861,20
1285,251.08664848597064,154.7895960661117,286.2736194857629,20
1286,251.19213419288963,156.99745987853035,286.44328586148566,20
1287,251.36218381621947,158.90306020300835,286.4704287760565,20
1288,251.4473202942417,158.38087374798954,286.4268828457454,20
1289,251.57812325493896,157.84213509675115,286.29911893259504,20
1290,251.54926834917623,157.47456522781405,286.2967402249365,20
1291,251.55823300475913,156.96695702932774,286.284558364079,20
1292,251.67973976335406,156.52424991769715,286.2454510347551,20
1293,251.9228963191283,158.84895506520755,286.162118542791,20
1294,251.9601324005608,156.17725553019903,286.05247247612164,20
1295,252.03202032591093,155.83473260764032,286.1974806252314,20
1296,252.20803189738632,157.89923312881962,286.126925377716,20
1297,252.4412775226072,160.04650867819785,286.1387239988154,20
1298,252.77770407640233,162.16575067093595,286.0650600559829,20
1299,253.08137889098197,164.30356315439568,286.04000922480657,20
1300,253.4720753697681,166.70215452581644,286.01636626396385,20
1301,253.70880168321463,168.8445812985301,285.9512729904434,20
1302,254.0917306787952,170.93283710520714,285.79857672249955,20
1303,254.45112400976367,173.01388979157434,285.83782050257605,20
1304,254.72073376508416,175.05714967321603,285.73658051893176,20
1305,254.8466724889728,176.91275684783236,285.66604540357423,20
1306,254.9296366856232,176.21782334499062,285.5055328704236,20
1307,255.21351706686224,178.37661382466555,285.4483378716564,20
1308,255.38615218337787,180.426991226878,285.43419917648714,20
1309,255.38617746967287,179.9935525030829,285.35071517136004,20
1310,255.7380316336972,182.08287308849395,285.29941597797034,20
1311,256.1146196062306,184.25400932054967,285.20572061616986,20
1312,256.24094266015584,183.7896024551988,285.2422363075247,20
1313,256.35868783244547,183.463142983038,285.1609604088223,20
1314,256.3401103347047,183.02944923947564,285.10741098534373,20
1315,256.45359708935734,182.87009098134004,285.09491608845127,20
1316,256.479384686773,182.6074834247399,285.1354156629002,20
1317,256.45095150769606,182.48896709789523,285.04999679547325,20
1318,256.57524873255716,182.6447310164664,284.9714578605682,20
1319,256.7148243309552,182.48293153752573,284.984106239719,20
1320,257.0716066245228,182.22726832062935,284.8668894407019,20
1321,257.3258573357543,181.88436018311415,284.9450327066385,20
1322,257.3527169199157,179.1174411269184,285.13906561252253,20
1323,257.62393540379674,181.423258352438,285.3050218178943,20
1324,257.99999272065713,181.03207376898263,285.3084627815016,20
1325,257.8944764832209,180.67503371097143,285.2405395928636,20
1326,257.8814960482782,180.31583063846452,285.2694436143391,20
1327,257.91776019547143,180.1474385902658,285.35280807119386,20
1328,258.25974953758237,179.57368387199938,285.2769848826394,20
1329,258.3725509973742,179.24519227325916,285.240302348524,20
1330,258.3935116516181,179.07513657815755,285.17343003140354,20
1331,258.1636537001007,178.78819960875435,285.11106128533896,20
1332,258.0590029095896,178.48169068813323,285.0979301351827,20
1333,258.2991414345244,178.25213927051985,285.04215564809334,20
1334,258.21112536944804,177.98616420489736,285.0392932981398,20
1335,258.24114647482276,177.90661203726194,284.9388116762374,20
1336,258.3044208885873,177.75739059698768,284.86767991348694,20
1337,258.2821166657515,177.65215698887593,284.8754554787237,20
1338,258.155934768282,177.58310315988027,284.8798318261054,20
1339,258.1889584276528,180.18289071072823,284.88686334171854,20
1340,257.95048493499183,182.5883235088084,284.88784860757704,20
1341,257.9703521441264,185.20891743297688,284.8503932969232,20
1342,258.0006635619373,185.35307631719857,284.8673490025062,20
1343,257.9501653894653,185.4604939091392,285.31032677899816,20
1344,257.8849593229692,185.35982979832215,285.4808961985237,20
1345,257.6029476661032,185.19759143717587,285.7233004008769,20
1346,257.3571877114281,182.6916273532063,285.7953827310423,20
1347,257.2511074306872,182.80039465263485,286.06835786559384,20
1348,257.1860056820131,182.6834398628585,286.2715538466233,20
1349,257.21217953445114,185.10869187699632,286.3675800341251,20
1350,257.12891389159677,187.5900449244678,286.4239675423945,20
1351,256.93679215989084,187.5212919116952,286.54272721769985,20
1352,256.85987387695405,189.8947645179369,286.5440548800933,20
1353,256.87182507712487,189.89349590161817,286.66109788051574,20
1354,256.9028263895366,189.8982219669037,286.73944026344225,20
1355,256.95262943784644,189.7890512981452,286.8058247762243,20
1356,256.82840286103203,189.95396840540693,286.7991575668077,20
1357,256.85961486851903,192.4326665605977,286.9731981347571,20
1358,256.8668961008027,192.34680695621296,287.17206858902006,20
1359,256.8142358435933,192.41073864800856,287.3879553341004,20
1360,256.8083828845932,192.4800238381326,287.5479103788803,20
1361,256.7229662428409,192.8210754753277,287.6681442846428,20
1362,256.7035728304167,193.16377326728772,287.6827526013437,20
1363,256.64710571088824,193.20602177409452,287.6803619936551,20
1364,256.67928409502633,193.47773440727963,287.9460909076291,20
1365,256.6844991150545,193.95475487178192,288.09416422904235,20
1366,256.65419038803407,194.0382009103149,288.27684283735,20
1367,256.5665692664035,194.45895601555705,288.5096748776338,20
1368,256.5741362863454,195.59056611120525,288.637517380768,20
1369,256.55556181134943,195.7951475374383,288.81979298122,20
1370,256.4030934863398,195.8153619208542,287.1418364098086,20
1371,256.2763974042704,196.0757769274694,285.1968677712395,20
1372,256.1012981557961,196.31624749764623,283.0368124561361,20
1373,255.8665035479048,196.4941081307252,283.3498538245424,20
1374,255.7495599214783,196.3376649882813,283.572648918943,20
1375,255.5961345406315,196.3878338141536,283.65454204411947,20
1376,255.24828509490513,196.4608095357736,281.9124488383322,20
1377,255.0353364607056,196.6631457324681,282.10860044855394,20
1378,255.15124368455295,196.65469155710016,282.1278333095252,20
1379,255.1376376080363,196.6493109004927,280.5069672703906,20
1380,255.3151324139711,196.57375458288763,280.60123085764934,20
1381,255.39961122123518,196.4287236607896,280.64819304987554,20
1382,255.4355034662964,195.73399258588267,278.6147891944996,20
1383,255.39338897468093,195.67077462914224,276.88980850742723,20
1384,255.36104001715347,195.240011166677,276.17404398595914,20
1385,255.31839580381043,195.04168968058016,276.0143058218807,20
1386,255.14347456804347,192.33507250862957,275.91820554343985,20
1387,255.07081319584154,190.16342545284715,275.89980703329667,20
1388,255.03735126211546,190.13014438149344,275.7772342300788,20
1389,255.01960724752854,190.1196789407992,275.7679966273904,20
1390,254.95704913169502,187.8682790168078,275.7375510072522,20
1391,254.94485415313483,187.49011009688317,275.7019911875017,20
1392,254.94935503551733,187.276177780375,275.65626419125124,20
1393,255.07393613524408,187.19595346822229,275.6606563156843,20
1394,255.31525311842952,187.07887689119963,275.69280821483585,20
1395,255.45241734099346,186.9110236390756,275.6818013757095,20
1396,255.50120145319343,186.71343822882332,275.7358913009614,20
1397,255.5071853312961,186.296862046484,275.6961626882292,20
1398,255.39299268703934,185.8988653936499,275.6464054659009,20
1399,255.37795984239483,185.6434347874747,275.641748146303,20
1400,255.17338020909483,185.3830914691725,275.65637261362747,20
1401,255.1223195255769,185.0951927566045,275.6529614215903,20
1402,254.91457830837368,185.04700612180693,275.6415542186424,20
1403,254.5757262939447,184.9816300497093,275.58327608054503,20
1404,254.22969583236582,184.97625029054296,275.5785388508625,20
1405,253.8690629516837,184.4550135395752,275.5299473726377,20
1406,253.40778973964717,183.82207311139268,275.5136164826527,20
1407,253.0713952969348,183.77685434254815,275.50872690990565,20
1408,252.96267960618803,183.4328612297494,275.4811123572662,20
1409,252.81604186936778,183.42286172502676,275.4524379901588,20
1410,252.6228920239834,183.4487486436684,275.4405880390108,20
1411,252.2755406868278,183.4750269415509,275.4529426215403,20
1412,252.2539430504706,183.3855103271734,277.1525550573855,20
1413,252.15673731102783,183.3882692200877,277.06163129679624,20
1414,252.09025285190015,183.3590129912272,277.1244964534766,20
1415,251.940836658861,183.36400576276705,277.08329989660297,20
1416,251.7296166563367,183.3390309106,276.962957233598,20
1417,251.73521791682438,183.3630263090506,276.9194629741996,20
1418,251.73491887853288,183.3451205795072,277.0181999477721,20
1419,251.6039385942467,183.3266329424083,276.9565398186608,20
1420,251.47802200471887,183.3787630313076,276.80271031845126,20
1421,251.35908190621575,183.3948136739805,277.0678782054852,20
1422,251.478072389116,185.67946333280764,277.35418245064795,20
1423,251.3336988891474,186.33734308728947,277.38770467716034,20
1424,251.0686432723156,184.1885650468804,277.4655817048601,20
1425,251.17208618579707,182.2452201230452,277.49927627030524,20
1426,251.1600763200954,180.0513368209172,277.49938353146194,20
1427,251.14818391808257,180.06446235296318,277.4975571483071,20
1428,251.26530960032028,180.08597631023267,277.45255402243464,20
1429,251.1705562048342,177.6772995535191,277.4393010656419,20
1430,251.1879719152471,175.26904540413992,277.5008152430109,20
1431,251.41951835418826,177.42822659494357,277.5264861566364,20
1432,251.51843400463076,177.2659859328717,277.4514094759128,20
1433,251.60051208938967,177.42067282244562,277.4427980551659,20
1434,251.9234833458428,177.41743168426677,278.090796697198,20
1435,251.92760106980973,177.41519488377497,278.0706874223636,20
1436,251.98304194647503,177.37448596691712,278.03052516742844,20
1437,252.02270138848797,177.41748715905473,277.98529464771275,20
1438,252.17061264391782,179.6481150209438,277.9029430495203,20
1439,252.16400748902493,179.688011239497,277.9434389203787,20
1440,252.44072292296147,181.84028622222127,277.9656667957641,20
1441,252.71857410915965,183.91524112922136,277.9266970969457,20
1442,252.92181454589868,185.8951109370124,277.92299742317294,20
1443,253.18267800559443,185.9260096554924,277.8504449119,20
1444,253.29149438001065,186.01673683254975,277.77610963700806,20
1445,253.46635026776056,186.04425135840663,277.7049630809063,20
1446,253.5793949626634,186.20721078664064,277.402868782226,20
1447,253.57155222852612,185.81457085240632,277.51515670971946,20
1448,253.5959013544181,185.87170337452557,277.5328365904465,20
1449,253.49447448352947,185.6517116515711,277.49813808639533,20
1450,253.33971841163407,183.2506255859416,277.3934015951026,20
1451,253.2873815193998,181.01108765524813,277.3523902865685,20
1452,253.3426781620241,180.96131052547133,277.3230512212403,20
1453,253.23132633832907,180.99306857206855,277.30610977169124,20
1454,253.09357620411,180.90573478742505,277.2491946879402,20
1455,253.0827780069539,180.9815873278584,277.09476323843,20
1456,252.99212502521064,180.7714652666915,277.1669166893233,20
1457,252.9772488405756,180.62793831651095,277.1506493993942,20
1458,252.6308522087151,180.55192736593077,276.9506287363451,20
1459,252.4830729607238,180.51412573014383,276.7479336032923,20
1460,252.44937129967042,180.50399203001052,276.5437369558308,20
1461,252.35836519808595,180.3744254063582,276.4228444436053,20
1462,252.2580947336056,180.293245003596,276.33816308255774,20
1463,252.2610920153771,180.16530166532849,276.18229263191574,20
1464,252.19981177270688,179.92867288413458,275.6308530568099,20
1465,252.05827821717426,179.85297750572673,275.3344438061677,20
1466,251.8748234709597,180.10667507426814,274.9386529426789,20
1467,251.71142907655485,182.10293668190948,274.7020412267139,20
1468,251.70707157275743,184.38343005684203,274.64855261975435,20
1469,251.6956634036406,184.2721771060489,274.52441807084017,20
1470,251.82566931345886,184.4416823587101,274.5461417102278,20
1471,251.9471290958748,184.62148529467171,274.5630595360906,20
1472,251.97870229734295,184.8434883439448,274.7470877546282,20
1473,252.12639250236504,186.12755636739544,274.7994319672347,20
1474,252.25779058493845,186.0995918110572,274.8440484106005,20
1475,252.32484943615282,186.16851810975,275.24496684075564,20
1476,252.64061428077676,186.52004935139792,276.05390761233167,20
1477,252.87757135531803,186.54865522343664,276.3532522327756,20
1478,252.89891176223924,186.33936674471013,276.62776301249164,20
1479,252.76869514348715,186.28120614391756,277.4397334115137,20
1480,252.72225622992477,186.2118167970609,277.7872118276474,20
1481,252.7679721119715,185.9133397467155,278.2494805822265,20
1482,252.98060352600518,186.38795280111023,278.8993256694195,20
1483,253.14664463910793,186.7432924755197,279.2356757273455,20
1484,253.21343195533058,186.7790563561861,279.8858958164905,20
1485,253.29331566742022,187.38119335788303,280.05443074684825,20
1486,253.50545516460193,187.8740620640479,280.0735018739314,20
1487,253.79951812380767,188.06591865394265,280.4702714364999,20
1488,253.89590528668083,188.6250539964624,281.13846033420646,20
1489,253.98758674800757,189.1462837982364,281.36478276960787,20
1490,254.1474683426505,189.20827208383008,281.8801503732172,20
1491,254.24786544013506,189.51580771191047,282.01486916766737,20
1492,254.24622835784498,187.4660914627556,282.0741155820061,20
1493,254.0856549266842,188.15917725385168,282.1458301072102,20
1494,254.18674633044026,188.5983953572903,282.2149003304541,20
1495,253.95852324776257,186.87136210496536,282.3012260117568,20
1496,254.01543167060623,187.33515489661136,282.38365082692354,20
1497,253.9841110026022,187.44344109478408,282.51620419304817,20
1498,253.75948406559786,187.64537640958093,282.6159723821748,20
1499,253.60629276886024,187.85079683319665,282.68783081433736,20
1500,253.7153617892956,187.9054905817937,282.8017831590865,20
1501,254.0782660343246,188.11648444875144,282.88029769598506,20
1502,254.29971404319326,190.1495533817727,282.96873884416186,20
1503,254.71707777602313,192.52983603176665,283.16277512678874,20
1504,254.9770599862623,194.93983552162533,283.2128628566861,20
1505,255.49202728338233,196.90955284179188,283.32985352346674,20
1506,255.8886712942852,196.8751163363829,283.46378874452785,20
1507,256.39607270338917,199.4741831979412,283.6661148109194,20
1508,256.50747311292,196.92562223797665,283.7851049133856,20
1509,256.72578506631373,198.95979409044608,283.8809788760636,20
1510,256.80055871787954,199.11518878471804,283.90088309307583,20
1511,257.03961557502817,198.4372623571637,284.0651581407617,20
1512,257.1951733392573,197.88925245490623,283.9798741985206,20
1513,257.3289894089215,197.9332245913404,283.9742816552613,20
1514,257.584494129402,198.0070212477888,284.0359698993992,20
1515,257.64988671709864,198.17288907659008,284.015766441552,20
1516,257.7918085542261,198.1929835671256,284.0066424824018,20
1517,257.9865563038148,198.2750624962221,284.0145968722273,20
1518,258.17867742920237,198.45619450201048,283.9888329489436,20
1519,258.2773759993712,198.58793743374525,283.99719023638403,20
1520,258.5070328623403,199.4531596006709,284.0412106148433,20
1521,258.5587924175567,200.014354906294,284.0358497058228,20
1522,258.75371369483156,200.57709738225444,284.0262167812884,20
1523,258.9630224567769,200.72638820531543,284.0530632600468,20
1524,259.1701073195732,203.6198600662942,284.05334525049665,20
1525,259.2830969705824,204.62197498605357,284.04777195095085,20
1526,259.6090735143992,207.51730007921117,284.0663911436778,20
1527,259.6574887751011,210.2748515954684,284.09434859675355,20
1528,259.63041018941374,211.20547191538847,284.12878238125705,20
1529,259.9058026141978,211.23357447735037,284.13715679191984,20
1530,260.1544143402625,211.3059732190985,284.15383942623623,20
1531,260.1636748957252,208.56932165252977,284.1592803911958,20
1532,260.33345680328557,208.4832976814592,284.16255984738467,20
1533,260.48703142673423,208.46620003991293,284.1782511333842,20
1534,260.457120419631,205.9986715808604,284.2928218887839,20
1535,260.62650458681446,205.85614706416612,284.38002970830536,20
1536,260.79181071849945,205.758785441448,284.3569819956645,20
1537,260.80972338310596,203.1898830093071,284.41712808184326,20
1538,260.83039984833505,202.84347488326952,284.4524864567071,20
1539,260.8615920027485,202.65080845835615,284.49439723895864,20
1540,260.86727094207396,200.02323505513837,284.59684258928525,20
1541,260.65258411966914,200.04282347531057,284.5230263575912,20
1542,260.6181268576267,199.94168912292457,284.4800179494731,20
1543,260.3021552448393,197.3772279056441,284.42512971427294,20
1544,260.0829816781899,197.30163599167952,284.4759301228076,20
1545,259.75524601412343,194.62903420499995,284.42697315363444,20
1546,259.55615702927423,194.6165573000675,284.32906865801897,20
1547,259.59005559585813,194.63340820761863,284.2617064351006,20
1548,259.41458022902395,191.7527509679692,284.2334657498053,20
1549,259.5707903271118,191.6446163594769,284.2432299098908,20
1550,259.68351577730067,191.66899303245825,284.2112759273662,20
1551,259.2924552836877,189.25217987583488,284.12773457973964,20
1552,259.0800371871884,189.1332174314745,284.1108319538995,20
1553,258.8567328171111,186.39239060822877,284.03444092208287,20
1554,258.75052114183217,186.23306571660564,284.0463006493426,20
1555,258.51022863862323,185.95166031148284,283.99280817409743,20
1556,258.38253337929893,185.8914862243529,284.004521219132,20
1557,258.3451878810757,186.10377112638903,283.9882971309661,20
1558,258.4315900414949,188.27442484850764,283.9757319065533,20
1559,258.3384854297725,185.86990777073197,284.0103302716441,20
1560,257.97062580920584,185.71015122309092,283.94424634402384,20
1561,257.8687438230115,185.7095525382157,283.8915520752292,20
1562,257.5262085655123,182.8314282132196,283.85635421241403,20
1563,257.1282716864824,182.54638764294563,283.74910598800284,20
1564,256.8888974436898,182.06543482309905,283.6689463760774,20
1565,256.5523154703271,181.33457388843175,283.6642632730561,20
1566,256.3622367938088,181.084246318799,283.66693984496175,20
1567,256.180208784612,180.98384723389756,283.6584818881448,20
1568,255.7382343390761,178.23375418374548,283.60462567391573,20
1569,255.30919683970455,177.87048441159305,283.5652585654962,20
1570,254.8504642710853,177.40964005294023,283.52877672414064,20
1571,254.5598138817846,176.9637667111936,283.5447883439879,20
1572,254.49001411222093,176.66043502563377,283.5434397546272,20
1573,254.40613673543265,176.45525907946518,283.53976884833304,20
1574,254.21001580009133,176.45507285909494,283.4951420729864,20
1575,253.86754589957718,176.2827364426269,283.48475492829226,20
1576,253.64786248812493,176.0282010670961,283.44076524736124,20
1577,253.35529687785765,175.70308602365898,283.39600859230154,20
1578,252.93838101962015,175.4360124843498,283.4000243253424,20
1579,253.0651066261459,177.37009381008568,283.3985059790104,20
1580,252.9770039149475,177.14677913098828,283.3922275395482,20
1581,252.86972519341643,177.0650875162403,283.3258610674343,20
1582,252.76376318278807,177.0094791737641,283.318602434916,20
1583,252.68689145784188,176.92177676770604,283.28532205667113,20
1584,252.66578076102323,176.4209683357156,283.26418859649215,20
1585,252.64143054627615,176.33350732464575,283.2444972691848,20
1586,252.7074211265421,176.0772972738871,283.2055814171932,20
1587,252.52697329830352,175.9775176655955,283.1803212284088,20
1588,252.58493600154102,176.05991653773353,283.1195430282294,20
1589,252.51199746423694,175.9675612853549,283.1434381283796,20
1590,252.55581987711616,176.08077122540098,283.0433972356259,20
1591,252.47177306031693,176.00506726980092,282.974153761284,20
1592,252.56759438367834,176.0220745689969,282.9163656716421,20
1593,252.7230550369905,176.1703038914071,282.8489998673182,20
1594,252.74018790985093,176.40922067256062,282.75864447500555,20
1595,252.98915416957826,176.66882125344478,282.6654601480998,20
1596,252.9984194013608,176.83958558143465,282.58811840085315,20
1597,253.1331709933908,177.10792272132704,282.46321129762566,20
1598,253.47078034682204,179.99861185450456,282.3403572422452,20
1599,253.61481772426185,180.31952977933335,280.6343669656664,20
1600,253.72234746080306,183.19694818955264,278.8879380780086,20
1601,253.64789542802654,183.4077830965293,278.81164493111896,20
1602,253.66361930126408,186.17111515017572,277.1413241323596,20
1603,253.59234340139315,186.30685950332204,277.15259570763914,20
1604,253.64970434275034,189.10823291018957,277.27077160819897,20
1605,253.3327928954358,189.27451816704476,277.3285024138214,20
1606,253.28526538421437,192.14774426019167,277.34121992584784,20
1607,253.033778652987,192.28451963764965,277.32105052177326,20
1608,253.1155022755237,195.1672311130201,277.3864261089126,20
1609,253.08258987479698,195.238046134928,277.41185592584776,20
1610,253.28856750196957,196.1252702928055,277.41790324885864,20
1611,253.37015472382714,196.0794363388419,277.37345459340605,20
1612,253.31886034830876,196.14771640583876,277.31247817650905,20
1613,253.13457044180626,196.2524732471444,277.23266810454896,20
1614,252.93602161866875,196.22595509232957,277.1908613486262,20
1615,252.72953058113376,196.2868608871475,277.0947364929365,20
1616,252.73198417413383,196.21830941203984,277.1526728112297,20
1617,252.6180977441539,196.17168710820377,277.1545758255804,20
1618,252.38999752062847,196.1032247953303,277.1533085446665,20
1619,252.27225416822193,196.08789468824864,277.11026266873347,20
1620,251.96361893000216,196.1251159258932,277.08646877207326,20
1621,251.95428858101178,196.16198874432592,277.0387953566434,20
1622,251.81191315093102,196.10939633683304,276.96243155278734,20
1623,251.77413567492582,196.1726637047064,276.9592359789135,20
1624,251.73335125912317,196.26502819227983,276.8971503133001,20
1625,251.70211467281288,196.19663024929352,276.859762029876,20
1626,251.62386412383208,196.15493879699147,276.81588985383974,20
1627,251.60469916570196,196.25186113583857,276.78275701879056,20
1628,251.42714320300405,196.26487844533287,276.69240053557326,20
1629,251.1651258377105,196.21676755058576,276.6107852966199,20
1630,251.14136540634954,196.2581745437067,276.57863598958124,20
1631,251.17592645214435,196.49143135304564,276.4689915274316,20
1632,251.12713816005248,196.51959665603005,276.4929765400337,20
1633,251.1019300610436,196.6300386009086,276.3663915292965,20
1634,251.03191780613332,196.4787152806949,276.260197867998,20
1635,250.991913661394,196.5451457537338,276.2035292963172,20
1636,250.8596830433957,196.7247957633622,276.08698338637595,20
1637,250.86087164728013,196.73738471331075,275.9754142829962,20
1638,250.82166646989566,196.79516539754343,276.0401586625166,20
1639,250.66511112182258,196.93044092753905,276.0561469467916,20
1640,250.54161714609137,196.9015604996681,276.06982045179234,20
1641,250.49720185088836,196.82136683773248,276.11712170267475,20
1642,250.3197073928784,196.63165421897543,276.1042132737301,20
1643,250.51614297466358,196.65568535210565,276.10464334739373,20
1644,250.6459075051886,199.3523376966454,276.0949898688309,20
1645,251.00604107175053,201.86976056039333,276.15426491500807,20
1646,251.36411366043657,204.75802247192712,276.11137333869937,20
1647,251.5426635194305,204.3193233035132,276.1577145972103,20
1648,251.76575043179446,204.0568001096509,276.1461681449227,20
1649,251.68677073847576,204.11187211919577,276.05217144398017,20
1650,251.67563116477044,206.782902099099,276.02254588499665,20
1651,252.0509999432758,209.21578848488628,275.96216239947825,20
1652,252.19112327892103,211.6787888903171,275.9427121018897,20
1653,252.26827677561317,213.66764908527955,275.98997130432167,20
1654,252.50667177238157,214.3421741464292,275.9897747719567,20
1655,252.62309462386264,213.3067895832029,275.9192418279778,20
1656,252.65825092133073,212.22163465301503,275.9316013637837,20
1657,252.63572862963457,211.2325976087246,275.94073732956315,20
1658,252.86671230461008,210.52172065368853,275.9402844122611,20
1659,252.98404927024416,209.66563349844887,275.95228590540586,20
1660,253.34978450792454,208.56007340878247,275.9517893092148,20
1661,253.6017858369693,207.6573408157006,275.8929132604785,20
1662,253.88989564170484,207.0166296459455,275.90200514187103,20
1663,254.26918392680471,206.1497257653717,275.9412916507944,20
1664,254.547458923048,205.29196614324115,276.03569350885226,20
1665,254.96745476129982,204.59561303592287,276.0111396096833,20
1666,255.3288122950912,203.86162591194733,275.98162829627285,20
1667,255.74610621527944,203.08588684638264,276.00083294106645,20
1668,256.2947699853042,202.18242717647223,276.0003736224212,20
1669,256.70325410456473,201.5263873697724,276.0133593484573,20
1670,257.12605992516995,200.8241526765097,276.29686807787976,20
1671,257.3810533284264,199.7558170398511,276.4229067269433,20
1672,257.549900187338,198.95732471957805,278.013993943017,20
1673,257.7059281469404,198.31793663561345,277.71733860485256,20
1674,257.8788793962744,197.63605336185543,278.55658904095645,20
1675,258.3032860141906,197.22687862189483,280.7513843443757,20
1676,258.58941895062156,196.73536865768955,283.10813785958567,20
1677,258.8379143491719,196.2340350612532,285.098167722919,20
1678,259.22821131253505,195.811853156453,286.7664105003653,20
1679,259.3701421543018,195.21238999799823,286.27324577617924,20
1680,259.52037657365065,194.8275703804288,285.6792600534437,20
1681,259.5581285207195,194.3053539473657,284.8161250433093,20
1682,259.6389252389537,193.9551801869925,284.5768513742229,20
1683,259.6943349160376,193.74022493066263,284.3626971631264,20
1684,259.7262497382691,193.48847622507253,283.94941270255947,20
1685,259.68879199809936,193.46029850731605,283.36747294246686,20
1686,259.7239424422074,193.17730062690563,283.29495120904875,20
1687,259.8451560602342,192.7645070219133,283.1184000441385,20
1688,259.8596032865356,192.5490522556845,283.0938427868625,20
1689,259.867594461991,192.29272077772765,282.8184392614616,20
1690,259.80710723879326,192.1055359481648,282.66886630735826,20
1691,259.79980818179394,191.82409879062325,282.66172282140235,20
1692,259.7237994872052,191.16869131177663,282.70346499770415,20
1693,259.6263139068277,190.90870891467668,282.8174282632908,20
1694,259.5106302870573,190.89981787960045,282.8212453661626,20
1695,259.48442149013715,190.85482847846117,282.7921674424177,20
1696,259.4221459208546,190.6855880919751,282.7930421418277,20
1697,259.4776452585422,190.7536103820708,282.9182823020173,20
1698,259.5259735358887,190.84752551450396,283.06033476951995,20
1699,259.60790243629634,190.9139521746617,283.15573385566006,20
1700,259.604284642202,191.28034810855053,283.18879136168863,20
1701,259.4523943087176,191.32521343966016,283.4488690648926,20
1702,259.43440341790983,191.57694143760017,283.45446423565505,20
1703,259.363077877127,192.32947550402025,283.48088222423104,20
1704,259.4007191178784,192.9246114826668,283.4777697263239,20
1705,259.24653539684795,193.7595923851151,283.6309331413312,20
1706,259.2948123072538,194.66261325362137,283.645869719903,20
1707,259.28468379421,194.6275374186132,283.6086608211277,20
1708,259.1973844956978,194.75857644646428,283.6338317663176,20
1709,259.1164105672835,195.11900741384363,283.51559042540845,20
1710,258.8169229653753,195.62341939290053,283.5002379218536,20
1711,258.646914582023,196.19885317369364,283.48916282076857,20
1712,258.41268136853364,196.74528492513116,283.39464694908355,20
1713,258.46514489224893,197.56682057412343,283.27353677396195,20
1714,258.43679715774823,198.27430719293653,283.2482632479304,20
1715,258.5320778851036,199.09346348263324,283.22846160894727,20
1716,258.4621317282553,199.95335784818977,283.2114443907374,20
1717,258.2851932416778,200.7009113129694,283.2101556398952,20
1718,258.2869941252843,203.5738444764074,283.2208643624233,20
1719,258.2745990372527,206.41464191124192,283.31664256182034,20
1720,258.4329093484035,209.33858094653465,283.2546334702568,20
1721,258.3869196325809,212.01853606171323,283.2571276981896,20
1722,258.3146186414345,214.6343499820435,283.1855195384426,20
1723,258.35961463254114,217.41166912944405,283.2400544200791,20
1724,258.37329701725514,220.206863503916,283.22115340062885,20
1725,258.5088218372756,222.88337729692807,283.1390592223918,20
1726,258.56826178256654,223.56872484889232,283.1156945615448,20
1727,258.71223752211824,226.1069071328,283.1136704060808,20
1728,258.9884873038726,228.8433198289678,283.0614742807299,20
1729,259.25198608417855,231.5751053607755,283.15753378085793,20
1730,259.10606694782973,232.2146914740757,283.1208905851841,20
1731,259.1365785795551,234.01113306885583,283.0773337600101,20
1732,259.10017983949217,231.6412416057661,283.0107189076045,20
1733,259.0077095685007,229.2539922472648,282.9409932802874,20
1734,259.2028374311975,229.20240683129057,282.9039436146128,20
1735,259.2142003133995,228.88273760106412,282.862620279293,20
1736,259.3185316891842,228.5622238958813,282.8440788667439,20
1737,259.4445047516417,228.6209012529254,282.8446945016994,20
1738,259.6011442007762,228.54951239783315,282.82594778338216,20
1739,259.79773674182917,228.49494324157016,282.7211496578134,20
1740,259.9654343644826,226.1921446351893,282.6190138128935,20
1741,260.26847841064125,226.1895844114013,282.5279085107311,20
1742,260.5535275079358,226.2601234728098,282.59246863078096,20
1743,260.7299519977621,226.26242490284145,282.58602567549565,20
1744,260.90697233890035,226.2395268273633,282.5770072648651,20
1745,261.0324465961489,226.29768677168525,282.52996415082134,20
1746,261.0821535309127,226.31406183204612,282.505910924559,20
1747,261.17636690057464,226.35168874117545,282.4807905128016,20
1748,261.2280066344614,226.38547292952427,282.4466171299224,20
1749,261.5650747652909,226.8207021822501,282.41868491543227,20
1750,261.8920587984861,227.21609811290168,282.28114535862346,20
1751,262.2187640520411,227.2184444294404,282.30173290837325,20
1752,262.4722190069145,227.4178379878309,282.2294134393125,20
1753,262.7811573083058,227.68740249327385,282.07410115456673,20
1754,262.62059133079345,227.36708451316693,282.1200698098773,20
1755,262.82058852524807,227.2429939082172,282.00368767465,20
1756,263.1856130355907,227.53908538161775,284.2018888152298,20
1757,263.3905869005861,227.57158167206683,284.2213390099909,20
1758,263.4713229484195,227.562741247816,284.2410356807802,20
1759,263.6681673368044,227.5255862727668,284.21440441859886,20
1760,263.75193010781703,227.4851125322189,284.2823636384867,20
1761,263.80592559314425,227.4556414985936,284.2761967435665,20
1762,264.01636528705524,227.45790815043264,284.2499268838204,20
1763,264.08023713514865,227.68530195678585,284.26417960656806,20
1764,264.14308422145956,227.74785087109544,284.21558378339745,20
1765,264.23244698831735,227.81823527480475,284.21733605897055,20
1766,264.3347735721601,228.07938361735083,284.24381666051227,20
1767,264.436628965931,228.34974147475324,284.28440767765045,20
1768,264.4732896704669,228.3565519709233,284.2975976310764,20
1769,264.565022291313,228.4974521677103,284.36949976439587,20
1770,264.67263511979274,228.7631772022229,284.4761277976912,20
1771,264.76187072917475,228.881488916846,284.47552562912927,20
1772,264.86709740250456,229.29048477816397,284.5552925348468,20
1773,264.95404288404217,229.9457771522831,284.50878887571395,20
1774,265.04012592107404,230.45199267224407,284.56094333551823,20
1775,265.09115263972586,230.7137911264319,284.5746177903935,20
1776,265.1425473449948,231.11856414676643,284.6048737890087,20
1777,265.19885095021175,231.44288987536916,284.9759390489315,20
1778,265.29506150712984,231.8519628510624,285.71341147373664,20
1779,265.34145027871733,232.08080291599035,286.2694161037006,20
1780,265.12336095944977,232.2645752390288,286.8125071828184,20
1781,264.99986019686844,232.6603520665504,287.6870754830842,20
1782,264.6829039158548,232.8215006651543,285.37618224151896,20
1783,264.73043807628767,232.91896201970056,285.55831532467624,20
1784,264.8523900215674,235.05315569765867,285.8970680713886,20
1785,264.93343365379184,237.47613335296512,286.476510016704,20
1786,264.85593992815814,237.61514389127493,284.928814387396,20
1787,264.8027382873994,237.8415987105295,285.0148941438645,20
1788,264.75683548706996,238.1040578401275,284.9924564788118,20
1789,264.9437971411318,240.58750921769067,285.0138440188579,20
1790,265.04509113897416,242.389379937537,285.0051519691199,20
1791,265.06603467098614,242.53827498022463,284.9935349069536,20
1792,265.11001972581346,242.8522545911197,285.04230487809514,20
1793,265.2294572428678,242.91601194371583,285.0541904618684,20
1794,265.38175481670544,242.8833091713593,284.9760583666246,20
1795,265.3122431811111,242.9163839734264,284.97097693349235,20
1796,265.3248336587611,242.95448738967184,284.9210527748521,20
1797,265.10045218408135,242.97071561074927,285.0036518528592,20
1798,264.99531236215387,242.98996483796392,285.01709489012137,20
1799,265.0206902346893,242.9581712145463,284.9980137357302,20
1800,265.02395168801615,244.9651233532932,285.03389057541267,20
1801,265.05943145397106,245.1283542145509,284.9240570419468,20
1802,265.0464099522197,245.69489959334024,284.8730674757995,20
1803,265.04398079996935,246.09915791502223,284.9357864882052,20
1804,265.04113843892696,245.93468431669288,284.95032241273674,20
1805,265.3869829158897,245.81106595975348,284.93618687396867,20
1806,265.497313103776,245.4947781248484,284.9171190342866,20
1807,265.4858401345005,243.00965487665496,284.9596682956628,20
1808,265.6116894379962,240.52812496165745,284.9545955830626,20
1809,265.5667284294972,238.01834125253373,284.9324819044955,20
1810,265.81230243765265,235.8831630720664,284.99551457887515,20
1811,265.9286495329288,235.7431831983197,285.0523818803951,20
1812,266.12525498896156,235.62108763239343,285.0118625050038,20
1813,266.21778997617105,235.48719742340035,284.9879686792381,20
1814,266.18043304297635,235.275869921064,284.98340015221385,20
1815,266.0317842540888,232.85879327558916,284.9738261051662,20
1816,265.9702504619982,232.83720660940745,284.91622566040604,20
1817,265.9683405064799,232.63069511766545,284.87276824355126,20
1818,265.9176154872722,232.431346250372,284.9831646645442,20
1819,265.854525884222,232.4037854819093,284.87740559346975,20
1820,265.71408860375567,232.39646360062997,284.9635975834914,20
1821,265.63002043299116,232.38170732135885,284.8922454211116,20
1822,265.8165791460967,232.33633117475543,284.88494407432154,20
1823,265.5611139882102,232.3986647254508,284.9176368991286,20
1824,265.53677053526445,231.9546166265756,284.95279280746354,20
1825,265.5123651809773,231.8850851042569,284.8942443244718,20
1826,265.3664271087951,229.4397810741141,284.88126285450534,20
1827,265.35321422153226,229.40229802943767,284.9405819813535,20
1828,265.3316907121756,229.36970816478131,284.9445530372113,20
1829,265.1677377481678,229.4817388384417,284.9241528854333,20
1830,265.3203776255278,229.38786418873815,284.8175910417549,20
1831,265.2804400797002,229.09597741933536,284.69386338436976,20
1832,265.32454898801416,228.66669070186092,284.54705061307175,20
1833,265.4208897690356,228.7181781488098,284.4946608719416,20
1834,265.38168873798287,228.6301031279005,284.3756175078452,20
1835,265.37993521637094,228.4671828314662,284.3308207661472,20
1836,265.410223492221,228.48148741073908,284.20994828453286,20
1837,265.15594652508616,228.31450462449345,284.1300745767169,20
1838,264.89415644242195,225.51408391742035,284.0372658922337,20
1839,264.83510342613647,225.38470268810167,283.959075470008,20
1840,264.76772059176403,222.86036360546947,283.86597647162154,20
1841,264.45098628078756,220.1050679007545,283.83008095253257,20
1842,264.2670354167541,217.43810768842695,283.79147380273787,20
1843,264.0748503230283,214.67206479728225,283.73787144808097,20
1844,263.899733053477,211.74965944517405,283.6883748690039,20
1845,263.7197257320792,209.11930277003907,283.56272306676954,20
1846,263.55420352103494,206.5586560543068,283.4745636242442,20
1847,263.36033808666156,203.72931697251275,283.3449471071921,20
1848,263.19397754157796,201.409020184651,283.23237712824715,20
1849,263.00870060684554,198.80868808552623,283.25860495151954,20
1850,262.81523132446307,198.4869208941795,283.15584959041325,20
1851,262.62036241202884,198.1117114722356,283.1948686240427,20
1852,262.31327063689884,197.7228979197517,280.4513109000586,20
1853,261.8839932448312,195.00643883626907,280.3127453372814,20
1854,261.7781314529449,194.5929891406931,280.2485466873646,20
1855,261.5908634293971,194.3748565994855,280.25936397982764,20
1856,261.2767607278663,194.188152243169,280.29891088776293,20
1857,260.7795386085754,191.57929887714795,280.34486863518134,20
1858,260.4033742980058,191.01203399392776,280.3619415742066,20
1859,260.2126646375191,190.38904818487356,280.40024676405824,20
1860,259.93663910966274,190.01545920922425,280.44099000458607,20
1861,259.7403539109905,189.4043241164554,280.42170741402543,20
1862,259.2192264724225,188.79944676632996,280.49058536765165,20
1863,259.0448045783817,188.1464967980888,280.533851785725,20
1864,258.6423234264798,187.59989287356845,280.4847525844816,20
1865,258.3148869662731,185.5402449057065,280.39944423583336,20
1866,258.08333031462774,182.95280400276184,280.38713950599544,20
1867,257.7785248720608,182.82090018030257,280.39675636,20
1868,257.763860752648,182.67482690399515,280.3963887205068,20
1869,257.46496515627246,179.90788715915755,280.3894450321328,20
1870,257.0373764035113,177.3142406515032,280.40600284147075,20
1871,256.59375458047646,174.44516917614266,280.41360017388126,20
1872,256.2862265266094,174.2125249981135,280.35028510945847,20
1873,255.99325241085793,174.18296472173185,280.3399679724034,20
1874,255.9188709617732,173.92434803694488,280.24628732518295,20
1875,255.52610045610558,173.7336652552709,280.26084502094426,20
1876,255.15875956135852,173.5168235177547,280.225110035697,20
1877,255.03049597428966,173.4784849459678,280.1248284154106,20
1878,254.82919502888717,173.33751909885555,280.01678798788225,20
1879,254.67519191836897,173.25979593507947,280.0265162178408,20
1880,254.80837552428903,173.00061697948723,280.00938515246844,20
1881,254.86006514340548,172.8400946413353,280.06906003675425,20
1882,254.9343042862256,172.88834903545677,282.0029288316425,20
1883,254.6909838851735,172.79306743925437,282.0664643796254,20
1884,254.41282541082973,172.7213992669992,282.1574994445499,20
1885,254.29420247612956,172.71494643049314,282.08554061968346,20
1886,254.4196515312322,172.61319821173325,284.79725917511155,20
1887,254.54963442128445,172.59702536527067,284.79797687284184,20
1888,254.54383186813666,172.55560492536054,284.77408591789657,20
1889,254.25112208487175,172.56237993830814,284.82445712266025,20
1890,254.01654311992957,172.58143380653112,284.76299150732814,20
1891,253.9300461110494,172.50749096607788,287.2319208316831,20
1892,254.06444303777502,172.5001110441331,287.21870869243054,20
1893,254.06252684271777,172.51654931225815,287.0965952256089,20
1894,253.9242815744773,172.58619563908317,287.0840053810319,20
1895,253.9212907023203,174.8723471051734,287.107455551303,20
1896,253.92186446483032,177.1551712777838,287.13312819623854,20
1897,254.13844031911694,179.27176973070948,287.20797007318123,20
1898,254.09801725229653,181.3154045340605,287.27491324379577,20
1899,253.99503591269195,183.74646283794195,287.2412701070635,20
1900,254.14664915324948,185.85202495533972,287.223536144807,20
1901,254.29354946706638,188.0882939506136,287.1546153146168,20
1902,254.39687082627796,190.1687866800651,287.13644243897403,20
1903,254.51534275545697,192.4364271180704,287.11655422742945,20
1904,254.63355737374823,194.7912143419869,287.072635229989,20
1905,254.6523443788733,195.1571258597076,287.12534599376374,20
1906,254.78284608846792,195.2612574461196,287.1500157822995,20
1907,255.06717589040312,195.5803066045884,287.1332045879355,20
1908,255.19666860194383,195.8869071810041,287.145105768363,20
1909,255.45291765243377,196.11470338069836,287.0562278329907,20
1910,255.4601267838961,196.2622900173161,287.06832042529714,20
1911,255.45955083246835,196.3047487969231,287.01654662839604,20
1912,255.45106583892075,196.09337344759143,287.0751127272984,20
1913,255.47432482836084,196.16533081452363,287.0354377746163,20
1914,255.76939735132245,196.49566815472207,286.9637820905214,20
1915,256.1367646854536,196.4555807876121,286.8620036919927,20
1916,256.2557054809991,196.7358253772277,286.8167663366487,20
1917,256.28422107607776,196.8392994436156,286.9518752228236,20
1918,256.5214107405776,197.04746504339388,287.1144971078774,20
1919,256.47875390179354,195.1638268220518,287.34954964443574,20
1920,256.6158574693403,197.9964285804797,287.32060233897994,20
1921,256.9108389633716,200.9508564031404,287.47878481117544,20
1922,256.83192057927323,201.1286097481195,287.5070498808054,20
1923,257.1059240606301,203.97760510933583,287.6539018516941,20
1924,257.1470214186792,206.99216664263048,288.0527463398641,20
1925,256.83881536108026,204.9440716712456,288.088878780934,20
1926,256.85051742183373,207.42085899182595,288.1117563928338,20
1927,256.584560324458,207.66804187464527,288.05512001663914,20
1928,256.4500759741785,207.8658064223919,288.1281660054112,20
1929,256.347513471595,208.08849692651071,288.2127520604478,20
1930,256.15450540050307,208.30641051190904,288.18713286651763,20
1931,256.17110129003464,208.71980205330067,288.2208898288989,20
1932,255.94772700348443,209.22105762275868,288.3023752311477,20
1933,255.87847378362534,209.4268380850274,288.3029234647984,20
1934,255.64951823082805,209.7151948180329,288.3748913593637,20
1935,255.40707092151098,210.08334276528095,288.4931110795634,20
1936,255.1562582871555,210.3693107707892,288.6001643725624,20
1937,255.165559540177,208.64392564862035,288.7479808104085,20
1938,255.265630983881,211.68414272413588,288.92638469482307,20
1939,255.24668616902719,211.9663459889684,289.0287219696166,20
1940,255.17193276764436,214.49939139270225,289.1452678703005,20
1941,255.33446270371437,214.90148907045835,289.2196375037776,20
1942,255.25688413234406,215.1186838817317,289.2860716434801,20
1943,255.17393150851663,215.34237607485613,289.91649369245863,20
1944,255.07951041340343,215.5969131798204,290.0946032605926,20
1945,254.9308160177788,216.093640597919,290.2507477212558,20
1946,254.77576825931504,216.30389450210143,290.3070033425698,20
1947,254.63109230975692,216.087101106653,290.4217644865112,20
1948,254.60503709309677,213.3854488730896,290.51330515811685,20
1949,254.63181103678,213.36049816247075,290.5822251618514,20
1950,254.63463114404288,213.26721167679875,290.6508301589219,20
1951,254.6705923119764,213.27797139877453,290.6666493032081,20
1952,254.82347740145437,213.0165002500452,290.67045190600214,20
1953,254.9581674823863,210.53853927992284,290.6778025713144,20
1954,254.8845442766802,207.98839937323703,290.67079731037376,20
1955,254.52416653321112,205.2738269963488,290.6410873796372,20
1956,254.27964586212224,202.86280344266444,290.59636558420493,20
1957,254.37650024095396,200.4150578802824,290.66358231899795,20
1958,254.35806561685416,198.16993365745992,290.6737768336339,20
1959,254.2325205084716,195.87319638129324,290.4987708607363,20
1960,254.1078404245648,193.4157196730189,290.42337917572354,20
1961,254.0241542449558,193.42948620745912,290.41265339913315,20
1962,254.2481736939495,193.40045429220424,290.4229749077419,20
1963,254.16350384660208,193.3836057162471,290.4480813715281,20
1964,254.4377922235219,193.33892396930605,290.4589301206218,20
1965,254.6094373152975,193.25057733582327,290.479749129531,20
1966,254.67477765654002,193.24743292503055,290.46575188021643,20
1967,254.78726329553666,193.20842023912817,290.4512616390409,20
1968,254.566577535756,193.1924360694177,290.4462326655537,20
1969,254.57128240492995,193.1377077639476,290.4895401155669,20
1970,254.71671354449276,193.0692097226903,290.5455215394404,20
1971,255.04373663661613,193.05450404925276,290.59576159703545,20
1972,255.10021088778385,193.08496952401475,290.6350366794411,20
1973,255.134127224954,193.06064304074272,290.6708284247387,20
1974,255.046100327885,193.02656890457496,290.6368368622568,20
1975,254.92339951401968,193.0783179223165,290.6939387156908,20
1976,255.17559604957714,193.062618552763,290.7072136634309,20
1977,255.19639085352378,192.95655935918916,290.78917463215066,20
1978,255.1497253886352,192.80490767573937,290.8200683365204,20
1979,254.94389515951443,192.69546361785385,290.81428898032755,20
1980,254.69292784190134,192.57541280565783,290.8341179959476,20
1981,254.48999069976065,192.46048156106843,290.92430918097494,20
1982,254.28388721177802,192.30282185729592,291.0112482547946,20
1983,254.17207805618804,192.1866416558996,291.00651256313546,20
1984,254.0828714204843,191.87565986059607,290.97595600057394,20
1985,254.074996384329,189.13049714338035,291.117550853584,20
1986,253.79968265130606,186.1996874128282,291.1237399800308,20
1987,253.54957937034266,183.6243019266054,291.244031243613,20
1988,253.4387605869062,181.10704868694768,291.3315645203646,20
1989,253.47590879202636,178.3578660721518,291.4036995842401,20
1990,253.73164748228018,178.38725687833502,291.46895513414404,20
1991,253.9870845075781,178.36237098086625,291.5108255416807,20
1992,253.95644004990172,178.12759647151455,291.61946797641923,20
1993,253.5948936324577,175.33757971391083,289.4517230635416,20
1994,253.48892858877235,175.32232202872635,287.033143984871,20
1995,253.33667129373893,174.93067736543716,284.49317407899537,20
1996,253.32795826937027,174.86580674156548,284.41850148924624,20
1997,253.02356732190174,174.79745038259773,284.36975086110647,20
1998,253.06353115235726,174.79307858763264,284.4353622935992,20
1999,253.1992487866929,174.74883120233193,284.504546425594,20
2000,253.04096380340548,174.48917253928258,284.5352813850809,20
