Frame,Sub Frame,"Position - Limo_04",,,"Rotation (Helical) - Limo_04",,
,,"TX","TY","TZ","RX","RY","RZ"
Frames,Frames,"mm","mm","mm","°","°","°"
1,0,"48.961","26.239","145.027","-0.00104138","-0.388954","180.762"
2,0,"48.8775","26.3712","145.091","0.0290252","-0.345824","180.659"
3,0,"48.9036","26.2149","145.1","0.000433692","-0.213961","180.636"
4,0,"48.894","26.3885","145.116","0.00277942","-0.449356","180.673"
5,0,"48.866","26.3903","145.11","0.0163167","-0.479318","180.66"
6,0,"48.9236","26.3785","145.15","-0.0158224","-0.418299","180.669"
7,0,"48.8794","26.2019","144.934","0.00758708","-0.187925","180.769"
8,0,"48.9061","26.1937","144.96","0.000173568","-0.221129","180.749"
9,0,"48.9151","26.1339","145.053","-0.0406498","-0.166345","180.734"
10,0,"48.8666","26.4291","144.993","0.0792907","-0.408136","180.702"
11,0,"48.8715","26.0986","144.898","0.035256","-0.101288","180.591"
12,0,"48.9867","26.2246","145.064","-0.0205738","-0.32261","180.729"
13,0,"48.9294","26.4322","145.273","-0.0514919","-0.457955","180.674"
14,0,"48.9055","26.3602","145.107","-0.051382","-0.435379","180.758"
15,0,"48.8863","26.2081","145.018","0.0382398","-0.248896","180.751"
16,0,"48.9293","26.1359","145.146","-0.0741964","-0.0761567","180.749"
17,0,"48.8606","26.3564","144.98","0.121904","-0.537453","180.638"
18,0,"48.9215","26.3399","145.264","-0.042528","-0.144829","180.708"
19,0,"48.8693","26.3254","145.072","0.00686306","-0.322353","180.636"
20,0,"48.8828","25.9968","145.091","0.0240761","0.0907398","180.619"
21,0,"48.9689","26.2797","145.257","-0.0737367","-0.240463","180.688"
22,0,"48.91","26.3274","144.994","0.0413941","-0.432313","180.791"
23,0,"48.9141","26.3388","145.15","0.00841275","-0.277716","180.677"
24,0,"48.8632","26.1041","144.919","0.0851829","-0.189099","180.599"
25,0,"48.8834","26.1788","144.994","0.058539","-0.0436478","180.649"
26,0,"48.9688","26.4784","145.201","-0.0102884","-0.552019","180.695"
27,0,"48.8703","26.5162","145.046","0.034895","-0.437054","180.708"
28,0,"48.8952","26.4009","145.095","0.00708418","-0.448452","180.658"
29,0,"48.9406","26.282","145.229","-0.0152266","-0.192709","180.693"
30,0,"48.9361","26.1544","145.084","-0.0412519","-0.240073","180.716"
31,0,"48.8184","26.3427","144.98","0.0386993","-0.308278","180.638"
32,0,"48.9319","26.2387","145.205","-0.0658366","-0.18096","180.653"
33,0,"48.8819","26.197","145.008","0.0414423","-0.308071","180.62"
34,0,"48.9764","26.3373","145.167","-0.103053","-0.460771","180.762"
35,0,"48.9444","26.2258","145.204","-0.0791224","-0.201006","180.655"
36,0,"48.9417","26.1537","145.116","-0.0204112","-0.0632795","180.653"
37,0,"48.8948","26.0501","144.935","0.10214","-6.04532e-05","180.59"
38,0,"48.9592","26.1002","145.241","-0.100276","-0.00867486","180.658"
39,0,"48.9271","26.2793","145.075","0.0252064","-0.27219","180.637"
40,0,"48.9248","26.1833","145.052","0.00164582","-0.26475","180.721"
41,0,"48.8744","26.2854","144.917","0.13813","-0.55183","180.612"
42,0,"48.8583","26.4711","145.132","0.0146642","-0.391038","180.716"
43,0,"48.932","26.2056","145.209","-0.0210296","-0.208968","180.66"
44,0,"48.966","26.3149","145.103","-0.0200987","-0.38182","180.823"
45,0,"48.9283","26.2914","145.092","0.00645395","-0.32029","180.673"
46,0,"48.9011","26.1167","145.056","0.00236985","-0.000941384","180.628"
47,0,"48.8477","26.5264","145.122","0.0300274","-0.507145","180.724"
48,0,"48.9189","26.254","145.147","-0.0385427","-0.331465","180.644"
49,0,"48.9408","26.246","145.086","-0.00154658","-0.24101","180.638"
50,0,"48.8983","26.4121","145.128","0.00208792","-0.533015","180.678"
51,0,"48.9222","26.3217","145.18","-0.0175073","-0.316543","180.674"
52,0,"48.9364","26.3354","145.195","0.0012952","-0.336699","180.673"
53,0,"48.9455","26.1681","145.287","-0.0718576","-0.0204718","180.663"
54,0,"48.8886","26.1588","145.065","-0.015098","-0.100836","180.6"
55,0,"48.9377","26.0233","145.09","0.0280517","-0.00591337","180.617"
56,0,"48.8847","26.1622","145.051","0.0406955","-0.116337","180.651"
57,0,"48.964","26.3738","145.265","-0.101869","-0.331033","180.669"
58,0,"48.8992","26.3519","145.137","0.0273674","-0.423882","180.666"
59,0,"48.8587","26.3622","145.144","-0.0311505","-0.172816","180.674"
60,0,"48.8919","26.2441","145.147","-0.0098606","-0.244381","180.638"
61,0,"48.9329","26.3131","145.155","-0.0227592","-0.355622","180.659"
62,0,"48.9558","26.2425","145.155","-0.00388052","-0.201918","180.66"
63,0,"48.924","26.2655","145.24","-0.0904361","-0.0828373","180.631"
64,0,"48.9594","26.071","145.045","0.0692032","-0.13329","180.638"
65,0,"48.9824","26.3133","145.216","-0.0637962","-0.307189","180.662"
66,0,"48.9285","26.1455","145.053","0.0161282","-0.143336","180.629"
67,0,"48.9079","26.2634","145.06","0.0414353","-0.257543","180.658"
68,0,"48.9125","26.21","145.072","0.0284031","-0.304879","180.629"
69,0,"48.9021","26.3342","145.196","-0.0412068","-0.357964","180.687"
70,0,"48.9535","26.3376","145.214","-0.0533409","-0.378135","180.679"
71,0,"48.8671","26.3907","145.106","-0.0309961","-0.334438","180.691"
72,0,"48.9214","26.3475","145.098","0.0243361","-0.258454","180.653"
73,0,"48.8517","26.5237","145.094","0.010467","-0.413372","180.726"
74,0,"48.859","26.3478","145.055","0.0927989","-0.356649","180.665"
75,0,"48.8945","26.1811","145.008","0.0595844","-0.230588","180.61"
76,0,"48.9691","26.1911","145.083","-0.00937927","-0.211541","180.643"
77,0,"48.9046","26.3524","145.118","-0.0264324","-0.438917","180.649"
78,0,"48.948","26.372","145.2","-0.0162742","-0.46162","180.668"
79,0,"48.8891","26.0699","145.017","0.0578128","0.0120392","180.609"
80,0,"48.9248","26.4042","145.189","-0.00537883","-0.471533","180.686"
81,0,"48.8728","26.1886","145.073","0.0181811","-0.150451","180.659"
82,0,"48.8915","26.0737","144.961","0.0868501","0.112234","180.656"
83,0,"48.9524","26.0779","145.009","0.0139982","-0.152843","180.718"
84,0,"48.8476","26.1061","145.02","0.0958561","-0.0239345","180.643"
85,0,"48.9055","26.2812","145.028","0.0469576","-0.304252","180.643"
86,0,"48.9576","26.1833","145.201","-0.0700054","0.0127947","180.679"
87,0,"48.9365","26.3547","145.236","-0.0877799","-0.33837","180.644"
88,0,"48.9062","26.3852","145.112","0.0200925","-0.443514","180.656"
89,0,"48.9357","26.1736","145.133","0.00822646","-0.156416","180.629"
90,0,"48.9769","26.2433","145.18","-0.0567783","-0.351862","180.752"
91,0,"48.9129","26.1907","145.087","-0.0768337","-0.347405","180.692"
92,0,"48.9159","26.1327","145.061","0.0271867","-0.0987826","180.631"
93,0,"48.8281","26.2446","145.037","0.0759765","-0.234318","180.656"
94,0,"48.8676","26.3488","145.031","0.0093541","-0.313679","180.64"
95,0,"48.9275","26.3578","145.324","-0.147861","-0.276601","180.646"
96,0,"48.906","26.2324","145.044","0.0168224","-0.167195","180.62"
97,0,"48.8964","26.2103","145.087","0.0511188","-0.270271","180.637"
98,0,"48.8846","26.4319","145.105","-0.000636787","-0.436312","180.682"
99,0,"48.9148","26.1981","145.092","-0.0138213","-0.0164532","180.635"
100,0,"48.9137","26.2625","145.153","-0.0185818","-0.214171","180.667"
101,0,"48.9099","26.1729","144.959","0.0146605","-0.336475","180.707"
102,0,"49.0068","25.983","145.095","-0.0684322","0.0637078","180.714"
103,0,"48.9293","26.2406","145.129","0.033771","-0.277","180.678"
104,0,"48.9858","26.0157","145.16","-0.0193841","0.0769658","180.656"
105,0,"48.9911","26.1245","145.143","-0.0792768","-0.202979","180.741"
106,0,"48.946","26.0674","145.15","-0.0494929","0.00236342","180.636"
107,0,"48.9144","26.4484","145.226","-0.0427537","-0.538636","180.659"
108,0,"48.969","26.1759","145.222","-0.0611765","-0.0617348","180.649"
109,0,"48.8036","26.4076","145.007","0.051164","-0.377423","180.656"
110,0,"48.9035","26.4039","145.095","0.00619171","-0.425622","180.675"
111,0,"48.9325","26.177","145.233","-0.0377394","-0.0355865","180.655"
112,0,"48.9736","25.8891","144.986","0.00683033","0.00537785","180.706"
113,0,"48.9069","26.2164","145.006","0.080583","-0.216735","180.656"
114,0,"48.9288","26.1349","145.098","-0.0555806","-0.20979","180.73"
115,0,"48.8788","26.0423","144.909","0.0993757","-0.0588943","180.607"
116,0,"48.9596","26.2375","145.17","-0.0365425","-0.257454","180.66"
117,0,"48.9569","26.263","145.191","-0.0528844","-0.160491","180.63"
118,0,"48.9376","26.1517","145.076","0.0112093","-0.150266","180.642"
119,0,"48.9145","26.4657","145.193","0.0530867","-0.510491","180.716"
120,0,"48.938","26.2655","145.227","-0.0421523","-0.260824","180.669"
121,0,"48.9437","26.1155","144.984","0.0420935","-0.351151","180.716"
122,0,"48.8582","26.2964","145.04","0.0218554","-0.214722","180.66"
123,0,"48.9224","26.3031","145.104","0.0500019","-0.384185","180.658"
124,0,"48.8772","26.2922","145.036","0.00328619","-0.292829","180.639"
125,0,"48.8918","26.1096","144.982","0.0843535","-0.189956","180.621"
126,0,"48.9348","26.2028","145.052","0.0482102","-0.215827","180.662"
127,0,"48.8879","26.3264","145.042","0.0207057","-0.30036","180.647"
128,0,"48.9206","26.4713","145.136","0.00567411","-0.49384","180.696"
129,0,"48.9122","26.3262","145.03","0.0965144","-0.387838","180.676"
130,0,"48.9214","26.3603","145.068","-0.10579","-0.439619","180.705"
131,0,"48.9095","26.3864","145.059","-0.00604188","-0.380911","180.634"
132,0,"48.8902","26.2665","145.09","0.0126254","-0.247297","180.635"
133,0,"48.9263","26.271","145.195","-0.0322052","-0.12508","180.693"
134,0,"48.9499","26.4447","145.152","-0.0565853","-0.602476","180.78"
135,0,"48.9106","26.1603","145.046","-0.0407448","-0.0857842","180.613"
136,0,"48.8752","26.3311","145.108","0.00107304","-0.303748","180.68"
137,0,"48.9656","26.0727","145.099","0.00784243","-0.150117","180.75"
138,0,"48.819","26.5318","144.995","0.0983391","-0.446591","180.71"
139,0,"48.9314","26.2829","145.095","0.0548719","-0.337645","180.678"
140,0,"48.9075","26.2572","145.118","0.0135831","-0.151759","180.684"
141,0,"48.9207","26.2486","145.155","-0.00381682","-0.139929","180.642"
142,0,"48.9117","26.1561","145.145","-0.0360106","-0.126467","180.627"
143,0,"48.9016","26.2964","145.119","0.0250056","-0.334019","180.642"
144,0,"48.9158","26.2496","145.208","-0.0535254","-0.287916","180.651"
145,0,"48.9133","26.1563","145.036","0.0793534","-0.181557","180.636"
146,0,"48.9491","26.2187","145.051","0.00218637","-0.431918","180.749"
147,0,"48.9072","26.2997","145.139","0.0108994","-0.178428","180.694"
148,0,"48.9238","26.3756","145.259","-0.0439706","-0.506972","180.685"
149,0,"48.9083","26.4419","145.073","0.00863836","-0.480484","180.662"
150,0,"48.9671","26.2029","145.128","-0.0874949","-0.371079","180.727"
151,0,"48.9547","26.0876","145.13","-0.0399557","0.0159638","180.629"
152,0,"48.8913","26.2676","145.154","0.000461625","-0.21894","180.645"
153,0,"48.9658","26.3806","145.261","-0.0308551","-0.39554","180.701"
154,0,"48.8671","26.1252","144.99","0.0658845","-0.217908","180.59"
155,0,"48.9323","26.1579","145.141","-0.00787375","0.020117","180.678"
156,0,"48.9429","26.1919","145.024","0.00497521","-0.319719","180.625"
157,0,"48.8764","26.0532","144.857","0.169496","-0.189027","180.587"
158,0,"48.8482","26.341","144.966","0.0856503","-0.302065","180.65"
159,0,"48.9533","26.1837","145.22","-0.0787403","-0.0922977","180.668"
160,0,"48.8849","26.1226","145.037","0.0549765","-0.155059","180.639"
161,0,"48.9467","26.3047","145.115","-0.00115696","-0.337401","180.657"
162,0,"48.9176","25.8868","144.956","0.0693744","0.18434","180.591"
163,0,"48.9071","26.147","145.138","-0.0480257","-0.0418652","180.622"
164,0,"48.8858","26.1416","144.97","0.0810915","-0.216301","180.621"
165,0,"48.8778","26.4044","145.13","0.0535051","-0.361919","180.694"
166,0,"48.9577","26.0752","144.977","-0.00775679","-0.205748","180.706"
167,0,"48.9242","26.1411","145.063","-0.0287287","-0.119348","180.657"
168,0,"48.929","26.2087","145.048","0.0738223","-0.220142","180.672"
169,0,"48.9169","26.187","144.984","0.0481749","-0.141413","180.657"
170,0,"48.9005","26.3689","145.192","-0.019851","-0.342461","180.675"
171,0,"48.9063","26.2315","145.093","0.00418696","-0.117177","180.657"
172,0,"48.9041","26.3102","145.059","-0.0355964","-0.337547","180.767"
173,0,"48.8902","26.512","145.096","-0.00808886","-0.533286","180.677"
174,0,"48.916","26.3037","145.097","0.0455346","-0.377702","180.677"
175,0,"48.9334","26.3987","145.101","0.0148629","-0.637181","180.668"
176,0,"48.8708","26.2324","145.097","0.0353355","-0.302903","180.636"
177,0,"48.9234","26.3476","145.107","0.0189417","-0.292017","180.687"
178,0,"48.9237","26.1513","144.967","0.13568","-0.143939","180.647"
179,0,"48.9334","26.3985","145.207","-0.0304512","-0.409571","180.678"
180,0,"48.9328","26.2834","145.155","-0.0492225","-0.333735","180.649"
181,0,"48.9845","26.2047","145.181","0.00236481","-0.174085","180.675"
182,0,"48.9074","26.2258","145.09","0.0529342","-0.116929","180.693"
183,0,"48.8983","26.3001","145.07","-2.69689e-05","-0.329605","180.636"
184,0,"48.893","26.1983","145.102","0.0410242","-0.224916","180.663"
185,0,"48.8624","26.2692","144.951","0.136621","-0.211611","180.661"
186,0,"48.9299","26.1086","145.143","-0.0103019","-0.112669","180.63"
187,0,"48.9197","26.26","145.071","0.00404338","-0.245534","180.641"
188,0,"48.9502","26.2008","145.141","-0.0309358","-0.16826","180.641"
189,0,"48.9033","26.2717","145.06","0.00223645","-0.275701","180.631"
190,0,"48.9364","26.1957","145.187","-0.0338257","-0.179255","180.687"
191,0,"48.8646","26.156","144.972","0.101868","-0.168538","180.628"
192,0,"48.9135","26.1838","145.135","-0.00896638","-0.466242","180.718"
193,0,"48.9136","26.197","145.039","-0.0289938","-0.272546","180.76"
194,0,"48.8958","26.3713","145.064","0.0764029","-0.424925","180.662"
195,0,"48.9745","25.8794","145.068","-0.0545185","0.0831187","180.679"
196,0,"48.9308","26.2167","145.182","-0.0348209","-0.168451","180.635"
197,0,"48.9014","26.3236","145.093","0.0214355","-0.402887","180.66"
198,0,"48.9287","26.3226","145.018","0.0250784","-0.381181","180.787"
199,0,"48.8638","26.2135","145.086","0.0334519","-0.26513","180.623"
200,0,"48.9075","26.0081","145.085","0.00219512","0.0268711","180.615"
201,0,"48.8467","26.2202","145.024","0.061583","-0.332126","180.623"
202,0,"48.891","26.2086","145.057","0.0424596","-0.254309","180.643"
203,0,"48.8694","26.2011","145.019","0.0850822","-0.296465","180.643"
204,0,"48.9301","26.2344","145.071","0.0435108","-0.171048","180.649"
205,0,"48.8675","26.2793","144.996","0.0798836","-0.280085","180.632"
206,0,"48.9917","26.1249","145.217","-0.0705503","-0.0494936","180.638"
207,0,"48.9528","26.1677","145.065","-0.00787798","-0.199728","180.768"
208,0,"48.9404","26.3063","145.121","0.0171803","-0.34732","180.651"
209,0,"48.8816","26.0344","144.962","0.0926937","-0.027093","180.621"
210,0,"48.9567","26.4575","145.292","-0.134306","-0.369932","180.681"
211,0,"48.887","26.2864","145.159","-0.0206247","-0.336715","180.633"
212,0,"48.8399","26.2741","144.964","0.0671808","-0.211735","180.658"
213,0,"48.9295","26.121","145.103","-0.0144978","-0.0596764","180.63"
214,0,"48.8998","26.212","145.046","0.0223185","-0.205363","180.636"
215,0,"48.8657","26.2434","145.117","0.04552","-0.319102","180.647"
216,0,"48.8636","26.3537","145.174","0.00600572","-0.238379","180.671"
217,0,"48.9442","26.2338","145.154","-0.0126859","-0.187663","180.67"
218,0,"48.9219","26.2246","145.034","-0.0289199","-0.363548","180.706"
219,0,"48.8391","26.2701","144.976","0.0889417","-0.0844908","180.699"
220,0,"48.9427","26.2179","145.214","-0.0676637","-0.163071","180.644"
221,0,"48.8674","26.3888","145.077","0.0418829","-0.351084","180.684"
222,0,"48.9268","26.1266","145.007","0.0658448","-0.121003","180.646"
223,0,"48.9587","26.0841","145.076","0.00808014","0.033173","180.648"
224,0,"48.873","26.2327","145.054","0.0126973","-0.28316","180.625"
225,0,"48.9072","26.1638","144.932","0.0256769","-0.230174","180.716"
226,0,"48.9148","26.2119","145.176","-0.0284899","-0.174262","180.652"
227,0,"48.8764","26.1553","145.049","0.103666","-0.0719282","180.659"
228,0,"48.8763","26.3608","145.061","0.0390547","-0.322235","180.678"
229,0,"48.9425","26.2611","145.133","-0.0627562","-0.433838","180.762"
230,0,"48.8497","26.4237","145.095","-0.00029699","-0.399867","180.679"
231,0,"48.9422","26.1387","145.075","0.0158856","-0.177351","180.628"
232,0,"48.9463","26.4286","145.312","-0.166334","-0.328059","180.696"
233,0,"48.9355","26.2603","145.18","-0.00646739","-0.250513","180.649"
234,0,"48.8908","26.1883","144.991","0.0142473","-0.22788","180.772"
235,0,"48.9222","26.2654","145.058","0.0785121","-0.287722","180.65"
236,0,"48.9266","26.1491","145.232","-0.0745153","-0.116708","180.627"
237,0,"48.9057","26.0157","144.993","0.0544795","0.0265743","180.593"
238,0,"48.9565","26.2684","145.197","-0.0796628","-0.185016","180.658"
239,0,"48.9291","26.2476","145.196","-0.036888","-0.22493","180.653"
240,0,"48.8847","26.2545","145.183","-0.0829536","-0.209755","180.607"
241,0,"48.882","26.5487","145.134","-0.0349786","-0.478442","180.692"
242,0,"48.8778","26.2539","144.992","0.0916822","-0.264575","180.67"
243,0,"48.9404","26.2811","145.25","-0.0620093","-0.302018","180.672"
244,0,"48.9121","26.2915","145.109","0.0141821","-0.346836","180.643"
245,0,"48.9279","26.4033","145.216","-0.0667443","-0.349379","180.67"
246,0,"48.9605","26.0857","144.976","-0.00283222","-0.217107","180.704"
247,0,"48.8488","26.3074","145.047","0.0503168","-0.241457","180.665"
248,0,"48.9857","26.2156","145.212","-0.055627","-0.339112","180.66"
249,0,"48.9446","26.0436","145.186","0.0272676","0.0384313","180.646"
250,0,"48.9197","26.264","145.206","-0.0308683","-0.332821","180.659"
251,0,"48.8597","26.3516","145.038","-0.00420634","-0.308822","180.677"
252,0,"48.908","26.1372","145.111","0.0162508","-0.128893","180.639"
253,0,"48.9868","26.2159","145.109","-0.0318906","-0.334859","180.763"
254,0,"48.9416","26.2935","145.181","-0.013944","-0.36666","180.668"
255,0,"48.9084","26.1935","145.108","0.00823689","-0.230384","180.621"
256,0,"48.8796","26.1434","144.998","0.0827885","-0.189416","180.628"
257,0,"48.888","26.4994","145.19","-0.00975021","-0.577283","180.694"
258,0,"48.9412","26.3156","145.128","0.0243161","-0.365627","180.672"
259,0,"48.8803","26.3908","145.076","0.0229897","-0.320587","180.692"
260,0,"48.974","26.0404","145.038","0.0175287","-0.14533","180.729"
261,0,"48.9339","26.3488","145.103","0.0220433","-0.44178","180.661"
262,0,"48.9763","26.1512","145.127","-0.0822613","-0.172219","180.719"
263,0,"48.9381","26.2181","145.172","0.0255071","-0.30054","180.652"
264,0,"48.8949","26.3334","145.157","-0.0214302","-0.330512","180.669"
265,0,"48.9614","26.175","145.03","-0.0339771","-0.270626","180.739"
266,0,"48.8811","26.3059","145.085","0.0258988","-0.395846","180.624"
267,0,"48.8848","26.2573","145.007","0.066988","-0.268158","180.651"
268,0,"49.0062","26.047","145.158","-0.0897921","-0.222826","180.728"
269,0,"48.9549","26.1342","145.245","-0.0914732","-0.164652","180.644"
270,0,"48.9285","26.2892","145.1","0.0267532","-0.376575","180.65"
271,0,"48.963","26.1426","145.08","-0.0142824","-0.114208","180.655"
272,0,"48.9377","26.1365","144.975","0.0137682","-0.22133","180.735"
273,0,"48.8678","26.1656","144.912","0.135148","-0.135203","180.672"
274,0,"48.8923","26.322","145.096","0.0487771","-0.327379","180.676"
275,0,"48.9351","26.2523","145.222","-0.0661461","-0.191126","180.64"
276,0,"48.8437","26.2985","145.007","0.0515378","-0.249718","180.675"
277,0,"48.9059","26.1032","145.119","-0.0445081","-0.0174455","180.619"
278,0,"48.9072","26.4366","145.179","-0.0597441","-0.412709","180.664"
279,0,"48.9484","26.1889","145.082","-0.0595768","-0.318101","180.726"
280,0,"48.8426","26.1446","144.957","0.0939226","-0.123778","180.63"
281,0,"48.9328","26.0546","145.092","-0.0443024","-0.160191","180.743"
282,0,"48.8849","26.4377","145.199","-0.0194911","-0.521747","180.682"
283,0,"48.8666","26.0135","144.862","0.0312017","-0.13211","180.66"
284,0,"48.9051","26.1279","145.112","0.0237256","-0.0396144","180.648"
285,0,"48.9159","26.2409","145.096","0.0211678","-0.220465","180.661"
286,0,"48.9621","25.985","145.219","-0.0512191","0.0288281","180.605"
287,0,"48.8603","26.2532","145.026","0.102306","-0.303395","180.632"
288,0,"48.8712","26.3639","145.009","0.0878133","-0.364874","180.669"
289,0,"48.9625","26.1418","145.065","-0.022719","-0.375988","180.733"
290,0,"48.8717","26.1269","145.074","0.00558581","-0.160529","180.599"
291,0,"48.8836","26.3642","145.046","0.0845747","-0.363033","180.69"
292,0,"48.868","26.2667","145.128","0.0137842","-0.353481","180.656"
293,0,"48.8788","26.3081","145.16","-0.000205888","-0.304156","180.652"
294,0,"48.8833","26.344","145.105","0.00862568","-0.217681","180.706"
295,0,"48.9602","26.1077","145.16","-0.0104386","-0.0524234","180.675"
296,0,"48.9992","26.0977","145.367","-0.136314","0.0591485","180.652"
297,0,"48.913","26.2618","145.116","0.0372944","-0.321211","180.655"
298,0,"48.9501","26.3956","145.019","0.00819357","-0.535195","180.76"
299,0,"48.9861","26.0376","145.272","-0.0316241","0.154952","180.661"
300,0,"48.894","26.021","144.94","0.0810681","-0.0728719","180.582"
301,0,"48.9271","26.3074","145.187","-0.0174707","-0.331326","180.677"
302,0,"48.8748","26.3794","145.042","0.0768125","-0.386271","180.695"
303,0,"48.8904","26.1247","145.06","0.0526056","-0.20435","180.62"
304,0,"48.855","26.312","145.02","0.0598776","-0.309234","180.657"
305,0,"48.9283","26.4196","145.234","-0.0862066","-0.477943","180.671"
306,0,"48.8514","26.1858","144.987","0.0487915","-0.204976","180.635"
307,0,"48.98","26.4371","145.21","-0.10614","-0.538812","180.775"
308,0,"48.9534","26.4324","145.214","-0.0762072","-0.431523","180.683"
309,0,"48.9066","26.3855","145.164","-0.00733116","-0.415241","180.669"
310,0,"48.9294","26.3014","145.064","0.0393119","-0.274518","180.659"
311,0,"48.8998","26.1536","145.029","0.0471898","-0.119986","180.637"
312,0,"48.9837","26.4108","145.183","-0.124975","-0.52111","180.764"
313,0,"48.8495","26.2376","144.932","0.121543","-0.152836","180.699"
314,0,"48.9733","26.345","145.204","-0.0522426","-0.297786","180.695"
315,0,"48.9646","26.4042","145.184","-0.0614851","-0.444229","180.662"
316,0,"48.9211","26.2295","145.041","0.0845489","-0.209038","180.654"
317,0,"48.9424","26.3344","145.283","-0.0887583","-0.27593","180.656"
318,0,"48.8995","26.4599","145.074","0.0124959","-0.612213","180.638"
319,0,"48.9048","26.0484","145.02","0.0501543","-0.0406941","180.638"
320,0,"48.8005","26.2411","144.98","0.0940643","-0.0570179","180.67"
321,0,"48.929","26.1939","145.157","-0.0785194","-0.107001","180.65"
322,0,"48.8938","26.4504","145.109","-0.0312661","-0.522938","180.777"
323,0,"48.9207","26.1351","145.225","-0.0888685","0.048754","180.66"
324,0,"49.0103","26.0962","145.242","-0.122527","-0.0148281","180.644"
325,0,"48.9053","26.151","145.009","0.000735734","-0.194463","180.615"
326,0,"48.8972","26.1904","144.968","0.0705077","-0.173786","180.633"
327,0,"48.9553","26.0876","145.009","-0.0392885","-0.169444","180.711"
328,0,"48.9209","26.0828","144.997","0.042685","-0.0973689","180.618"
329,0,"48.9761","26.3039","145.23","-0.115925","-0.255994","180.798"
330,0,"48.8885","26.19","145.047","0.0156097","-0.271136","180.647"
331,0,"48.9299","26.3948","145.192","-0.0279086","-0.456621","180.679"
332,0,"48.9423","26.3743","145.097","0.02627","-0.47846","180.66"
333,0,"48.8449","26.1848","144.906","0.102649","-0.141432","180.649"
334,0,"48.8855","26.4027","145.148","0.00622166","-0.437983","180.68"
335,0,"48.976","25.987","145.251","-0.0952609","0.132048","180.64"
336,0,"48.9503","26.1224","145.159","-0.0581495","-0.0765003","180.643"
337,0,"48.8437","26.1497","144.948","0.126503","-0.0795894","180.658"
338,0,"48.9496","26.1495","145.138","-0.037191","-0.158666","180.62"
339,0,"48.8817","26.3709","145.162","-0.00110226","-0.425868","180.644"
340,0,"48.8924","26.1581","145.096","-0.020956","-0.0420306","180.633"
341,0,"48.9605","26.3412","145.106","-0.000405854","-0.545395","180.658"
342,0,"48.8435","26.2862","144.952","0.124899","-0.213347","180.692"
343,0,"48.9167","26.3052","145.196","-0.0522586","-0.330353","180.657"
344,0,"48.915","26.2411","145.136","-0.014628","-0.267507","180.631"
345,0,"48.923","26.1027","145.253","-0.0687349","-0.0196258","180.636"
346,0,"48.8692","26.119","145.043","0.0685209","-0.149398","180.622"
347,0,"48.8425","26.3792","145.042","0.01465","-0.379464","180.666"
348,0,"48.9009","26.1535","145.082","0.00551011","-0.130997","180.61"
349,0,"48.8518","26.128","144.926","0.111674","-0.170066","180.601"
350,0,"48.9677","26.3275","145.063","-0.00854002","-0.519228","180.781"
351,0,"49.0143","26.0538","145.143","-0.087985","-0.055855","180.735"
352,0,"48.916","26.1","145.127","-0.0277307","-0.00152507","180.647"
353,0,"48.8978","26.4345","145.185","-0.0327868","-0.452382","180.643"
354,0,"48.8833","26.1517","145.085","0.0066575","-0.137147","180.607"
355,0,"48.8992","26.1588","145.038","0.0359372","-0.17743","180.627"
356,0,"48.8415","26.3117","145.049","0.0102661","-0.200813","180.649"
357,0,"48.9143","26.2132","145.098","0.00816361","-0.354938","180.633"
358,0,"48.9158","26.5035","145.219","-0.054695","-0.662904","180.68"
359,0,"48.8887","26.2386","145.043","0.0472909","-0.224391","180.632"
360,0,"48.9759","26.1383","145.078","-0.0436374","-0.259149","180.735"
361,0,"48.9281","26.1068","145.198","-0.0385737","0.139112","180.681"
362,0,"48.9062","26.1561","145.064","0.0633506","-0.182206","180.637"
363,0,"48.8896","26.2447","145.057","0.0324858","-0.281371","180.643"
364,0,"48.8829","26.2607","144.998","0.0545535","-0.248602","180.63"
365,0,"48.9305","26.3814","145.151","0.018239","-0.412475","180.686"
366,0,"48.9347","26.2617","145.12","-0.0121888","-0.262322","180.648"
367,0,"48.9464","26.2344","145.023","-0.00635467","-0.346845","180.747"
368,0,"48.9483","26.308","145.164","0.0294667","-0.35604","180.685"
369,0,"48.9791","26.1907","145.12","0.0336524","-0.160909","180.682"
370,0,"48.9585","26.0999","145.069","-0.0368674","-0.268739","180.715"
371,0,"48.9136","26.2378","145.09","-0.00989142","-0.248417","180.633"
372,0,"48.9087","26.3255","145.154","0.026918","-0.229929","180.691"
373,0,"48.9512","26.215","145.233","-0.0556007","-0.109557","180.657"
374,0,"48.8781","25.9319","144.883","0.063937","-0.0983663","180.672"
375,0,"48.9156","26.1956","145.029","0.0334357","-0.327346","180.621"
376,0,"48.9225","26.1405","145.03","-0.0323711","-0.262857","180.691"
377,0,"48.8881","25.866","144.959","0.0193324","0.25834","180.583"
378,0,"48.8729","26.4628","145.07","0.0519217","-0.375035","180.705"
379,0,"48.9326","26.1947","145.029","0.0890595","-0.191969","180.666"
380,0,"48.8921","26.3737","145.141","0.0140627","-0.448269","180.671"
381,0,"48.9539","26.3076","145.201","0.00876321","-0.304654","180.676"
382,0,"48.8459","26.3655","145.033","0.123409","-0.329627","180.737"
383,0,"48.8988","26.3606","145.191","-0.00478126","-0.323176","180.652"
384,0,"48.8862","26.4151","145.187","0.0173311","-0.327778","180.724"
385,0,"48.8944","26.2067","145.136","-0.0329445","-0.179244","180.624"
386,0,"48.9482","26.0344","145.199","-0.0471164","-0.0206727","180.637"
387,0,"48.8771","26.3297","145.164","-0.0495526","-0.118345","180.667"
388,0,"48.868","26.232","145.041","0.0111561","-0.252119","180.607"
389,0,"49.0002","26.2758","145.373","-0.158455","-0.171122","180.684"
390,0,"48.9378","26.3604","145.1","0.0117269","-0.455306","180.66"
391,0,"48.9571","26.1515","145.04","-0.00454679","-0.302582","180.744"
392,0,"48.954","26.1622","145.219","-0.105782","-0.0969568","180.634"
393,0,"48.8373","26.1754","145.051","0.0342883","-0.0507501","180.655"
394,0,"48.9318","26.2205","145.045","-0.0243527","-0.343713","180.744"
395,0,"48.9122","26.3056","145.08","0.020788","-0.320807","180.671"
396,0,"48.9098","26.2561","145.077","-0.000579306","-0.256383","180.646"
397,0,"48.9256","26.1041","145.22","-0.0485274","-0.0746887","180.629"
398,0,"48.9022","26.4304","145.225","-0.0729104","-0.479632","180.685"
399,0,"48.8583","26.3668","145.053","0.0298451","-0.355797","180.696"
400,0,"48.9062","26.2311","144.995","0.0733677","-0.26006","180.626"
401,0,"48.8602","26.5354","145.098","0.0390542","-0.545654","180.689"
402,0,"48.9868","26.1732","145.14","-0.0341602","-0.154663","180.653"
403,0,"48.8925","26.0917","144.901","0.0307656","-0.147519","180.71"
404,0,"48.9662","26.3304","145.138","-0.102563","-0.462017","180.743"
405,0,"48.8726","26.2314","144.962","0.110994","-0.189026","180.664"
406,0,"48.8658","26.3337","145.153","-0.0383503","-0.306346","180.669"
407,0,"48.8744","26.0043","145.07","0.0231225","-0.00758659","180.601"
408,0,"48.9501","26.1306","145.087","-0.0698362","-0.22569","180.72"
409,0,"48.8829","26.2695","145.167","-0.0221415","-0.307737","180.639"
410,0,"48.9096","26.3809","145.143","-0.0262274","-0.431943","180.676"
411,0,"48.9612","26.2034","145.065","-0.0644326","-0.30198","180.739"
412,0,"48.8998","26.2117","145.043","0.0103027","-0.195269","180.614"
413,0,"48.9267","26.275","145.079","-0.00971792","-0.243194","180.649"
414,0,"48.9313","26.1147","145.021","-0.026535","-0.292443","180.707"
415,0,"48.9188","26.2085","145.112","-0.0219761","-0.216709","180.634"
416,0,"48.959","26.3339","145.205","-0.0352229","-0.325658","180.657"
417,0,"48.9472","25.842","145.056","0.00617198","0.27301","180.616"
418,0,"48.9415","26.3545","145.288","-0.0729248","-0.381065","180.67"
419,0,"48.9716","26.3456","145.214","-0.0625717","-0.387129","180.672"
420,0,"48.8989","26.3466","145.06","0.0822263","-0.360696","180.684"
421,0,"48.9545","26.0795","145.162","-0.0458401","-0.0183341","180.629"
422,0,"48.9042","26.2305","145.014","0.047973","-0.262834","180.632"
423,0,"48.9672","26.3867","145.191","-0.0619875","-0.526356","180.778"
424,0,"48.9445","26.1745","145.177","-0.0220322","-0.1883","180.648"
425,0,"48.8914","26.2252","145.073","0.032492","-0.185677","180.641"
426,0,"48.8668","26.0648","145.008","0.0753653","-0.0264546","180.651"
427,0,"48.8341","26.488","145.098","0.0286953","-0.440206","180.697"
428,0,"48.9475","26.1092","145.055","-0.0253578","-0.140283","180.729"
429,0,"48.909","26.209","145.128","-0.00342028","-0.0343327","180.657"
430,0,"48.9314","26.346","145.107","0.00233507","-0.372754","180.665"
431,0,"48.9161","26.1017","144.897","0.101188","-0.234432","180.606"
432,0,"48.8804","26.2378","144.955","0.0972303","-0.200297","180.646"
433,0,"48.8108","26.451","145.059","0.0415134","-0.46316","180.677"
434,0,"48.8723","26.0447","144.921","0.149488","-0.0696333","180.609"
435,0,"48.9663","26.2198","145.12","-0.104537","-0.362377","180.741"
436,0,"48.9601","26.1247","145.253","-0.109669","-0.0290822","180.635"
437,0,"48.9339","26.0787","145.111","-0.0122025","-0.0382369","180.64"
438,0,"48.9009","26.1936","145.069","0.0377928","-0.197335","180.641"
439,0,"48.9815","26.3606","145.248","-0.0675723","-0.320218","180.717"
440,0,"48.9287","26.2057","145.097","0.0254922","-0.299269","180.654"
441,0,"48.9367","26.1778","145.048","0.0109722","-0.270296","180.754"
442,0,"48.9395","26.2601","145.144","0.0225569","-0.331861","180.68"
443,0,"48.8429","26.253","145","0.0988278","-0.164029","180.674"
444,0,"48.9658","26.3108","145.089","-0.0806161","-0.515057","180.73"
445,0,"48.9072","26.3665","145.166","-0.0130325","-0.426528","180.668"
446,0,"48.9006","26.3575","145.212","-0.06178","-0.352874","180.672"
447,0,"48.903","26.1273","145.082","0.0166819","-0.133323","180.648"
448,0,"48.9412","25.9655","145.112","-0.1122","0.0818389","180.711"
449,0,"48.9237","26.0444","145.012","0.0492654","0.00727943","180.63"
450,0,"48.9664","26.1255","145.227","-0.054227","-0.040495","180.646"
451,0,"48.9759","26.3259","145.083","-0.0737004","-0.458519","180.746"
452,0,"48.9137","26.1654","145.02","0.109632","-0.212558","180.649"
453,0,"48.9122","26.254","145.041","-0.011159","-0.252104","180.621"
454,0,"48.8589","26.1763","144.973","0.113774","-0.0700039","180.639"
455,0,"48.9174","26.4054","145.051","-0.0293445","-0.377177","180.648"
456,0,"48.9495","25.9047","145.051","0.0162119","0.129177","180.721"
457,0,"48.9423","25.9244","145.119","-0.0453967","0.166695","180.609"
458,0,"48.9835","26.274","145.135","-0.0252519","-0.420001","180.776"
459,0,"48.8673","26.1186","145.058","0.0487496","-0.10757","180.631"
460,0,"48.8643","26.3379","145.04","0.0632757","-0.535043","180.628"
461,0,"48.92","26.0939","144.927","0.10758","-0.0580515","180.626"
462,0,"48.8821","26.1672","145.094","0.0411953","-0.0511288","180.645"
463,0,"48.887","26.3665","145.09","0.0694022","-0.408329","180.671"
464,0,"48.8734","26.4211","145.088","0.0356998","-0.370822","180.712"
465,0,"48.9384","26.3707","145.157","0.0153498","-0.406724","180.686"
466,0,"48.9658","26.0737","145.245","-0.0828667","0.00575187","180.628"
467,0,"48.9478","26.1444","144.974","-0.0104524","-0.292367","180.713"
468,0,"48.9957","26.3094","145.19","-0.0552373","-0.32297","180.682"
469,0,"48.9455","26.0374","145.148","-0.03614","0.0763752","180.627"
470,0,"48.9295","26.1243","145.191","-0.0301817","-0.120604","180.638"
471,0,"48.9462","26.1216","144.991","-0.0310593","-0.288816","180.707"
472,0,"48.8986","26.2168","145.032","0.09122","-0.238428","180.637"
473,0,"48.8954","26.3377","145.195","-0.0513382","-0.319028","180.659"
474,0,"48.9045","26.367","145.059","-0.0257174","-0.331965","180.644"
475,0,"48.9749","26.2073","145.257","-0.0843047","-0.0978114","180.676"
476,0,"48.8802","26.4572","145.175","-0.0259462","-0.369963","180.708"
477,0,"48.9497","26.1503","145.191","0.00766013","-0.0135299","180.662"
478,0,"48.9311","26.3774","145.223","-0.0183226","-0.308599","180.682"
479,0,"48.8778","26.2307","145.026","0.000308252","-0.188806","180.608"
480,0,"48.9531","26.0621","144.952","0.0452898","-0.127475","180.62"
481,0,"48.9138","26.2344","145.194","-0.0334748","-0.0058716","180.699"
482,0,"48.9391","26.1918","145.1","0.0281378","-0.254044","180.636"
483,0,"48.9036","26.1966","144.936","0.125808","-0.490201","180.629"
484,0,"48.9728","26.2152","145.279","-0.0920349","-0.12381","180.66"
485,0,"48.9011","26.258","145.089","0.0387394","-0.224119","180.642"
486,0,"48.903","26.2633","145.167","-0.067528","-0.236732","180.636"
487,0,"48.9174","26.297","145.094","0.00547517","-0.19828","180.649"
488,0,"48.9332","26.1341","145.172","0.000631547","0.119851","180.721"
489,0,"48.9795","26.218","145.281","-0.209628","-0.211014","180.724"
490,0,"48.8915","26.2473","145.017","-0.00720889","-0.166482","180.592"
491,0,"48.9086","26.3492","145.104","0.0320749","-0.354714","180.658"
492,0,"48.8903","26.2578","145.017","0.0704681","-0.335561","180.629"
493,0,"48.8651","26.4796","145.146","-0.0255966","-0.388595","180.684"
494,0,"48.9181","26.1916","145.122","0.0183179","-0.237533","180.64"
495,0,"48.9218","26.267","145.145","0.0149746","-0.295691","180.65"
496,0,"48.9174","26.1291","145.073","0.0279258","-0.00225214","180.689"
497,0,"48.8986","26.1102","145.106","0.0186429","-0.151425","180.631"
498,0,"48.9227","26.2117","145.06","0.0150456","-0.220476","180.634"
499,0,"48.9411","26.1916","145.211","-0.0499063","-0.317259","180.655"
500,0,"48.885","26.3042","145.069","-0.0127079","-0.242252","180.648"
501,0,"48.8871","26.4226","145.103","0.0162393","-0.361043","180.693"
502,0,"48.8757","26.3306","145.091","0.0291485","-0.370976","180.659"
503,0,"48.9084","26.1303","145.009","-0.00482717","-0.270797","180.714"
504,0,"48.9065","26.3468","145.151","0.0225172","-0.377425","180.646"
505,0,"48.9727","25.9609","144.977","0.0226098","-0.0375917","180.723"
506,0,"48.8704","26.4048","145.045","0.0508712","-0.417455","180.669"
507,0,"48.9349","26.1687","145.112","-0.00976946","-0.19666","180.641"
508,0,"48.9095","26.1037","145.124","0.0230884","-0.0231891","180.646"
509,0,"48.8852","26.1643","145.02","0.0432837","-0.19933","180.615"
510,0,"48.9504","26.1967","145.019","0.0315303","-0.261894","180.737"
511,0,"48.8781","26.3108","145.076","-0.0989822","-0.215837","180.771"
512,0,"48.9157","26.393","145.023","0.0549144","-0.310637","180.692"
513,0,"48.9052","26.2232","145.068","-0.0167668","-0.192988","180.645"
514,0,"48.9296","26.3037","145.173","-0.0580268","-0.263854","180.64"
515,0,"48.898","26.2655","145.071","0.0345821","-0.308244","180.663"
516,0,"48.8382","26.2664","144.983","0.0844878","-0.253689","180.646"
517,0,"48.8622","26.2545","145.094","0.0305774","-0.336783","180.638"
518,0,"48.9175","26.1391","145.096","-0.0121936","-0.0463396","180.622"
519,0,"48.9744","26.156","145.255","-0.117398","-0.0554806","180.647"
520,0,"48.9022","26.2587","145","0.0463624","-0.285126","180.63"
521,0,"48.9853","26.2602","145.175","-0.0406402","-0.469087","180.777"
522,0,"48.9032","26.151","145.061","0.0164151","-0.0284486","180.625"
523,0,"48.9209","26.4088","145.132","-0.00845236","-0.391115","180.669"
524,0,"48.8953","26.2587","145.024","0.0223304","-0.381528","180.634"
525,0,"48.864","26.2583","145.013","0.0615259","-0.292114","180.628"
526,0,"48.8842","26.1349","144.969","0.118954","-0.0945981","180.645"
527,0,"48.8285","26.0362","144.877","0.148501","0.0406212","180.63"
528,0,"48.9397","26.0484","145.131","-0.00866536","0.0376464","180.642"
529,0,"48.8415","26.2593","144.928","0.102653","-0.332697","180.646"
530,0,"48.9231","26.0697","145.11","-0.00590971","0.129213","180.629"
531,0,"48.902","26.3599","145.157","-0.06408","-0.304375","180.64"
532,0,"49.0217","26.2369","145.075","-0.0245009","-0.451131","180.758"
533,0,"48.8583","26.3011","145.059","0.0261836","-0.254834","180.638"
534,0,"48.9328","26.0857","145.088","-0.0157497","-0.0609908","180.634"
535,0,"48.8845","26.2192","145.051","0.0250228","-0.268183","180.634"
536,0,"48.9784","26.1349","145.254","-0.0920937","-0.0133908","180.655"
537,0,"48.9097","26.0387","144.985","0.0540356","-0.114645","180.747"
538,0,"48.8943","26.2665","145.16","-0.011909","-0.202095","180.627"
539,0,"48.8867","26.0173","144.955","0.0699299","0.0273943","180.632"
540,0,"48.9238","25.8929","144.884","0.10891","-0.0460074","180.679"
541,0,"48.8874","26.2934","145.121","0.0125553","-0.254071","180.658"
542,0,"48.9007","26.212","145.093","0.0280647","-0.268198","180.659"
543,0,"48.8921","26.4475","145.05","0.0457484","-0.56715","180.661"
544,0,"48.8811","26.2661","145.022","0.0603577","-0.343828","180.616"
545,0,"48.9614","26.2381","145.114","0.0124726","-0.0994373","180.695"
546,0,"48.9587","26.1953","145.191","-0.0665767","-0.170773","180.63"
547,0,"48.8998","26.1822","144.984","0.0480417","-0.177233","180.64"
548,0,"48.9396","26.2265","145.1","0.00931012","-0.313326","180.651"
549,0,"48.9409","26.135","145.223","-0.13614","0.0682473","180.625"
550,0,"48.9143","26.1323","144.982","0.010619","-0.258545","180.702"
551,0,"48.9426","26.0914","145.096","-0.0170367","0.0192983","180.627"
552,0,"48.8705","26.3705","145.118","0.0554775","-0.323897","180.683"
553,0,"48.8591","26.3634","145.095","0.0312806","-0.398263","180.643"
554,0,"48.8822","26.165","145.032","0.0221121","-0.25821","180.62"
555,0,"48.9105","26.2836","145.078","0.0341569","-0.323646","180.653"
556,0,"48.9653","26.375","145.252","-0.0702659","-0.404958","180.692"
557,0,"48.9726","26.1839","145.251","-0.108232","-0.028811","180.634"
558,0,"48.8823","26.0869","144.937","0.101242","-0.100988","180.608"
559,0,"48.9409","26.2033","145.154","-0.0515151","-0.109232","180.65"
560,0,"48.8851","26.4076","145.043","0.0433095","-0.357041","180.696"
561,0,"48.9162","26.2437","145.054","-0.0128431","-0.247072","180.633"
562,0,"48.8716","26.299","145.05","0.0658988","-0.344291","180.643"
563,0,"48.9319","26.3516","145.132","0.00988111","-0.309984","180.666"
564,0,"48.9116","26.2403","145.052","0.0521663","-0.151112","180.639"
565,0,"48.8785","26.3682","145.068","0.0440937","-0.375759","180.659"
566,0,"48.9199","26.1328","145.174","-0.0965703","-0.0632758","180.618"
567,0,"48.9163","26.4285","145.187","0.0183818","-0.396701","180.685"
568,0,"48.9617","26.2339","145.144","0.00209566","-0.24088","180.662"
569,0,"48.8822","26.197","145.094","0.00276471","-0.169851","180.651"
570,0,"48.9881","25.9387","145.193","-0.153677","0.121105","180.709"
571,0,"48.9469","26.1773","145.112","0.0103918","-0.126347","180.657"
572,0,"48.9257","26.2308","145.065","0.00352866","-0.241717","180.632"
573,0,"48.9035","26.2836","145.091","0.054362","-0.396703","180.648"
574,0,"48.9432","26.323","145.164","-0.00516166","-0.325235","180.668"
575,0,"48.9052","26.1698","144.973","0.128412","-0.236717","180.627"
576,0,"48.869","26.2463","145.016","0.10761","-0.203253","180.632"
577,0,"48.9024","26.2158","145.07","0.00809806","-0.174256","180.627"
578,0,"48.914","26.2378","145.212","-0.0204824","-0.394342","180.643"
579,0,"48.9091","26.0684","145.169","0.00648545","0.0320537","180.634"
580,0,"48.8763","26.3297","145.072","0.0891786","-0.334826","180.684"
581,0,"48.8934","26.2671","145.085","0.0457358","-0.223675","180.671"
582,0,"48.9022","26.3417","144.995","0.0755057","-0.464997","180.657"
583,0,"48.891","26.2533","145.12","-0.0414241","-0.103971","180.668"
584,0,"48.9497","26.23","145.225","-0.0358212","-0.176578","180.651"
585,0,"48.9329","26.2924","145.203","-0.0341234","-0.251581","180.657"
586,0,"48.9183","26.3432","145.043","0.0281691","-0.552075","180.651"
587,0,"48.9221","26.0987","145.025","0.108462","-0.163871","180.633"
588,0,"48.95","26.2088","145.088","-0.102518","-0.226044","180.731"
589,0,"48.9493","26.2638","145.226","-0.0368359","-0.241601","180.665"
590,0,"48.9288","26.2748","145.186","-0.0466012","-0.255844","180.643"
591,0,"48.9279","26.269","145.079","0.0537621","-0.201757","180.692"
592,0,"48.9233","26.3","145.052","0.0328544","-0.287338","180.649"
593,0,"48.9746","26.3094","145.201","-0.0297422","-0.344366","180.656"
594,0,"48.9253","26.2213","145.11","-0.00495306","-0.206046","180.645"
595,0,"48.8501","26.3146","145.039","0.111487","-0.390625","180.643"
596,0,"48.8574","26.2883","144.892","0.13615","-0.163554","180.655"
597,0,"48.8862","26.2551","145.095","-0.0181577","-0.298206","180.64"
598,0,"48.9421","25.9514","145.126","-0.0264649","0.200885","180.607"
599,0,"48.8419","26.4413","145.117","-0.0215186","-0.456519","180.682"
600,0,"48.9431","26.3156","145.143","-0.021132","-0.295758","180.642"
601,0,"48.9117","26.3348","145.103","0.0212076","-0.42107","180.668"
602,0,"48.9378","26.2886","145.167","-0.00594871","-0.262556","180.647"
603,0,"48.9171","26.3811","145.213","-0.0569401","-0.391162","180.675"
604,0,"48.8869","26.0848","145.064","0.0496074","-0.157282","180.606"
605,0,"48.8861","26.1154","145.047","0.101857","-0.0927519","180.656"
606,0,"48.9353","26.1019","145.142","-0.128043","-0.0960341","180.722"
607,0,"48.8463","26.3338","145.089","0.0614245","-0.271913","180.697"
608,0,"48.8965","26.2314","145.02","0.0713537","-0.173609","180.638"
609,0,"48.8281","26.265","145.004","0.0735428","-0.219748","180.624"
610,0,"48.9572","26.372","145.251","-0.0731884","-0.292707","180.675"
611,0,"48.9053","26.2541","145.129","0.0606778","-0.274521","180.673"
612,0,"48.9566","26.2317","145.236","-0.0819154","-0.202478","180.646"
613,0,"48.9689","26.158","145.086","-0.0174209","-0.0917927","180.651"
614,0,"48.9337","26.0975","145.12","0.00134946","-0.203338","180.641"
615,0,"48.8382","26.2364","144.931","0.137452","-0.238635","180.625"
616,0,"48.8865","26.1786","145.029","0.020889","-0.159554","180.638"
617,0,"48.8758","26.3671","145.073","0.0173963","-0.407633","180.657"
618,0,"48.9529","26.0172","144.989","-0.0122962","-0.131626","180.721"
619,0,"48.922","26.2972","145.171","0.00981548","-0.384486","180.671"
620,0,"48.903","26.2441","145.027","0.085648","-0.183577","180.652"
621,0,"48.8794","26.2025","145.034","0.00802365","-0.263646","180.605"
622,0,"48.9136","26.0666","145.006","0.0646785","-0.131581","180.628"
623,0,"48.888","26.1957","144.999","0.0345749","-0.192919","180.624"
624,0,"48.9024","26.4036","145.126","0.00480634","-0.420552","180.669"
625,0,"48.8968","26.1935","144.997","0.0455073","-0.235834","180.608"
626,0,"48.8963","26.0561","145.051","-0.00394289","-0.0680874","180.591"
627,0,"48.9462","26.2485","145.051","0.0347075","-0.232496","180.649"
628,0,"48.9301","26.2218","145.118","-0.000182385","-0.196733","180.669"
629,0,"48.8773","26.0496","144.971","0.105776","-0.00422841","180.642"
630,0,"48.9391","26.2005","145.244","-0.0858508","-0.115363","180.665"
631,0,"48.9178","26.3154","145.136","0.0189893","-0.335195","180.65"
632,0,"48.8954","26.1786","144.991","0.0425504","-0.104811","180.67"
633,0,"48.888","26.2891","145.075","0.0420488","-0.356409","180.671"
634,0,"48.9397","26.326","145.178","-0.0524498","-0.294183","180.666"
635,0,"48.8703","26.2307","145.001","0.0399325","-0.240827","180.611"
636,0,"48.8657","26.4492","145.012","0.10264","-0.451101","180.697"
637,0,"48.9164","26.268","145.178","-0.0586386","-0.250076","180.637"
638,0,"48.9608","25.921","145.21","-0.134937","0.537381","180.654"
639,0,"48.9437","26.0754","145.165","-0.0315858","0.125034","180.639"
640,0,"48.9562","26.1222","145.241","-0.0445017","0.0718688","180.64"
641,0,"48.8249","26.2359","144.954","-0.0213267","-4.14837e-05","180.626"
642,0,"48.8562","26.3046","145.174","0.0101104","-0.263673","180.666"
643,0,"48.8967","26.1308","145.078","0.0326634","0.015667","180.638"
644,0,"48.9603","26.1835","145.41","-0.195244","-0.237172","180.585"
645,0,"49.0745","25.6137","145.53","-0.353835","0.508559","180.456"
646,0,"49.0345","25.3348","145.46","-0.331017","0.578326","180.376"
647,0,"49.1294","25.0372","145.645","-0.511509","0.63101","180.24"
648,0,"49.1655","24.7393","145.902","-0.772744","0.760501","180.067"
649,0,"49.2972","24.1809","146.228","-1.12575","1.14639","179.979"
650,0,"49.3733","23.9132","146.413","-1.17327","1.32492","179.771"
651,0,"49.2694","23.5581","146.362","-1.1915","1.62839","179.661"
652,0,"49.4032","23.4514","146.436","-1.27552","1.46354","179.573"
653,0,"49.424","23.2817","146.615","-1.4061","1.6419","179.506"
654,0,"49.463","23.0131","146.752","-1.54071","1.9525","179.473"
655,0,"49.5127","22.9232","146.728","-1.65522","1.76827","179.499"
656,0,"49.0439","27.5272","145.961","-0.409354","-1.41377","180.92"
657,0,"49.0543","27.4877","146.026","-0.514447","-1.27485","180.918"
658,0,"49.1167","27.3595","145.988","-0.461015","-1.53117","181"
659,0,"49.1124","27.3146","146.059","-0.567725","-1.41697","180.939"
660,0,"49.0695","27.4262","146.019","-0.409732","-1.41438","180.9"
661,0,"49.1075","27.3974","146.055","-0.474577","-1.32079","180.881"
662,0,"49.0951","27.4002","146.045","-0.46492","-1.4247","180.862"
663,0,"49.1648","27.3278","146.062","-0.52542","-1.3553","180.986"
664,0,"49.0369","27.5548","145.919","-0.363865","-1.49521","180.909"
665,0,"49.1627","27.3374","145.981","-0.558475","-1.35727","180.953"
666,0,"49.1106","27.4146","145.93","-0.48768","-1.56975","180.948"
667,0,"49.0572","27.4395","146.021","-0.504965","-1.46017","180.842"
668,0,"49.0527","27.4394","146.058","-0.514026","-1.41797","180.858"
669,0,"49.0885","27.4759","145.983","-0.486345","-1.47241","180.865"
670,0,"49.0206","27.5414","145.89","-0.402443","-1.64705","180.861"
671,0,"49.1041","27.3484","145.939","-0.415028","-1.5102","180.863"
672,0,"49.0198","27.5927","145.876","-0.364406","-1.60179","180.865"
673,0,"49.0717","27.4718","146","-0.4193","-1.62951","180.862"
674,0,"49.086","27.435","145.967","-0.410473","-1.53046","180.883"
675,0,"49.1188","27.3453","145.966","-0.48428","-1.50135","180.975"
676,0,"49.081","27.4312","146.001","-0.395053","-1.40527","180.924"
677,0,"49.0367","27.5239","145.912","-0.366215","-1.60897","180.897"
678,0,"49.1006","27.389","146.004","-0.498595","-1.44954","180.856"
679,0,"49.131","27.2864","146.041","-0.46746","-1.32382","180.876"
680,0,"49.0301","27.4076","145.966","-0.458427","-1.60434","180.827"
681,0,"49.0191","27.5092","145.948","-0.4039","-1.59428","180.877"
682,0,"49.0901","27.3707","145.895","-0.425683","-1.58088","180.955"
683,0,"49.0977","27.3538","145.919","-0.443189","-1.66988","180.95"
684,0,"49.0889","27.3875","145.971","-0.46039","-1.43298","180.873"
685,0,"49.0263","27.4745","145.906","-0.368718","-1.63825","180.883"
686,0,"49.0613","27.3099","145.978","-0.420655","-1.43517","180.865"
687,0,"49.0946","27.2157","146.029","-0.472148","-1.25511","180.855"
688,0,"49.0905","27.2927","145.853","-0.351614","-1.39411","180.841"
689,0,"49.0825","27.2421","145.786","-0.329971","-1.33554","180.858"
690,0,"49.1088","27.0041","145.767","-0.418527","-1.1622","180.886"
691,0,"49.0331","26.9493","145.669","-0.240323","-1.03963","180.799"
692,0,"48.9932","26.8782","145.509","-0.162691","-1.01708","180.78"
693,0,"48.9886","26.753","145.528","-0.250262","-0.727279","180.734"
694,0,"48.913","26.659","145.261","-0.0607692","-0.618656","180.742"
695,0,"48.9406","26.4582","145.247","-0.0406624","-0.468439","180.692"
696,0,"48.9305","26.43","145.186","-0.0127548","-0.422361","180.685"
697,0,"48.9227","26.316","145.195","-0.0382946","-0.22354","180.676"
698,0,"48.8201","26.4379","145.014","0.0686257","-0.264582","180.724"
699,0,"48.8629","26.5039","145.162","0.0117572","-0.613402","180.667"
700,0,"48.9568","26.2004","145.219","-0.0513558","-0.130541","180.66"
701,0,"48.9702","26.1457","145.049","0.0162024","-0.243857","180.738"
702,0,"48.9667","26.1341","145.11","-0.0441628","-0.178586","180.632"
703,0,"48.8782","25.8897","144.99","0.0863438","0.20979","180.623"
704,0,"48.9387","26.1478","145.014","-0.0290961","-0.284224","180.714"
705,0,"48.8837","26.2604","145.062","-0.0289363","-0.284968","180.63"
706,0,"48.9601","26.2899","145.105","0.0121061","-0.276848","180.681"
707,0,"48.9382","26.3601","145.248","-0.0321441","-0.410203","180.66"
708,0,"48.919","26.3634","145.117","0.00859577","-0.382639","180.68"
709,0,"48.8831","26.4708","145.196","0.0415432","-0.568215","180.706"
710,0,"48.9446","26.177","145.298","-0.123015","-0.0329916","180.647"
711,0,"48.8888","26.2298","145.184","-0.0345752","-0.0531158","180.68"
712,0,"48.9513","26.2787","145.113","0.00310882","-0.316192","180.648"
713,0,"48.8587","26.4164","145.103","-0.0104011","-0.408474","180.678"
714,0,"48.9831","26.1537","145.236","-0.11145","0.00366755","180.645"
715,0,"48.8925","26.1079","145.034","0.00781496","-0.0198846","180.651"
716,0,"48.9619","26.2234","145.115","0.0404194","-0.245941","180.67"
717,0,"48.9012","26.2948","145.06","0.0313965","-0.282174","180.636"
718,0,"48.9978","25.9588","145.195","-0.0965074","0.0015215","180.707"
719,0,"48.873","26.4904","145.145","0.0331347","-0.476812","180.69"
720,0,"48.9081","26.2259","145.085","0.0384721","-0.308893","180.656"
721,0,"48.9051","26.2397","145.118","-0.0548755","-0.215209","180.644"
722,0,"48.9057","26.376","145.137","-0.0252018","-0.383542","180.678"
723,0,"48.8894","26.321","145.077","-0.0139222","-0.374043","180.656"
724,0,"48.8778","26.2333","145.054","0.078468","-0.282621","180.652"
725,0,"48.9394","26.3948","145.132","-0.00453312","-0.417479","180.68"
726,0,"48.9429","26.1946","145.126","-0.0803416","-0.167763","180.638"
727,0,"48.9466","26.0552","145.057","-0.0155382","0.0795808","180.618"
728,0,"48.9515","25.9517","145.053","-0.0835874","0.160572","180.728"
729,0,"48.8672","26.0646","144.889","0.0707164","-0.0318762","180.594"
730,0,"48.8621","26.2954","145.073","0.0657036","-0.339691","180.638"
731,0,"48.8559","26.3474","145.006","0.0558856","-0.318707","180.662"
732,0,"48.924","26.1806","145.016","0.00102096","-0.237728","180.624"
733,0,"48.9073","26.2778","145.158","-0.035538","-0.210126","180.621"
734,0,"48.9127","26.4475","145.217","-0.0493299","-0.329245","180.724"
735,0,"48.9031","26.2834","145.056","0.00223885","-0.363753","180.772"
736,0,"48.9555","26.3262","145.059","-0.0389037","-0.4476","180.738"
737,0,"48.9681","26.1771","145.182","-0.0596907","-0.0515541","180.651"
738,0,"48.8885","26.2462","145.046","0.000718284","-0.244831","180.625"
739,0,"48.9555","26.323","145.17","-0.00173141","-0.421333","180.671"
740,0,"48.907","26.3566","145.116","-0.0293774","-0.314228","180.648"
741,0,"48.8555","26.1766","145.015","0.0599838","-0.040431","180.666"
742,0,"48.8461","26.2184","144.96","0.050829","-0.24194","180.614"
743,0,"48.9187","26.1215","145.05","0.0347466","-0.0854647","180.652"
744,0,"48.8453","26.2392","144.963","0.103772","-0.234449","180.656"
745,0,"49.0099","26.0465","145.177","-0.138091","-0.0654546","180.705"
746,0,"48.9105","26.2639","145.227","-0.0900903","-0.0391598","180.677"
747,0,"48.832","26.3183","145.028","0.00222609","-0.267067","180.663"
748,0,"48.8821","26.3028","145.089","0.0271747","-0.222347","180.699"
749,0,"48.8832","26.0739","145.085","0.00497968","0.0446885","180.625"
750,0,"48.9381","26.2242","145.17","-0.0537177","-0.106683","180.655"
751,0,"48.8595","26.0733","144.988","0.0834477","-0.114983","180.606"
752,0,"48.9615","26.1727","145.015","-0.0524383","-0.250796","180.733"
753,0,"48.87","26.2364","145.015","0.0275815","-0.219096","180.632"
754,0,"48.9165","26.2835","145.052","0.035275","-0.319629","180.635"
755,0,"48.951","26.1315","145.053","0.00338615","-0.209462","180.63"
756,0,"48.907","26.444","145.143","0.0365425","-0.458575","180.713"
757,0,"48.9301","26.2392","145.075","0.00434421","-0.246902","180.635"
758,0,"48.8446","26.0789","145.021","0.0361055","0.0629539","180.594"
759,0,"48.9308","26.3278","145.282","-0.0852127","-0.151429","180.694"
760,0,"48.886","26.4865","145.195","-0.0363031","-0.484827","180.669"
761,0,"48.9291","26.3119","145.086","-0.0274741","-0.331407","180.67"
762,0,"48.9205","26.1551","145.167","-0.0955849","-0.0566803","180.598"
763,0,"48.9256","26.1473","145.173","-0.0382461","-0.0861569","180.628"
764,0,"48.8929","26.5917","145.137","-0.0299556","-0.563936","180.714"
765,0,"48.8897","26.3029","145.057","-0.0079235","-0.471874","180.627"
766,0,"48.9465","26.2992","145.135","-0.0339182","-0.221502","180.666"
767,0,"48.9321","26.1665","145.209","-0.10163","-0.0396109","180.635"
768,0,"48.8912","26.2463","145.063","-0.00997061","-0.166539","180.68"
769,0,"48.9439","26.0541","145.076","-0.0138968","-0.133448","180.717"
770,0,"48.9349","25.8811","145.12","-0.04906","0.240045","180.573"
771,0,"48.922","26.2239","145.13","-0.0319399","-0.0655788","180.638"
772,0,"48.8687","26.2612","145.066","0.0188672","-0.280392","180.633"
773,0,"48.9013","26.2519","145.054","-0.0380054","-0.400477","180.718"
774,0,"48.93","26.3964","145.242","-0.0647674","-0.490495","180.663"
775,0,"48.7974","26.3762","144.952","0.0976046","-0.245044","180.664"
776,0,"48.8778","26.2896","145.021","0.0300532","-0.273466","180.651"
777,0,"48.8944","26.2092","145.02","0.0352039","-0.259319","180.624"
778,0,"48.9436","26.0124","145.048","-0.00699437","0.093119","180.623"
779,0,"48.9306","26.1751","145.099","0.0204089","-0.215526","180.637"
780,0,"48.9118","26.3439","145.123","-0.0536193","-0.262334","180.646"
781,0,"48.9248","26.405","145.072","0.0507124","-0.428365","180.697"
782,0,"48.8942","26.3651","145.093","-0.0033824","-0.256694","180.685"
783,0,"48.8729","26.3278","144.992","0.0631177","-0.609358","180.609"
784,0,"48.9132","26.1748","144.949","0.0279308","-0.261855","180.744"
785,0,"48.988","26.0999","145.196","-0.124188","-0.116821","180.72"
786,0,"48.9119","26.2041","145.052","0.043245","-0.208426","180.629"
787,0,"48.9106","26.2805","145.266","-0.0863972","-0.181896","180.658"
788,0,"48.8886","26.3586","145.207","-0.0651339","-0.288478","180.665"
789,0,"48.9806","26.2596","145.178","-0.0878803","-0.32889","180.759"
790,0,"48.9003","26.2027","144.869","0.0551458","-0.404949","180.707"
791,0,"48.9143","26.1727","145.103","0.0280443","0.0188911","180.677"
792,0,"48.9178","26.2498","145.188","-0.0876193","-0.123005","180.658"
793,0,"48.9701","26.4162","145.123","-0.0663773","-0.536655","180.774"
794,0,"48.9048","26.2254","145.008","0.030612","-0.29632","180.639"
795,0,"48.862","26.2401","145.03","0.0234018","-0.136712","180.664"
796,0,"48.9967","26.2056","145.043","-0.0343148","-0.237607","180.735"
797,0,"48.8931","26.198","144.996","0.104175","-0.161408","180.672"
798,0,"48.9268","26.1383","145.038","-0.0538166","-0.120324","180.694"
799,0,"48.9301","26.308","145.16","-0.0570867","-0.217413","180.657"
800,0,"48.892","26.2424","145.144","-0.0342577","-0.151254","180.655"
801,0,"48.8422","26.4257","145.084","0.0489329","-0.387232","180.689"
802,0,"48.7907","26.414","144.987","0.0555138","-0.301204","180.678"
803,0,"48.8865","26.2567","145.129","-0.0240587","-0.0919934","180.672"
804,0,"48.8617","26.3198","144.99","0.0210684","-0.199237","180.659"
805,0,"48.9417","26.2687","145.038","-0.0232031","-0.428323","180.729"
806,0,"48.9454","26.2063","145.147","-0.0118829","-0.0654176","180.687"
807,0,"48.9152","26.2618","145.107","0.0267302","-0.311007","180.649"
808,0,"48.9372","26.2676","145.124","-0.0546272","-0.277319","180.626"
809,0,"48.9749","26.2368","145.252","-0.10076","-0.197395","180.654"
810,0,"48.9838","26.1067","145.23","-0.0570351","-0.0557841","180.657"
811,0,"48.9056","26.0864","145.067","-0.0332396","0.095618","180.632"
812,0,"48.8983","25.9414","145.113","-0.015642","0.138078","180.612"
813,0,"48.9232","26.0362","144.937","0.023685","-0.168858","180.712"
814,0,"48.8874","26.3255","145.123","0.0203299","-0.374894","180.657"
815,0,"48.9391","26.3758","145.224","-0.0750304","-0.386932","180.68"
816,0,"48.9241","26.2478","145.057","-0.0255415","-0.390081","180.736"
817,0,"48.9702","26.2102","145.098","-0.087967","-0.290272","180.736"
818,0,"48.9611","26.1484","145.144","-0.0565225","-0.177199","180.633"
819,0,"48.9108","26.2357","145.134","-0.0317134","-0.154437","180.664"
820,0,"48.8974","26.2948","145.176","-0.0639814","-0.263688","180.667"
821,0,"48.9316","26.1027","144.951","0.0264458","-0.170698","180.738"
822,0,"48.8771","26.39","145.029","0.0506833","-0.393538","180.692"
823,0,"48.8377","26.2555","144.999","0.0102237","-0.123106","180.653"
824,0,"48.9601","26.0676","145.064","-0.0527561","-0.245498","180.719"
825,0,"48.9432","26.3953","145.068","0.00484438","-0.693604","180.74"
826,0,"48.8775","26.4261","145.118","-0.0166043","-0.50091","180.679"
827,0,"48.905","26.3217","145.057","0.0854414","-0.296853","180.709"
828,0,"48.9353","26.4147","145.061","0.0839903","-0.562596","180.688"
829,0,"48.8837","26.344","145.076","0.0309313","-0.26876","180.686"
830,0,"48.9155","26.3991","145.179","0.0386059","-0.383272","180.697"
831,0,"48.8563","26.3167","145.074","0.0630389","-0.271369","180.681"
832,0,"48.9131","26.2514","145.149","-0.0517951","-0.0797859","180.679"
833,0,"48.8822","26.381","145.065","-0.00212883","-0.454403","180.796"
834,0,"48.9118","26.2554","145.188","-0.00463115","-0.186833","180.662"
835,0,"48.9272","26.1796","145.035","0.0585845","-0.110537","180.655"
836,0,"48.8717","26.1503","144.907","0.107852","-0.179989","180.604"
837,0,"48.8637","25.9857","144.946","0.0677677","0.00092282","180.591"
838,0,"48.812","26.3356","145","0.0154709","-0.107425","180.692"
839,0,"48.9554","26.2349","145.183","-0.0212112","-0.165001","180.693"
840,0,"48.8827","26.3474","145.172","-0.0231479","-0.309271","180.662"
841,0,"48.8998","26.1484","144.968","0.0612089","-0.271694","180.613"
842,0,"48.9095","26.3483","145.084","0.00790083","-0.315383","180.672"
843,0,"48.923","26.3593","145.115","-0.0485045","-0.403912","180.795"
844,0,"48.8935","26.1911","144.98","0.0239059","-0.313253","180.729"
845,0,"48.8708","26.3295","144.947","0.114834","-0.369852","180.686"
846,0,"48.8502","26.3621","145.115","-0.0165478","-0.266154","180.673"
847,0,"48.8782","26.2069","145.055","0.0374395","-0.168355","180.618"
848,0,"48.9411","26.2017","145.205","-0.016266","-0.0733651","180.662"
849,0,"48.973","26.27","145.22","-0.0660318","-0.125691","180.693"
850,0,"48.9713","26.1668","145.017","0.00845462","-0.427261","180.726"
851,0,"48.8868","26.2569","145.06","0.0370992","-0.197077","180.651"
852,0,"48.9378","26.3093","145.171","0.0194111","-0.338074","180.689"
853,0,"48.9532","26.3291","145.223","-0.12886","-0.335776","180.781"
854,0,"48.8419","26.2174","145.023","0.0607367","-0.189033","180.653"
855,0,"48.8876","26.3327","145.121","0.0376617","-0.321043","180.689"
856,0,"48.8475","26.3301","145.011","0.0243274","-0.238713","180.667"
857,0,"48.8895","26.3242","145.141","0.0314384","-0.374884","180.664"
858,0,"48.9218","26.2457","145.094","0.0152821","-0.236471","180.666"
859,0,"48.9128","26.2721","145.06","-0.0083151","-0.168386","180.675"
860,0,"48.9561","26.4125","145.199","-0.00860336","-0.449265","180.669"
861,0,"48.8916","26.4481","145.09","0.0465791","-0.512113","180.665"
862,0,"48.9021","26.3037","145.013","0.0746839","-0.37055","180.659"
863,0,"48.8952","26.3551","145.016","0.0501648","-0.36364","180.665"
864,0,"48.8507","26.3985","145.16","-0.0231909","-0.439184","180.667"
865,0,"48.8776","26.2873","145.05","0.0229246","-0.306316","180.654"
866,0,"48.867","26.1981","144.974","0.103448","-0.206278","180.653"
867,0,"48.8917","26.1109","144.976","0.125196","-0.138308","180.638"
868,0,"48.9132","26.3617","145.093","0.0329351","-0.343344","180.675"
869,0,"48.885","26.3249","145.069","0.0369804","-0.397762","180.617"
870,0,"48.8967","26.3949","145.091","0.0214539","-0.404963","180.654"
871,0,"48.9014","26.0546","144.997","0.0224419","-0.00324353","180.614"
872,0,"48.8816","26.1666","145.113","-0.0193152","-0.196283","180.595"
873,0,"48.8924","26.1229","144.941","0.140476","-0.163056","180.642"
874,0,"48.8631","26.3253","144.987","0.0834671","-0.401452","180.62"
875,0,"48.9198","26.1472","145.089","0.0356631","-0.0893399","180.646"
876,0,"48.9133","26.1837","144.985","0.00715263","-0.357645","180.714"
877,0,"48.9214","26.1923","145.065","0.0699065","-0.161245","180.648"
878,0,"48.884","26.2634","145.014","0.0313788","-0.23465","180.633"
879,0,"48.9639","26.3441","145.296","-0.104774","-0.272047","180.68"
880,0,"48.9015","26.1325","145.14","-0.0185767","0.000636397","180.655"
881,0,"48.9097","26.3479","145.082","0.0265721","-0.415989","180.674"
882,0,"48.8746","26.2206","144.886","0.11564","-0.31156","180.634"
883,0,"48.9107","26.2123","145.136","0.0243472","-0.182352","180.66"
884,0,"48.8878","26.2018","144.897","0.00707979","-0.224307","180.759"
885,0,"48.9091","26.3007","145.06","0.0798709","-0.375849","180.672"
886,0,"48.9796","26.0206","144.991","0.0119646","-0.146736","180.731"
887,0,"48.927","26.1545","145.044","0.0761858","-0.101416","180.646"
888,0,"48.8742","26.1567","144.923","0.102872","-0.133473","180.625"
889,0,"48.9283","25.8991","144.841","0.0969581","-0.0478693","180.69"
890,0,"48.9873","26.2347","145.055","-0.0409738","-0.20791","180.749"
891,0,"48.9131","26.013","145.052","-0.00258156","0.0399434","180.596"
892,0,"48.8839","26.3167","145.124","-0.0274306","-0.348182","180.666"
893,0,"48.8619","26.2917","145.096","0.0499293","-0.3374","180.644"
894,0,"48.9352","26.2922","145.155","-0.06989","-0.437039","180.749"
895,0,"48.8497","26.1195","144.936","0.0458197","0.00154184","180.607"
896,0,"48.9064","26.2468","145.099","0.0368072","-0.173272","180.681"
897,0,"48.9507","26.3271","145.28","-0.0585973","-0.266671","180.678"
898,0,"48.9391","26.1789","145.126","0.0237685","-0.121951","180.646"
899,0,"48.9205","26.3136","145.049","-0.00490256","-0.336435","180.761"
900,0,"48.8899","26.3399","145.14","0.0124071","-0.33932","180.67"
901,0,"48.9524","26.3353","145.163","-0.0684677","-0.330322","180.66"
902,0,"48.9073","25.9867","144.979","0.0479006","-0.00986093","180.614"
903,0,"48.9136","26.0947","144.99","0.037355","-0.111259","180.616"
904,0,"48.9182","26.1109","145.003","0.112495","-0.212649","180.647"
905,0,"48.821","26.2823","144.913","0.142498","-0.250386","180.69"
906,0,"48.9045","26.0833","145.047","0.0401411","-0.0986998","180.641"
907,0,"48.8925","26.3196","145.093","0.0167172","-0.252476","180.679"
908,0,"48.958","26.138","145.116","0.00715017","-0.0425715","180.644"
909,0,"48.9041","26.1601","145.064","-0.0218954","-0.193654","180.611"
910,0,"48.9952","26.2266","145.344","-0.115789","-0.132503","180.669"
911,0,"48.9321","26.2906","145.192","-0.0690995","-0.221891","180.646"
912,0,"48.8784","26.2071","145.007","0.0140577","-0.183026","180.607"
913,0,"48.9461","26.1796","145.172","-0.0204913","-0.136095","180.651"
914,0,"48.9628","26.2875","145.23","-0.0808367","-0.269983","180.696"
915,0,"48.9779","26.3501","145.076","-0.0391968","-0.415631","180.749"
916,0,"48.8892","26.243","145.163","-0.020147","-0.155554","180.667"
917,0,"48.9034","26.2298","144.956","0.0733173","-0.146618","180.618"
918,0,"48.855","26.3817","145.067","0.0453717","-0.350874","180.682"
919,0,"48.9504","26.4731","145.217","-0.0581112","-0.40332","180.704"
920,0,"48.9337","26.3708","145.162","0.00656066","-0.327299","180.679"
921,0,"48.8651","26.3967","145.071","0.0293531","-0.446447","180.653"
922,0,"48.9272","26.1318","144.954","0.0556017","-0.0114964","180.656"
923,0,"48.9532","26.2714","145.168","-0.0342305","-0.27668","180.656"
924,0,"48.9378","26.07","145.002","0.0254975","0.0515834","180.62"
925,0,"48.8655","26.2548","144.978","0.0268425","-0.282118","180.584"
926,0,"48.8827","26.2876","144.932","0.0690904","-0.338163","180.642"
927,0,"48.9104","26.3372","145.155","-0.0215409","-0.272329","180.696"
928,0,"49.0036","26.1842","145.257","-0.115668","-0.215168","180.778"
929,0,"48.8939","26.1634","145.007","0.0943687","-0.110813","180.703"
930,0,"48.8879","26.2534","144.946","0.0795472","-0.395812","180.644"
931,0,"48.8996","26.4316","145.196","-0.0229031","-0.467236","180.666"
932,0,"48.8885","26.2897","145.05","0.0188135","-0.253177","180.653"
933,0,"48.9175","26.233","145.032","0.0465226","-0.247194","180.643"
934,0,"48.898","26.3878","145.112","0.0161179","-0.457348","180.668"
935,0,"48.939","26.3733","145.18","-0.00912141","-0.435353","180.671"
936,0,"48.937","26.3783","145.308","-0.07987","-0.355358","180.677"
937,0,"48.9301","26.2178","145.216","-0.0564529","-0.162924","180.64"
938,0,"48.9109","26.2859","145.044","0.0697473","-0.288762","180.639"
939,0,"48.9588","26.3297","145.238","-0.0556985","-0.286548","180.674"
940,0,"48.9484","26.2458","145.245","-0.0541474","-0.275788","180.65"
941,0,"48.9167","26.4747","145.237","-0.0431391","-0.472307","180.704"
942,0,"48.9542","26.5356","145.221","-0.0558476","-0.539912","180.702"
943,0,"48.8841","26.3382","145.162","-0.051805","-0.338593","180.665"
944,0,"48.8497","26.2057","145.001","0.0391401","-0.198083","180.64"
945,0,"48.8763","26.2871","145.047","0.0602189","-0.302773","180.645"
946,0,"48.8598","26.3307","144.982","0.0890985","-0.320297","180.673"
947,0,"48.9082","26.2991","145.01","0.0925922","-0.419417","180.667"
948,0,"48.946","26.1902","145.232","-0.080225","-0.126051","180.637"
949,0,"48.9816","26.1783","145.261","-0.0577519","-0.0628896","180.667"
950,0,"48.905","26.4772","145.131","0.00293616","-0.537392","180.667"
951,0,"48.9297","26.207","145.228","-0.109908","-0.0228232","180.659"
952,0,"48.9479","26.2755","145.047","0.0691372","-0.43599","180.677"
953,0,"48.919","26.3444","145.151","-0.00572097","-0.357801","180.687"
954,0,"48.8966","26.2293","145.027","0.0398119","-0.216313","180.634"
955,0,"48.9035","26.3032","145.209","-0.0538602","-0.247974","180.66"
956,0,"48.8909","26.3315","145.082","0.0675508","-0.295738","180.664"
957,0,"48.8788","26.3993","145.15","-0.00502937","-0.378058","180.684"
958,0,"48.906","26.4122","145.195","-0.0331004","-0.484933","180.671"
959,0,"48.9679","26.1914","145.122","-0.038705","-0.224708","180.748"
960,0,"48.8877","26.1814","145.05","0.0170137","-0.0913501","180.612"
961,0,"48.949","26.3586","145.205","-0.0697152","-0.328313","180.668"
962,0,"48.9074","26.2214","145.09","0.017697","-0.292784","180.62"
963,0,"48.8791","26.2818","145.024","0.0750004","-0.355692","180.657"
964,0,"48.8843","26.2741","145.086","0.00755296","-0.246377","180.668"
965,0,"48.93","26.1773","145.086","0.0293097","-0.230686","180.657"
966,0,"48.9088","26.2714","145.055","0.0103393","-0.234419","180.649"
967,0,"48.8945","26.3279","145.034","0.0199011","-0.296183","180.65"
968,0,"48.883","26.1299","144.956","0.068637","-0.0349124","180.626"
969,0,"48.9623","26.2562","145.108","0.0213038","-0.27263","180.674"
970,0,"48.9662","26.235","145.019","-0.038514","-0.333148","180.74"
971,0,"48.9729","26.3798","145.308","-0.0577582","-0.274481","180.699"
972,0,"48.9099","26.3317","145.079","0.0149178","-0.350306","180.677"
973,0,"48.8836","26.3827","145.034","0.112711","-0.506306","180.67"
974,0,"48.8676","26.2029","145.015","0.00249384","-0.292739","180.613"
975,0,"48.9272","26.1583","145.006","0.137206","-0.224001","180.663"
976,0,"48.9308","26.2229","145.229","-0.0546041","-0.200029","180.651"
977,0,"48.9107","26.1276","144.996","0.0986591","-0.192755","180.629"
978,0,"48.8668","26.265","145.033","0.0888024","-0.269594","180.624"
979,0,"48.8326","26.3145","144.997","0.048049","-0.240857","180.625"
980,0,"48.8705","26.1852","145.174","-0.03333","-0.0700786","180.622"
981,0,"48.9122","26.0857","145.186","-0.0977509","0.0401803","180.612"
982,0,"48.818","26.1556","144.853","0.115856","-0.243648","180.61"
983,0,"48.8486","26.293","145.036","0.0179333","-0.379327","180.641"
984,0,"48.9071","26.3478","145.048","0.0590221","-0.392037","180.691"
985,0,"48.9672","26.2521","145.283","-0.0875768","-0.154024","180.68"
986,0,"48.8852","26.1669","145.033","0.0292865","-0.127422","180.615"
987,0,"48.9876","26.1828","145.165","-0.120023","-0.226954","180.729"
988,0,"48.9397","26.2863","145.173","-0.0168798","-0.346307","180.645"
989,0,"48.9439","26.1116","145.13","0.012638","-0.0194573","180.641"
990,0,"48.9516","26.1382","145.258","-0.10493","-3.66135e-05","180.655"
991,0,"48.9006","26.2251","145.177","-0.0564659","-0.122054","180.642"
992,0,"48.853","26.1233","144.9","0.109001","-0.105985","180.59"
993,0,"48.8153","26.3287","144.942","0.14706","-0.477578","180.683"
994,0,"48.9777","26.2783","145.283","-0.0989194","-0.206132","180.656"
995,0,"48.9052","26.3061","145.098","0.0215508","-0.255475","180.688"
996,0,"48.9511","26.2567","145.162","-0.0534126","-0.249755","180.644"
997,0,"48.9073","26.3677","145.161","-0.0447089","-0.474828","180.675"
998,0,"48.8997","26.2308","145.117","0.0282658","-0.261102","180.656"
999,0,"48.8667","26.2518","145.041","0.0678344","-0.242218","180.628"
1000,0,"48.9539","25.9316","145.168","-0.0329424","0.311365","180.606"
1001,0,"48.9354","26.1497","145.206","-0.0563876","-0.0441402","180.652"
1002,0,"48.8399","26.5275","145.098","0.0467937","-0.421004","180.722"
1003,0,"48.9524","26.2149","145.263","-0.0986124","-0.143933","180.66"
1004,0,"48.8913","26.4655","145.173","-0.0628006","-0.477169","180.668"
1005,0,"48.9071","26.355","145.118","0.0192858","-0.332809","180.662"
1006,0,"48.954","26.3751","145.225","-0.043751","-0.43962","180.682"
1007,0,"48.8943","26.3396","145.055","0.00262758","-0.321878","180.631"
1008,0,"48.912","26.239","145.086","-0.0046222","-0.0714318","180.643"
1009,0,"48.9774","26.4087","145.187","-0.0451131","-0.463793","180.683"
1010,0,"48.9039","26.2583","145.003","0.0660002","-0.35819","180.675"
1011,0,"48.8772","26.2758","144.998","0.0390353","-0.306421","180.634"
1012,0,"48.945","26.0173","145.191","-0.0788746","0.117239","180.622"
1013,0,"48.9197","26.2727","145.143","0.017634","-0.317733","180.664"
1014,0,"48.8666","26.1045","144.89","0.0942077","-0.0539383","180.594"
1015,0,"48.937","26.3602","145.105","-0.0348085","-0.534769","180.765"
1016,0,"48.8565","26.2427","144.982","0.0446029","-0.223437","180.63"
1017,0,"48.852","26.2879","145.065","0.0516939","-0.262668","180.654"
1018,0,"48.8717","26.3123","145.008","0.043811","-0.22087","180.688"
1019,0,"48.9364","26.378","145.266","-0.0516036","-0.357352","180.668"
1020,0,"48.9716","26.1089","145.214","-0.0803054","-0.173142","180.754"
1021,0,"48.9728","26.1928","145.161","-0.0117111","-0.134981","180.632"
1022,0,"48.8898","26.1583","144.983","0.0773944","-0.10673","180.64"
1023,0,"48.8683","26.4566","145.097","0.0114444","-0.462007","180.679"
1024,0,"48.9319","26.2733","145.127","0.00636449","-0.386772","180.656"
1025,0,"48.8542","26.3508","145.146","-0.0227002","-0.361053","180.654"
1026,0,"48.8555","26.3754","145.004","0.0634823","-0.316646","180.684"
1027,0,"48.9144","26.2476","145.01","-0.0498505","-0.274879","180.736"
1028,0,"48.8782","26.2793","145.039","0.0102882","-0.318218","180.655"
1029,0,"48.8549","26.3795","145.027","0.0444082","-0.336055","180.682"
1030,0,"49.0194","26.4508","145.336","-0.112628","-0.451262","180.73"
1031,0,"48.9226","26.2354","145.111","0.000630207","-0.180196","180.637"
1032,0,"48.9533","26.1247","145.202","-0.0360857","0.0102997","180.659"
1033,0,"48.901","26.4766","145.12","0.0609999","-0.498931","180.691"
1034,0,"48.9092","26.2137","145.062","0.0428569","-0.274393","180.658"
1035,0,"48.9516","26.337","145.097","-0.0367762","-0.232644","180.66"
1036,0,"48.8899","26.1639","145.122","-0.00555505","-0.0293992","180.641"
1037,0,"48.8843","26.0365","145.059","0.0480929","-0.100424","180.595"
1038,0,"48.9159","26.3379","145.132","0.097996","-0.408367","180.681"
1039,0,"48.8997","26.197","145.089","0.0108816","-0.0353762","180.669"
1040,0,"48.8929","26.2191","145.14","-0.0222982","-0.177049","180.643"
1041,0,"48.907","26.1411","145.061","0.0239475","-0.0850642","180.637"
1042,0,"48.9216","26.1625","145.001","0.0241936","-0.291239","180.737"
1043,0,"48.9119","26.2288","144.961","-0.0342166","-0.330331","180.705"
1044,0,"48.8922","26.2981","145.074","0.0281867","-0.370776","180.629"
1045,0,"48.871","26.2643","145.114","0.0681404","-0.339424","180.655"
1046,0,"48.8604","26.2575","144.992","0.0942772","-0.354797","180.631"
1047,0,"48.8841","26.3666","145.089","-0.00104375","-0.435758","180.624"
1048,0,"48.8827","26.1533","145.047","0.0619965","-0.182871","180.608"
1049,0,"48.9266","26.1715","145.191","-0.0611818","0.0472563","180.645"
1050,0,"48.9375","26.2105","145.198","-0.0770697","-0.0986051","180.642"
1051,0,"48.8992","26.3643","145.056","0.0292397","-0.460082","180.632"
1052,0,"48.9238","26.2904","145.197","-0.033886","-0.282341","180.681"
1053,0,"48.9046","26.2507","145.03","0.0258617","-0.233835","180.644"
1054,0,"48.9014","26.3919","145.151","-0.0149926","-0.409364","180.681"
1055,0,"48.8532","26.3952","145.051","0.0469427","-0.433408","180.618"
1056,0,"48.898","26.2089","145.058","0.057836","-0.243888","180.648"
1057,0,"48.9008","26.5252","145.17","-0.0170385","-0.587579","180.691"
1058,0,"48.8975","26.2264","144.989","0.0294062","-0.24361","180.611"
1059,0,"48.9618","26.2541","145.155","-0.00206462","-0.314394","180.654"
1060,0,"48.9787","26.1811","145.235","-0.0705138","-0.122634","180.662"
1061,0,"48.9611","26.3009","145.226","-0.0386528","-0.263544","180.663"
1062,0,"48.882","26.4012","145.212","-0.0773831","-0.477569","180.618"
1063,0,"48.8491","26.2659","145","0.0916448","-0.258164","180.669"
1064,0,"48.866","26.2732","145.003","0.0666664","-0.17711","180.669"
1065,0,"48.8556","26.1614","145.052","0.0419813","-0.121921","180.627"
1066,0,"48.9121","26.1956","145.044","0.0444116","-0.12805","180.641"
1067,0,"48.8388","26.1302","144.907","0.10292","-0.311968","180.599"
1068,0,"48.8985","26.1873","145.015","-0.0622741","-0.221367","180.715"
1069,0,"48.9572","26.3817","145.123","-0.0714369","-0.440156","180.779"
1070,0,"48.9604","26.1827","145.196","-0.0946215","-0.105753","180.625"
1071,0,"48.9061","26.2956","145.102","-0.0178273","-0.302807","180.644"
1072,0,"48.9713","26.3842","145.176","-0.0522519","-0.291489","180.683"
1073,0,"48.8691","26.3194","145.068","0.0403344","-0.302834","180.669"
1074,0,"48.8926","26.0493","144.845","0.152639","-0.0315362","180.63"
1075,0,"48.8741","26.3955","145.033","0.0445185","-0.304444","180.685"
1076,0,"48.9228","26.1644","144.991","0.0639485","-0.516542","180.719"
1077,0,"48.8549","26.4901","145.178","-0.022413","-0.597565","180.669"
1078,0,"48.9313","26.1884","145.06","0.0468007","-0.0898503","180.669"
1079,0,"48.8782","26.2679","145.042","-0.00433653","-0.166915","180.644"
1080,0,"48.8287","26.4256","145.004","0.0662799","-0.323831","180.695"
1081,0,"48.8811","26.2105","144.956","0.140939","-0.214644","180.623"
1082,0,"48.944","26.1833","145.13","0.00720923","-0.0776469","180.637"
1083,0,"48.9647","26.0163","145.15","-0.106541","-0.019285","180.716"
1084,0,"48.9626","26.213","145.072","0.0217289","-0.31783","180.761"
1085,0,"48.989","26.0986","145.124","-0.10429","-0.105136","180.718"
1086,0,"48.8897","26.2261","145.019","0.103506","-0.297106","180.641"
1087,0,"48.8573","26.3191","145.046","0.0533164","-0.373673","180.646"
1088,0,"48.9017","26.2233","145.138","-0.0910204","-0.160845","180.625"
1089,0,"48.8769","26.2073","145.016","0.0231498","-0.193266","180.646"
1090,0,"48.8316","26.2133","144.963","0.118209","-0.192424","180.632"
1091,0,"48.8612","26.3544","145.05","0.100762","-0.371421","180.694"
1092,0,"48.9465","26.2132","145.039","0.0176583","-0.148344","180.631"
1093,0,"48.8524","26.4095","145","0.0549102","-0.395906","180.68"
1094,0,"48.9388","26.355","145.203","-0.0279134","-0.244933","180.686"
1095,0,"48.9591","26.4102","145.083","-0.0814764","-0.550339","180.758"
1096,0,"48.9417","26.2014","145.005","0.00449478","-0.26881","180.754"
1097,0,"48.8979","26.4531","145.153","0.00249176","-0.461654","180.714"
1098,0,"48.8579","26.3297","145.066","0.0696566","-0.339897","180.626"
1099,0,"48.8821","26.2635","145.01","0.083741","-0.215328","180.68"
1100,0,"48.9302","26.2483","145.09","0.0631157","-0.31877","180.653"
1101,0,"48.8829","26.1534","145.014","0.0207179","-0.206329","180.628"
1102,0,"48.8335","26.1542","144.924","0.125098","-0.289653","180.604"
1103,0,"48.8905","26.2958","145.079","-0.0021749","-0.281231","180.662"
1104,0,"48.8899","26.3601","145.109","0.0220743","-0.334313","180.673"
1105,0,"48.8807","26.2538","144.971","0.0799615","-0.369227","180.634"
1106,0,"48.9546","26.1206","145.085","-0.0534131","-0.271092","180.724"
1107,0,"48.9406","26.0934","145.099","-0.0699483","-0.155544","180.708"
1108,0,"48.9041","26.1818","145.048","0.0888103","-0.113331","180.64"
1109,0,"48.9654","26.2427","145.21","-0.191808","-0.283667","180.714"
1110,0,"48.8645","26.2832","145.007","0.121738","-0.309561","180.645"
1111,0,"48.9105","26.3209","145.097","-0.0227533","-0.297674","180.637"
1112,0,"48.885","26.2839","145.079","0.0504661","-0.299895","180.632"
1113,0,"48.8463","26.3449","145.062","0.0163907","-0.147214","180.693"
1114,0,"48.8449","26.3515","145.037","0.068584","-0.317348","180.639"
1115,0,"48.8859","26.5074","145.107","0.00910729","-0.445133","180.678"
1116,0,"48.9092","26.3605","145.166","-0.000856295","-0.241492","180.709"
1117,0,"48.859","26.1865","145.041","0.098889","-0.157635","180.644"
1118,0,"48.8929","26.2435","145.062","0.0581096","-0.2154","180.634"
1119,0,"48.9447","26.1421","144.96","-0.062442","-0.262424","180.679"
1120,0,"48.9326","26.0778","144.844","0.0752731","-0.266814","180.724"
1121,0,"48.9225","26.2843","145.107","0.0154929","-0.271206","180.646"
1122,0,"48.9074","26.337","145.041","0.00276478","-0.303279","180.649"
1123,0,"48.8617","26.3666","145.075","0.0382501","-0.339374","180.687"
1124,0,"48.9035","26.1736","145.159","-0.0353764","-0.128578","180.677"
1125,0,"48.8908","26.2964","145.032","0.0555482","-0.413482","180.666"
1126,0,"48.8411","26.3129","145.016","0.0902134","-0.274359","180.713"
1127,0,"48.8519","26.3304","145.047","0.0355913","-0.315651","180.669"
1128,0,"48.8977","26.0746","144.926","0.086045","-0.19268","180.736"
1129,0,"48.9069","26.1988","145.133","-0.0339514","-0.0501166","180.648"
1130,0,"48.9154","26.1924","144.979","0.0742855","-0.261868","180.627"
1131,0,"48.9081","26.1505","145.073","0.0551223","-0.100623","180.643"
1132,0,"48.9548","26.2821","145.066","0.0341106","-0.370349","180.657"
1133,0,"48.9194","26.2049","145.118","-0.0130306","-0.086076","180.674"
1134,0,"48.9281","26.1501","145.16","-0.0575497","-0.0668367","180.608"
1135,0,"48.9016","26.4541","145.188","-0.0279547","-0.507553","180.659"
1136,0,"48.8777","26.2568","145.088","0.0268947","-0.252424","180.645"
1137,0,"48.8548","26.0879","144.982","0.0782808","0.117266","180.658"
1138,0,"48.8304","26.3437","145.019","0.0989972","-0.398414","180.666"
1139,0,"48.9309","26.3448","145.207","-0.0274902","-0.303957","180.704"
1140,0,"48.9131","26.2511","145.204","-0.0733048","-0.136771","180.657"
1141,0,"48.915","26.391","145.089","0.0311115","-0.365491","180.679"
1142,0,"48.884","26.2341","145.084","0.0292946","-0.19935","180.66"
1143,0,"48.9046","26.2559","145.128","-0.00591535","-0.199338","180.678"
1144,0,"48.9133","26.2221","145.083","0.0292737","-0.206189","180.654"
1145,0,"48.9577","26.2463","145.136","-0.0382429","-0.23992","180.647"
1146,0,"48.9199","26.2506","145.084","0.0189685","-0.314404","180.658"
1147,0,"48.9359","26.3498","145.081","0.00750203","-0.387913","180.669"
1148,0,"48.8923","26.1538","145.036","0.00976789","-0.156292","180.623"
1149,0,"48.9558","26.3717","145.328","-0.188246","-0.250476","180.666"
1150,0,"48.848","26.4421","145.09","0.00289821","-0.444212","180.68"
1151,0,"48.9226","26.6209","145.2","-0.00613655","-0.592313","180.721"
1152,0,"48.8522","26.3354","144.954","0.0606772","-0.514281","180.758"
1153,0,"48.9263","26.372","145.163","-0.0285112","-0.253337","180.687"
1154,0,"48.854","26.3232","145.092","0.0162931","-0.415729","180.64"
1155,0,"48.9309","26.2858","145.106","0.0425924","-0.183984","180.659"
1156,0,"48.9097","26.2314","144.929","-7.609e-05","-0.527343","180.717"
1157,0,"48.9542","26.2162","145.143","-0.136522","-0.27771","180.713"
1158,0,"48.9659","26.3441","145.287","-0.089632","-0.254593","180.687"
1159,0,"48.9439","26.3757","145.185","-0.0611602","-0.33289","180.663"
1160,0,"48.8862","26.3952","145.009","0.0209694","-0.224094","180.674"
1161,0,"48.87","26.1753","144.976","0.0797913","-0.114767","180.633"
1162,0,"48.9131","26.0735","144.936","0.0404364","-0.146375","180.722"
1163,0,"48.8989","26.2476","144.992","0.0527876","-0.484964","180.661"
1164,0,"48.9447","26.483","145.269","-0.0703522","-0.49756","180.715"
1165,0,"48.8818","26.1934","145.023","0.0634295","-0.170871","180.646"
1166,0,"48.8802","26.2811","145.106","0.0439438","-0.332912","180.645"
1167,0,"48.9645","26.3948","145.17","-0.0378584","-0.363375","180.669"
1168,0,"48.9153","26.1927","145.07","0.0169664","-0.198685","180.616"
1169,0,"48.8977","26.1798","144.867","0.0650036","-0.238268","180.733"
1170,0,"48.9349","26.0638","144.977","0.0658141","0.0209067","180.639"
1171,0,"48.9467","26.1943","145.118","-0.00238034","-0.144519","180.667"
1172,0,"48.8971","26.3363","145.036","0.0697461","-0.32632","180.669"
1173,0,"48.8683","26.3509","145.003","0.0849105","-0.329635","180.649"
1174,0,"48.8843","26.1068","145.012","0.0742028","-0.124264","180.642"
1175,0,"48.9112","26.3433","145.119","0.0212825","-0.395615","180.659"
1176,0,"48.8438","26.5249","145.056","0.0568332","-0.457882","180.693"
1177,0,"48.8985","26.2482","144.997","-0.00279478","-0.418417","180.732"
1178,0,"48.9116","26.2644","145.087","0.0436315","-0.286996","180.667"
1179,0,"48.9044","26.3837","145.114","0.0559472","-0.424885","180.681"
1180,0,"48.9286","26.4818","145.207","-0.0760321","-0.473366","180.693"
1181,0,"48.944","26.1367","145.13","-0.0541255","-0.0218675","180.641"
1182,0,"48.9251","26.2772","145.16","0.0239574","-0.320027","180.669"
1183,0,"48.9152","26.2124","145.065","0.0469821","-0.103414","180.674"
1184,0,"48.89","26.4727","145.165","0.0253879","-0.551848","180.676"
1185,0,"48.8605","26.3236","145.12","-0.0445014","-0.265931","180.66"
1186,0,"48.8635","26.2342","145.12","-0.0429845","-0.0423804","180.666"
1187,0,"48.8398","26.2862","145.053","0.0307147","-0.343543","180.635"
1188,0,"48.9073","26.2045","145.068","0.0611067","-0.165436","180.666"
1189,0,"48.9504","26.2236","145.17","-0.0805348","-0.255343","180.777"
1190,0,"48.9493","26.285","145.111","0.0486092","-0.262986","180.677"
1191,0,"48.9346","26.1869","145.141","-0.0143572","-0.102163","180.678"
1192,0,"48.9073","26.2628","145.1","0.00206281","-0.179669","180.667"
1193,0,"48.9008","26.1084","144.976","0.0901211","-0.163793","180.616"
1194,0,"48.9445","26.1779","145.049","-0.0111617","-0.0966495","180.629"
1195,0,"48.8811","26.1299","144.951","0.114501","-0.23726","180.617"
1196,0,"48.9576","26.145","145.194","-0.0243048","-0.0956443","180.63"
1197,0,"48.8962","26.4683","145.237","-0.0215647","-0.56531","180.688"
1198,0,"48.8769","26.2887","145.12","-0.0324507","-0.245767","180.658"
1199,0,"48.9088","26.4335","145.187","-0.0468739","-0.391458","180.673"
1200,0,"48.9243","26.3337","145.26","-0.0312634","-0.369629","180.676"
1201,0,"48.9106","26.4319","145.199","0.00989784","-0.42678","180.685"
1202,0,"48.8645","26.4008","145.052","0.0731564","-0.399628","180.699"
1203,0,"48.9339","26.217","145.059","-0.0393393","-0.276081","180.754"
1204,0,"48.9311","26.2088","145.085","0.0202274","-0.119914","180.647"
1205,0,"48.946","26.3351","145.252","-0.085562","-0.335875","180.663"
1206,0,"48.8985","26.189","145.119","-0.00179054","-0.00808924","180.697"
1207,0,"48.9062","26.3175","145.161","-0.0583287","-0.248979","180.646"
1208,0,"48.9269","26.2106","145.039","0.048693","-0.369788","180.628"
1209,0,"48.946","26.2139","145.13","0.0034819","-0.212663","180.673"
1210,0,"48.9189","26.4557","145.161","0.0434298","-0.496661","180.707"
1211,0,"48.8213","26.3628","144.975","0.0655469","-0.302555","180.675"
1212,0,"48.8801","26.4429","145.106","0.00705466","-0.456971","180.668"
1213,0,"48.9466","26.1531","145.052","-0.0615719","-0.124536","180.728"
1214,0,"48.883","26.2517","145.052","0.0504352","-0.230769","180.64"
1215,0,"48.8979","26.1838","145.106","0.00888377","-0.142688","180.632"
1216,0,"48.9006","26.3573","145.081","0.0335106","-0.371916","180.667"
1217,0,"48.9056","26.3014","145.039","0.0481444","-0.370736","180.64"
1218,0,"48.9016","26.243","145.033","0.0857877","-0.274818","180.66"
1219,0,"48.9254","26.1406","145.054","0.00314753","0.0291475","180.616"
1220,0,"48.9292","26.1743","145.165","-0.0286769","-0.0243582","180.658"
1221,0,"48.84","26.3468","144.972","0.119539","-0.351489","180.656"
1222,0,"48.8562","26.2737","145.032","0.0780257","-0.282115","180.675"
1223,0,"48.9635","26.2887","145.171","-0.0387579","-0.250093","180.675"
1224,0,"48.8992","26.3646","145.152","-0.0178142","-0.299404","180.678"
1225,0,"48.9089","26.2323","145.113","0.00742334","-0.225973","180.646"
1226,0,"48.8081","26.3637","144.947","0.0945004","-0.299501","180.656"
1227,0,"48.9624","26.4079","145.172","0.000143051","-0.372602","180.692"
1228,0,"48.9088","26.4186","145.207","-0.05879","-0.518562","180.664"
1229,0,"48.888","26.2534","145.11","0.0517013","-0.125373","180.663"
1230,0,"48.9147","26.1631","145.117","0.00832362","-0.139388","180.641"
1231,0,"48.9597","26.3855","145.094","-0.0387119","-0.531443","180.767"
1232,0,"48.8751","26.1845","144.901","0.0353912","-0.206188","180.726"
1233,0,"48.8579","26.5242","145.133","0.00801171","-0.522451","180.673"
1234,0,"48.866","26.148","144.964","0.0913214","-0.251632","180.616"
1235,0,"48.8737","26.3864","145.09","0.0403311","-0.369047","180.666"
1236,0,"48.9188","26.2958","145.135","0.0230186","-0.294766","180.672"
1237,0,"48.94","26.2534","145.038","0.077146","-0.22588","180.677"
1238,0,"48.9367","26.3245","145.015","-0.0306186","-0.374034","180.738"
1239,0,"48.8549","26.2024","145.071","0.0154629","-0.0801642","180.662"
1240,0,"48.9186","26.118","145.058","0.0277549","-0.0926259","180.653"
1241,0,"48.8572","26.1472","144.971","0.126566","-0.0303312","180.665"
1242,0,"48.8509","26.0136","144.99","0.0309014","0.0504391","180.585"
1243,0,"48.907","26.1608","145.068","0.0699378","-0.110845","180.649"
1244,0,"48.7893","26.6253","145.092","0.0492695","-0.48041","180.73"
1245,0,"48.9312","26.3076","145.168","-0.0197317","-0.143113","180.668"
1246,0,"48.8495","25.9432","144.88","0.141182","0.11","180.591"
1247,0,"48.8707","26.4334","145.094","0.0117554","-0.397923","180.653"
1248,0,"48.8668","26.4418","145.108","0.0397378","-0.360535","180.709"
1249,0,"48.9002","26.2736","145.144","-0.0515264","-0.239064","180.658"
1250,0,"48.8948","26.3876","145.11","0.0143946","-0.464538","180.634"
1251,0,"48.9496","26.4088","145.123","0.0579818","-0.597726","180.668"
1252,0,"48.9972","26.345","145.248","-0.0328","-0.305437","180.699"
1253,0,"48.9232","26.2198","145.083","-0.0194878","-0.230893","180.636"
1254,0,"48.9086","26.3103","145.08","-0.0223463","-0.227102","180.639"
1255,0,"48.9672","26.1876","145.146","-0.0579702","-0.19785","180.624"
1256,0,"48.9879","26.1347","145.064","-0.0687148","-0.231343","180.729"
1257,0,"48.9256","26.3624","145.061","0.0212252","-0.41812","180.664"
1258,0,"48.893","26.021","145.025","0.00235985","0.00937485","180.619"
1259,0,"48.8734","26.0642","145.014","0.0675489","-0.0256899","180.626"
1260,0,"48.8374","26.1297","144.914","0.0842012","-0.104669","180.602"
1261,0,"48.8876","26.2189","144.998","0.0858064","-0.222378","180.647"
1262,0,"48.8486","26.1454","145.01","0.110458","-0.235669","180.62"
1263,0,"48.9659","26.0906","145.037","-0.00219975","-0.245822","180.719"
1264,0,"48.9102","26.2079","145.021","0.0562153","-0.238059","180.631"
1265,0,"48.9132","26.3944","145.127","-0.0583921","-0.425123","180.623"
1266,0,"48.9163","26.2718","145.174","-0.0228941","-0.148544","180.685"
1267,0,"48.933","26.3824","145.217","0.0324709","-0.47323","180.686"
1268,0,"48.9295","26.3443","145.145","-0.0346471","-0.37601","180.653"
1269,0,"48.889","26.1317","145.032","0.0611181","-0.127888","180.619"
1270,0,"48.9077","26.1976","145.114","0.067246","-0.146943","180.661"
1271,0,"48.8885","26.3749","145.175","-0.0510308","-0.105461","180.703"
1272,0,"48.8692","26.1243","145.048","-0.00948801","0.234269","180.625"
1273,0,"48.8874","26.3213","145.166","-0.0654596","-0.194266","180.642"
1274,0,"48.9344","26.046","145.119","-0.0234932","0.0545828","180.608"
1275,0,"48.9509","26.1849","145.301","-0.152371","-0.0146075","180.631"
1276,0,"48.9952","25.9041","145.399","-0.248838","-0.00695163","180.517"
1277,0,"49.0378","25.3742","145.446","-0.327365","0.39861","180.362"
1278,0,"49.1021","25.1024","145.711","-0.536501","0.528364","180.227"
1279,0,"49.1714","24.6169","145.877","-0.753007","0.929176","180.051"
1280,0,"49.284","24.3549","146.149","-0.965064","0.892293","179.914"
1281,0,"49.3005","23.8975","146.27","-1.10058","1.37536","179.785"
1282,0,"49.3351","23.3892","146.443","-1.29487","1.74003","179.626"
1283,0,"49.4079","23.4649","146.57","-1.3913","1.47045","179.57"
1284,0,"49.3845","23.3098","146.58","-1.39996","1.55869","179.505"
1285,0,"49.4286","23.1184","146.679","-1.48629","1.7097","179.466"
1286,0,"49.414","23.0925","146.735","-1.55757","1.67264","179.425"
1287,0,"49.4632","22.9915","146.822","-1.59643","1.80214","179.408"
1288,0,"49.4849","23.0391","146.87","-1.63765","1.64499","179.381"
1289,0,"49.5219","22.8734","146.998","-1.71948","1.98761","179.39"
1290,0,"49.5133","22.7957","146.991","-1.70929","2.02225","179.345"
1291,0,"49.498","22.7915","146.912","-1.67916","2.02599","179.386"
1292,0,"49.6016","22.8145","146.912","-1.76922","1.76813","179.441"
1293,0,"49.5417","22.8725","146.886","-1.64398","1.84646","179.368"
1294,0,"49.4802","22.8693","146.798","-1.63966","1.84984","179.351"
1295,0,"49.5281","22.9768","146.86","-1.64938","1.7243","179.371"
1296,0,"49.4784","22.9961","146.835","-1.61886","1.6974","179.387"
1297,0,"49.4558","22.888","146.723","-1.61341","1.75311","179.346"
1298,0,"49.4611","22.9296","146.842","-1.64108","1.74698","179.351"
1299,0,"49.4937","22.9593","146.851","-1.68194","1.7474","179.348"
1300,0,"49.5512","23.019","147.011","-1.72027","1.66537","179.355"
1301,0,"49.5534","22.785","146.821","-1.65956","1.9028","179.349"
1302,0,"49.5526","22.9091","146.925","-1.69638","1.82556","179.362"
1303,0,"49.543","22.9283","146.932","-1.66973","1.73983","179.373"
1304,0,"49.5078","22.9739","146.915","-1.66929","1.7357","179.373"
1305,0,"49.5098","22.7361","146.739","-1.64646","1.80755","179.425"
1306,0,"49.516","22.9766","146.896","-1.64368","1.65324","179.366"
1307,0,"49.461","22.927","146.832","-1.61377","1.77202","179.374"
1308,0,"49.4484","22.9323","146.835","-1.62185","1.72764","179.349"
1309,0,"49.5596","22.9185","146.827","-1.72386","1.64527","179.42"
1310,0,"49.5082","22.9911","146.857","-1.68614","1.69729","179.335"
1311,0,"49.5349","22.9848","146.833","-1.69235","1.69839","179.351"
1312,0,"49.5152","23.0303","146.91","-1.65028","1.67857","179.374"
1313,0,"49.513","22.9129","146.862","-1.62881","1.80573","179.365"
1314,0,"49.5415","22.9068","146.803","-1.70992","1.66796","179.438"
1315,0,"49.5127","22.7566","146.804","-1.61671","2.1286","179.378"
1316,0,"49.5117","22.8484","146.76","-1.69249","1.69332","179.415"
1317,0,"49.473","23.0297","146.843","-1.65317","1.65679","179.364"
1318,0,"49.4929","22.9897","146.84","-1.63454","1.6657","179.357"
1319,0,"49.4605","22.8706","146.763","-1.62783","1.79954","179.339"
1320,0,"49.4588","23.0398","146.79","-1.638","1.68871","179.378"
1321,0,"49.5035","22.8885","147.009","-1.73353","1.80564","179.356"
1322,0,"49.492","22.8411","146.861","-1.64623","1.91102","179.355"
1323,0,"49.4876","22.9671","146.832","-1.61849","1.6896","179.368"
1324,0,"49.5423","22.9996","146.871","-1.62086","1.64432","179.378"
1325,0,"49.4906","22.7429","146.654","-1.63666","1.92284","179.429"
1326,0,"49.4619","22.7785","146.875","-1.62231","2.01793","179.379"
1327,0,"49.515","22.9279","146.858","-1.61314","1.73083","179.356"
1328,0,"49.5282","22.8975","146.959","-1.72069","1.80954","179.355"
1329,0,"49.4703","22.9625","146.79","-1.62228","1.70531","179.355"
1330,0,"49.5155","22.947","146.956","-1.67221","1.77104","179.362"
1331,0,"49.4605","22.9111","146.845","-1.62248","1.83159","179.403"
1332,0,"49.4432","22.9548","146.832","-1.59465","1.72767","179.37"
1333,0,"49.5031","23.0409","146.949","-1.66203","1.56582","179.402"
1334,0,"49.4938","22.6416","146.891","-1.70588","2.22","179.337"
1335,0,"49.4721","23.0685","146.857","-1.66986","1.68479","179.368"
1336,0,"49.5219","23.028","146.833","-1.66419","1.67353","179.353"
1337,0,"49.545","22.7969","147.035","-1.75358","2.00532","179.363"
1338,0,"49.5127","22.7253","146.954","-1.71693","2.08633","179.354"
1339,0,"49.5367","22.7776","146.995","-1.71652","2.01368","179.363"
1340,0,"49.5185","22.806","146.869","-1.65061","2.00299","179.38"
1341,0,"49.5384","22.8451","146.934","-1.71332","1.857","179.368"
1342,0,"49.4976","22.9235","146.815","-1.64207","1.74099","179.347"
1343,0,"49.4852","22.8771","146.798","-1.62156","1.86162","179.351"
1344,0,"49.5289","23.0547","146.952","-1.63882","1.56016","179.4"
1345,0,"49.5508","22.9055","146.787","-1.75264","1.68148","179.419"
1346,0,"49.5016","22.905","146.861","-1.67132","1.74161","179.364"
1347,0,"49.4324","22.9877","146.819","-1.58203","1.74544","179.411"
1348,0,"49.483","23.0098","146.841","-1.61616","1.65538","179.38"
1349,0,"49.5096","22.9061","146.923","-1.71537","1.80353","179.344"
1350,0,"49.4871","22.9772","146.906","-1.73721","1.78665","179.312"
1351,0,"49.5252","23.0138","146.888","-1.64287","1.60246","179.386"
1352,0,"49.4943","22.9582","146.904","-1.67906","1.84798","179.37"
1353,0,"49.5517","22.8826","146.949","-1.71734","1.83783","179.378"
1354,0,"49.5228","22.8209","147.104","-1.80461","1.93451","179.372"
1355,0,"49.4446","23.0767","146.816","-1.64105","1.64229","179.371"
1356,0,"49.4844","22.9482","146.937","-1.72814","1.79644","179.362"
1357,0,"49.5239","22.953","146.87","-1.71953","1.76327","179.373"
1358,0,"49.4496","23.0374","146.86","-1.64056","1.64311","179.4"
1359,0,"49.4815","22.8206","146.964","-1.69492","1.91591","179.351"
1360,0,"49.5132","22.9607","146.838","-1.63853","1.67188","179.392"
1361,0,"49.5015","22.8829","146.965","-1.71289","1.8994","179.369"
1362,0,"49.5128","22.9102","147.078","-1.76103","1.8963","179.362"
1363,0,"49.5288","22.9784","146.787","-1.60874","1.73399","179.35"
1364,0,"49.4779","22.9165","146.849","-1.67155","1.73351","179.341"
1365,0,"49.5149","22.729","146.829","-1.70277","2.01472","179.337"
1366,0,"49.5639","22.9112","146.835","-1.76468","1.61228","179.425"
1367,0,"49.4961","22.7953","146.87","-1.66289","1.92752","179.365"
1368,0,"49.5284","22.9435","146.839","-1.63113","1.69857","179.378"
1369,0,"49.4835","23.0694","146.855","-1.64574","1.57271","179.359"
1370,0,"49.4946","22.9315","146.899","-1.61481","1.70629","179.394"
1371,0,"49.5291","22.9279","146.921","-1.68807","1.76922","179.369"
1372,0,"49.4906","23.0128","146.86","-1.68001","1.63149","179.364"
1373,0,"49.5088","22.9162","146.722","-1.58323","1.73829","179.353"
1374,0,"49.4946","22.8136","146.832","-1.67606","1.94627","179.357"
1375,0,"49.4831","22.8448","146.819","-1.6531","1.8666","179.347"
1376,0,"49.5147","22.7598","146.862","-1.60924","1.94192","179.386"
1377,0,"49.5299","22.9253","146.812","-1.65166","1.72795","179.369"
1378,0,"49.5189","23.0078","147.027","-1.73102","1.69453","179.357"
1379,0,"49.4141","22.9746","146.708","-1.60621","1.81166","179.353"
1380,0,"49.4972","22.9551","146.8","-1.62481","1.68566","179.362"
1381,0,"49.4608","22.8937","146.752","-1.57487","1.75757","179.36"
1382,0,"49.5618","22.8795","146.907","-1.63076","1.76926","179.394"
1383,0,"49.5117","22.9497","146.899","-1.62605","1.76406","179.41"
1384,0,"49.4583","22.8726","146.66","-1.52355","1.88062","179.379"
1385,0,"49.4704","22.9859","146.862","-1.6098","1.6429","179.38"
1386,0,"49.5344","22.9786","146.906","-1.63158","1.66202","179.375"
1387,0,"49.5034","23.0028","146.789","-1.58259","1.65784","179.36"
1388,0,"49.527","22.6922","147.077","-1.77665","2.17356","179.371"
1389,0,"49.5716","22.9754","146.964","-1.66493","1.65756","179.375"
1390,0,"49.4633","22.938","146.778","-1.58426","1.78619","179.369"
1391,0,"49.4875","22.8431","146.972","-1.72486","1.96036","179.342"
1392,0,"49.6097","22.8459","146.929","-1.78978","1.79947","179.438"
1393,0,"49.493","22.9842","146.925","-1.65185","1.67937","179.381"
1394,0,"49.4611","22.9682","146.795","-1.64147","1.78695","179.376"
1395,0,"49.4595","22.8169","146.86","-1.66798","1.97418","179.382"
1396,0,"49.4916","22.9485","146.849","-1.61958","1.71326","179.371"
1397,0,"49.4853","22.9845","146.895","-1.69013","1.68186","179.35"
1398,0,"49.5233","22.8721","146.936","-1.71436","1.9429","179.359"
1399,0,"49.4789","22.975","146.832","-1.66552","1.68784","179.357"
1400,0,"49.4966","22.9659","146.911","-1.68908","1.79123","179.348"
1401,0,"49.5013","22.826","146.888","-1.70101","1.91839","179.342"
1402,0,"49.5305","22.9864","146.886","-1.75195","1.70555","179.448"
1403,0,"49.4652","23.0081","146.769","-1.61736","1.69323","179.349"
1404,0,"49.4341","22.9367","146.716","-1.53986","1.72573","179.357"
1405,0,"49.4778","22.9269","146.821","-1.6274","1.72263","179.372"
1406,0,"49.5029","22.8974","146.74","-1.56362","1.75818","179.366"
1407,0,"49.4416","22.9869","146.797","-1.63071","1.67188","179.343"
1408,0,"49.5373","23.005","146.917","-1.67691","1.69998","179.376"
1409,0,"49.5124","22.8617","146.738","-1.72398","1.79513","179.451"
1410,0,"49.478","22.7216","146.813","-1.59795","2.06787","179.338"
1411,0,"49.5276","23.0027","146.906","-1.61997","1.6059","179.369"
1412,0,"49.5433","22.9585","146.826","-1.58816","1.69877","179.373"
1413,0,"49.4667","22.9124","146.713","-1.56444","1.81061","179.372"
1414,0,"49.5125","22.7301","146.914","-1.73132","2.11298","179.338"
1415,0,"49.4592","23.0338","146.871","-1.64136","1.65281","179.382"
1416,0,"49.472","22.9422","146.792","-1.6276","1.76109","179.356"
1417,0,"49.4511","22.99","146.811","-1.65303","1.71881","179.386"
1418,0,"49.5796","22.9033","146.862","-1.7312","1.66311","179.437"
1419,0,"49.4855","22.9633","146.934","-1.64369","1.79935","179.413"
1420,0,"49.5235","22.9797","146.974","-1.72317","1.68953","179.376"
1421,0,"49.4756","22.9486","146.851","-1.66723","1.8252","179.381"
1422,0,"49.5301","22.8047","146.899","-1.74218","1.99605","179.356"
1423,0,"49.5462","23.0822","146.991","-1.70003","1.57956","179.378"
1424,0,"49.5008","22.9923","146.832","-1.61999","1.67554","179.362"
1425,0,"49.4805","22.9294","146.79","-1.59728","1.7864","179.358"
1426,0,"49.6159","22.7561","147.035","-1.80764","2.01424","179.466"
1427,0,"49.5221","22.9165","146.922","-1.70189","1.83828","179.364"
1428,0,"49.5377","22.8823","146.939","-1.72322","1.88119","179.35"
1429,0,"49.5011","23.0532","146.925","-1.6815","1.58582","179.351"
1430,0,"49.4961","22.7952","146.848","-1.74961","1.84018","179.409"
1431,0,"49.4758","22.9102","146.782","-1.65936","1.78847","179.351"
1432,0,"49.4808","23.0137","146.857","-1.65687","1.65351","179.351"
1433,0,"49.5186","22.8821","146.971","-1.72677","1.85835","179.36"
1434,0,"49.4805","22.9441","146.843","-1.63926","1.75042","179.388"
1435,0,"49.5213","22.9799","146.894","-1.62729","1.64844","179.36"
1436,0,"49.485","23.0866","146.842","-1.64844","1.70579","179.397"
1437,0,"49.501","22.9178","146.927","-1.68066","1.85315","179.379"
1438,0,"49.4468","22.938","146.797","-1.6987","1.78625","179.316"
1439,0,"49.5107","22.9682","146.819","-1.71244","1.59674","179.427"
1440,0,"49.4701","22.9764","146.764","-1.63505","1.79852","179.367"
1441,0,"49.5151","22.9111","146.885","-1.65596","1.80249","179.37"
1442,0,"49.4787","22.9582","146.769","-1.60086","1.73937","179.361"
1443,0,"49.5427","22.9768","146.93","-1.73425","1.5243","179.442"
1444,0,"49.4749","23.0551","146.909","-1.6475","1.6356","179.386"
1445,0,"49.4793","22.9416","146.804","-1.66165","1.81644","179.399"
1446,0,"49.5177","22.8804","146.866","-1.66737","1.84903","179.353"
1447,0,"49.5188","22.8182","146.96","-1.68033","1.88445","179.366"
1448,0,"49.5201","22.9084","146.864","-1.63768","1.77011","179.372"
1449,0,"49.5105","22.8974","146.828","-1.58915","1.76469","179.357"
1450,0,"49.5107","22.9707","146.866","-1.65707","1.6926","179.356"
1451,0,"49.4993","22.9567","146.91","-1.71789","1.76629","179.361"
1452,0,"49.5024","22.9255","146.921","-1.66683","1.76989","179.375"
1453,0,"49.4597","23.0525","146.808","-1.64561","1.64828","179.339"
1454,0,"49.4249","23.0284","146.759","-1.6316","1.69468","179.338"
1455,0,"49.5197","22.9177","146.833","-1.71863","1.65361","179.433"
1456,0,"49.5297","22.8404","146.804","-1.67895","1.68379","179.448"
1457,0,"49.4807","23.047","146.807","-1.60979","1.63369","179.386"
1458,0,"49.4923","22.9808","146.865","-1.57072","1.67152","179.37"
1459,0,"48.8961","26.1151","145.041","0.0171097","0.0739342","180.631"
1460,0,"48.9072","26.2666","145.03","0.0704242","-0.0496451","180.667"
1461,0,"48.963","26.135","145.182","-0.0748326","0.183235","180.639"
1462,0,"48.9752","26.1624","145.275","-0.104199","0.14129","180.65"
1463,0,"48.9903","26.1262","145.217","-0.130651","-0.0843927","180.742"
1464,0,"48.8823","26.5116","145.098","-0.034855","-0.382187","180.815"
1465,0,"48.9217","26.4317","145.215","-0.0355493","-0.326325","180.68"
1466,0,"48.8833","26.3619","145.182","-0.0538211","-0.182056","180.692"
1467,0,"48.9177","26.3224","145.194","-0.120566","-0.188501","180.669"
1468,0,"48.8501","26.5415","145.17","-0.0262816","-0.493392","180.685"
1469,0,"48.9189","26.3481","145.156","-0.00378005","-0.284388","180.696"
1470,0,"48.9306","26.4274","145.165","-0.0314587","-0.343219","180.708"
1471,0,"48.9353","26.2432","145.254","-0.106198","-0.150992","180.672"
1472,0,"48.877","26.2249","145.038","0.0914669","-0.240043","180.624"
1473,0,"48.835","26.2969","144.868","0.164507","-0.261161","180.62"
1474,0,"48.92","26.2196","145.07","0.0733806","-0.364728","180.647"
1475,0,"48.879","26.2846","144.996","0.049607","-0.268584","180.647"
1476,0,"48.8821","26.211","145.031","0.0769077","-0.260151","180.668"
1477,0,"48.8665","26.1906","144.949","0.091821","-0.214139","180.643"
1478,0,"48.8958","26.3934","145.095","-0.0335923","-0.301691","180.708"
1479,0,"48.9035","26.1027","145.091","-0.0435646","-0.0416157","180.623"
1480,0,"48.8433","26.2267","145.097","0.00228927","0.0157875","180.672"
1481,0,"48.9146","26.2138","145.121","-0.00710022","-0.176293","180.669"
1482,0,"49.0088","26.1238","145.351","-0.121884","-0.0279107","180.656"
1483,0,"48.8918","26.4653","145.152","0.0136777","-0.561467","180.692"
1484,0,"48.8726","26.2073","145.017","0.0847766","-0.197795","180.647"
1485,0,"48.9374","26.2319","145.027","0.0248992","-0.234819","180.637"
1486,0,"48.9744","26.2871","145.228","-0.0499398","-0.207983","180.655"
1487,0,"48.9163","26.3698","145.111","0.00627788","-0.419312","180.686"
1488,0,"48.9026","26.4523","145.126","0.0258432","-0.447835","180.658"
1489,0,"48.9395","26.283","145.15","-0.0386366","-0.22503","180.668"
1490,0,"48.8605","26.3547","145.03","0.0715123","-0.441068","180.665"
1491,0,"48.8992","26.1291","145.168","-0.0114509","-0.00882932","180.626"
1492,0,"48.921","26.2351","145.063","-0.0213172","-0.406557","180.737"
1493,0,"48.8724","26.2875","145.094","0.0097727","-0.27","180.646"
1494,0,"48.9183","26.3217","145.094","-0.00411412","-0.321886","180.644"
1495,0,"48.8935","26.0573","145.022","-0.00306909","-0.159602","180.69"
1496,0,"48.9472","26.3202","145.095","-0.016622","-0.438493","180.775"
1497,0,"48.8935","26.488","145.016","0.0468082","-0.452019","180.694"
1498,0,"48.9286","26.1708","145.079","-0.0207957","-0.185598","180.628"
1499,0,"48.9152","26.1686","145.076","-0.0198376","-0.194199","180.629"
1500,0,"48.9623","26.1489","145.119","0.0253619","-0.0683915","180.663"
1501,0,"48.9603","26.0659","145.144","-0.0672074","0.0430614","180.636"
1502,0,"48.8927","26.4284","145.083","0.0423548","-0.298575","180.719"
1503,0,"48.9327","26.482","145.266","-0.0521509","-0.513847","180.691"
1504,0,"48.8811","26.3386","144.918","0.0755996","-0.354576","180.801"
1505,0,"48.9211","26.3962","145.166","0.0388155","-0.418217","180.704"
1506,0,"48.929","26.0878","144.99","0.0821838","-0.0328672","180.625"
1507,0,"48.9527","26.3184","145.151","0.0341327","-0.341862","180.669"
1508,0,"48.9178","26.216","145.025","0.0901135","-0.196317","180.663"
1509,0,"48.8989","26.4389","145.066","0.045761","-0.642263","180.649"
1510,0,"48.9133","26.3156","145.183","-0.0589093","-0.0545795","180.688"
1511,0,"48.8571","26.2328","144.937","0.109591","-0.303292","180.652"
1512,0,"48.9078","26.3777","145.14","0.0281474","-0.396726","180.66"
1513,0,"49.0069","26.2657","145.19","-0.125691","-0.277308","180.756"
1514,0,"48.9506","26.1667","144.995","-0.00186617","-0.235627","180.737"
1515,0,"48.9165","26.347","145.173","-0.0366776","-0.251422","180.709"
1516,0,"48.9575","26.3123","145.168","-0.0640453","-0.206402","180.667"
1517,0,"48.9116","26.2532","145.153","0.0114771","-0.249575","180.671"
1518,0,"48.8826","26.4672","145.073","0.0302332","-0.466287","180.67"
1519,0,"48.9058","26.2381","145.107","-0.0292203","-0.220477","180.637"
1520,0,"48.8794","26.357","145.122","-0.0346652","-0.41911","180.623"
1521,0,"48.944","26.2756","145.076","0.0618496","-0.301904","180.689"
1522,0,"48.9487","26.0718","145.081","-0.00502843","-0.0625255","180.622"
1523,0,"48.9531","26.0358","145.082","0.0236478","-0.00770642","180.63"
1524,0,"48.9123","26.3884","145.037","0.0142938","-0.436941","180.619"
1525,0,"48.9234","26.0813","145.052","0.0272909","0.0509174","180.618"
1526,0,"48.8477","26.486","145.023","0.0734791","-0.470679","180.658"
1527,0,"48.8846","26.6042","145.212","0.00237539","-0.616547","180.746"
1528,0,"48.8849","26.4703","145.14","0.0206359","-0.560027","180.681"
1529,0,"48.8832","26.2691","145.076","0.0489198","-0.236714","180.671"
1530,0,"48.8874","26.4032","145.07","-0.0138195","-0.4141","180.651"
1531,0,"48.8957","26.4083","145.025","0.13506","-0.431982","180.703"
1532,0,"48.9283","26.1661","144.964","0.0814088","-0.136329","180.607"
1533,0,"48.9373","26.1897","145.004","0.0397297","-0.33333","180.735"
1534,0,"48.935","26.079","145.138","-0.00767154","0.0353851","180.619"
1535,0,"48.8868","26.2709","145.079","-0.00935195","-0.201674","180.613"
1536,0,"48.9011","26.4675","145.139","-0.0219996","-0.515811","180.661"
1537,0,"48.9337","26.3718","145.187","-0.00860838","-0.443442","180.679"
1538,0,"48.8353","26.409","145.083","0.0282803","-0.197798","180.697"
1539,0,"48.8731","26.3555","145.011","0.0656085","-0.480533","180.661"
1540,0,"48.9372","26.146","144.998","-0.0254843","-0.272309","180.748"
1541,0,"48.8646","26.4181","145.1","0.0378415","-0.422924","180.663"
1542,0,"48.92","26.197","145.098","-0.0075158","-0.219532","180.626"
1543,0,"48.9365","26.1468","145.11","-0.0322672","-0.0242264","180.633"
1544,0,"48.876","26.2882","145.022","0.0151939","-0.319719","180.616"
1545,0,"48.9283","26.3883","145.091","-0.00263449","-0.417729","180.656"
1546,0,"48.9182","26.2488","145.006","0.099572","-0.216018","180.653"
1547,0,"48.9231","25.8436","145.039","0.0224646","0.251498","180.578"
1548,0,"48.842","26.1608","144.98","0.0645968","-0.0890879","180.65"
1549,0,"48.9574","26.4199","145.291","-0.0840644","-0.368001","180.692"
1550,0,"48.9344","26.4749","145.186","0.0376368","-0.52078","180.721"
1551,0,"48.8755","26.026","145.065","-0.000954466","0.0321242","180.593"
1552,0,"48.8903","26.3458","145.155","0.0177388","-0.313165","180.718"
1553,0,"48.9296","26.3279","145.261","-0.069329","-0.394878","180.664"
1554,0,"48.904","26.2657","145.05","-0.0236618","-0.388709","180.732"
1555,0,"48.8893","26.3359","145.093","0.0363576","-0.267798","180.651"
1556,0,"48.9042","26.2922","145.108","0.0716657","-0.409657","180.693"
1557,0,"48.9482","26.2142","145.047","-0.0744314","-0.321195","180.725"
1558,0,"48.9347","25.9057","145.121","-0.0268142","0.220237","180.61"
1559,0,"48.8574","26.3205","145.192","-0.00533973","-0.245169","180.644"
1560,0,"48.9295","26.2421","145.061","0.086783","-0.264851","180.653"
1561,0,"48.9158","26.2607","145.075","0.00784945","-0.322983","180.64"
1562,0,"48.8244","26.2206","144.962","0.0718427","-0.302198","180.634"
1563,0,"48.9149","26.2383","145.009","0.0186489","-0.209876","180.62"
1564,0,"48.9024","26.282","145.138","-0.0241844","-0.323509","180.649"
1565,0,"48.9336","26.4784","145.284","-0.0550502","-0.475886","180.71"
1566,0,"48.9181","26.3357","145.135","0.0151618","-0.316736","180.695"
1567,0,"48.9229","26.236","144.894","0.0266244","-0.431846","180.738"
1568,0,"48.8409","26.1363","144.858","0.177226","-0.105058","180.631"
1569,0,"48.917","26.4419","145.168","-0.0853397","-0.401614","180.699"
1570,0,"48.9672","26.4154","145.21","-0.0421591","-0.338801","180.693"
1571,0,"48.9246","26.4016","145.168","-0.0263252","-0.238887","180.699"
1572,0,"48.9022","26.3067","145.11","0.0556339","-0.295855","180.648"
1573,0,"48.8835","26.3365","145.012","0.0701424","-0.510463","180.624"
1574,0,"48.8854","26.2176","145.023","0.0550776","-0.144321","180.661"
1575,0,"48.8557","26.3142","145.059","-0.00539728","-0.250531","180.651"
1576,0,"48.8497","26.4661","145.029","0.0740619","-0.343313","180.69"
1577,0,"48.8523","26.3587","144.975","0.104567","-0.485154","180.636"
1578,0,"48.8811","26.3188","145.086","0.061325","-0.349654","180.663"
1579,0,"48.8555","26.3917","145.021","0.0739254","-0.365575","180.652"
1580,0,"48.9129","26.2485","145.14","-0.0480041","-0.202889","180.671"
1581,0,"48.8929","26.3028","145.083","0.0184918","-0.34608","180.661"
1582,0,"48.9449","26.3061","145.05","0.100059","-0.343894","180.69"
1583,0,"48.9102","26.2494","145.135","0.0275032","-0.217081","180.634"
1584,0,"48.8231","26.3019","145.071","0.0219853","-0.293799","180.637"
1585,0,"48.568","26.3415","145.286","-0.151644","-0.550152","180.584"
1586,0,"48.0231","26.7554","145.601","-0.30133","-1.35285","180.428"
1587,0,"46.5807","26.051","144.438","-0.000815276","-0.0427647","180.128"
1588,0,"45.0592","25.7777","144.653","0.16975","0.370806","180.159"
1589,0,"43.092","25.931","144.782","0.372453","0.219547","180.301"
1590,0,"40.9215","25.6884","144.468","0.257709","0.516068","180.159"
1591,0,"38.8179","23.5137","146.138","-0.62894","4.22338","180.15"
1592,0,"37.0164","23.8069","146.856","-1.10917","3.88353","180.277"
1593,0,"34.6699","22.8235","146.603","-0.955255","4.86532","180.077"
1594,0,"32.3476","22.8477","146.765","-1.03216","4.64356","180.053"
1595,0,"29.9136","23.0486","146.833","-1.42757","4.69172","180.073"
1596,0,"27.4622","22.3127","147.219","-1.29094","4.89141","179.885"
1597,0,"25.0314","22.4244","146.925","-1.51503","4.97934","180.021"
1598,0,"23.1997","21.4415","147.604","-1.707","5.10138","179.877"
1599,0,"21.391","21.2027","147.467","-1.90833","5.84419","180.087"
1600,0,"18.7415","24.0356","146.09","-0.751968","3.58473","180.904"
1601,0,"16.3951","24.0151","145.881","-0.490886","3.13591","180.966"
1602,0,"14.5846","24.0542","145.67","-0.612938","3.11904","180.951"
1603,0,"12.6313","23.6626","145.976","-0.892422","3.35378","180.96"
1604,0,"10.187","24.9363","145.123","-0.0165195","1.91471","181.299"
1605,0,"8.40287","24.8228","144.929","-0.0485397","1.98333","181.396"
1606,0,"6.23006","24.8928","145.232","-0.101355","1.35356","181.413"
1607,0,"4.20532","24.8822","144.952","-0.161974","1.49723","181.421"
1608,0,"1.95751","24.5082","144.917","0.398361","2.029","181.825"
1609,0,"0.265595","23.3419","145.735","-0.157855","3.52055","181.726"
1610,0,"-1.78859","24.1938","144.982","0.154295","1.77787","181.92"
1611,0,"-4.10485","24.5522","144.658","0.489855","0.690019","181.88"
1612,0,"-6.20065","24.7896","144.654","0.123935","0.667862","181.866"
1613,0,"-8.21484","24.5129","144.938","0.396946","0.971282","182.219"
1614,0,"-10.4506","24.3901","144.887","0.705299","0.597852","182.162"
1615,0,"-12.3578","23.883","145.274","0.319319","2.11386","182.153"
1616,0,"-14.3797","23.4359","145.337","0.108509","2.05967","182.385"
1617,0,"-16.9475","24.4925","144.338","0.644179","0.855729","182.556"
1618,0,"-18.9332","23.9491","144.745","0.736839","0.877593","182.579"
1619,0,"-20.8802","23.0886","145.26","-0.256448","2.12421","182.391"
1620,0,"-22.9847","23.8403","144.472","0.134066","1.36106","182.704"
1621,0,"-25.066","23.6122","144.84","0.169143","0.951789","182.837"
1622,0,"-27.17","23.7225","144.46","0.397537","0.725423","182.958"
1623,0,"-29.2757","23.364","144.752","0.215398","1.34998","183.069"
1624,0,"-31.1514","23.1125","145.024","0.0597804","0.75444","183.016"
1625,0,"-33.3387","23.3194","144.488","0.348933","1.32402","183.267"
1626,0,"-35.3838","22.4576","144.953","0.113784","2.22023","183.456"
1627,0,"-37.5612","22.8999","144.512","0.0210015","1.14789","183.22"
1628,0,"-39.5158","22.2676","144.986","0.473665","1.87652","183.623"
1629,0,"-41.5219","22.5248","144.798","0.274574","1.22969","183.514"
1630,0,"-43.7957","22.5174","144.469","0.644053","0.964537","183.732"
1631,0,"-45.6981","22.1408","144.843","0.521553","1.36106","183.865"
1632,0,"-47.7076","22.1247","144.866","0.464213","1.49739","183.8"
1633,0,"-49.8122","21.7931","144.617","0.731541","1.49167","184.175"
1634,0,"-51.6458","21.3758","145.394","-0.0321134","1.51951","183.988"
1635,0,"-54.2601","21.4081","145.049","0.26321","1.20124","184.15"
1636,0,"-56.2019","21.2983","144.779","0.254463","1.18696","184.312"
1637,0,"-58.1937","21.4242","144.768","0.26184","1.30962","184.407"
1638,0,"-60.2706","21.0235","144.928","0.276983","1.45579","184.461"
1639,0,"-62.3626","21.0564","144.657","0.249283","0.975477","184.504"
1640,0,"-64.4067","20.7109","144.5","0.409107","1.45632","184.713"
1641,0,"-66.659","20.5919","144.814","0.382117","1.42187","184.651"
1642,0,"-68.9793","20.7098","144.112","0.445873","1.85236","185.011"
1643,0,"-70.5428","19.526","145.115","0.280938","1.40469","184.956"
1644,0,"-72.3189","19.5224","145.144","0.33282","2.07598","184.895"
1645,0,"-74.8249","19.5682","144.872","0.579185","1.48437","185.372"
1646,0,"-76.8502","19.7804","144.399","0.715058","0.790819","185.344"
1647,0,"-79.06","19.5761","144.691","0.584488","1.07861","185.342"
1648,0,"-81.0544","19.1024","144.817","0.626133","1.1529","185.554"
1649,0,"-82.8216","18.5984","144.691","0.356265","0.71984","185.688"
1650,0,"-85.5635","18.776","144.725","0.800759","1.49197","185.474"
1651,0,"-87.4863","18.4285","144.697","0.344093","1.75995","185.866"
1652,0,"-89.3744","18.1516","144.613","0.558857","0.949889","185.774"
1653,0,"-91.2452","17.8002","145.276","0.349252","1.22859","185.743"
1654,0,"-93.6243","17.9659","144.35","0.773952","0.461249","186.012"
1655,0,"-95.6827","17.43","144.861","0.415079","0.990079","186.042"
1656,0,"-97.4852","16.8029","145.01","0.434507","1.68627","185.995"
1657,0,"-99.7776","16.1884","145.241","-0.150122","2.19452","186.274"
1658,0,"-101.744","16.1136","145.103","0.00826352","1.3829","186.029"
1659,0,"-104.116","16.5834","144.391","0.643588","1.28441","186.7"
1660,0,"-105.793","15.2116","144.908","0.0495121","0.610663","187.755"
1661,0,"-107.311","14.6447","145.235","-0.231618","0.326621","187.537"
1662,0,"-110.058","14.9404","144.522","0.76366","0.0429074","187.807"
1663,0,"-111.509","13.4722","145.889","-0.954776","2.20337","187.684"
1664,0,"-113.731","13.6416","145.901","-1.081","2.44844","188.076"
1665,0,"-116.173","14.016","145.086","-0.109223","0.487822","188.139"
1666,0,"-118.12","13.5314","144.861","-0.280571","0.959416","188.156"
1667,0,"-120.25","14.3833","145.666","-0.382941","-0.449071","188.512"
1668,0,"-122.532","13.0899","145.074","-0.174899","0.549824","188.215"
1669,0,"-124.488","11.4763","145.757","-1.11743","3.34671","188.192"
1670,0,"-126.656","12.7524","145.627","-0.684543","0.591284","188.35"
1671,0,"-129.015","12.0136","144.936","-0.201672","0.967329","188.33"
1672,0,"-131.306","11.8122","144.771","-0.379847","0.854254","188.145"
1673,0,"-133.61","11.8442","144.508","-0.123899","1.09916","188.403"
1674,0,"-135.87","11.1063","144.822","-1.13085","1.88783","188.063"
1675,0,"-137.688","10.1987","145.448","-0.852452","3.09025","188.401"
1676,0,"-140.057","10.812","144.592","0.0363449","1.2354","188.509"
1677,0,"-142.081","10.3533","144.512","-0.016822","1.30682","188.329"
1678,0,"-144.235","10.3806","144.537","-0.00895654","0.946001","188.284"
1679,0,"-146.451","10.1087","144.496","0.386782","1.51541","188.591"
1680,0,"-148.034","8.62028","145.616","-1.07169","2.8544","188.074"
1681,0,"-150.539","9.67395","144.657","0.0567003","0.838762","188.401"
1682,0,"-152.701","9.3526","144.629","0.366853","1.0737","188.274"
1683,0,"-155.119","9.27947","144.198","0.46237","1.2891","188.606"
1684,0,"-157.015","9.02034","144.483","0.289569","1.32482","188.626"
1685,0,"-158.715","7.97571","145.179","-0.510338","1.87339","187.997"
1686,0,"-160.76","7.8444","144.806","-0.00014446","1.43178","188.409"
1687,0,"-162.973","8.02582","144.816","-0.101983","0.44278","188.204"
1688,0,"-165.191","7.7247","144.59","-0.00945717","0.926972","188.284"
1689,0,"-166.795","7.07242","145.036","-0.250066","1.23539","188.227"
1690,0,"-168.767","7.20472","145.009","-0.441908","1.0249","188.283"
1691,0,"-170.686","6.07473","145.563","-0.465083","2.70505","188.287"
1692,0,"-172.931","6.76989","144.843","-0.187171","0.841396","188.335"
1693,0,"-175.067","6.44648","144.816","0.0968988","0.624685","188.405"
1694,0,"-177.128","6.13686","144.824","0.0963515","0.612685","188.344"
1695,0,"-178.767","5.69984","144.909","-0.379314","1.36651","188.392"
1696,0,"-180.758","5.45875","144.921","0.0598947","1.68609","188.457"
1697,0,"-182.595","4.72336","145.574","-1.00446","1.34529","188.263"
1698,0,"-184.771","4.907","145.09","-0.180297","1.08856","188.35"
1699,0,"-187.141","4.96518","144.729","-0.11716","0.642243","188.518"
1700,0,"-189.581","4.84363","144.594","0.0604201","1.19859","188.792"
1701,0,"-191.517","4.44059","144.459","-0.201767","1.51376","188.837"
1702,0,"-193.184","3.92788","144.913","-0.231843","0.802762","188.795"
1703,0,"-194.952","3.11367","145.363","-0.420391","1.45953","188.884"
1704,0,"-197.477","3.53863","144.849","-0.118004","0.425106","188.892"
1705,0,"-199.329","3.28614","144.89","-0.0779681","0.59319","189.128"
1706,0,"-201.317","2.48156","144.743","0.0213764","1.20034","189.275"
1707,0,"-203.473","2.43722","144.542","-0.361968","0.931815","189.071"
1708,0,"-205.594","2.04381","144.885","0.0189164","0.719274","189.358"
1709,0,"-208.191","2.3605","143.996","0.440439","0.935564","189.659"
1710,0,"-210.048","1.70051","144.424","0.277118","0.162693","189.413"
1711,0,"-212.143","1.32333","144.423","-0.191711","0.824826","189.489"
1712,0,"-214.101","0.756242","144.413","-0.11412","0.457904","189.473"
1713,0,"-215.819","0.127928","144.931","-0.248089","0.339667","189.598"
1714,0,"-217.933","-0.301739","144.898","-0.216232","0.907095","189.772"
1715,0,"-220.319","-0.199065","144.537","0.0367081","0.473313","189.806"
1716,0,"-222.565","0.118401","144.639","0.157864","-0.637495","190.128"
1717,0,"-224.376","-0.476579","144.673","-0.0694436","0.5003","190.192"
1718,0,"-226.264","-1.74034","145.153","-0.207401","0.813149","190.086"
1719,0,"-228.347","-1.08063","145.225","-0.0286784","-0.173877","190.202"
1720,0,"-230.311","-2.2707","144.79","0.364925","1.39945","190.34"
1721,0,"-232.4","-2.44183","144.827","0.303423","0.185935","190.238"
1722,0,"-234.733","-1.81625","144.466","0.218714","-1.03525","190.482"
1723,0,"-236.216","-3.82834","145.097","-0.189671","0.771789","190.522"
1724,0,"-238.84","-3.3061","144.393","0.284829","1.02459","190.7"
1725,0,"-241.023","-4.07629","144.268","-0.945227","1.07062","190.74"
1726,0,"-242.606","-4.51274","144.688","-0.193486","0.430961","190.731"
1727,0,"-245.05","-4.27392","144.037","0.640122","-0.10906","190.631"
1728,0,"-246.769","-5.29187","144.851","-0.334093","0.548788","190.914"
1729,0,"-248.867","-5.70352","144.405","0.0829592","0.706617","191.111"
1730,0,"-251.156","-6.06642","144.337","0.4548","0.32457","191.297"
1731,0,"-253.164","-6.3218","144.291","0.183405","0.551039","191.362"
1732,0,"-255.494","-6.66128","144.246","0.472503","0.457836","191.607"
1733,0,"-257.224","-7.20704","144.205","0.264754","0.160886","191.481"
1734,0,"-259.295","-7.75895","144.164","0.111347","0.645983","191.62"
1735,0,"-261.142","-8.10923","144.371","0.474791","1.10813","191.826"
1736,0,"-262.996","-8.33324","144.59","0.175878","0.19704","191.693"
1737,0,"-265.158","-9.20233","144.418","0.0300354","0.262663","191.797"
1738,0,"-267.103","-9.48188","144.605","-0.0932792","0.0242778","191.838"
1739,0,"-269.515","-9.4355","144.437","0.0616035","0.0705077","192.102"
1740,0,"-271.303","-10.5815","144.842","-0.113596","0.838748","192.243"
1741,0,"-273.115","-10.7997","144.571","-0.239509","0.989815","192.177"
1742,0,"-275.127","-11.7316","145.158","-0.135446","0.790942","192.335"
1743,0,"-277.147","-11.7332","144.823","-0.253154","0.892846","192.356"
1744,0,"-279.301","-12.4777","145.257","-0.0918797","0.380334","192.378"
1745,0,"-281.507","-12.4955","144.852","0.155189","0.344389","192.389"
1746,0,"-283.853","-12.8901","144.572","0.157502","1.01153","192.554"
1747,0,"-285.977","-13.283","144.675","0.298544","0.856817","192.556"
1748,0,"-287.877","-14.0299","144.669","0.477967","1.21","192.252"
1749,0,"-289.97","-14.3442","145.191","0.211863","1.31746","192.4"
1750,0,"-291.948","-14.7217","145.621","-0.055615","1.58368","192.46"
1751,0,"-294.6","-14.6424","144.571","0.793626","0.927812","192.643"
1752,0,"-296.478","-15.6501","145.402","0.907406","1.44816","192.474"
1753,0,"-298.479","-16.2589","145.392","0.158023","1.72855","192.508"
1754,0,"-300.608","-17.0252","145.303","0.690829","1.35432","192.699"
1755,0,"-302.526","-17.4121","145.418","0.209581","1.39142","192.596"
1756,0,"-304.116","-18.6887","147.148","-0.796931","2.65826","192.595"
1757,0,"-306.744","-18.3249","145.449","0.222304","2.42077","192.933"
1758,0,"-308.623","-18.8701","145.663","0.324546","1.48589","192.976"
1759,0,"-310.503","-19.3862","146.067","0.00791717","1.70054","193.099"
1760,0,"-312.708","-20.0883","145.702","-0.011665","2.28527","193.139"
1761,0,"-314.783","-20.6868","145.658","0.140549","2.39286","193.343"
1762,0,"-316.596","-21.5068","146.383","-0.323567","4.05218","193.579"
1763,0,"-318.829","-21.5274","145.616","0.271142","1.55706","193.534"
1764,0,"-320.779","-22.076","145.551","0.502674","2.15095","193.787"
1765,0,"-322.982","-22.099","145.26","0.611223","1.55786","193.896"
1766,0,"-324.672","-23.0933","145.388","0.52763","2.13482","194.061"
1767,0,"-326.611","-23.6912","145.335","-0.054806","2.59636","193.928"
1768,0,"-328.053","-25.8591","146.433","-1.00522","5.03414","193.868"
1769,0,"-330.234","-26.1192","146.207","-0.652598","5.32001","194.177"
1770,0,"-332.586","-25.196","145.621","0.263787","1.61119","194.271"
1771,0,"-334.705","-25.5168","145.249","0.817754","1.71528","194.627"
1772,0,"-336.53","-25.9144","146.107","0.191974","0.891874","194.657"
1773,0,"-338.767","-26.4748","145.864","0.499029","1.1898","194.685"
1774,0,"-340.599","-27.3842","145.764","0.201384","1.76933","194.843"
1775,0,"-342.236","-28.2992","145.904","0.545434","2.40113","194.825"
1776,0,"-344.124","-29.3234","145.747","-0.165067","4.25641","195.076"
1777,0,"-346.604","-28.8964","145.407","0.427753","1.21695","195.162"
1778,0,"-348.376","-29.5903","145.008","0.392763","1.84459","195.316"
1779,0,"-350.247","-30.1711","145.22","0.409774","2.31323","195.624"
1780,0,"-351.86","-30.8413","145.148","0.0419168","2.41737","195.504"
1781,0,"-353.896","-31.2517","145.03","0.0498309","2.15317","195.583"
1782,0,"-355.768","-31.5282","144.906","0.084203","1.27436","195.668"
1783,0,"-358.044","-31.6778","144.049","0.828492","0.833775","195.987"
1784,0,"-359.34","-32.7786","144.835","0.0393368","0.493561","195.766"
1785,0,"-361.056","-33.7826","145.044","-0.424191","2.33564","195.837"
1786,0,"-362.846","-34.0787","145.146","-0.0273392","0.832644","195.815"
1787,0,"-364.603","-35.5598","145.338","-0.783582","3.2835","195.963"
1788,0,"-366.875","-35.5771","145.124","-0.12963","1.47511","196.294"
1789,0,"-368.822","-35.9362","145.085","0.0666877","1.16894","196.338"
1790,0,"-371.131","-36.0589","145.066","-0.622295","1.85779","196.776"
1791,0,"-373.191","-36.3683","144.905","0.196496","0.536273","196.847"
1792,0,"-374.991","-37.5423","144.558","-0.188108","1.72687","196.815"
1793,0,"-377","-38.7703","144.88","-0.644749","1.96656","196.829"
1794,0,"-378.454","-39.9471","146.112","-1.49189","3.25587","196.783"
1795,0,"-380.848","-40.0524","144.61","-0.112915","1.05742","197.053"
1796,0,"-382.634","-40.7763","144.941","-0.0832045","1.81381","197.277"
1797,0,"-384.899","-41.0511","144.584","-0.24645","1.99883","197.437"
1798,0,"-386.857","-41.7083","144.725","-0.0129386","1.0944","197.57"
1799,0,"-388.815","-42.203","144.372","0.116989","1.40319","197.702"
1800,0,"-390.544","-42.9924","144.911","-0.263359","1.12443","197.566"
1801,0,"-392.315","-43.9906","144.815","-0.469985","1.52993","197.685"
1802,0,"-394.055","-44.4999","144.963","-0.244737","1.59824","197.831"
1803,0,"-395.901","-45.5216","144.688","0.277099","1.30792","197.817"
1804,0,"-397.847","-46.4841","144.449","-0.16626","2.36435","198.028"
1805,0,"-400.036","-46.312","144.466","0.176665","1.30381","198.324"
1806,0,"-401.471","-47.7227","145.759","-0.751485","3.30086","198.251"
1807,0,"-403.964","-48.0741","144.681","-0.30255","1.09861","198.429"
1808,0,"-405.612","-48.8005","144.642","-0.129724","1.34558","198.491"
1809,0,"-407.281","-50.5584","145.625","-1.00957","2.80893","198.365"
1810,0,"-409.833","-50.1996","144.736","-0.509393","2.07984","198.838"
1811,0,"-411.966","-50.808","144.88","-0.367297","1.8404","198.882"
1812,0,"-414.089","-51.4979","144.649","0.272565","0.335839","198.757"
1813,0,"-416.456","-52.4754","144.684","-0.0794395","1.63959","198.861"
1814,0,"-418.34","-53.4703","144.72","-0.196944","1.54756","198.777"
1815,0,"-420.64","-53.9003","144.642","0.372502","1.8204","198.845"
1816,0,"-423.1","-55.204","144.949","-0.715581","2.48276","198.875"
1817,0,"-425.227","-56.2197","145.149","-0.35383","4.25264","198.787"
1818,0,"-428.236","-55.9872","144.429","0.387809","-0.275469","198.726"
1819,0,"-430.311","-57.2344","144.779","-0.157707","1.38844","198.773"
1820,0,"-432.413","-56.2289","146.426","-0.308541","-1.09978","198.946"
1821,0,"-434.918","-57.1939","146.061","-0.51699","-0.456644","199.06"
1822,0,"-437.118","-57.9857","146.338","-0.510458","-0.507791","198.977"
1823,0,"-439.516","-58.6721","145.45","0.193214","-0.529932","199.19"
1824,0,"-441.551","-59.0408","145.797","-0.35488","-1.05224","199.04"
1825,0,"-443.771","-59.7229","146.017","-0.257337","-0.966031","199.142"
1826,0,"-445.905","-60.0103","145.862","-0.14198","-1.22286","199.185"
1827,0,"-447.725","-60.253","146.352","0.213963","-1.16284","199.161"
1828,0,"-450.312","-61.1746","146.02","-0.532248","-1.63211","199.503"
1829,0,"-452.258","-61.5326","146.399","-0.546779","-2.04861","199.466"
1830,0,"-455.278","-60.8543","144.758","0.712602","-4.31328","199.758"
1831,0,"-457.254","-61.6291","145.033","0.56656","-4.98868","199.574"
1832,0,"-459.356","-61.7884","145.487","0.304844","-3.64135","200.01"
1833,0,"-461.298","-62.2492","145.214","0.387789","-3.89877","200.014"
1834,0,"-463.245","-62.8296","145.419","0.533542","-4.28501","200.068"
1835,0,"-465.14","-62.9834","145.393","0.96211","-3.51434","200.434"
1836,0,"-467.327","-63.8849","144.903","0.913812","-4.08452","200.287"
1837,0,"-469.071","-64.617","145.35","0.292385","-3.61556","200.306"
1838,0,"-471.247","-64.9374","145.089","1.05168","-3.7348","200.522"
1839,0,"-472.823","-65.8073","144.879","1.36225","-4.50693","200.185"
1840,0,"-474.679","-66.3848","145.228","1.1392","-3.84418","200.351"
1841,0,"-476.542","-67.0734","145.29","1.03743","-4.46773","200.371"
1842,0,"-478.706","-67.4134","145.141","1.28154","-4.06668","200.53"
1843,0,"-480.261","-68.1386","145.196","1.49068","-4.34597","200.409"
1844,0,"-482.196","-68.7762","145.594","0.979029","-3.88184","200.51"
1845,0,"-484.279","-69.4912","145.458","0.888021","-2.92199","200.903"
1846,0,"-486.089","-70.2054","145.425","1.5028","-4.08299","200.556"
1847,0,"-488.209","-71.0477","144.864","1.96239","-4.70861","200.657"
1848,0,"-490.221","-71.9136","145.261","1.41884","-3.6963","200.859"
1849,0,"-491.529","-72.1304","145.107","1.57789","-3.35931","200.822"
1850,0,"-493.03","-73.4916","145.907","0.959816","-3.27798","200.672"
1851,0,"-495.777","-74.0421","145.215","0.760559","-3.09045","201.09"
1852,0,"-497.265","-75.0681","145.061","1.43981","-3.65282","200.898"
1853,0,"-499.209","-75.6926","145.514","1.22393","-3.6369","201.028"
1854,0,"-501.395","-76.4001","145.394","1.22713","-3.77375","201.11"
1855,0,"-502.903","-77.4314","145.87","1.03171","-3.09199","201.137"
1856,0,"-504.777","-78.4561","146.111","0.314805","-2.44293","201.039"
1857,0,"-506.957","-79.1176","146.759","-0.480677","-0.759167","201.677"
1858,0,"-509.292","-79.4349","145.771","0.574222","-1.81642","201.407"
1859,0,"-511.148","-80.3178","145.774","0.476436","-1.51418","201.511"
1860,0,"-513.49","-80.8883","145.588","0.724991","-2.43577","201.472"
1861,0,"-515.361","-81.2445","146.31","1.3287","-1.96183","201.385"
1862,0,"-516.849","-82.8857","147.094","0.811782","-2.12882","200.995"
1863,0,"-519.546","-83.4493","146.289","0.807923","-1.31863","201.341"
1864,0,"-521.53","-83.9734","146.452","1.55663","-1.74484","201.309"
1865,0,"-523.243","-84.745","146.465","1.50052","-1.66063","201.126"
1866,0,"-525.42","-85.7533","146.308","1.34605","-1.4044","201.215"
1867,0,"-527.551","-86.1879","145.986","1.64308","-1.82841","201.044"
1868,0,"-529.39","-86.6297","145.856","1.90769","-1.00393","200.984"
1869,0,"-531.268","-88.2045","145.921","1.11003","-0.58906","200.941"
1870,0,"-533.437","-88.8152","145.361","1.18975","0.279671","201.016"
1871,0,"-535.513","-89.3534","144.908","1.85878","0.0933521","200.929"
1872,0,"-536.89","-90.1516","145.297","1.60344","0.373967","200.81"
1873,0,"-539.234","-90.7834","144.944","1.9332","-0.303117","200.743"
1874,0,"-541.054","-91.6624","144.687","2.12088","-0.954769","200.508"
1875,0,"-542.792","-92.1473","144.55","2.39302","-0.297255","200.506"
1876,0,"-544.368","-93.222","145.216","1.7951","-0.509369","200.408"
1877,0,"-546.835","-93.43","144.47","2.04994","-0.458576","200.652"
1878,0,"-548.692","-94.2467","144.26","2.48879","0.00283727","200.675"
1879,0,"-550.351","-95.0147","144.54","2.138","-0.101018","200.657"
1880,0,"-552.509","-95.7647","144.059","2.56531","-0.521613","200.571"
1881,0,"-554.371","-96.1549","143.944","2.89786","-0.890193","200.467"
1882,0,"-555.849","-96.7124","144.485","2.50226","-0.62722","200.424"
1883,0,"-558.035","-97.7768","144.091","2.54929","-0.775025","200.453"
1884,0,"-560.103","-98.36","144.262","2.30917","-0.757074","200.591"
1885,0,"-562.072","-98.7973","143.945","2.81428","-0.511137","200.595"
1886,0,"-563.78","-99.7259","144.209","2.80539","-1.35573","200.41"
1887,0,"-565.787","-100.582","143.719","3.15524","-1.62204","200.407"
1888,0,"-567.805","-101.136","144.055","3.08099","-1.53137","200.522"
1889,0,"-569.285","-101.777","144.382","2.61676","-0.956281","200.469"
1890,0,"-571.425","-102.683","144.157","2.6972","-0.914908","200.608"
1891,0,"-573.422","-103.244","144.031","2.57757","-0.399266","200.868"
1892,0,"-575.487","-103.928","143.96","3.01003","-0.827425","200.761"
1893,0,"-577.195","-104.759","144.448","2.70386","-0.831687","200.772"
1894,0,"-579.416","-105.641","143.933","2.77113","-0.936959","200.787"
1895,0,"-581.215","-105.991","144.498","2.57019","-0.670537","200.976"
1896,0,"-583.01","-107.086","144.594","2.35714","-0.84261","200.815"
1897,0,"-585.012","-108.09","144.301","2.35101","-0.728589","200.807"
1898,0,"-587.248","-108.607","144.251","2.89195","-0.887694","201.011"
1899,0,"-589.144","-109.298","144.059","2.75131","-0.626427","201.03"
1900,0,"-591.283","-110.252","143.992","3.07743","-1.71627","200.967"
1901,0,"-593.148","-110.82","144.025","2.79183","-0.873628","201.046"
1902,0,"-594.904","-113.065","142.675","-1.84202","-1.45555","202.377"
1903,0,"-597.043","-112.957","143.821","0.639197","-1.73503","201.704"
1904,0,"-599.657","-113.517","142.91","1.42237","-2.13879","201.702"
1905,0,"-601.395","-114.129","143.509","1.07133","-2.03328","201.794"
1906,0,"-603.404","-114.749","143.537","1.31246","-2.28632","201.739"
1907,0,"-605.335","-115.981","143.541","1.26015","-1.60952","201.869"
1908,0,"-607.484","-116.686","142.995","1.3175","-1.89456","201.619"
1909,0,"-609.301","-117.2","143.59","1.54102","-2.38704","201.581"
1910,0,"-611.011","-118.094","143.35","1.14762","-1.97826","201.395"
1911,0,"-613.582","-118.635","143.106","1.93017","-1.98607","201.543"
1912,0,"-615.547","-118.987","143.097","2.32698","-2.68068","201.354"
1913,0,"-617.184","-119.655","143.436","2.08045","-2.21632","201.17"
1914,0,"-619.203","-120.37","143.463","2.44646","-2.09954","201.068"
1915,0,"-620.862","-120.745","143.917","2.12637","-2.03185","200.927"
1916,0,"-622.722","-121.431","144.083","2.23434","-1.88519","200.886"
1917,0,"-624.485","-122.173","144.281","2.18719","-1.29471","200.88"
1918,0,"-626.587","-122.75","143.976","2.66041","-1.5429","200.762"
1919,0,"-628.47","-123.219","144.353","2.47443","-1.48911","200.762"
1920,0,"-630.459","-124.25","144.011","2.61154","-1.2457","200.578"
1921,0,"-632.324","-125.052","144.039","2.78739","-1.05164","200.58"
1922,0,"-634.179","-125.307","144.365","2.61854","-1.58728","200.45"
1923,0,"-636.137","-126.203","144.215","2.64228","-1.19095","200.371"
1924,0,"-638.359","-127.009","143.829","2.8932","-1.12929","200.442"
1925,0,"-640.183","-127.479","144.124","2.85632","-1.54878","200.327"
1926,0,"-642.301","-128.046","143.865","3.05632","-1.30395","200.362"
1927,0,"-643.643","-128.085","145.24","2.45617","-2.79912","200.196"
1928,0,"-645.468","-129.052","145.01","2.47779","-2.56762","200.119"
1929,0,"-647.329","-129.434","145.336","2.28086","-2.52464","200.264"
1930,0,"-649.162","-129.809","145.543","2.08861","-3.06351","200.109"
1931,0,"-651.202","-130.692","144.992","2.37702","-2.00268","200.341"
1932,0,"-652.968","-131.503","145.203","2.32329","-2.09352","200.275"
1933,0,"-655.183","-131.725","144.99","2.56225","-2.46522","200.343"
1934,0,"-656.878","-132.79","144.872","2.61136","-2.40109","200.235"
1935,0,"-658.777","-133.423","145.106","2.40467","-2.17881","200.38"
1936,0,"-660.798","-133.946","145.213","2.4765","-2.48326","200.415"
1937,0,"-662.752","-134.838","144.81","2.3362","-2.49673","200.293"
1938,0,"-664.808","-135.591","144.965","2.42585","-1.9255","200.503"
1939,0,"-666.76","-136.12","145.261","2.45173","-2.69407","200.489"
1940,0,"-668.686","-136.744","144.941","2.41493","-2.28195","200.583"
1941,0,"-670.403","-137.751","145.305","1.99328","-2.37834","200.429"
1942,0,"-672.667","-138.485","144.822","2.37751","-2.25177","200.553"
1943,0,"-674.429","-139.255","145.157","2.20448","-2.52717","200.552"
1944,0,"-676.57","-139.641","144.783","2.41527","-2.23098","200.765"
1945,0,"-678.589","-140.729","144.674","2.67242","-2.29292","200.71"
1946,0,"-680.413","-141.392","144.766","2.68253","-2.35501","200.766"
1947,0,"-682.211","-141.602","145.071","2.48549","-3.17069","200.682"
1948,0,"-684.134","-143.044","144.787","2.57019","-2.43247","200.759"
1949,0,"-686.015","-143.543","144.669","2.4573","-2.10455","200.899"
1950,0,"-687.637","-143.71","145.338","2.17479","-2.94068","200.876"
1951,0,"-689.852","-145.073","144.855","2.45844","-2.3639","200.937"
1952,0,"-691.996","-145.608","144.727","2.50867","-2.21869","201.076"
1953,0,"-693.713","-146.079","145.176","2.39922","-3.20169","200.917"
1954,0,"-696.017","-147.125","144.598","2.34375","-2.60346","200.9"
1955,0,"-698.036","-148.123","144.918","2.53882","-2.43879","201.055"
1956,0,"-699.814","-148.331","145.062","2.45679","-2.92941","200.968"
1957,0,"-702.112","-149.467","144.615","2.57814","-1.8981","201.136"
1958,0,"-704.178","-150.084","144.574","2.66053","-2.4405","201.06"
1959,0,"-706.304","-150.612","144.687","2.50224","-2.26617","201.002"
1960,0,"-708.313","-151.452","144.506","2.68705","-2.53476","200.96"
1961,0,"-710.032","-152.155","144.739","2.41007","-2.38855","200.952"
1962,0,"-711.764","-152.994","145.058","2.14435","-2.08224","200.955"
1963,0,"-714.002","-153.602","144.474","2.61858","-2.33955","200.876"
1964,0,"-715.804","-154.296","144.762","2.4662","-2.60974","200.815"
1965,0,"-717.992","-154.638","144.758","2.50499","-2.53876","200.856"
1966,0,"-719.769","-155.01","144.883","2.2609","-2.08543","200.958"
1967,0,"-721.486","-156.271","145.139","2.15282","-2.6675","200.648"
1968,0,"-723.647","-156.736","144.917","2.16238","-1.59093","200.898"
1969,0,"-725.488","-157.31","144.882","2.25173","-1.95937","200.802"
1970,0,"-727.66","-158.165","144.776","2.37644","-2.16134","200.593"
1971,0,"-729.577","-158.706","144.81","2.29495","-1.72423","200.713"
1972,0,"-731.88","-159.014","144.618","2.54187","-2.11492","200.749"
1973,0,"-733.334","-159.715","145.127","2.29924","-2.24359","200.514"
1974,0,"-735.336","-160.598","144.973","2.23415","-2.01067","200.526"
1975,0,"-737.51","-161.64","144.307","2.68838","-2.97798","200.077"
1976,0,"-739.432","-162.004","144.782","2.49405","-3.12831","200.016"
1977,0,"-741.403","-162.837","144.533","2.64785","-3.18821","199.904"
1978,0,"-743.77","-163.315","144.165","2.79693","-3.27495","199.795"
1979,0,"-745.47","-164.085","144.356","2.63603","-2.91841","199.821"
1980,0,"-747.107","-164.897","144.689","2.24528","-2.84252","199.585"
1981,0,"-749.452","-165.46","144.363","2.71793","-2.79854","199.655"
1982,0,"-751.001","-166.151","144.792","2.0701","-2.57949","199.507"
1983,0,"-753.37","-166.454","144.619","2.68057","-3.26058","199.472"
1984,0,"-755.776","-167.092","144.262","2.80192","-3.43028","199.377"
1985,0,"-757.461","-167.82","144.42","2.71947","-2.91066","199.415"
1986,0,"-759.234","-168.505","144.853","2.30114","-2.92602","199.303"
1987,0,"-759.829","-169.207","146.525","0.3746","-1.18756","199.385"
1988,0,"-762.16","-169.919","145.804","0.991409","-2.05274","199.037"
1989,0,"-763.901","-170.459","146.166","0.510537","-1.61032","199.027"
1990,0,"-766.191","-170.455","145.852","0.910985","-1.92837","199.136"
1991,0,"-768.105","-171.601","145.761","0.84168","-2.0007","198.746"
1992,0,"-770.286","-172.243","145.547","0.963905","-1.40616","198.866"
1993,0,"-772.005","-172.796","146.048","0.762129","-1.9592","198.708"
1994,0,"-773.909","-173.135","145.959","0.694896","-1.91854","198.578"
1995,0,"-775.931","-173.896","145.726","0.895641","-1.6115","198.504"
1996,0,"-778.215","-174.163","145.622","0.948089","-2.37321","198.317"
1997,0,"-779.819","-174.882","145.966","0.601901","-1.6841","198.419"
1998,0,"-781.96","-175.549","145.718","0.885829","-2.10376","198.173"
1999,0,"-783.635","-175.844","146.495","0.0786853","-0.91625","198.452"
2000,0,"-785.779","-176.651","145.9","0.57247","-1.30189","198.22"
2001,0,"-787.52","-177.223","146.393","0.0733211","-0.991118","198.127"
2002,0,"-789.786","-177.281","146.178","0.521775","-1.78806","198.046"
2003,0,"-791.492","-178.098","146.096","0.392185","-1.25939","197.909"
2004,0,"-793.682","-179.044","146.018","0.68195","-2.06242","197.57"
2005,0,"-795.599","-179.326","145.895","0.539585","-1.56156","197.657"
2006,0,"-797.495","-179.933","145.994","0.487514","-1.27681","197.565"
2007,0,"-799.667","-180.588","145.794","0.685657","-1.55392","197.415"
2008,0,"-801.828","-180.735","145.706","0.757327","-2.03553","197.287"
2009,0,"-803.614","-181.434","146.117","0.533459","-1.30575","197.395"
2010,0,"-805.672","-182.351","145.628","0.628666","-1.41111","197.069"
2011,0,"-807.432","-182.857","146.355","0.293326","-0.972254","197.13"
2012,0,"-809.558","-182.897","146.149","0.320782","-1.41508","197.111"
2013,0,"-811.927","-183.994","145.717","0.915576","-2.46983","196.55"
2014,0,"-813.756","-184.192","145.904","0.6459","-2.07273","196.628"
2015,0,"-815.468","-184.73","145.908","0.619693","-1.48249","196.678"
2016,0,"-817.473","-185.265","145.959","0.630841","-1.60211","196.497"
2017,0,"-819.338","-185.836","146.193","0.407816","-1.23459","196.459"
2018,0,"-821.496","-186.236","145.885","0.570013","-1.25581","196.416"
2019,0,"-823.455","-186.414","146.14","0.16358","-0.85727","196.445"
2020,0,"-825.63","-187.246","145.76","0.680894","-1.62116","196.065"
2021,0,"-827.354","-187.799","145.937","0.350568","-1.10431","196.06"
2022,0,"-829.53","-188.148","145.788","0.552916","-1.13856","196.036"
2023,0,"-831.613","-189.01","145.718","0.66281","-1.80124","195.608"
2024,0,"-833.56","-189.326","145.825","0.447539","-1.61223","195.492"
2025,0,"-835.68","-189.612","145.869","0.510521","-1.35203","195.626"
2026,0,"-837.919","-190.156","145.662","0.551646","-1.77232","195.324"
2027,0,"-839.684","-190.747","145.997","0.469656","-1.66573","195.314"
2028,0,"-841.455","-191.058","146.059","0.294275","-1.34774","195.286"
2029,0,"-843.616","-191.547","145.992","0.402441","-1.73264","195.063"
2030,0,"-845.551","-192.189","145.948","0.365351","-1.45263","194.976"
2031,0,"-847.578","-192.568","146.025","0.325153","-1.50536","194.884"
2032,0,"-849.639","-193.061","145.925","0.437019","-1.57591","194.741"
2033,0,"-851.604","-193.687","145.685","0.443567","-1.53112","194.493"
2034,0,"-853.242","-193.994","146.395","0.00759421","-0.553452","194.726"
2035,0,"-855.362","-194.322","146.094","0.136256","-0.605161","194.591"
2036,0,"-857.519","-194.666","145.728","0.309825","-1.18221","194.327"
2037,0,"-859.539","-195.141","145.818","0.358564","-1.37625","194.165"
2038,0,"-861.347","-195.532","146.078","0.0385307","-0.558129","194.284"
2039,0,"-863.481","-196.1","146.042","0.211986","-0.896498","194.097"
2040,0,"-865.67","-196.542","145.777","0.403925","-1.40466","193.838"
2041,0,"-867.718","-196.846","145.741","0.364853","-1.13706","193.801"
2042,0,"-869.606","-197.345","145.735","0.431059","-1.34174","193.604"
2043,0,"-871.644","-197.789","145.664","0.401945","-1.39127","193.436"
2044,0,"-873.711","-198.002","145.824","0.358617","-1.77829","193.369"
2045,0,"-875.638","-198.56","145.713","0.322588","-1.26385","193.305"
2046,0,"-877.565","-199.052","145.869","0.247379","-1.50846","193.168"
2047,0,"-879.783","-199.315","145.841","0.338788","-1.44857","193.114"
2048,0,"-881.457","-199.826","146.088","0.0597294","-0.896349","193.062"
2049,0,"-883.817","-200.03","145.763","0.262539","-1.7793","192.752"
2050,0,"-885.951","-200.39","145.701","0.260796","-1.66532","192.635"
2051,0,"-887.81","-200.896","145.814","0.226781","-1.45076","192.569"
2052,0,"-889.575","-201.364","146.151","0.0489164","-0.982575","192.579"
2053,0,"-891.789","-201.675","145.616","0.355178","-1.27352","192.355"
2054,0,"-893.95","-201.917","145.542","0.390568","-1.31959","192.304"
2055,0,"-895.864","-202.369","145.685","0.346468","-1.34887","192.165"
2056,0,"-897.847","-202.54","145.508","0.342162","-1.41027","191.998"
2057,0,"-899.813","-203.107","145.663","0.345004","-1.4141","191.858"
2058,0,"-901.763","-203.447","145.732","0.281241","-1.52207","191.74"
2059,0,"-903.826","-203.756","145.581","0.381996","-1.20366","191.691"
2060,0,"-905.905","-204.114","145.562","0.285154","-1.16223","191.559"
2061,0,"-907.695","-204.488","145.893","0.157091","-0.926379","191.534"
2062,0,"-909.905","-204.709","145.602","0.214136","-1.157","191.326"
2063,0,"-911.991","-205.133","145.386","0.348262","-1.3341","191.137"
2064,0,"-914.009","-205.567","145.659","0.201683","-1.53906","191.022"
2065,0,"-915.689","-205.677","145.799","-0.0333862","-0.610931","191.095"
2066,0,"-917.846","-206.056","145.911","0.132114","-1.1531","190.904"
2067,0,"-920.098","-206.272","145.631","0.201093","-1.46941","190.68"
2068,0,"-922.243","-206.378","145.341","0.392804","-1.55789","190.538"
2069,0,"-924.109","-206.873","145.631","0.029128","-1.10381","190.608"
2070,0,"-925.788","-207.302","145.808","0.0669674","-0.991353","190.436"
2071,0,"-927.934","-207.611","145.547","0.241104","-1.41348","190.184"
2072,0,"-929.967","-207.946","145.641","0.261055","-1.51276","190.102"
2073,0,"-932.178","-207.95","145.438","0.400306","-1.59609","189.963"
2074,0,"-933.791","-208.39","145.922","0.00932995","-0.799624","190.025"
2075,0,"-936.091","-208.714","145.535","0.237229","-1.49892","189.716"
2076,0,"-938.348","-208.855","145.287","0.344288","-1.25405","189.703"
2077,0,"-940.345","-209.231","145.458","0.242538","-1.58165","189.47"
2078,0,"-942.02","-209.599","145.751","-0.0146357","-0.527175","189.573"
2079,0,"-944.31","-209.847","145.442","0.154335","-1.4181","189.251"
2080,0,"-946.438","-210.242","145.367","0.355557","-1.37298","189.141"
2081,0,"-948.46","-210.41","145.336","0.385515","-1.40146","189.056"
2082,0,"-950.108","-210.661","145.755","0.0882413","-0.739789","189.079"
2083,0,"-952.224","-210.828","145.531","0.202402","-1.29537","188.804"
2084,0,"-954.398","-211.031","145.172","0.315824","-1.32103","188.713"
2085,0,"-956.24","-211.322","145.381","0.298171","-1.37","188.537"
2086,0,"-958.324","-211.462","145.344","0.38277","-1.23351","188.512"
2087,0,"-960.075","-211.771","145.866","0.0748342","-0.715813","188.511"
2088,0,"-962.322","-212.038","145.292","0.410687","-1.50681","188.15"
2089,0,"-964.398","-212.346","145.508","0.474986","-1.55614","188.005"
2090,0,"-966.558","-212.414","145.46","0.551844","-1.53947","187.905"
2091,0,"-968.509","-212.658","145.563","0.500426","-0.926099","187.891"
2092,0,"-970.593","-212.78","145.539","0.592003","-1.72709","187.592"
2093,0,"-972.742","-212.912","145.411","0.803382","-1.55912","187.482"
2094,0,"-974.712","-213.108","145.53","0.755402","-1.66097","187.323"
2095,0,"-976.673","-213.317","145.745","0.768659","-1.52283","187.27"
2096,0,"-978.651","-213.484","145.626","0.809648","-1.38834","187.142"
2097,0,"-980.817","-213.696","145.623","0.86161","-1.72751","186.948"
2098,0,"-982.895","-213.859","145.579","0.931282","-1.58342","186.9"
2099,0,"-985.09","-213.714","145.502","0.958513","-1.6113","186.806"
2100,0,"-986.621","-214.159","145.923","0.748776","-1.06023","186.788"
2101,0,"-988.736","-214.343","145.619","0.968788","-1.38954","186.57"
2102,0,"-990.872","-214.511","145.598","1.02315","-1.61416","186.418"
2103,0,"-992.99","-214.649","145.551","1.04789","-1.62949","186.297"
2104,0,"-995.068","-214.822","145.457","1.06997","-1.58956","186.194"
2105,0,"-997.121","-215.02","145.54","1.06972","-1.6731","186.064"
2106,0,"-999.23","-215.044","145.421","1.0399","-1.66183","185.932"
2107,0,"-1001.27","-215.115","145.448","1.10769","-1.78006","185.823"
2108,0,"-1003.13","-215.314","145.516","1.0565","-1.59541","185.715"
2109,0,"-1005.09","-215.482","145.5","0.967986","-1.51872","185.598"
2110,0,"-1007.13","-215.66","145.593","1.04722","-1.60277","185.49"
2111,0,"-1009.26","-215.58","145.391","1.04864","-1.49517","185.398"
2112,0,"-1011.42","-215.699","145.414","1.12524","-1.92952","185.225"
2113,0,"-1013.28","-215.939","145.413","1.08277","-1.66111","185.122"
2114,0,"-1015.24","-215.988","145.379","1.0122","-1.32695","185.121"
2115,0,"-1017.42","-216.113","145.348","1.09003","-1.73833","184.817"
2116,0,"-1019.23","-216.283","145.335","1.04848","-1.36238","184.782"
2117,0,"-1021.34","-216.362","145.344","1.05144","-1.58653","184.678"
2118,0,"-1023.52","-216.301","145.282","1.11437","-1.76608","184.503"
2119,0,"-1025.35","-216.366","145.462","0.953446","-1.21901","184.525"
2120,0,"-1027.25","-216.627","145.546","0.900683","-1.26171","184.377"
2121,0,"-1029.38","-216.682","145.246","1.10815","-1.48898","184.162"
2122,0,"-1031.4","-216.724","145.213","1.17407","-1.46839","184.092"
2123,0,"-1033.37","-216.826","145.376","1.05099","-1.67581","183.924"
2124,0,"-1035.2","-216.969","145.556","0.882839","-1.20508","183.867"
2125,0,"-1037.42","-216.938","145.261","1.15906","-1.56341","183.69"
2126,0,"-1039.4","-216.961","145.326","1.05486","-1.72309","183.539"
2127,0,"-1041.48","-216.92","145.232","1.16029","-1.54554","183.473"
2128,0,"-1043.36","-216.974","145.284","1.09203","-1.63888","183.329"
2129,0,"-1045.45","-217.072","145.4","1.05381","-1.203","183.301"
2130,0,"-1047.6","-217.197","145.284","1.15322","-1.6212","183.056"
2131,0,"-1049.87","-217.083","145.206","1.22238","-1.78798","182.889"
2132,0,"-1051.71","-217.217","145.28","1.1923","-1.59193","182.81"
2133,0,"-1053.73","-217.215","145.298","1.18697","-1.62232","182.697"
2134,0,"-1055.7","-217.192","145.171","1.23113","-1.46536","182.657"
2135,0,"-1057.34","-217.197","145.618","0.93251","-0.919863","182.654"
2136,0,"-1059.54","-217.241","145.291","1.18735","-1.53778","182.374"
2137,0,"-1061.59","-217.114","145.118","1.26112","-1.46976","182.283"
2138,0,"-1063.85","-217.036","145.148","1.30404","-1.9632","182.019"
2139,0,"-1065.71","-217.237","145.223","1.24036","-1.61092","181.965"
2140,0,"-1067.58","-217.186","145.343","1.07171","-1.16326","181.963"
2141,0,"-1069.72","-217.192","145.193","1.2479","-1.52101","181.76"
2142,0,"-1071.69","-217.195","145.187","1.22151","-1.55073","181.628"
2143,0,"-1073.74","-217.163","145.307","1.17016","-1.6484","181.489"
2144,0,"-1075.77","-217.125","145.169","1.27424","-1.63028","181.361"
2145,0,"-1078.01","-216.979","144.993","1.33738","-1.45235","181.293"
2146,0,"-1080.01","-216.858","145.063","1.28417","-1.58932","181.154"
2147,0,"-1081.77","-217.058","145.284","1.14353","-1.31048","181.054"
2148,0,"-1083.83","-216.984","145.217","1.19632","-1.63147","180.907"
2149,0,"-1085.73","-216.9","145.26","1.20119","-1.60003","180.783"
2150,0,"-1087.74","-216.766","145.128","1.25641","-1.55172","180.678"
2151,0,"-1089.75","-216.761","145.211","1.23155","-1.36521","180.637"
2152,0,"-1091.74","-216.759","145.18","1.27251","-1.29184","180.499"
2153,0,"-1094.11","-216.445","144.972","1.38924","-1.7579","180.33"
2154,0,"-1095.94","-216.486","145.146","1.31671","-1.56529","180.253"
2155,0,"-1098.11","-216.087","144.788","0.628553","-1.66236","179.897"
2156,0,"-1100.2","-215.969","144.898","0.534318","-1.72719","179.759"
2157,0,"-1102.18","-215.824","144.812","0.477368","-1.57251","179.633"
2158,0,"-1104.32","-215.668","144.779","0.582801","-1.31383","179.566"
2159,0,"-1106.32","-215.642","144.862","0.427231","-1.62869","179.368"
2160,0,"-1108.48","-215.414","144.614","0.52528","-1.70835","179.266"
2161,0,"-1110.4","-215.399","144.837","0.557304","-1.75528","179.133"
2162,0,"-1112.4","-215.229","144.593","0.674905","-1.86365","179.021"
2163,0,"-1114.15","-215.279","144.898","0.486351","-1.61903","178.915"
2164,0,"-1116.49","-215.035","144.47","0.775048","-2.1694","178.646"
2165,0,"-1118.51","-214.846","144.308","0.837643","-2.37829","178.471"
2166,0,"-1120.37","-214.812","144.574","0.782871","-2.25302","178.372"
2167,0,"-1122.38","-214.564","144.311","0.937724","-2.45484","178.263"
2168,0,"-1124.41","-214.471","144.538","0.797323","-2.17907","178.163"
2169,0,"-1126.46","-214.323","144.345","0.944652","-2.64456","177.967"
2170,0,"-1128.29","-214.14","144.883","0.508257","-0.897688","178.178"
2171,0,"-1130.46","-213.962","144.88","0.561472","-1.37453","177.95"
2172,0,"-1132.59","-213.766","144.669","0.598406","-1.82099","177.636"
2173,0,"-1134.54","-213.753","144.792","0.616066","-1.68129","177.589"
2174,0,"-1136.49","-213.501","144.772","0.566746","-1.67156","177.43"
2175,0,"-1138.38","-213.322","144.759","0.529458","-1.56079","177.323"
2176,0,"-1140.31","-213.161","144.962","0.488596","-1.22987","177.337"
2177,0,"-1142.17","-213.06","145","0.339662","-1.14323","177.181"
2178,0,"-1144.52","-212.813","144.637","0.543573","-1.56673","176.955"
2179,0,"-1146.67","-212.605","144.665","0.471109","-1.74579","176.82"
2180,0,"-1148.48","-212.517","144.616","0.276007","-1.66276","176.693"
2181,0,"-1150.5","-212.317","144.611","0.301646","-1.63062","176.636"
2182,0,"-1152.49","-212.205","144.686","0.180328","-1.66949","176.51"
2183,0,"-1154.5","-212.007","144.491","0.180762","-1.40795","176.455"
2184,0,"-1156.31","-211.893","144.914","-0.0992722","-1.0182","176.451"
2185,0,"-1158.65","-211.573","144.42","0.12095","-1.48737","176.204"
2186,0,"-1160.58","-211.313","144.393","0.0399675","-1.48618","176.114"
2187,0,"-1162.6","-211.028","144.534","-0.0221345","-1.69684","175.938"
2188,0,"-1164.73","-210.649","144.125","0.139844","-1.53405","175.87"
2189,0,"-1166.5","-210.718","144.366","-0.0413057","-1.50614","175.696"
2190,0,"-1168.39","-210.482","144.637","-0.190152","-1.05823","175.708"
2191,0,"-1170.6","-210.233","144.429","-0.000990007","-1.44093","175.459"
2192,0,"-1172.53","-209.992","144.407","-0.0136714","-1.46218","175.319"
2193,0,"-1174.58","-209.749","144.463","-0.00519563","-1.511","175.227"
2194,0,"-1176.62","-209.447","144.501","-0.0271512","-1.59125","175.027"
2195,0,"-1178.55","-209.316","144.49","-0.0445307","-1.57202","174.912"
2196,0,"-1180.69","-209.105","144.304","0.0652525","-1.37827","174.793"
2197,0,"-1182.56","-208.865","144.434","0.0215087","-1.14517","174.743"
2198,0,"-1184.68","-208.657","144.428","0.0138832","-1.31347","174.539"
2199,0,"-1186.69","-208.235","144.404","-0.000739444","-1.39014","174.435"
2200,0,"-1188.73","-207.871","144.379","0.0320047","-1.38303","174.236"
2201,0,"-1190.95","-207.385","144.199","0.0871893","-1.71187","174.075"
2202,0,"-1192.7","-207.336","144.315","0.0832067","-1.41317","174.009"
2203,0,"-1194.67","-207.058","144.394","0.177923","-1.48675","173.803"
2204,0,"-1196.63","-206.866","144.394","0.0443136","-1.48305","173.764"
2205,0,"-1198.53","-206.6","144.537","-0.0249861","-1.12324","173.715"
2206,0,"-1200.71","-206.231","144.465","0.0205406","-1.52911","173.542"
2207,0,"-1202.65","-205.961","144.403","0.0243912","-1.50721","173.361"
2208,0,"-1204.92","-205.405","144.313","0.0786737","-1.85262","173.168"
2209,0,"-1206.83","-205.202","144.342","0.0713107","-1.65444","173.056"
2210,0,"-1208.82","-204.979","144.471","-0.0898991","-1.64991","172.964"
2211,0,"-1210.87","-204.629","144.482","0.00552623","-1.63555","172.86"
2212,0,"-1212.88","-204.359","144.486","-0.0293784","-1.54836","172.745"
2213,0,"-1214.88","-204.013","144.524","-0.0493258","-1.68431","172.616"
2214,0,"-1216.77","-203.619","144.633","-0.108476","-1.26408","172.588"
2215,0,"-1218.85","-203.392","144.5","0.0159337","-1.72335","172.339"
2216,0,"-1220.86","-203","144.41","0.0521045","-1.86157","172.19"
2217,0,"-1222.82","-202.558","144.245","0.142844","-1.88851","172.071"
2218,0,"-1224.8","-202.264","144.22","-0.0248117","-2.03812","171.98"
2219,0,"-1226.86","-201.86","144.261","0.154277","-2.15207","171.805"
2220,0,"-1228.86","-201.492","144.034","0.214232","-2.09545","171.691"
2221,0,"-1230.84","-201.223","144.177","0.148045","-2.18443","171.554"
2222,0,"-1232.66","-200.82","144.65","-0.0603225","-0.91623","171.646"
2223,0,"-1235.01","-200.376","144.376","0.0501491","-1.41024","171.367"
2224,0,"-1237.14","-199.845","144.171","0.184497","-1.28887","171.264"
2225,0,"-1239.01","-199.615","144.317","0.157291","-1.29505","171.139"
2226,0,"-1241.05","-199.224","144.118","0.230081","-1.03164","171.069"
2227,0,"-1243.12","-199.087","143.898","0.0514841","-0.839915","171.101"
2228,0,"-1245.16","-198.703","143.749","0.42106","-0.60589","170.884"
2229,0,"-1247.17","-198.549","143.593","0.342945","-0.454085","170.824"
2230,0,"-1249.3","-198.125","143.339","0.757876","-0.202132","170.622"
2231,0,"-1251.37","-197.926","143.175","0.631503","0.206034","170.635"
2232,0,"-1253.44","-197.456","143.059","1.01494","0.0384623","170.343"
2233,0,"-1255.56","-197.172","142.743","0.769909","0.436831","170.428"
2234,0,"-1257.43","-196.512","143.038","1.18158","0.0671949","170.096"
2235,0,"-1259.5","-196.193","142.858","1.31738","0.288833","169.978"
2236,0,"-1261.57","-195.766","142.785","1.42311","0.160974","169.835"
2237,0,"-1263.71","-195.428","142.85","1.38054","0.39657","169.669"
2238,0,"-1265.89","-194.881","142.204","1.43917","0.0271165","169.685"
2239,0,"-1267.96","-194.14","142.386","1.58805","-0.407352","169.395"
2240,0,"-1269.83","-193.752","142.542","1.5516","-0.406138","169.297"
2241,0,"-1271.83","-193.386","142.345","1.53717","-0.412367","169.245"
2242,0,"-1273.75","-192.861","142.458","1.60189","-0.302993","169.116"
2243,0,"-1275.8","-192.288","142.2","1.6647","-0.457916","168.985"
2244,0,"-1277.77","-191.834","142.263","1.57374","-0.258386","168.893"
2245,0,"-1279.84","-191.241","142.17","1.67943","-0.621888","168.733"
2246,0,"-1281.68","-191.126","142.354","1.15562","-0.118224","168.84"
2247,0,"-1283.78","-190.332","142.129","1.71659","-0.614083","168.518"
2248,0,"-1285.89","-189.723","142.225","1.63378","-0.623794","168.334"
2249,0,"-1287.84","-189.282","142.083","1.67471","-0.580677","168.307"
2250,0,"-1289.75","-188.753","142.347","1.6243","-0.721106","168.155"
2251,0,"-1291.69","-188.275","142.267","1.48842","-0.702518","168.065"
2252,0,"-1293.79","-187.813","142.357","1.31696","-0.535246","167.972"
2253,0,"-1295.59","-187.257","142.205","1.27937","-0.693451","167.922"
2254,0,"-1297.63","-186.826","142.031","1.13935","-0.609919","167.92"
2255,0,"-1299.43","-186.205","142.371","1.01847","-0.54041","167.844"
2256,0,"-1301.35","-185.784","142.2","1.05729","-0.598206","167.703"
2257,0,"-1303.55","-185.082","141.976","1.16284","-0.70721","167.547"
2258,0,"-1305.45","-184.585","142.073","1.06044","-0.773535","167.426"
2259,0,"-1307.48","-183.959","142.099","1.09569","-0.621299","167.292"
2260,0,"-1309.46","-183.323","142.019","1.17629","-0.727167","167.181"
2261,0,"-1311.49","-182.643","141.944","1.1282","-0.595963","167.11"
2262,0,"-1313.37","-182.212","142.093","1.12267","-0.798029","166.939"
2263,0,"-1315.38","-181.585","141.986","1.14114","-0.789343","166.818"
2264,0,"-1317.36","-180.948","142.231","1.05639","-0.606842","166.695"
2265,0,"-1319.37","-180.326","141.937","1.15023","-0.707141","166.619"
2266,0,"-1321.49","-179.559","142.115","1.06443","-1.10902","166.37"
2267,0,"-1323.32","-179.124","142.259","1.01416","-0.669921","166.265"
2268,0,"-1325.13","-178.432","142.154","1.01329","-0.908751","166.203"
2269,0,"-1327.26","-177.77","142.186","1.06527","-0.963469","166.006"
2270,0,"-1329.02","-177.23","142.037","1.14975","-0.807431","165.969"
2271,0,"-1330.77","-176.706","142.307","1.05031","-0.654119","165.932"
2272,0,"-1333.15","-175.515","142.44","1.92539","-1.01954","165.368"
2273,0,"-1334.89","-174.978","142.432","1.93647","-1.11289","165.309"
2274,0,"-1336.97","-174.36","142.456","1.85937","-0.887438","165.193"
2275,0,"-1338.75","-173.518","142.653","1.85836","-1.13521","165.073"
2276,0,"-1340.71","-172.891","142.419","1.98602","-0.962326","164.825"
2277,0,"-1342.56","-172.332","142.784","1.8372","-0.889707","164.8"
2278,0,"-1344.4","-171.422","142.642","2.08549","-1.06679","164.47"
2279,0,"-1346.49","-170.836","142.482","2.03045","-1.16688","164.446"
2280,0,"-1348.32","-170.166","142.634","2.02664","-1.38392","164.252"
2281,0,"-1350.23","-169.295","142.799","2.14815","-1.19646","163.833"
2282,0,"-1352.17","-168.802","142.658","1.99415","-1.39877","164.018"
2283,0,"-1354.13","-167.974","142.636","2.08063","-1.54875","163.767"
2284,0,"-1356.15","-167.481","142.481","1.98509","-1.2924","163.856"
2285,0,"-1357.87","-166.701","142.759","2.08882","-1.52059","163.5"
2286,0,"-1360.13","-165.945","142.619","2.11372","-1.26733","163.375"
2287,0,"-1361.94","-165.391","142.484","2.0761","-1.3523","163.413"
2288,0,"-1363.68","-164.444","142.648","2.19345","-1.52071","163.032"
2289,0,"-1365.77","-164.04","142.63","1.8968","-1.46366","163.138"
2290,0,"-1367.59","-163.125","142.496","1.99115","-1.44844","162.915"
2291,0,"-1369.63","-162.167","142.687","2.13739","-1.72169","162.609"
2292,0,"-1371.75","-161.517","142.534","2.13835","-1.74332","162.565"
2293,0,"-1372.17","-161.119","145.302","0.263204","-1.51925","162.123"
2294,0,"-1374.06","-160.42","145.335","0.274371","-1.50862","161.991"
2295,0,"-1376.34","-160.062","145.607","0.0683073","-0.809564","161.872"
2296,0,"-1377.81","-159.146","145.341","0.147894","-1.32611","161.891"
2297,0,"-1379.77","-158.452","145.206","0.211284","-1.31981","161.722"
2298,0,"-1381.76","-157.743","145.468","0.162277","-1.18651","161.446"
2299,0,"-1383.6","-156.939","145.239","0.264413","-1.38362","161.398"
2300,0,"-1385.54","-156.001","145.158","0.322608","-1.30699","161.326"
2301,0,"-1387.41","-155.255","145.115","0.399987","-1.32061","161.137"
2302,0,"-1389.29","-154.563","145.173","0.349914","-1.36037","160.992"
2303,0,"-1391.21","-153.835","145.177","0.249942","-1.52716","160.889"
2304,0,"-1393.2","-153.243","145.376","0.139164","-1.32456","160.677"
2305,0,"-1394.93","-152.486","145.183","0.109038","-1.64957","160.598"
2306,0,"-1397.22","-151.724","145.137","0.0180863","-1.46396","160.337"
2307,0,"-1398.99","-150.972","145.599","0.183253","-1.0869","160.28"
2308,0,"-1400.63","-150.081","145.43","0.240161","-1.30972","160.219"
2309,0,"-1402.54","-149.277","145.278","0.268727","-1.37597","160.09"
2310,0,"-1404.42","-148.469","145.269","0.293739","-1.32325","159.993"
2311,0,"-1406.34","-147.723","145.267","0.28699","-1.34379","159.806"
2312,0,"-1408.11","-146.947","145.335","0.328955","-1.31309","159.722"
2313,0,"-1410.21","-146.343","145.525","0.160959","-1.10043","159.526"
2314,0,"-1411.92","-145.372","145.339","0.261993","-1.34476","159.479"
2315,0,"-1414.02","-144.752","145.662","0.134747","-0.98733","159.232"
2316,0,"-1415.9","-143.927","145.685","0.139071","-0.981825","159.121"
2317,0,"-1417.72","-142.954","145.441","0.240577","-1.08958","159.045"
2318,0,"-1419.6","-142.209","145.616","0.17817","-1.05846","158.871"
2319,0,"-1421.43","-141.199","145.374","0.242677","-1.27115","158.822"
2320,0,"-1423.54","-140.11","145.124","0.348683","-1.45106","158.594"
2321,0,"-1425.08","-139.545","145.311","0.224597","-1.32311","158.561"
2322,0,"-1427.24","-139.009","145.685","0.179917","-0.607386","158.326"
2323,0,"-1428.74","-138.006","145.39","0.214813","-1.2699","158.317"
2324,0,"-1430.91","-137.469","145.752","0.0745135","-0.670546","158.028"
2325,0,"-1432.6","-136.527","145.653","0.0828228","-0.91824","157.963"
2326,0,"-1434.37","-135.602","145.621","0.128846","-1.02416","157.86"
2327,0,"-1436.09","-134.683","145.583","0.0948329","-1.23525","157.768"
2328,0,"-1438.04","-133.829","145.43","0.168593","-1.09885","157.646"
2329,0,"-1439.87","-133.044","145.478","0.157377","-1.06451","157.495"
2330,0,"-1441.82","-132.192","145.41","0.192717","-1.08154","157.311"
2331,0,"-1444.22","-131.152","145.213","0.313241","-1.07116","156.991"
2332,0,"-1445.79","-130.486","145.079","0.34168","-1.02586","157.007"
2333,0,"-1447.45","-129.545","144.926","0.371161","-1.4065","156.936"
2334,0,"-1449.51","-128.783","144.829","0.464209","-1.17782","156.71"
2335,0,"-1451.25","-128.004","144.672","0.539949","-1.31585","156.595"
2336,0,"-1453.02","-127.149","144.504","0.60792","-1.53835","156.455"
2337,0,"-1455.2","-126.635","145.216","0.500256","0.165286","156.242"
2338,0,"-1456.67","-125.523","144.716","0.658347","-0.516179","156.275"
2339,0,"-1458.53","-124.574","144.595","0.7716","-0.38223","156.096"
2340,0,"-1460.43","-123.717","144.501","0.743185","-0.230796","156.03"
2341,0,"-1462.35","-122.922","144.73","0.640887","-0.156583","155.805"
2342,0,"-1464.26","-121.712","144.462","0.656583","-0.864419","155.613"
2343,0,"-1465.95","-121.065","144.541","0.696671","-0.357615","155.581"
2344,0,"-1467.93","-120.419","144.834","0.593681","-0.023938","155.352"
2345,0,"-1469.45","-119.225","144.523","0.565076","-0.585379","155.339"
2346,0,"-1471.49","-118.484","144.552","0.567563","-0.276827","155.174"
2347,0,"-1473.25","-117.39","144.36","0.532498","-0.56412","155.066"
2348,0,"-1475.07","-116.611","144.328","0.495666","-0.492604","154.953"
2349,0,"-1476.89","-115.768","144.241","0.40853","-0.496448","154.85"
2350,0,"-1478.91","-114.84","144.727","0.678454","0.23736","154.582"
2351,0,"-1480.43","-113.688","144.584","0.682992","-0.10257","154.532"
2352,0,"-1482.34","-112.883","144.769","0.662327","0.0143583","154.356"
2353,0,"-1484.25","-111.757","144.483","0.699486","-0.327334","154.134"
2354,0,"-1485.6","-110.312","145.492","0.217482","-1.01092","154.099"
2355,0,"-1487.51","-109.575","145.556","0.0746617","-0.652203","154.003"
2356,0,"-1489.27","-108.652","145.713","-0.00645413","-0.697155","153.845"
2357,0,"-1490.93","-107.47","145.46","0.0861842","-1.04215","153.801"
2358,0,"-1492.53","-106.41","145.257","0.139449","-1.34374","153.782"
2359,0,"-1494.53","-105.492","145.473","0.0626989","-0.955146","153.553"
2360,0,"-1496.56","-104.741","145.66","0.0690742","-0.425778","153.315"
2361,0,"-1498.04","-103.57","145.527","0.117215","-0.923354","153.236"
2362,0,"-1499.9","-102.676","145.615","0.0168331","-0.803666","153.122"
2363,0,"-1501.7","-101.717","145.494","0.049637","-0.912822","153.009"
2364,0,"-1503.59","-100.704","145.462","0.0768805","-0.812538","152.867"
2365,0,"-1505.16","-99.5952","145.277","0.0934314","-1.15998","152.824"
2366,0,"-1507.18","-98.5475","145.317","0.053011","-1.1327","152.595"
2367,0,"-1508.96","-97.83","145.586","0.0364925","-0.572995","152.44"
2368,0,"-1510.57","-96.73","145.532","-0.00686351","-0.87013","152.358"
2369,0,"-1512.44","-95.478","145.392","-0.00892581","-1.09578","152.178"
2370,0,"-1514.33","-94.8432","145.671","-0.0422837","-0.441763","152.007"
2371,0,"-1515.99","-93.6357","145.609","-0.0450842","-0.790682","151.956"
2372,0,"-1517.74","-92.5051","145.459","0.0588271","-0.77582","151.872"
2373,0,"-1519.59","-91.5372","145.615","-0.053028","-0.703501","151.719"
2374,0,"-1521.39","-90.4711","145.6","-0.0618218","-0.712563","151.595"
2375,0,"-1522.91","-89.2458","145.441","-0.0474386","-1.10711","151.562"
2376,0,"-1524.84","-88.3811","145.57","-0.0623429","-0.813284","151.362"
2377,0,"-1526.73","-87.1877","145.497","-0.0886993","-0.977731","151.115"
2378,0,"-1528.25","-86.269","145.499","-0.0658346","-0.84018","151.108"
2379,0,"-1530.02","-85.1545","145.378","-0.0543369","-1.04238","150.952"
2380,0,"-1531.81","-84.1937","145.562","0.048214","-0.646271","150.762"
2381,0,"-1533.7","-83.1744","145.511","-0.0471373","-0.475615","150.668"
2382,0,"-1535.43","-81.9683","145.474","-0.100612","-0.788894","150.563"
2383,0,"-1537.1","-80.7709","145.358","-0.0573731","-1.0437","150.453"
2384,0,"-1538.95","-80.0191","145.669","-0.165087","-0.44344","150.251"
2385,0,"-1540.17","-78.7158","145.3","-0.135805","-1.14141","150.395"
2386,0,"-1542.34","-77.7965","145.499","-0.187166","-0.603449","150.09"
2387,0,"-1543.98","-76.3757","145.127","-0.199631","-0.856881","150.06"
2388,0,"-1545.74","-75.7056","145.463","-0.346753","-0.415708","149.895"
2389,0,"-1547.59","-74.7544","145.526","-0.382205","-0.223939","149.714"
2390,0,"-1549.13","-73.3292","145.124","-0.458698","-0.891631","149.649"
2391,0,"-1550.79","-72.4493","145.345","-0.564511","-0.537349","149.56"
2392,0,"-1552.45","-71.4273","145.329","-0.621247","-0.469663","149.464"
2393,0,"-1554.03","-70.2689","145.201","-0.700125","-0.697992","149.372"
2394,0,"-1555.68","-69.0662","145.08","-0.686123","-0.676377","149.305"
2395,0,"-1557.66","-68.2613","145.293","-0.686597","-0.147114","149.08"
2396,0,"-1559.35","-66.9723","145.205","-0.720948","-0.398347","149.017"
2397,0,"-1560.96","-65.6819","145.068","-0.749764","-0.70285","148.893"
2398,0,"-1562.77","-64.5085","144.987","-0.755759","-0.8206","148.697"
2399,0,"-1564.46","-63.6862","145.452","-0.865652","-0.245466","148.584"
2400,0,"-1566.1","-62.3421","145.246","-0.849758","-0.474565","148.507"
2401,0,"-1567.77","-60.9434","145.145","-0.802131","-0.671911","148.391"
2402,0,"-1569.51","-60.2121","145.376","-0.76939","-0.0306884","148.221"
2403,0,"-1571.25","-59.0624","145.374","-0.809381","-0.147896","148.074"
2404,0,"-1572.84","-57.8417","145.322","-0.780501","-0.308216","147.977"
2405,0,"-1574.49","-56.4256","145.03","-0.715704","-0.760949","147.818"
2406,0,"-1576.39","-55.6219","145.277","-0.808912","-0.158204","147.615"
2407,0,"-1577.8","-54.2869","145.244","-0.753932","-0.490475","147.545"
2408,0,"-1579.48","-53.1369","145.008","-0.67799","-0.227697","147.543"
2409,0,"-1581.15","-51.8964","144.963","-0.719124","-0.4676","147.385"
2410,0,"-1582.91","-51.1554","145.18","-0.668373","0.13099","147.224"
2411,0,"-1584.59","-49.8455","144.922","-0.590218","-0.0585468","147.093"
2412,0,"-1586.33","-48.8518","144.959","-0.581884","0.193451","146.924"
2413,0,"-1588.14","-47.7635","144.88","-0.508222","0.366636","146.768"
2414,0,"-1589.76","-46.5234","144.786","-0.411679","0.308032","146.668"
2415,0,"-1591.53","-45.5186","144.817","-0.417859","0.640684","146.51"
2416,0,"-1593.14","-44.1703","144.439","-0.26364","0.516478","146.471"
2417,0,"-1594.87","-43.238","144.716","-0.331822","0.778522","146.226"
2418,0,"-1596.34","-41.8133","144.464","-0.310808","0.317826","146.137"
2419,0,"-1598.03","-40.7089","144.581","-0.357521","0.536282","145.992"
2420,0,"-1599.62","-39.3956","144.314","-0.257066","0.364776","145.872"
2421,0,"-1601.56","-38.2921","144.501","-0.28891","0.67378","145.624"
2422,0,"-1603.19","-36.7305","144.114","-0.220942","0.301481","145.536"
2423,0,"-1604.94","-35.2489","144.498","0.35526","0.0805776","145.262"
2424,0,"-1606.6","-34.0542","144.459","0.336096","0.0372819","145.141"
2425,0,"-1608.14","-33.0457","144.634","0.321181","0.437106","145.048"
2426,0,"-1609.64","-31.6642","144.533","0.318836","0.186535","144.974"
2427,0,"-1611.33","-30.4334","144.56","0.338732","0.321483","144.819"
2428,0,"-1612.51","-28.213","145.113","-0.185957","-0.682906","144.873"
2429,0,"-1614.11","-27.2471","145.372","-0.236364","-0.432701","144.725"
2430,0,"-1615.78","-26.0706","145.413","-0.280927","-0.329156","144.553"
2431,0,"-1617.34","-24.832","145.414","-0.326512","-0.42043","144.438"
2432,0,"-1619.01","-23.2356","145.102","-0.291261","-0.868849","144.272"
2433,0,"-1620.42","-22.3139","145.292","-0.272621","-0.494915","144.205"
2434,0,"-1622.16","-21.2413","145.486","-0.257902","-0.0979667","144.016"
2435,0,"-1623.69","-20.0289","145.435","-0.257465","-0.0798561","143.915"
2436,0,"-1625.1","-18.4289","145.108","-0.248188","-0.597413","143.854"
2437,0,"-1626.74","-17.4432","145.224","-0.253663","-0.305942","143.72"
2438,0,"-1628.55","-16.5363","145.421","-0.273227","0.199474","143.49"
2439,0,"-1630.18","-15.072","145.005","-0.173214","0.119286","143.391"
2440,0,"-1631.81","-13.8364","144.9","-0.229046","0.0927","143.231"
2441,0,"-1633.53","-12.6205","144.819","-0.156289","0.358805","143.071"
2442,0,"-1634.98","-11.5829","144.747","-0.160204","0.501262","143.001"
2443,0,"-1636.51","-10.4241","144.585","-0.196326","0.549545","142.882"
2444,0,"-1637.81","-9.06267","144.448","-0.142502","0.325074","142.858"
2445,0,"-1639.71","-8.09533","144.522","-0.178817","0.951542","142.714"
2446,0,"-1641.24","-6.83352","144.601","-0.256727","0.974652","142.6"
2447,0,"-1642.74","-5.41469","144.448","-0.0815988","0.811931","142.448"
2448,0,"-1644.05","-3.68895","144.007","-0.252069","0.141624","142.442"
2449,0,"-1645.84","-2.88751","144.527","-0.302666","0.931436","142.243"
2450,0,"-1647.43","-1.71154","144.379","-0.210685","1.05582","142.082"
2451,0,"-1649.05","-0.155082","144.265","-0.0565923","1.06403","141.96"
2452,0,"-1650.49","0.988107","144.309","-0.191389","1.1606","141.873"
2453,0,"-1652.07","2.39415","144.272","-0.140317","1.1198","141.753"
2454,0,"-1653.55","3.59874","144.361","-0.21532","1.04472","141.617"
2455,0,"-1655.05","4.92573","144.384","-0.150804","1.05989","141.477"
2456,0,"-1656.66","6.11903","144.423","-0.215899","1.16738","141.347"
2457,0,"-1658.17","7.52819","144.294","-0.104375","1.32725","141.278"
2458,0,"-1659.58","8.88842","144.415","-0.0756124","1.1627","141.071"
2459,0,"-1661.16","10.2383","144.318","-0.109098","1.20426","140.943"
2460,0,"-1662.6","11.7252","144.247","-0.211397","0.933727","140.844"
2461,0,"-1664.03","13.2856","144.05","-0.262958","0.617491","140.696"
2462,0,"-1665.7","14.7714","144.147","0.00359183","0.785594","140.547"
2463,0,"-1667.29","15.8281","144.161","-0.182233","1.01145","140.491"
2464,0,"-1668.84","17.0295","144.313","-0.182426","1.1825","140.29"
2465,0,"-1670.02","19.0331","143.963","-0.0333126","0.30016","140.156"
2466,0,"-1671.61","20.0355","144.117","-0.160284","0.733598","140.109"
2467,0,"-1673.23","21.3127","144.201","-0.157268","0.897483","139.925"
2468,0,"-1674.64","22.7074","144.398","-0.220461","1.02751","139.857"
2469,0,"-1676.16","24.0065","144.274","-0.0596289","1.10583","139.67"
2470,0,"-1677.45","25.2526","144.15","-0.0954613","1.06803","139.424"
2471,0,"-1678.88","26.477","144.252","-0.120483","1.22311","139.287"
2472,0,"-1680.28","27.9997","144.457","-0.210795","1.0876","139.176"
2473,0,"-1681.75","29.3846","144.104","-0.0858358","1.15004","139.051"
2474,0,"-1683.26","30.8525","144.059","-0.0381188","1.25483","138.964"
2475,0,"-1684.73","32.2368","144.246","-0.151372","1.08097","138.809"
2476,0,"-1686.24","33.5949","144.262","-0.126562","1.15906","138.699"
2477,0,"-1687.75","35.073","144.188","-0.130309","1.11029","138.516"
2478,0,"-1689.14","36.3195","144.278","-0.12163","1.27004","138.404"
2479,0,"-1690.6","37.7566","144.347","-0.19427","1.24126","138.324"
2480,0,"-1692.25","39.4549","143.963","-0.0524304","1.12308","138.197"
2481,0,"-1693.69","40.5814","144.234","-0.0671831","1.46174","138.088"
2482,0,"-1695.02","42.1612","144.158","-0.105799","1.26441","137.951"
2483,0,"-1696.48","43.562","144.243","-0.0884827","1.31402","137.844"
2484,0,"-1698","45.3026","143.915","-0.0322996","0.902076","137.795"
2485,0,"-1699.39","46.4199","144.049","-0.105302","1.13457","137.551"
2486,0,"-1700.83","47.7205","144.069","-0.0866078","1.36445","137.447"
2487,0,"-1702.15","49.2571","144.013","-0.11876","1.1077","137.34"
2488,0,"-1703.81","50.6271","144.057","-0.122131","1.20285","137.126"
2489,0,"-1705.2","52.339","143.853","-0.0925214","0.848636","137.081"
2490,0,"-1706.67","53.6721","143.972","-0.0779037","1.17715","136.992"
2491,0,"-1708.06","55.4215","143.716","-0.12834","0.763154","136.811"
2492,0,"-1709.55","56.656","143.92","0.00704742","1.05974","136.604"
2493,0,"-1710.91","58.3724","143.641","-0.120555","0.691246","136.543"
2494,0,"-1712.26","59.8956","143.494","-0.0716786","0.705906","136.479"
2495,0,"-1713.54","61.4708","143.997","0.467796","0.525541","136.26"
2496,0,"-1715.27","62.9331","143.952","0.574728","0.745123","136.05"
2497,0,"-1716.69","64.1847","144.061","0.5769","0.967504","135.988"
2498,0,"-1717.99","66.0958","143.743","0.544431","0.361873","135.838"
2499,0,"-1719.21","67.3281","143.838","0.585839","0.658246","135.831"
2500,0,"-1720.66","68.7722","143.733","0.602287","0.606398","135.636"
2501,0,"-1722.23","69.9854","143.925","0.662774","0.997016","135.424"
2502,0,"-1723.71","71.5582","143.748","0.689516","0.842646","135.287"
2503,0,"-1725.02","73.0763","143.576","0.710415","0.648829","135.186"
2504,0,"-1726.47","74.5949","143.526","0.7015","0.601333","135.018"
2505,0,"-1727.88","75.8964","143.563","0.782906","0.898069","134.927"
2506,0,"-1729.45","77.4676","143.397","0.878848","0.953174","134.752"
2507,0,"-1730.97","78.715","143.679","0.870701","1.28415","134.593"
2508,0,"-1732.14","80.3266","143.572","0.830979","1.13983","134.539"
2509,0,"-1733.63","82.0653","143.156","0.863062","0.877823","134.378"
2510,0,"-1734.96","83.3009","143.395","0.762703","1.25273","134.311"
2511,0,"-1736.15","84.96","143.308","0.549439","0.985207","134.257"
2512,0,"-1737.86","85.7862","143.605","0.715765","1.88232","134.054"
2513,0,"-1739.06","87.6032","143.253","0.645234","1.25615","133.937"
2514,0,"-1740.32","89.1141","143.041","0.656586","1.33104","133.912"
2515,0,"-1741.56","90.8791","143.095","0.351156","0.991057","133.805"
2516,0,"-1743.04","92.2266","143.015","0.421965","1.17923","133.658"
2517,0,"-1744.47","93.5754","143.251","0.369322","1.46746","133.509"
2518,0,"-1745.59","95.279","143.24","0.305012","1.20829","133.471"
2519,0,"-1747.03","96.8815","142.862","0.381671","1.02294","133.287"
2520,0,"-1748.35","98.4309","142.837","0.343336","1.04891","133.14"
2521,0,"-1749.7","99.7663","142.993","0.366757","1.27482","133.049"
2522,0,"-1750.98","101.385","142.843","0.336168","1.15002","132.91"
2523,0,"-1752.37","102.817","143.148","0.448813","1.35099","132.76"
2524,0,"-1753.66","104.478","142.972","0.351439","1.19485","132.686"
2525,0,"-1755.02","105.905","143.049","0.426258","1.35929","132.58"
2526,0,"-1756.33","107.582","142.898","0.328435","1.20184","132.436"
2527,0,"-1757.55","109.499","143.268","0.777793","0.866111","132.238"
2528,0,"-1759.09","111.059","143.296","0.807004","0.886235","131.984"
2529,0,"-1760.41","112.438","143.333","0.89434","1.22987","131.911"
2530,0,"-1761.81","114.144","143.221","0.861832","1.00195","131.713"
2531,0,"-1763.13","115.909","143.077","0.839721","0.818612","131.553"
2532,0,"-1764.18","117.564","143.082","0.762836","0.621207","131.516"
2533,0,"-1765.64","119.122","143.05","0.81743","0.759421","131.343"
2534,0,"-1767.04","120.456","143.277","0.873887","1.15941","131.24"
2535,0,"-1768.43","121.941","143.427","0.887573","1.36155","131.059"
2536,0,"-1769.62","123.878","143.307","0.77515","0.861715","130.922"
2537,0,"-1770.86","125.449","143.046","0.800885","0.701158","130.778"
2538,0,"-1771.91","126.949","143.225","0.792115","0.881067","130.799"
2539,0,"-1773.24","128.99","143.188","0.581087","0.329917","130.546"
2540,0,"-1774.79","130.048","143.258","0.842889","1.0995","130.365"
2541,0,"-1775.74","131.753","143.182","0.761951","0.858288","130.319"
2542,0,"-1777.06","133.264","143.213","0.848981","1.08216","130.241"
2543,0,"-1778.22","135.274","142.937","0.773909","0.606461","130.111"
2544,0,"-1779.56","136.844","142.943","0.771598","0.610244","129.943"
2545,0,"-1780.89","138.169","143.217","0.815166","1.02617","129.832"
2546,0,"-1782.11","139.605","143.254","0.874812","1.15957","129.715"
2547,0,"-1783.3","141.362","143.227","0.852772","1.12546","129.642"
2548,0,"-1784.74","143.315","143.022","0.818997","0.810282","129.396"
2549,0,"-1785.68","144.817","143.001","0.78332","0.778509","129.35"
2550,0,"-1786.87","146.521","142.887","0.784932","0.707049","129.259"
2551,0,"-1788.06","148.032","143.021","0.760018","0.820568","129.157"
2552,0,"-1789.4","149.794","143.054","0.735464","0.68174","128.967"
2553,0,"-1790.62","151.248","142.992","0.795321","0.796097","128.814"
2554,0,"-1791.78","152.816","143.104","0.765035","0.910604","128.702"
2555,0,"-1792.6","154.626","143.149","0.543962","0.601707","128.656"
2556,0,"-1794.24","156.205","142.698","0.808866","0.576893","128.396"
2557,0,"-1795.26","158.047","142.874","0.718627","0.477048","128.36"
2558,0,"-1796.42","159.48","143.105","0.747846","0.822723","128.274"
2559,0,"-1797.97","160.895","143.267","0.833138","1.26028","128.037"
2560,0,"-1799.05","162.809","143.193","0.654767","0.888358","127.921"
2561,0,"-1800.25","164.513","142.572","0.845183","0.543031","127.784"
2562,0,"-1801.07","166.29","142.947","0.673794","0.632386","127.803"
2563,0,"-1802.3","168.065","143.063","0.612476","0.609864","127.659"
2564,0,"-1803.57","169.725","142.866","0.690118","0.506869","127.466"
2565,0,"-1804.79","171.193","143.001","0.778507","0.958201","127.408"
2566,0,"-1805.96","172.828","143.025","0.752247","0.904206","127.262"
2567,0,"-1807.36","174.514","142.745","0.800727","0.725441","126.965"
2568,0,"-1808.38","176.177","142.867","0.726441","0.655029","126.88"
2569,0,"-1809.27","178.133","142.81","0.689996","0.442111","126.877"
2570,0,"-1810.34","179.846","142.901","0.615211","0.411914","126.745"
2571,0,"-1811.79","181.251","142.406","0.804806","0.454522","126.502"
2572,0,"-1812.98","182.923","142.785","0.717177","0.656778","126.413"
2573,0,"-1814.02","184.628","143.069","0.68927","0.802744","126.34"
2574,0,"-1815.14","186.367","143.083","0.694604","0.861626","126.299"
2575,0,"-1816.36","187.96","142.441","0.827129","0.429094","125.972"
2576,0,"-1817.42","189.626","142.479","0.765575","0.479642","125.904"
2577,0,"-1818.45","191.161","142.657","0.720184","0.625197","125.868"
2578,0,"-1819.61","193.035","142.667","0.762746","0.651294","125.696"
2579,0,"-1820.46","195.112","142.682","0.627128","0.245501","125.616"
2580,0,"-1821.63","196.677","142.878","0.58544","0.428272","125.482"
2581,0,"-1823.08","197.988","142.936","0.798411","0.994288","125.251"
2582,0,"-1824.14","199.602","142.506","0.755376","0.550389","125.067"
2583,0,"-1825.05","201.813","142.553","0.630052","0.247332","125.02"
2584,0,"-1826.27","203.174","142.523","0.673665","0.331382","124.883"
2585,0,"-1827.13","205.363","142.722","0.577474","0.356223","124.9"
2586,0,"-1828.62","206.703","142.348","0.846783","0.58967","124.547"
2587,0,"-1830.03","207.436","142.726","0.83222","1.22893","124.267"
2588,0,"-1831.27","209.121","142.869","0.840149","1.39601","124.103"
2589,0,"-1831.89","211.225","142.696","0.815433","1.11719","124.136"
2590,0,"-1832.47","213.689","142.912","0.38583","0.496742","124.159"
2591,0,"-1833.86","215.048","142.4","0.762482","0.715032","123.915"
2592,0,"-1835","216.406","142.579","0.67184","0.810571","123.749"
2593,0,"-1836.09","218.181","142.733","0.542169","0.719489","123.609"
2594,0,"-1836.98","220.289","142.741","0.378431","0.278667","123.45"
2595,0,"-1838.31","221.52","142.558","0.794973","0.923307","123.278"
2596,0,"-1839.53","222.925","143.045","0.738278","1.35736","123.148"
2597,0,"-1840.49","224.934","142.348","0.816553","0.900915","123.033"
2598,0,"-1841.35","226.954","142.963","0.354496","0.683253","122.988"
2599,0,"-1842.27","228.672","142.688","0.496703","0.553715","122.81"
2600,0,"-1843.33","230.459","142.582","0.615045","0.598195","122.678"
2601,0,"-1844.38","232.098","142.542","0.665333","0.699377","122.55"
2602,0,"-1845.42","233.792","142.501","0.686649","0.8141","122.429"
2603,0,"-1846.67","235.695","142.676","0.603105","0.731734","122.195"
2604,0,"-1847.72","237.231","142.921","0.609691","1.06101","122.109"
2605,0,"-1848.51","239.088","142.871","0.531606","0.883096","122.03"
2606,0,"-1849.54","240.859","142.555","0.714371","0.906772","121.892"
2607,0,"-1850.49","242.875","142.451","0.58039","0.474759","121.721"
2608,0,"-1851.53","244.941","142.446","0.449678","0.23279","121.547"
2609,0,"-1852.49","246.487","142.676","0.508649","0.613606","121.526"
2610,0,"-1853.43","248.226","142.66","0.509933","0.684218","121.42"
2611,0,"-1854.59","250.24","142.497","0.480354","0.393825","121.171"
2612,0,"-1855.47","251.759","142.738","0.502032","0.639311","121.098"
2613,0,"-1856.77","252.965","142.742","0.797445","1.25514","120.887"
2614,0,"-1857.55","255.187","142.958","0.418878","0.775978","120.807"
2615,0,"-1858.55","257.072","142.635","0.525145","0.762207","120.722"
2616,0,"-1859.3","259.228","142.386","0.451213","0.236012","120.62"
2617,0,"-1860.24","260.982","142.816","0.290508","0.29337","120.482"
2618,0,"-1861.36","262.266","142.295","0.721934","0.606445","120.277"
2619,0,"-1862.24","264.232","142.387","0.546889","0.446548","120.179"
2620,0,"-1863.35","266.314","142.303","0.510276","0.262292","119.983"
2621,0,"-1864.35","267.774","142.499","0.666149","0.731936","119.903"
2622,0,"-1864.88","269.693","142.521","0.521553","0.486283","119.825"
2623,0,"-1866.22","271.274","142.754","0.72771","1.05675","119.709"
2624,0,"-1867.17","273.088","142.149","0.933841","0.809442","119.527"
2625,0,"-1867.86","275.322","142.299","0.684757","0.478199","119.458"
2626,0,"-1868.66","277.439","142.199","0.608174","0.201592","119.37"
2627,0,"-1869.62","279.086","142.173","0.6753","0.231428","119.292"
2628,0,"-1870.54","281.205","142.117","0.633179","0.0759207","119.152"
2629,0,"-1871.24","283.013","142.128","0.639886","0.0271102","119.03"
2630,0,"-1872.31","284.83","142.028","0.661639","0.0592071","118.888"
2631,0,"-1873.25","286.402","142.374","0.611097","0.492137","118.846"
2632,0,"-1873.95","288.324","142.325","0.703475","0.329783","118.76"
2633,0,"-1874.48","290.428","143.266","0.204118","0.149808","118.792"
2634,0,"-1875.12","292.61","143.026","0.0494551","-0.364131","118.674"
2635,0,"-1876.28","294.15","143.118","0.135782","-0.0254364","118.488"
2636,0,"-1877.04","295.924","143.15","0.0648539","0.0128843","118.374"
2637,0,"-1877.76","298.07","142.98","0.0786732","-0.290383","118.323"
2638,0,"-1878.49","300.041","142.804","0.00123974","-0.592083","118.191"
2639,0,"-1879.31","301.894","142.864","-0.0180395","-0.555276","118.095"
2640,0,"-1880.03","303.756","143.029","-0.0360635","-0.501064","118.011"
2641,0,"-1880.92","305.671","142.859","0.0829411","-0.418024","117.86"
2642,0,"-1881.8","307.444","142.921","0.0773881","-0.341115","117.756"
2643,0,"-1883.26","308.186","143.44","0.0155848","0.617712","117.297"
2644,0,"-1884.05","310.413","143.1","-0.111049","0.0410018","117.083"
2645,0,"-1885.11","311.982","143.373","0.0161597","0.566554","117.029"
2646,0,"-1885.88","313.843","143.256","0.0188836","0.539029","116.937"
2647,0,"-1886.59","315.749","143.096","-0.0414301","0.317728","116.824"
2648,0,"-1887.4","317.392","143.195","-0.0595629","0.378335","116.672"
2649,0,"-1888.14","319.553","143.067","-0.076855","0.112157","116.469"
2650,0,"-1888.94","321.54","143.001","-0.11595","0.0217331","116.345"
2651,0,"-1889.67","323.296","143.047","-0.072277","0.161459","116.279"
2652,0,"-1890.47","325.146","142.9","-0.132131","0.0227162","116.232"
2653,0,"-1891.34","327.097","142.87","-0.0929431","-0.00874458","115.975"
2654,0,"-1892.1","328.896","142.953","-0.0548834","0.0253539","115.871"
2655,0,"-1892.9","330.828","142.911","-0.133146","-0.0400902","115.718"
2656,0,"-1893.89","332.715","142.935","-0.0971103","0.0820693","115.595"
2657,0,"-1895.1","334.484","143.027","0.0706644","0.418374","115.319"
2658,0,"-1895.63","336.186","143.104","0.0762871","0.480869","115.281"
2659,0,"-1896.31","338.262","142.94","-0.0548103","0.192722","115.185"
2660,0,"-1897.15","339.884","143.019","0.0613969","0.460895","115.098"
2661,0,"-1897.81","341.987","142.745","-0.014759","0.0842419","114.971"
2662,0,"-1898.59","343.694","142.765","0.0440015","0.182181","114.768"
2663,0,"-1899.28","345.484","142.612","0.161342","0.218916","114.681"
2664,0,"-1900.12","347.294","142.428","0.194186","0.220218","114.557"
2665,0,"-1900.98","349.379","142.332","0.252361","0.143985","114.293"
2666,0,"-1901.44","351.379","142.79","-0.102105","0.0119438","114.284"
2667,0,"-1902.11","353.244","142.703","-0.110493","-0.0641548","114.187"
2668,0,"-1902.93","354.998","142.774","-0.0767053","0.0417735","114.005"
2669,0,"-1903.62","356.936","142.689","-0.0806864","-0.0662152","113.851"
2670,0,"-1904.65","358.661","142.807","0.0436647","0.243053","113.711"
2671,0,"-1905.31","360.847","142.607","-0.0598411","-0.0192285","113.621"
2672,0,"-1906.02","362.539","142.769","0.00409606","0.182631","113.479"
2673,0,"-1906.83","364.242","142.981","0.104437","0.513318","113.373"
2674,0,"-1907.5","366.359","142.671","0.0198037","0.198319","113.32"
2675,0,"-1908.24","368.014","142.893","0.0824955","0.444071","113.104"
2676,0,"-1908.89","369.973","142.781","0.0860433","0.251147","112.951"
2677,0,"-1909.8","371.946","142.791","0.0553199","0.188806","112.688"
2678,0,"-1910.68","373.624","142.904","0.10266","0.514226","112.619"
2679,0,"-1911.3","375.834","142.661","-0.02865","0.105316","112.468"
2680,0,"-1911.9","377.816","142.486","-0.0829172","-0.0310555","112.382"
2681,0,"-1912.46","379.631","142.536","-0.00294334","0.0190909","112.227"
2682,0,"-1913.1","381.476","142.493","-0.028603","-0.0243003","112.146"
2683,0,"-1913.95","383.481","142.448","-0.00600879","-0.100756","112.001"
2684,0,"-1914.71","385.433","142.451","0.0201892","0.0828849","111.949"
2685,0,"-1915.08","387.259","142.55","0.00116459","-0.0615182","111.762"
2686,0,"-1915.92","389.145","142.495","-0.0534296","0.00584718","111.711"
2687,0,"-1916.57","391.037","142.455","-0.00616091","-0.0154961","111.562"
2688,0,"-1917.41","392.641","142.625","0.145132","0.347114","111.342"
2689,0,"-1917.82","394.806","142.675","-0.0411696","0.0561274","111.22"
2690,0,"-1918.66","396.439","142.75","0.000876594","0.372072","111.096"
2691,0,"-1919.11","398.496","142.607","-0.127696","0.141974","111.068"
2692,0,"-1919.93","400.441","142.629","-0.0251704","0.255604","110.885"
2693,0,"-1920.76","402.017","142.729","0.0454947","0.591359","110.832"
2694,0,"-1921.24","404.173","142.495","-0.0606731","0.203586","110.693"
2695,0,"-1922.01","406.053","142.618","-0.00951481","0.249691","110.47"
2696,0,"-1922.91","408.075","142.518","-0.169445","0.367817","110.513"
2697,0,"-1923.27","410.332","142.551","-0.05948","0.123796","110.335"
2698,0,"-1924.23","412.01","142.68","0.0418999","0.46945","110.025"
2699,0,"-1924.39","414.132","142.553","-0.0920319","0.175248","110.064"
2700,0,"-1925.03","416.323","142.403","0.00300624","0.0293372","109.824"
2701,0,"-1925.56","417.947","142.426","-0.111209","0.129805","109.785"
2702,0,"-1926.1","419.821","142.432","-0.172536","0.102136","109.703"
2703,0,"-1926.74","421.982","142.434","-0.0827152","0.101632","109.467"
2704,0,"-1927.39","423.879","142.364","-0.193812","0.106976","109.487"
2705,0,"-1927.94","425.581","142.288","-0.134079","0.128664","109.317"
2706,0,"-1928.75","427.271","142.181","-0.123358","0.220629","109.219"
2707,0,"-1929.09","429.563","142.318","-0.106815","0.0294058","109.019"
2708,0,"-1929.56","431.469","142.333","-0.213615","0.0765742","108.972"
2709,0,"-1930.22","433.493","142.306","-0.277108","0.0240678","108.979"
2710,0,"-1930.72","435.322","142.338","-0.203226","0.0541089","108.71"
2711,0,"-1931.36","437.411","142.256","-0.121645","0.0482978","108.478"
2712,0,"-1932.18","439.179","142.138","-0.121655","0.184259","108.389"
2713,0,"-1932.95","440.353","142.184","-0.00647226","0.536553","108.265"
2714,0,"-1932.92","442.973","142.213","-0.190739","0.0811033","108.19"
2715,0,"-1933.36","444.884","142.317","-0.189887","0.203895","108.092"
2716,0,"-1933.96","446.865","142.367","-0.217357","0.241363","107.974"
2717,0,"-1934.48","448.824","142.203","-0.223815","0.140144","107.859"
2718,0,"-1935.4","450.527","142.362","-0.208548","0.588283","107.889"
2719,0,"-1935.7","452.875","142.223","-0.30235","0.367597","107.802"
2720,0,"-1936.36","454.434","141.989","-0.228415","0.273439","107.452"
2721,0,"-1936.9","456.267","141.899","-0.274201","0.209803","107.231"
2722,0,"-1937.2","458.111","142.214","-0.417302","0.587465","107.262"
2723,0,"-1937.59","460.185","142.322","-0.475747","0.750118","107.208"
2724,0,"-1938.22","461.957","141.912","-0.495135","0.494744","106.864"
2725,0,"-1938.71","464.049","142.219","-0.584583","0.761281","106.846"
2726,0,"-1939.23","466.061","142.01","-0.653316","0.595917","106.632"
2727,0,"-1939.64","467.766","141.984","-0.655883","0.528344","106.503"
2728,0,"-1940.05","469.623","141.989","-0.800692","0.866827","106.513"
2729,0,"-1940.35","471.79","141.888","-0.97441","0.754209","106.437"
2730,0,"-1941.44","472.639","141.768","-0.599516","1.16474","105.969"
2731,0,"-1941.42","475.318","141.821","-0.754037","0.801217","105.866"
2732,0,"-1941.51","477.638","141.98","-0.927362","0.716009","105.899"
2733,0,"-1942.53","478.927","141.735","-0.667708","0.815979","105.557"
2734,0,"-1942.98","481.071","141.609","-0.639828","0.594824","105.284"
2735,0,"-1943.08","483.39","142.128","-0.703146","0.91895","105.454"
2736,0,"-1943.59","485.629","141.872","-0.623353","0.521417","105.242"
2737,0,"-1943.99","487.657","141.84","-0.606931","0.447441","105.115"
2738,0,"-1944.55","489.651","142.14","-0.671117","0.872851","105.059"
2739,0,"-1945.79","490.839","141.588","-0.498391","0.83107","104.575"
2740,0,"-1946.1","492.89","141.456","-0.435691","0.605109","104.221"
2741,0,"-1945.41","495.418","142.117","-0.631525","0.814499","104.649"
2742,0,"-1946.44","497.001","141.669","-0.556292","0.595846","104.217"
2743,0,"-1947.31","498.302","141.483","-0.280664","0.863671","103.874"
2744,0,"-1947.6","500.368","141.442","-0.339184","0.705628","103.775"
2745,0,"-1947.91","502.626","141.44","-0.314107","0.539586","103.633"
2746,0,"-1948.59","504.4","141.246","-0.338191","0.484461","103.453"
2747,0,"-1948.95","506.545","141.397","-0.145547","0.546038","103.365"
2748,0,"-1949.48","508.151","141.437","-0.227599","0.888674","103.314"
2749,0,"-1949.91","510.599","141.288","-0.3523","0.764461","103.127"
2750,0,"-1950","512.46","141.338","-0.266366","0.59195","102.946"
2751,0,"-1950.65","514.667","141.223","-0.261844","0.517414","102.713"
2752,0,"-1950.96","516.93","141.392","-0.186116","0.433573","102.657"
2753,0,"-1951.44","518.369","141.301","-0.179813","0.845344","102.562"
2754,0,"-1951.95","520.476","140.983","-0.328335","0.441557","102.369"
2755,0,"-1951.96","522.171","141.221","-0.28438","0.665432","102.314"
2756,0,"-1952.17","524.526","141.178","-0.217459","0.602394","102.203"
2757,0,"-1952.71","526.541","141.177","-0.230729","0.62726","102.02"
2758,0,"-1953.17","528.125","141.33","-0.131093","1.01204","102.049"
2759,0,"-1953.28","530.179","141.04","-0.159804","0.638187","101.801"
2760,0,"-1953.46","532.306","141.344","-0.299999","0.664878","101.714"
2761,0,"-1953.71","534.972","141.604","0.192979","0.113289","101.501"
2762,0,"-1954.4","536.732","141.548","0.282044","0.316922","101.337"
2763,0,"-1954.87","539.186","141.472","0.232591","0.199888","101.087"
2764,0,"-1954.87","541.071","141.456","0.258656","0.0813378","100.993"
2765,0,"-1955.3","543.159","141.445","0.305986","0.00570625","100.73"
2766,0,"-1955.34","544.936","141.502","0.209281","0.064169","100.787"
2767,0,"-1955.88","547.389","141.584","0.391399","0.288607","100.744"
2768,0,"-1956.03","549.714","141.6","0.253359","0.0535005","100.577"
2769,0,"-1956.25","551.373","141.641","0.264979","0.0527402","100.308"
2770,0,"-1956.38","553.591","142.04","0.213069","0.113345","100.191"
2771,0,"-1956.69","555.403","141.985","0.369334","0.398198","100.164"
2772,0,"-1956.72","557.872","141.936","0.312732","0.0522432","99.8681"
2773,0,"-1956.89","560.037","141.906","0.221291","-0.0169731","99.8198"
2774,0,"-1957.27","561.933","141.926","0.312924","0.101065","99.6305"
2775,0,"-1957.84","563.587","141.795","0.101456","-0.10848","99.5073"
2776,0,"-1957.99","565.836","141.957","0.299485","0.00990932","99.2883"
2777,0,"-1957.91","567.776","141.753","0.279979","-0.0694979","99.3047"
2778,0,"-1957.87","570.044","142.103","0.0303627","-0.102966","99.3494"
2779,0,"-1958.42","572.025","142","0.03242","-0.0374523","99.237"
2780,0,"-1958.56","574.002","142.083","-0.0358023","-0.0588229","99.098"
2781,0,"-1958.92","576.04","142.466","0.0430899","0.265619","99.0543"
2782,0,"-1958.82","578.145","142.114","-0.182791","-0.14159","99.002"
2783,0,"-1958.92","580.36","142.243","-0.0486458","-0.169516","98.7119"
2784,0,"-1959.43","582.46","142.025","0.0276169","-0.154531","98.5532"
2785,0,"-1959.85","584.191","141.871","0.0796458","-0.0857809","98.4684"
2786,0,"-1960.09","586","142.244","0.162788","0.343281","98.5012"
2787,0,"-1959.87","588.408","142.082","-0.143567","-0.175056","98.459"
2788,0,"-1960.21","590.293","142.248","-0.0698203","0.0629728","98.343"
2789,0,"-1960.88","591.904","141.805","0.0307396","-0.098096","97.9956"
2790,0,"-1960.57","594.155","142.13","0.118547","-0.0325364","97.9008"
2791,0,"-1960.91","596.073","141.892","0.0620896","-0.108405","97.7309"
2792,0,"-1961.26","598.716","141.84","0.160465","-0.0716439","97.6587"
2793,0,"-1961.79","600.091","141.957","0.0577959","0.217863","97.7045"
2794,0,"-1961.34","602.582","142.137","-0.0767957","-0.127091","97.4663"
2795,0,"-1961.73","604.767","142.114","-0.127164","-0.135708","97.4331"
2796,0,"-1961.84","606.657","141.84","-0.168469","-0.200264","97.3556"
2797,0,"-1961.9","608.909","142.09","0.122467","0.00742648","97.0948"
2798,0,"-1962.19","610.799","141.957","-0.0499285","-0.063032","97.1161"
2799,0,"-1962.2","612.622","142.049","-0.177574","-0.0479702","97.079"
2800,0,"-1962.37","614.711","141.839","-0.172466","-0.248646","96.9024"
2801,0,"-1962.59","616.605","141.96","0.158118","0.0989748","96.7169"
2802,0,"-1962.47","618.803","141.912","-0.0160565","-0.0769097","96.6522"
2803,0,"-1962.74","620.437","141.97","-0.086983","0.128184","96.687"
2804,0,"-1962.77","622.834","141.966","-0.111684","-0.141031","96.3769"
2805,0,"-1963.01","624.775","141.954","-0.0108283","-0.0387844","96.214"
2806,0,"-1963.32","626.929","142.184","-0.0138559","0.143729","96.1324"
2807,0,"-1963.22","628.955","141.959","-0.123102","-0.236825","95.9102"
2808,0,"-1963.39","630.629","142.055","0.156992","0.217171","95.87"
2809,0,"-1963.36","632.655","141.857","-0.0490194","-0.0982741","95.7697"
2810,0,"-1963.55","634.554","142","-0.0305812","0.0694728","95.6845"
2811,0,"-1963.44","636.852","142.083","-0.124065","-0.0825996","95.5185"
2812,0,"-1963.53","639.062","141.895","-0.128271","-0.258124","95.3145"
2813,0,"-1963.83","640.673","141.79","-0.0584512","-0.145726","95.2197"
2814,0,"-1963.56","643.199","141.902","-0.0923385","-0.219803","95.1434"
2815,0,"-1963.99","645.118","141.903","-0.00279762","-0.11201","94.9254"
2816,0,"-1964.15","646.871","141.791","-0.092884","-0.104745","94.8399"
2817,0,"-1963.88","649.353","141.888","-0.0233507","-0.239643","94.6333"
2818,0,"-1963.86","651.188","141.978","-0.0720319","-0.0725127","94.6604"
2819,0,"-1963.97","653.239","142.003","-0.0466477","-0.132774","94.4208"
2820,0,"-1964.2","655.066","141.634","-0.141482","-0.274147","94.3734"
2821,0,"-1964.25","657.122","141.924","0.0132825","0.020284","94.2396"
2822,0,"-1964.11","659.243","142.025","-0.0836562","-0.0333785","94.1639"
2823,0,"-1964.54","660.983","142.068","0.149861","0.227957","93.9447"
2824,0,"-1964.44","662.846","141.813","0.128403","-0.0829472","93.6816"
2825,0,"-1964.61","664.106","141.775","0.0730453","0.0526855","93.8131"
2826,0,"-1964.6","666.124","141.838","0.026433","-0.156013","93.5846"
2827,0,"-1964.35","666.973","141.806","0.0563522","-0.119022","93.6243"
2828,0,"-1964.31","667.376","141.81","0.0113699","-0.0631985","93.6881"
2829,0,"-1964.41","667.532","141.822","-0.0444859","-0.0736972","93.664"
2830,0,"-1964.38","667.808","141.905","-0.0487805","-0.0418006","93.601"
2831,0,"-1964.41","668.044","141.838","-0.0400218","-0.0609703","93.5731"
2832,0,"-1964.4","668.25","141.886","0.0369684","0.0179574","93.6044"
2833,0,"-1964.41","668.371","141.925","0.0177686","0.0686454","93.5862"
2834,0,"-1964.47","668.458","141.828","0.0302665","0.0252466","93.5407"
2835,0,"-1964.49","668.554","141.768","0.000305481","-0.0253783","93.5172"
2836,0,"-1964.42","668.701","141.852","-0.0241906","0.0299983","93.489"
2837,0,"-1964.45","668.562","141.857","-0.0158307","0.143558","93.5216"
2838,0,"-1964.33","668.675","141.823","-0.0729959","0.0827565","93.4965"
2839,0,"-1964.41","668.503","141.801","-0.100578","0.198215","93.4868"
2840,0,"-1964.45","668.327","141.721","-0.212662","0.245975","93.5479"
2841,0,"-1964.43","668.267","141.708","-0.257736","0.325258","93.5454"
2842,0,"-1964.44","668.149","141.62","-0.337574","0.249276","93.5197"
2843,0,"-1964.38","668.086","141.645","-0.336389","0.404791","93.5618"
2844,0,"-1964.42","667.965","141.635","-0.365876","0.450359","93.5706"
2845,0,"-1964.37","668.008","141.537","-0.430803","0.339227","93.523"
2846,0,"-1964.38","667.912","141.527","-0.472325","0.361804","93.549"
2847,0,"-1964.41","667.826","141.489","-0.49268","0.374761","93.5496"
2848,0,"-1964.37","667.78","141.504","-0.505981","0.396851","93.5601"
2849,0,"-1964.36","667.735","141.559","-0.474252","0.459121","93.5639"
2850,0,"-1964.4","667.713","141.553","-0.485479","0.427819","93.5564"
2851,0,"-1964.38","667.706","141.57","-0.488551","0.463716","93.5822"
2852,0,"-1964.41","667.603","141.526","-0.517114","0.480782","93.6141"
2853,0,"-1964.36","667.737","141.595","-0.486781","0.484922","93.5898"
2854,0,"-1964.43","667.674","141.552","-0.450052","0.477052","93.5451"
2855,0,"-1964.38","667.755","141.524","-0.493319","0.43185","93.5508"
2856,0,"-1964.36","667.721","141.542","-0.524956","0.420162","93.5822"
2857,0,"-1964.37","667.7","141.535","-0.489158","0.488192","93.5947"
2858,0,"-1964.37","667.746","141.509","-0.489563","0.391771","93.5311"
2859,0,"-1964.42","667.72","141.572","-0.41925","0.434507","93.58"
2860,0,"-1964.4","667.664","141.542","-0.4781","0.483493","93.5712"
2861,0,"-1964.38","667.676","141.565","-0.49664","0.482073","93.5977"
2862,0,"-1964.41","667.613","141.54","-0.524012","0.460239","93.5931"
2863,0,"-1964.39","667.659","141.549","-0.474283","0.469149","93.5688"
2864,0,"-1964.38","667.666","141.462","-0.543714","0.394119","93.579"
2865,0,"-1964.41","667.619","141.533","-0.511357","0.470699","93.581"
2866,0,"-1964.39","667.629","141.543","-0.486909","0.475791","93.5798"
2867,0,"-1964.4","667.614","141.545","-0.487262","0.487662","93.5856"
2868,0,"-1964.39","667.702","141.547","-0.483152","0.443124","93.5522"
2869,0,"-1964.4","667.624","141.562","-0.510185","0.493013","93.6088"
2870,0,"-1964.35","667.713","141.599","-0.484882","0.469431","93.5826"
2871,0,"-1964.36","667.719","141.588","-0.470557","0.453622","93.5585"
2872,0,"-1964.37","667.695","141.577","-0.463992","0.468754","93.5638"
2873,0,"-1964.4","667.631","141.558","-0.481876","0.488937","93.5853"
2874,0,"-1964.35","667.772","141.54","-0.453442","0.39271","93.5497"
2875,0,"-1964.41","667.711","141.573","-0.428544","0.429596","93.586"
2876,0,"-1964.37","667.692","141.549","-0.500072","0.441231","93.5886"
2877,0,"-1964.39","667.665","141.568","-0.504267","0.460537","93.576"
2878,0,"-1964.4","667.678","141.58","-0.472288","0.484601","93.5675"
2879,0,"-1964.43","667.648","141.522","-0.467421","0.467513","93.5636"
2880,0,"-1964.36","667.765","141.53","-0.486602","0.389625","93.5472"
2881,0,"-1964.41","667.664","141.551","-0.475138","0.457606","93.5612"
2882,0,"-1964.39","667.696","141.554","-0.457942","0.439474","93.5774"
2883,0,"-1964.35","667.671","141.554","-0.514257","0.453921","93.5962"
2884,0,"-1964.38","667.7","141.55","-0.454773","0.442659","93.5753"
2885,0,"-1964.42","667.582","141.528","-0.505771","0.472485","93.5955"
2886,0,"-1964.4","667.65","141.554","-0.519094","0.47411","93.5953"
2887,0,"-1964.41","667.652","141.556","-0.475113","0.435031","93.5844"
2888,0,"-1964.37","667.701","141.57","-0.472197","0.453712","93.5833"
2889,0,"-1964.38","667.651","141.565","-0.490882","0.471937","93.5754"
2890,0,"-1964.37","667.696","141.544","-0.483871","0.457584","93.5652"
2891,0,"-1964.39","667.704","141.543","-0.463858","0.439683","93.5344"
2892,0,"-1964.37","667.692","141.552","-0.500482","0.461633","93.5762"
2893,0,"-1964.37","667.708","141.568","-0.471732","0.442655","93.5676"
2894,0,"-1964.37","667.686","141.548","-0.503608","0.468661","93.5811"
2895,0,"-1964.39","667.659","141.525","-0.4767","0.463396","93.5695"
2896,0,"-1964.41","667.645","141.529","-0.476981","0.479682","93.5742"
2897,0,"-1964.38","667.628","141.568","-0.510478","0.469232","93.6"
2898,0,"-1964.39","667.658","141.547","-0.478668","0.486024","93.5765"
2899,0,"-1964.4","667.66","141.545","-0.488918","0.451421","93.56"
2900,0,"-1964.37","667.691","141.528","-0.515268","0.45366","93.5966"
2901,0,"-1964.43","667.672","141.542","-0.454802","0.423615","93.5775"
2902,0,"-1964.37","667.689","141.545","-0.477128","0.479091","93.5772"
2903,0,"-1964.34","667.713","141.56","-0.504512","0.419595","93.5761"
2904,0,"-1964.39","667.689","141.532","-0.480069","0.490308","93.583"
2905,0,"-1964.37","667.689","141.57","-0.488475","0.467632","93.5754"
2906,0,"-1964.4","667.652","141.491","-0.521175","0.437688","93.5798"
2907,0,"-1964.38","667.68","141.534","-0.494319","0.432648","93.5535"
2908,0,"-1964.38","667.684","141.52","-0.477903","0.443779","93.553"
2909,0,"-1964.37","667.666","141.53","-0.493974","0.443339","93.5744"
2910,0,"-1964.36","667.669","141.561","-0.507463","0.446768","93.5991"
2911,0,"-1964.39","667.699","141.558","-0.447348","0.422085","93.5509"
2912,0,"-1964.38","667.674","141.563","-0.477952","0.460742","93.5779"
2913,0,"-1964.39","667.704","141.497","-0.496565","0.40233","93.5479"
2914,0,"-1964.39","667.666","141.567","-0.492081","0.49282","93.5874"
2915,0,"-1964.41","667.645","141.525","-0.509964","0.451262","93.5814"
2916,0,"-1964.38","667.691","141.548","-0.480121","0.466342","93.5624"
2917,0,"-1964.37","667.695","141.543","-0.506776","0.45049","93.5779"
2918,0,"-1964.36","667.738","141.552","-0.468346","0.417478","93.5637"
2919,0,"-1964.33","667.729","141.558","-0.48424","0.464434","93.5743"
2920,0,"-1964.38","667.705","141.562","-0.465217","0.431773","93.5797"
2921,0,"-1964.35","667.771","141.582","-0.45895","0.394425","93.5769"
2922,0,"-1964.37","667.676","141.537","-0.480779","0.452848","93.5557"
2923,0,"-1964.37","667.708","141.568","-0.45635","0.433923","93.5743"
2924,0,"-1964.4","667.667","141.543","-0.474258","0.437085","93.5877"
2925,0,"-1964.36","667.691","141.55","-0.480639","0.468062","93.5676"
2926,0,"-1964.35","667.688","141.573","-0.492954","0.451934","93.5709"
2927,0,"-1964.41","667.61","141.506","-0.496454","0.468876","93.5732"
2928,0,"-1964.36","667.705","141.569","-0.473157","0.449377","93.5755"
2929,0,"-1964.35","667.757","141.578","-0.455006","0.427779","93.5382"
2930,0,"-1964.36","667.67","141.543","-0.502092","0.449012","93.587"
2931,0,"-1964.37","667.719","141.545","-0.477055","0.449651","93.5582"
2932,0,"-1964.41","667.644","141.541","-0.484862","0.474684","93.5792"
2933,0,"-1964.42","667.618","141.527","-0.488904","0.489954","93.5834"
2934,0,"-1964.42","667.666","141.538","-0.458287","0.421425","93.5771"
2935,0,"-1964.39","667.639","141.524","-0.506305","0.476203","93.5958"
2936,0,"-1964.38","667.617","141.51","-0.519619","0.4519","93.5881"
2937,0,"-1964.35","667.714","141.538","-0.53972","0.410321","93.574"
2938,0,"-1964.41","667.625","141.541","-0.496636","0.471252","93.5778"
2939,0,"-1964.38","667.63","141.543","-0.527269","0.473958","93.6051"
2940,0,"-1964.42","667.618","141.503","-0.492089","0.468701","93.5757"
2941,0,"-1964.34","667.817","141.529","-0.487276","0.37846","93.5365"
2942,0,"-1964.41","667.626","141.512","-0.490783","0.452001","93.5723"
2943,0,"-1964.39","667.664","141.536","-0.49321","0.473534","93.5905"
2944,0,"-1964.35","667.744","141.551","-0.477639","0.420849","93.5664"
2945,0,"-1964.35","667.731","141.484","-0.533283","0.405795","93.5774"
2946,0,"-1964.33","667.74","141.574","-0.490503","0.443448","93.5593"
2947,0,"-1964.38","667.656","141.55","-0.494106","0.492563","93.6062"
2948,0,"-1964.36","667.678","141.571","-0.502188","0.456823","93.5827"
2949,0,"-1964.38","667.682","141.552","-0.473878","0.427237","93.5849"
2950,0,"-1964.38","667.624","141.56","-0.519152","0.457624","93.5892"
2951,0,"-1964.42","667.613","141.505","-0.501352","0.469065","93.585"
2952,0,"-1964.39","667.638","141.539","-0.516488","0.464384","93.5992"
2953,0,"-1964.38","667.667","141.533","-0.486569","0.471137","93.5778"
2954,0,"-1964.39","667.694","141.562","-0.456875","0.436957","93.5722"
2955,0,"-1964.34","667.716","141.557","-0.493372","0.451177","93.5729"
2956,0,"-1964.36","667.677","141.534","-0.503638","0.455566","93.5804"
2957,0,"-1964.39","667.706","141.467","-0.506528","0.407094","93.5574"
2958,0,"-1964.4","667.699","141.541","-0.461682","0.443239","93.55"
2959,0,"-1964.41","667.622","141.515","-0.489826","0.466479","93.5782"
2960,0,"-1964.39","667.624","141.507","-0.518258","0.461819","93.5942"
2961,0,"-1964.39","667.661","141.549","-0.487833","0.470178","93.5917"
2962,0,"-1964.37","667.67","141.531","-0.50257","0.432199","93.5697"
2963,0,"-1964.42","667.601","141.511","-0.512613","0.463751","93.582"
2964,0,"-1964.39","667.646","141.531","-0.48172","0.459396","93.5776"
2965,0,"-1964.39","667.646","141.547","-0.482945","0.461744","93.5718"
2966,0,"-1964.38","667.639","141.541","-0.51413","0.473498","93.5989"
2967,0,"-1964.36","667.677","141.582","-0.486817","0.468923","93.604"
2968,0,"-1964.37","667.687","141.534","-0.495752","0.449762","93.5725"
2969,0,"-1964.41","667.647","141.538","-0.474793","0.459001","93.5781"
2970,0,"-1964.36","667.751","141.506","-0.497449","0.372311","93.556"
2971,0,"-1964.39","667.656","141.54","-0.502197","0.452213","93.5835"
2972,0,"-1964.4","667.658","141.518","-0.489255","0.44126","93.5843"
2973,0,"-1964.41","667.654","141.537","-0.449121","0.440912","93.5595"
2974,0,"-1964.37","667.683","141.541","-0.490859","0.472978","93.5798"
2975,0,"-1964.37","667.645","141.547","-0.516004","0.458365","93.6005"
2976,0,"-1964.38","667.717","141.6","-0.44601","0.425361","93.5959"
2977,0,"-1964.41","667.682","141.574","-0.447205","0.451214","93.5839"
2978,0,"-1964.4","667.672","141.52","-0.489977","0.449755","93.5669"
2979,0,"-1964.39","667.63","141.561","-0.533294","0.469127","93.6073"
2980,0,"-1964.4","667.665","141.51","-0.485768","0.462426","93.5638"
2981,0,"-1964.42","667.631","141.487","-0.487227","0.456397","93.5704"
2982,0,"-1964.37","667.707","141.534","-0.488208","0.453525","93.5739"
2983,0,"-1964.41","667.636","141.501","-0.497208","0.443187","93.5626"
2984,0,"-1964.34","667.821","141.567","-0.423594","0.384715","93.5447"
2985,0,"-1964.39","667.658","141.519","-0.503839","0.437535","93.576"
2986,0,"-1964.4","667.642","141.542","-0.490574","0.461115","93.5924"
2987,0,"-1964.4","667.629","141.546","-0.500145","0.460574","93.579"
2988,0,"-1964.38","667.676","141.538","-0.470779","0.44757","93.5454"
2989,0,"-1964.37","667.655","141.528","-0.507853","0.454759","93.5857"
2990,0,"-1964.36","667.708","141.544","-0.485787","0.434912","93.5561"
2991,0,"-1964.39","667.671","141.544","-0.510579","0.459244","93.5814"
2992,0,"-1964.38","667.674","141.562","-0.487565","0.481458","93.5843"
2993,0,"-1964.38","667.748","141.581","-0.450408","0.411156","93.5714"
2994,0,"-1964.41","667.663","141.552","-0.502243","0.484379","93.5821"
2995,0,"-1964.41","667.642","141.517","-0.505755","0.436285","93.5759"
2996,0,"-1964.43","667.657","141.463","-0.496489","0.432447","93.5597"
2997,0,"-1964.38","667.673","141.534","-0.505248","0.43445","93.6011"
2998,0,"-1964.32","667.748","141.576","-0.488642","0.444698","93.5627"
2999,0,"-1964.35","667.643","141.547","-0.530794","0.44974","93.6052"
3000,0,"-1964.37","667.753","141.522","-0.461534","0.359329","93.5587"
3001,0,"-1964.38","667.668","141.498","-0.482046","0.428723","93.546"
3002,0,"-1964.39","667.678","141.532","-0.482724","0.46486","93.5834"
3003,0,"-1964.37","667.696","141.555","-0.523843","0.434692","93.5769"
3004,0,"-1964.39","667.69","141.553","-0.459421","0.448163","93.5784"
3005,0,"-1964.38","667.695","141.513","-0.497834","0.442219","93.5791"
3006,0,"-1964.39","667.652","141.547","-0.516335","0.477957","93.5918"
3007,0,"-1964.42","667.624","141.506","-0.508048","0.4552","93.5862"
3008,0,"-1964.36","667.714","141.536","-0.468978","0.449648","93.5596"
3009,0,"-1964.35","667.704","141.536","-0.492917","0.420047","93.578"
3010,0,"-1964.38","667.681","141.549","-0.480537","0.436041","93.5877"
3011,0,"-1964.36","667.694","141.557","-0.498778","0.441369","93.5721"
3012,0,"-1964.42","667.649","141.531","-0.464393","0.435966","93.5948"
3013,0,"-1964.35","667.739","141.583","-0.48514","0.443253","93.5743"
3014,0,"-1964.38","667.646","141.549","-0.520684","0.458824","93.5916"
3015,0,"-1964.35","667.664","141.547","-0.529641","0.440051","93.5966"
3016,0,"-1964.37","667.647","141.537","-0.51664","0.468427","93.6002"
3017,0,"-1964.39","667.725","141.551","-0.440434","0.432585","93.5549"
3018,0,"-1964.39","667.62","141.515","-0.512734","0.454323","93.5817"
3019,0,"-1964.4","667.705","141.476","-0.519056","0.402828","93.5571"
3020,0,"-1964.36","667.684","141.555","-0.513097","0.464195","93.5938"
3021,0,"-1964.39","667.755","141.478","-0.494315","0.378335","93.5551"
3022,0,"-1964.37","667.681","141.558","-0.513377","0.457185","93.5867"
3023,0,"-1964.39","667.699","141.527","-0.480695","0.415849","93.5555"
3024,0,"-1964.39","667.624","141.52","-0.521751","0.465041","93.6043"
3025,0,"-1964.35","667.729","141.562","-0.48465","0.434096","93.5605"
3026,0,"-1964.36","667.678","141.526","-0.486119","0.421098","93.5968"
3027,0,"-1964.4","667.617","141.505","-0.504628","0.462055","93.5848"
3028,0,"-1964.35","667.693","141.569","-0.50009","0.466026","93.588"
3029,0,"-1964.35","667.687","141.564","-0.491413","0.457984","93.5757"
3030,0,"-1964.38","667.721","141.581","-0.457425","0.412173","93.5751"
3031,0,"-1964.37","667.682","141.551","-0.505121","0.456408","93.5835"
3032,0,"-1964.37","667.704","141.537","-0.499795","0.419195","93.5812"
3033,0,"-1964.35","667.746","141.56","-0.483518","0.434628","93.5827"
3034,0,"-1964.4","667.718","141.489","-0.48087","0.38668","93.5239"
3035,0,"-1964.36","667.678","141.531","-0.531628","0.44463","93.5958"
3036,0,"-1964.35","667.695","141.545","-0.497782","0.438115","93.5689"
3037,0,"-1964.36","667.743","141.511","-0.484219","0.397283","93.5531"
3038,0,"-1964.41","667.611","141.505","-0.503043","0.44404","93.5727"
3039,0,"-1964.42","667.636","141.538","-0.462372","0.45153","93.5833"
3040,0,"-1964.35","667.749","141.512","-0.503088","0.380299","93.5479"
3041,0,"-1964.38","667.728","141.53","-0.493645","0.405751","93.5811"
3042,0,"-1964.37","667.71","141.539","-0.470135","0.439128","93.5508"
3043,0,"-1964.38","667.699","141.525","-0.473077","0.430802","93.5509"
3044,0,"-1964.35","667.702","141.511","-0.481885","0.438366","93.5669"
3045,0,"-1964.39","667.698","141.551","-0.459376","0.461273","93.5935"
3046,0,"-1964.36","667.731","141.561","-0.481296","0.416936","93.5715"
3047,0,"-1964.36","667.686","141.564","-0.499929","0.474282","93.5911"
3048,0,"-1964.38","667.643","141.518","-0.524409","0.456795","93.592"
3049,0,"-1964.38","667.722","141.495","-0.517921","0.414767","93.5637"
3050,0,"-1964.35","667.793","141.604","-0.444073","0.378674","93.5799"
3051,0,"-1964.4","667.663","141.575","-0.49716","0.472443","93.6028"
3052,0,"-1964.35","667.753","141.531","-0.506911","0.380485","93.5803"
3053,0,"-1964.39","667.62","141.526","-0.499592","0.491143","93.5901"
3054,0,"-1964.42","667.593","141.483","-0.53103","0.446203","93.5903"
3055,0,"-1964.35","667.694","141.543","-0.513646","0.445429","93.608"
3056,0,"-1964.33","667.73","141.549","-0.522251","0.41533","93.5843"
3057,0,"-1964.36","667.792","141.576","-0.420557","0.402752","93.5716"
3058,0,"-1964.36","667.677","141.533","-0.523076","0.431145","93.5811"
3059,0,"-1964.36","667.687","141.55","-0.502512","0.451508","93.5781"
3060,0,"-1964.33","667.74","141.545","-0.499372","0.41487","93.5614"
3061,0,"-1964.34","667.787","141.524","-0.485624","0.385593","93.555"
3062,0,"-1964.41","667.662","141.505","-0.459187","0.424755","93.5609"
3063,0,"-1964.38","667.689","141.518","-0.484073","0.43371","93.5466"
3064,0,"-1964.37","667.663","141.535","-0.488136","0.454558","93.5669"
3065,0,"-1964.39","667.716","141.515","-0.442137","0.398247","93.5675"
3066,0,"-1964.39","667.698","141.543","-0.481459","0.437599","93.5704"
3067,0,"-1964.4","667.641","141.519","-0.479896","0.475199","93.5837"
3068,0,"-1964.39","667.638","141.521","-0.526831","0.464112","93.6018"
3069,0,"-1964.41","667.663","141.528","-0.469012","0.429096","93.5894"
3070,0,"-1964.38","667.751","141.48","-0.506035","0.357282","93.5583"
3071,0,"-1964.4","667.648","141.54","-0.522868","0.464916","93.5872"
3072,0,"-1964.33","667.791","141.51","-0.527093","0.369861","93.5522"
3073,0,"-1964.41","667.649","141.515","-0.491132","0.446386","93.5799"
3074,0,"-1964.37","667.699","141.537","-0.492935","0.426162","93.5638"
3075,0,"-1964.41","667.628","141.533","-0.500383","0.462275","93.5852"
3076,0,"-1964.36","667.714","141.526","-0.524585","0.422003","93.5682"
3077,0,"-1964.37","667.675","141.551","-0.493642","0.447563","93.5709"
3078,0,"-1964.4","667.634","141.524","-0.471693","0.456877","93.547"
3079,0,"-1964.36","667.728","141.574","-0.457318","0.411677","93.5853"
3080,0,"-1964.4","667.684","141.474","-0.518444","0.38682","93.573"
3081,0,"-1964.4","667.665","141.513","-0.459213","0.410895","93.5557"
3082,0,"-1964.38","667.783","141.541","-0.414751","0.376105","93.5718"
3083,0,"-1964.4","667.649","141.535","-0.505477","0.467249","93.5837"
3084,0,"-1964.41","667.673","141.51","-0.465379","0.44345","93.5507"
3085,0,"-1964.39","667.748","141.48","-0.502659","0.358516","93.5573"
3086,0,"-1964.38","667.719","141.539","-0.456285","0.459935","93.5436"
3087,0,"-1964.4","667.631","141.526","-0.499183","0.44959","93.5678"
3088,0,"-1964.39","667.656","141.525","-0.491395","0.473669","93.5915"
3089,0,"-1964.38","667.657","141.502","-0.489812","0.433001","93.5578"
3090,0,"-1964.37","667.614","141.515","-0.509401","0.472671","93.5955"
3091,0,"-1964.39","667.618","141.521","-0.505222","0.452324","93.5773"
3092,0,"-1964.37","667.709","141.558","-0.453203","0.429424","93.5671"
3093,0,"-1964.41","667.657","141.528","-0.494841","0.432961","93.5703"
3094,0,"-1964.43","667.701","141.536","-0.434088","0.444199","93.5718"
3095,0,"-1964.41","667.628","141.535","-0.517647","0.461625","93.5832"
3096,0,"-1964.42","667.694","141.467","-0.483213","0.429522","93.5437"
3097,0,"-1964.4","667.622","141.492","-0.527243","0.465296","93.5989"
3098,0,"-1964.38","667.717","141.563","-0.461147","0.438132","93.5851"
3099,0,"-1964.39","667.675","141.531","-0.476236","0.436375","93.5533"
3100,0,"-1964.37","667.687","141.531","-0.476975","0.437279","93.5783"
3101,0,"-1964.4","667.627","141.506","-0.516646","0.457885","93.589"
3102,0,"-1964.38","667.639","141.517","-0.517756","0.444655","93.5981"
3103,0,"-1964.38","667.633","141.547","-0.51446","0.458328","93.5845"
3104,0,"-1964.35","667.653","141.543","-0.519485","0.458342","93.6067"
3105,0,"-1964.38","667.705","141.513","-0.455969","0.410488","93.565"
3106,0,"-1964.35","667.761","141.58","-0.419292","0.400421","93.5805"
3107,0,"-1964.39","667.721","141.489","-0.499132","0.391413","93.5599"
3108,0,"-1964.41","667.627","141.496","-0.48592","0.44885","93.5645"
3109,0,"-1964.39","667.667","141.527","-0.483944","0.438404","93.5716"
3110,0,"-1964.36","667.695","141.54","-0.495492","0.453417","93.574"
3111,0,"-1964.38","667.761","141.529","-0.486652","0.373812","93.5433"
3112,0,"-1964.39","667.655","141.532","-0.490973","0.465085","93.5706"
3113,0,"-1964.41","667.63","141.516","-0.491342","0.45695","93.5723"
3114,0,"-1964.37","667.687","141.548","-0.48653","0.45252","93.5773"
3115,0,"-1964.35","667.667","141.547","-0.501702","0.472309","93.5845"
3116,0,"-1964.38","667.635","141.524","-0.492648","0.474925","93.5908"
3117,0,"-1964.36","667.661","141.531","-0.496526","0.44272","93.568"
3118,0,"-1964.38","667.762","141.597","-0.41283","0.410305","93.5764"
3119,0,"-1964.37","667.673","141.542","-0.484679","0.469388","93.5733"
3120,0,"-1964.34","667.738","141.601","-0.489116","0.460554","93.5779"
3121,0,"-1964.39","667.712","141.553","-0.444797","0.409969","93.5725"
3122,0,"-1964.39","667.686","141.538","-0.484692","0.472028","93.5816"
3123,0,"-1964.36","667.737","141.507","-0.51918","0.417543","93.5611"
3124,0,"-1964.41","667.664","141.533","-0.472313","0.458363","93.5694"
3125,0,"-1964.41","667.682","141.504","-0.454134","0.428948","93.5487"
3126,0,"-1964.37","667.672","141.546","-0.494186","0.455836","93.5737"
3127,0,"-1964.36","667.654","141.558","-0.499184","0.457526","93.5932"
3128,0,"-1964.38","667.655","141.53","-0.486673","0.457546","93.5657"
3129,0,"-1964.39","667.672","141.531","-0.476983","0.447203","93.5548"
3130,0,"-1964.37","667.662","141.548","-0.502973","0.442652","93.599"
3131,0,"-1964.34","667.702","141.522","-0.488497","0.436391","93.5779"
3132,0,"-1964.37","667.689","141.549","-0.49628","0.449405","93.5753"
3133,0,"-1964.37","667.669","141.54","-0.513836","0.470946","93.6015"
3134,0,"-1964.33","667.72","141.53","-0.503754","0.416915","93.5663"
3135,0,"-1964.39","667.71","141.491","-0.507536","0.439693","93.5731"
3136,0,"-1964.38","667.703","141.473","-0.529669","0.384335","93.5624"
3137,0,"-1964.36","667.705","141.527","-0.463454","0.457936","93.5515"
3138,0,"-1964.42","667.651","141.525","-0.483453","0.453901","93.5593"
3139,0,"-1964.34","667.728","141.579","-0.467478","0.452226","93.5561"
3140,0,"-1964.35","667.734","141.506","-0.528245","0.37768","93.5584"
3141,0,"-1964.34","667.702","141.544","-0.528231","0.426548","93.5806"
3142,0,"-1964.36","667.693","141.538","-0.505513","0.435147","93.5887"
3143,0,"-1964.39","667.634","141.506","-0.502871","0.456808","93.5765"
3144,0,"-1964.35","667.682","141.546","-0.501323","0.436236","93.5816"
3145,0,"-1964.37","667.661","141.535","-0.477157","0.466307","93.5691"
3146,0,"-1964.37","667.652","141.496","-0.50523","0.437298","93.5814"
3147,0,"-1964.41","667.609","141.522","-0.500172","0.493165","93.5907"
3148,0,"-1964.36","667.717","141.55","-0.519844","0.428556","93.5756"
3149,0,"-1964.37","667.697","141.532","-0.475282","0.455036","93.5516"
3150,0,"-1964.39","667.635","141.528","-0.519443","0.444767","93.5832"
3151,0,"-1964.37","667.661","141.529","-0.495429","0.476232","93.5817"
3152,0,"-1964.32","667.694","141.563","-0.515865","0.438445","93.5923"
3153,0,"-1964.34","667.691","141.538","-0.50684","0.434479","93.5833"
3154,0,"-1964.38","667.684","141.536","-0.485855","0.431958","93.5546"
3155,0,"-1964.41","667.635","141.536","-0.476171","0.463822","93.5924"
3156,0,"-1964.36","667.68","141.565","-0.510144","0.449278","93.5813"
3157,0,"-1964.36","667.755","141.532","-0.464984","0.390332","93.5789"
3158,0,"-1964.37","667.662","141.524","-0.520293","0.451246","93.593"
3159,0,"-1964.39","667.678","141.511","-0.471286","0.44413","93.5543"
3160,0,"-1964.39","667.634","141.519","-0.505406","0.477263","93.5893"
3161,0,"-1964.33","667.736","141.596","-0.472183","0.43524","93.5716"
3162,0,"-1964.4","667.66","141.485","-0.479095","0.432743","93.5555"
3163,0,"-1964.38","667.641","141.524","-0.493059","0.464095","93.5848"
3164,0,"-1964.38","667.683","141.541","-0.469305","0.435571","93.569"
3165,0,"-1964.37","667.694","141.53","-0.476451","0.448198","93.569"
3166,0,"-1964.39","667.64","141.53","-0.502652","0.457974","93.5766"
3167,0,"-1964.34","667.717","141.576","-0.476446","0.448896","93.5712"
3168,0,"-1964.41","667.626","141.506","-0.505514","0.462703","93.5781"
3169,0,"-1964.37","667.633","141.526","-0.52997","0.462108","93.6083"
3170,0,"-1964.35","667.706","141.543","-0.49034","0.451866","93.5745"
3171,0,"-1964.39","667.668","141.545","-0.490472","0.459268","93.6122"
3172,0,"-1964.37","667.729","141.555","-0.489218","0.426375","93.5724"
3173,0,"-1964.35","667.741","141.543","-0.472656","0.433387","93.553"
3174,0,"-1964.38","667.689","141.503","-0.485065","0.44094","93.5874"
3175,0,"-1964.41","667.62","141.521","-0.489671","0.477408","93.584"
3176,0,"-1964.39","667.663","141.522","-0.494734","0.457596","93.5731"
3177,0,"-1964.35","667.667","141.516","-0.492996","0.45038","93.5862"
3178,0,"-1964.37","667.611","141.5","-0.521915","0.45407","93.604"
3179,0,"-1964.38","667.649","141.538","-0.520411","0.434051","93.5777"
3180,0,"-1964.38","667.704","141.495","-0.495024","0.375657","93.5523"
3181,0,"-1964.37","667.678","141.543","-0.503464","0.453216","93.5805"
3182,0,"-1964.37","667.771","141.526","-0.480214","0.386197","93.5603"
3183,0,"-1964.35","667.719","141.57","-0.519777","0.418407","93.5728"
3184,0,"-1964.38","667.664","141.552","-0.513524","0.468707","93.5906"
3185,0,"-1964.39","667.65","141.536","-0.500645","0.455003","93.5847"
3186,0,"-1964.38","667.68","141.499","-0.481981","0.44968","93.5555"
3187,0,"-1964.38","667.745","141.556","-0.444686","0.410274","93.5657"
3188,0,"-1964.4","667.632","141.502","-0.479935","0.450417","93.5946"
3189,0,"-1964.38","667.666","141.495","-0.492966","0.41001","93.5761"
3190,0,"-1964.36","667.696","141.487","-0.468703","0.437559","93.5532"
3191,0,"-1964.4","667.677","141.485","-0.498954","0.407333","93.5761"
3192,0,"-1964.41","667.622","141.508","-0.467476","0.483795","93.5718"
3193,0,"-1964.37","667.654","141.515","-0.521424","0.444511","93.5948"
3194,0,"-1964.37","667.724","141.568","-0.459635","0.45341","93.5702"
3195,0,"-1964.37","667.801","141.591","-0.426241","0.39682","93.5502"
3196,0,"-1964.39","667.636","141.538","-0.497363","0.47892","93.6004"
3197,0,"-1964.37","667.733","141.531","-0.497243","0.407758","93.5557"
3198,0,"-1964.37","667.693","141.473","-0.524131","0.407958","93.5577"
3199,0,"-1964.36","667.665","141.529","-0.515864","0.43534","93.5748"
3200,0,"-1964.36","667.657","141.55","-0.487949","0.491477","93.5897"
3201,0,"-1964.37","667.667","141.54","-0.490247","0.439391","93.571"
3202,0,"-1964.41","667.624","141.501","-0.510642","0.458507","93.5816"
3203,0,"-1964.36","667.706","141.552","-0.490356","0.46337","93.5818"
3204,0,"-1964.4","667.691","141.547","-0.451515","0.436473","93.5786"
3205,0,"-1964.36","667.747","141.562","-0.461597","0.41594","93.5706"
3206,0,"-1964.39","667.645","141.536","-0.499533","0.484087","93.596"
3207,0,"-1964.38","667.711","141.559","-0.466102","0.411017","93.5683"
3208,0,"-1964.35","667.705","141.566","-0.510483","0.463143","93.5844"
3209,0,"-1964.37","667.708","141.544","-0.499457","0.445171","93.5671"
3210,0,"-1964.39","667.682","141.538","-0.500087","0.439537","93.5797"
3211,0,"-1964.44","667.619","141.52","-0.487241","0.468646","93.5662"
3212,0,"-1964.38","667.688","141.558","-0.456776","0.471401","93.5644"
3213,0,"-1964.36","667.774","141.529","-0.474245","0.353276","93.5363"
3214,0,"-1964.36","667.651","141.537","-0.518292","0.468693","93.6089"
3215,0,"-1964.37","667.701","141.521","-0.456013","0.415697","93.5602"
3216,0,"-1964.38","667.601","141.501","-0.511761","0.462551","93.602"
3217,0,"-1964.32","667.705","141.528","-0.508797","0.422462","93.5799"
3218,0,"-1964.39","667.665","141.506","-0.482309","0.414567","93.5726"
3219,0,"-1964.41","667.622","141.52","-0.48597","0.47378","93.5678"
3220,0,"-1964.4","667.645","141.516","-0.490608","0.438616","93.5789"
3221,0,"-1964.37","667.687","141.555","-0.491446","0.446927","93.5684"
3222,0,"-1964.35","667.73","141.559","-0.458966","0.441454","93.5635"
3223,0,"-1964.36","667.734","141.591","-0.465937","0.431902","93.5842"
3224,0,"-1964.42","667.633","141.516","-0.492054","0.444551","93.5563"
3225,0,"-1964.41","667.617","141.489","-0.486283","0.456043","93.5742"
3226,0,"-1964.35","667.72","141.575","-0.481393","0.44998","93.5832"
3227,0,"-1964.38","667.662","141.52","-0.522323","0.430816","93.5854"
3228,0,"-1964.39","667.639","141.514","-0.482808","0.445663","93.5687"
3229,0,"-1964.38","667.659","141.52","-0.468481","0.47982","93.5799"
3230,0,"-1964.38","667.64","141.521","-0.497495","0.465146","93.5889"
3231,0,"-1964.34","667.699","141.53","-0.497384","0.47025","93.586"
3232,0,"-1964.39","667.631","141.503","-0.511842","0.454912","93.5843"
3233,0,"-1964.36","667.774","141.569","-0.427848","0.402462","93.5771"
3234,0,"-1964.39","667.645","141.507","-0.497592","0.449284","93.5719"
3235,0,"-1964.38","667.68","141.523","-0.501189","0.459591","93.5745"
3236,0,"-1964.39","667.676","141.553","-0.497121","0.440673","93.5836"
3237,0,"-1964.38","667.778","141.51","-0.47556","0.371941","93.5564"
3238,0,"-1964.36","667.772","141.56","-0.450153","0.409236","93.5487"
3239,0,"-1964.37","667.652","141.531","-0.52478","0.471468","93.6118"
3240,0,"-1964.41","667.644","141.528","-0.47515","0.434961","93.5877"
3241,0,"-1964.37","667.663","141.548","-0.482945","0.477279","93.5701"
3242,0,"-1964.38","667.651","141.507","-0.512456","0.426359","93.563"
3243,0,"-1964.35","667.671","141.545","-0.50989","0.470895","93.5962"
3244,0,"-1964.37","667.643","141.519","-0.511038","0.440003","93.5789"
3245,0,"-1964.36","667.648","141.519","-0.521035","0.462964","93.6067"
3246,0,"-1964.37","667.698","141.501","-0.493101","0.424197","93.5573"
3247,0,"-1964.4","667.688","141.508","-0.47461","0.459518","93.5541"
3248,0,"-1964.36","667.677","141.527","-0.506714","0.439121","93.5843"
3249,0,"-1964.38","667.667","141.536","-0.500545","0.471796","93.5803"
3250,0,"-1964.4","667.667","141.505","-0.49798","0.441761","93.5643"
3251,0,"-1964.39","667.671","141.526","-0.475453","0.439938","93.5803"
3252,0,"-1964.39","667.666","141.524","-0.481614","0.434515","93.5729"
3253,0,"-1964.43","667.597","141.518","-0.470435","0.495193","93.5729"
3254,0,"-1964.36","667.696","141.554","-0.504663","0.419646","93.5981"
3255,0,"-1964.38","667.693","141.488","-0.526626","0.400001","93.5612"
3256,0,"-1964.42","667.603","141.519","-0.50204","0.456774","93.584"
3257,0,"-1964.35","667.75","141.56","-0.472495","0.450992","93.569"
3258,0,"-1964.36","667.738","141.495","-0.533309","0.38853","93.5643"
3259,0,"-1964.37","667.705","141.522","-0.473311","0.443085","93.5592"
3260,0,"-1964.36","667.654","141.502","-0.5281","0.428861","93.5841"
3261,0,"-1964.37","667.656","141.507","-0.513317","0.449382","93.5774"
3262,0,"-1964.38","667.652","141.502","-0.486199","0.450719","93.5661"
3263,0,"-1964.37","667.661","141.537","-0.493816","0.471413","93.5806"
3264,0,"-1964.36","667.687","141.563","-0.509243","0.449883","93.5852"
3265,0,"-1964.38","667.685","141.572","-0.495735","0.445978","93.5609"
3266,0,"-1964.41","667.631","141.523","-0.493002","0.474007","93.5759"
3267,0,"-1964.4","667.665","141.565","-0.454153","0.449219","93.5919"
3268,0,"-1964.35","667.662","141.539","-0.50136","0.446543","93.5848"
3269,0,"-1964.36","667.661","141.525","-0.499689","0.461576","93.5894"
3270,0,"-1964.31","667.816","141.537","-0.498648","0.364365","93.5569"
3271,0,"-1964.36","667.671","141.533","-0.510863","0.447102","93.5827"
3272,0,"-1964.35","667.704","141.538","-0.487991","0.423122","93.5805"
3273,0,"-1964.38","667.655","141.495","-0.502643","0.444224","93.5832"
3274,0,"-1964.36","667.705","141.517","-0.493333","0.458346","93.5852"
3275,0,"-1964.37","667.695","141.545","-0.498365","0.439527","93.6001"
3276,0,"-1964.37","667.702","141.546","-0.475422","0.436029","93.5764"
3277,0,"-1964.34","667.705","141.562","-0.503011","0.441911","93.5862"
3278,0,"-1964.37","667.659","141.531","-0.49661","0.453439","93.578"
3279,0,"-1964.39","667.616","141.533","-0.527935","0.459906","93.5974"
3280,0,"-1964.37","667.635","141.529","-0.517799","0.457756","93.5945"
3281,0,"-1964.37","667.701","141.557","-0.484275","0.451601","93.554"
3282,0,"-1964.34","667.708","141.578","-0.480626","0.446171","93.5901"
3283,0,"-1964.42","667.644","141.521","-0.46424","0.461627","93.5765"
3284,0,"-1964.36","667.667","141.508","-0.49358","0.452623","93.5858"
3285,0,"-1964.4","667.65","141.522","-0.508841","0.436012","93.5708"
3286,0,"-1964.35","667.741","141.511","-0.50115","0.406678","93.5663"
3287,0,"-1964.32","667.748","141.533","-0.499377","0.407358","93.5638"
3288,0,"-1964.35","667.701","141.556","-0.505919","0.441847","93.5711"
3289,0,"-1964.38","667.687","141.533","-0.474515","0.418404","93.5825"
3290,0,"-1964.37","667.718","141.462","-0.504849","0.405679","93.5545"
3291,0,"-1964.36","667.702","141.559","-0.48251","0.43676","93.5592"
3292,0,"-1964.36","667.701","141.581","-0.468368","0.458926","93.581"
3293,0,"-1964.37","667.674","141.551","-0.514108","0.437462","93.5816"
3294,0,"-1964.41","667.637","141.529","-0.465867","0.482119","93.5835"
3295,0,"-1964.39","667.637","141.514","-0.507659","0.465665","93.5969"
3296,0,"-1964.4","667.643","141.539","-0.499342","0.474292","93.5849"
3297,0,"-1964.39","667.66","141.501","-0.490669","0.42521","93.5583"
3298,0,"-1964.33","667.759","141.551","-0.483321","0.419518","93.5784"
3299,0,"-1964.4","667.731","141.452","-0.471234","0.362174","93.5004"
3300,0,"-1964.36","667.685","141.53","-0.487908","0.467636","93.5817"
3301,0,"-1964.39","667.65","141.519","-0.49901","0.450573","93.5717"
3302,0,"-1964.35","667.711","141.556","-0.496963","0.437706","93.5739"
3303,0,"-1964.37","667.757","141.508","-0.473498","0.367529","93.5414"
3304,0,"-1964.37","667.67","141.529","-0.485041","0.454649","93.5616"
3305,0,"-1964.33","667.759","141.525","-0.508412","0.393494","93.5588"
3306,0,"-1964.36","667.728","141.56","-0.448505","0.421131","93.5811"
3307,0,"-1964.36","667.665","141.524","-0.507894","0.444118","93.5754"
3308,0,"-1964.38","667.65","141.55","-0.496662","0.459602","93.5861"
3309,0,"-1964.4","667.691","141.478","-0.491504","0.39116","93.5385"
3310,0,"-1964.38","667.657","141.513","-0.488879","0.458572","93.5678"
3311,0,"-1964.41","667.615","141.5","-0.478066","0.478197","93.585"
3312,0,"-1964.38","667.669","141.506","-0.498223","0.434935","93.5665"
3313,0,"-1964.33","667.722","141.543","-0.483718","0.419226","93.5705"
3314,0,"-1964.39","667.625","141.513","-0.494078","0.477724","93.5753"
3315,0,"-1964.36","667.796","141.565","-0.420088","0.386077","93.5577"
3316,0,"-1964.35","667.719","141.551","-0.502066","0.426607","93.5627"
3317,0,"-1964.35","667.685","141.523","-0.525013","0.432809","93.5889"
3318,0,"-1964.37","667.658","141.54","-0.507325","0.474565","93.5947"
3319,0,"-1964.38","667.719","141.549","-0.448773","0.399364","93.575"
3320,0,"-1964.36","667.686","141.555","-0.51405","0.43215","93.5746"
3321,0,"-1964.39","667.628","141.509","-0.491086","0.442779","93.571"
3322,0,"-1964.37","667.682","141.543","-0.510672","0.450977","93.6053"
3323,0,"-1964.35","667.685","141.526","-0.515141","0.463038","93.5986"
3324,0,"-1964.4","667.649","141.517","-0.486213","0.446838","93.5495"
3325,0,"-1964.37","667.65","141.526","-0.522519","0.469515","93.6049"
3326,0,"-1964.38","667.695","141.514","-0.463923","0.442181","93.548"
3327,0,"-1964.36","667.685","141.507","-0.499581","0.445584","93.5771"
3328,0,"-1964.4","667.614","141.499","-0.512531","0.450774","93.5945"
3329,0,"-1964.37","667.684","141.52","-0.497604","0.43792","93.5594"
3330,0,"-1964.37","667.655","141.502","-0.502217","0.438315","93.5749"
3331,0,"-1964.39","667.686","141.528","-0.472414","0.445401","93.5757"
3332,0,"-1964.35","667.697","141.559","-0.504464","0.43009","93.6016"
3333,0,"-1964.41","667.643","141.51","-0.479192","0.438105","93.5779"
3334,0,"-1964.38","667.64","141.509","-0.522968","0.414231","93.585"
3335,0,"-1964.37","667.672","141.525","-0.493961","0.456746","93.5793"
3336,0,"-1964.41","667.718","141.587","-0.438311","0.428904","93.5761"
3337,0,"-1964.34","667.704","141.548","-0.515748","0.441755","93.5912"
3338,0,"-1964.39","667.679","141.524","-0.495994","0.425908","93.5657"
3339,0,"-1964.39","667.649","141.536","-0.504293","0.495084","93.6015"
3340,0,"-1964.38","667.633","141.494","-0.514193","0.444353","93.5831"
3341,0,"-1964.34","667.782","141.556","-0.415682","0.394868","93.5339"
3342,0,"-1964.4","667.628","141.495","-0.478273","0.465032","93.5713"
3343,0,"-1964.35","667.71","141.533","-0.48328","0.427357","93.5826"
3344,0,"-1964.37","667.682","141.553","-0.486065","0.438074","93.5565"
3345,0,"-1964.36","667.656","141.557","-0.515675","0.482078","93.6036"
3346,0,"-1964.38","667.631","141.535","-0.511254","0.449302","93.5939"
3347,0,"-1964.38","667.686","141.532","-0.469304","0.444929","93.5672"
3348,0,"-1964.38","667.727","141.526","-0.447388","0.398652","93.5513"
3349,0,"-1964.36","667.692","141.545","-0.470383","0.453718","93.5853"
3350,0,"-1964.34","667.685","141.51","-0.518856","0.424004","93.5809"
3351,0,"-1964.36","667.728","141.537","-0.457088","0.41962","93.5866"
3352,0,"-1964.4","667.607","141.486","-0.527483","0.460369","93.6012"
3353,0,"-1964.39","667.66","141.511","-0.470942","0.446491","93.573"
3354,0,"-1964.39","667.676","141.503","-0.459504","0.446441","93.5617"
3355,0,"-1964.36","667.783","141.496","-0.481883","0.3585","93.55"
3356,0,"-1964.36","667.694","141.545","-0.504625","0.444352","93.5742"
3357,0,"-1964.39","667.614","141.507","-0.530137","0.44965","93.5982"
3358,0,"-1964.36","667.721","141.549","-0.471998","0.420351","93.5804"
3359,0,"-1964.33","667.706","141.54","-0.511833","0.453101","93.5905"
3360,0,"-1964.33","667.717","141.569","-0.507828","0.420629","93.5714"
3361,0,"-1964.38","667.657","141.533","-0.498234","0.444445","93.5713"
3362,0,"-1964.39","667.621","141.507","-0.510881","0.462589","93.595"
3363,0,"-1964.38","667.682","141.573","-0.490826","0.465024","93.5724"
3364,0,"-1964.39","667.705","141.542","-0.459181","0.427965","93.5576"
3365,0,"-1964.36","667.695","141.534","-0.488863","0.466292","93.5699"
3366,0,"-1964.35","667.751","141.544","-0.482767","0.442879","93.5681"
3367,0,"-1964.37","667.641","141.531","-0.525929","0.437151","93.6044"
3368,0,"-1964.37","667.701","141.515","-0.457074","0.422698","93.5708"
3369,0,"-1964.43","667.59","141.49","-0.479173","0.453793","93.5821"
3370,0,"-1964.36","667.656","141.495","-0.492498","0.438078","93.5707"
3371,0,"-1964.33","667.68","141.528","-0.508858","0.424035","93.5906"
3372,0,"-1964.36","667.699","141.523","-0.488101","0.436808","93.5561"
3373,0,"-1964.36","667.718","141.542","-0.459278","0.422627","93.5529"
3374,0,"-1964.41","667.728","141.557","-0.421351","0.413766","93.5599"
3375,0,"-1964.39","667.678","141.507","-0.471674","0.423773","93.5822"
3376,0,"-1964.4","667.641","141.536","-0.495679","0.479185","93.58"
3377,0,"-1964.38","667.65","141.526","-0.505533","0.466097","93.5836"
3378,0,"-1964.37","667.719","141.562","-0.47004","0.459455","93.5846"
3379,0,"-1964.38","667.658","141.523","-0.505737","0.428204","93.5854"
3380,0,"-1964.38","667.663","141.533","-0.49801","0.477701","93.587"
3381,0,"-1964.37","667.688","141.557","-0.496774","0.44138","93.5621"
3382,0,"-1964.39","667.692","141.524","-0.437933","0.429396","93.5707"
3383,0,"-1964.37","667.749","141.529","-0.475837","0.352921","93.5799"
3384,0,"-1964.35","667.728","141.545","-0.477334","0.413952","93.5772"
3385,0,"-1964.36","667.723","141.575","-0.471972","0.413209","93.5636"
3386,0,"-1964.34","667.693","141.547","-0.515748","0.449312","93.5973"
3387,0,"-1964.41","667.656","141.496","-0.483303","0.438502","93.5484"
3388,0,"-1964.36","667.647","141.546","-0.5191","0.489461","93.6129"
3389,0,"-1964.35","667.693","141.538","-0.513681","0.427372","93.5742"
3390,0,"-1964.41","667.62","141.479","-0.496957","0.458223","93.5743"
3391,0,"-1964.42","667.642","141.489","-0.484907","0.455196","93.5632"
3392,0,"-1964.4","667.635","141.52","-0.493522","0.483528","93.5856"
3393,0,"-1964.37","667.68","141.531","-0.52045","0.435773","93.5805"
3394,0,"-1964.35","667.731","141.532","-0.467016","0.41217","93.5871"
3395,0,"-1964.35","667.688","141.534","-0.505632","0.426069","93.5883"
3396,0,"-1964.37","667.708","141.523","-0.467136","0.439975","93.5556"
3397,0,"-1964.37","667.658","141.526","-0.510542","0.42314","93.5939"
3398,0,"-1964.38","667.71","141.472","-0.509939","0.397653","93.5515"
3399,0,"-1964.33","667.723","141.548","-0.509589","0.43001","93.5757"
3400,0,"-1964.37","667.653","141.546","-0.499597","0.47411","93.5856"
3401,0,"-1964.37","667.669","141.534","-0.506727","0.444059","93.5751"
3402,0,"-1964.35","667.726","141.549","-0.494325","0.445993","93.5745"
3403,0,"-1964.35","667.734","141.525","-0.490517","0.413099","93.5538"
3404,0,"-1964.4","667.657","141.531","-0.484125","0.469345","93.571"
3405,0,"-1964.36","667.775","141.496","-0.485777","0.375808","93.5202"
3406,0,"-1964.37","667.679","141.518","-0.502468","0.450935","93.5821"
3407,0,"-1964.39","667.662","141.524","-0.502186","0.430091","93.5804"
3408,0,"-1964.39","667.66","141.507","-0.491581","0.456571","93.5701"
3409,0,"-1964.39","667.679","141.526","-0.467521","0.441438","93.54"
3410,0,"-1964.38","667.645","141.522","-0.502598","0.461883","93.5911"
3411,0,"-1964.38","667.645","141.51","-0.488388","0.466148","93.5758"
3412,0,"-1964.35","667.735","141.547","-0.462954","0.402234","93.5634"
3413,0,"-1964.34","667.676","141.509","-0.515561","0.422347","93.5765"
3414,0,"-1964.33","667.739","141.56","-0.500579","0.423929","93.5707"
3415,0,"-1964.36","667.737","141.501","-0.538317","0.364788","93.5822"
3416,0,"-1964.35","667.672","141.533","-0.54233","0.439517","93.598"
3417,0,"-1964.38","667.67","141.53","-0.501364","0.43433","93.57"
3418,0,"-1964.38","667.665","141.544","-0.49363","0.439485","93.5947"
3419,0,"-1964.36","667.753","141.451","-0.534131","0.343873","93.5577"
3420,0,"-1964.38","667.687","141.541","-0.492937","0.457804","93.5673"
3421,0,"-1964.37","667.672","141.524","-0.484808","0.471506","93.5806"
3422,0,"-1964.4","667.679","141.559","-0.463399","0.438987","93.5738"
3423,0,"-1964.34","667.731","141.568","-0.480171","0.455107","93.5863"
3424,0,"-1964.35","667.68","141.531","-0.482411","0.44402","93.5639"
3425,0,"-1964.42","667.647","141.522","-0.460816","0.449173","93.5739"
3426,0,"-1964.39","667.632","141.525","-0.508466","0.466922","93.5885"
3427,0,"-1964.4","667.725","141.549","-0.449883","0.406769","93.5675"
3428,0,"-1964.35","667.766","141.564","-0.451275","0.404752","93.5473"
3429,0,"-1964.38","667.7","141.548","-0.472185","0.444725","93.5799"
3430,0,"-1964.38","667.66","141.527","-0.505478","0.442297","93.5676"
3431,0,"-1964.39","667.661","141.504","-0.491085","0.462226","93.5771"
3432,0,"-1964.37","667.669","141.537","-0.506128","0.451759","93.5831"
3433,0,"-1964.38","667.645","141.536","-0.497883","0.468013","93.5862"
3434,0,"-1964.39","667.608","141.524","-0.529525","0.462729","93.6116"
3435,0,"-1964.35","667.743","141.507","-0.520139","0.407169","93.5684"
3436,0,"-1964.38","667.648","141.535","-0.519859","0.472984","93.6092"
3437,0,"-1964.4","667.644","141.499","-0.492458","0.451061","93.5851"
3438,0,"-1964.38","667.631","141.537","-0.512241","0.462652","93.6009"
3439,0,"-1964.38","667.682","141.504","-0.484821","0.423536","93.5791"
3440,0,"-1964.34","667.758","141.555","-0.469338","0.362872","93.5585"
3441,0,"-1964.37","667.642","141.508","-0.525664","0.440896","93.5987"
3442,0,"-1964.33","667.709","141.563","-0.513058","0.438529","93.5648"
3443,0,"-1964.37","667.752","141.559","-0.449757","0.434441","93.5548"
3444,0,"-1964.4","667.662","141.518","-0.515066","0.426586","93.5786"
3445,0,"-1964.42","667.642","141.521","-0.498537","0.47403","93.5914"
3446,0,"-1964.4","667.67","141.548","-0.471305","0.446047","93.5494"
3447,0,"-1964.38","667.668","141.529","-0.484139","0.461763","93.583"
3448,0,"-1964.35","667.733","141.554","-0.481726","0.434303","93.5676"
3449,0,"-1964.43","667.667","141.513","-0.433109","0.4365","93.5632"
3450,0,"-1964.37","667.649","141.517","-0.519212","0.42564","93.5779"
3451,0,"-1964.4","667.645","141.485","-0.49893","0.449036","93.5774"
3452,0,"-1964.39","667.662","141.535","-0.485272","0.440249","93.5813"
3453,0,"-1964.4","667.612","141.488","-0.495303","0.486098","93.5961"
3454,0,"-1964.43","667.624","141.507","-0.498398","0.453488","93.5692"
3455,0,"-1964.38","667.725","141.521","-0.456373","0.437185","93.5441"
3456,0,"-1964.31","667.791","141.54","-0.475403","0.388648","93.563"
3457,0,"-1964.38","667.741","141.534","-0.429958","0.420951","93.5463"
3458,0,"-1964.36","667.737","141.547","-0.469181","0.391875","93.5674"
3459,0,"-1964.38","667.697","141.512","-0.499095","0.458372","93.5796"
3460,0,"-1964.36","667.694","141.513","-0.476853","0.421139","93.562"
3461,0,"-1964.34","667.704","141.515","-0.491875","0.450828","93.581"
3462,0,"-1964.36","667.67","141.506","-0.487846","0.409231","93.5563"
3463,0,"-1964.36","667.69","141.531","-0.48717","0.44542","93.5691"
3464,0,"-1964.41","667.593","141.503","-0.498592","0.478986","93.596"
3465,0,"-1964.38","667.642","141.527","-0.515807","0.463304","93.5973"
3466,0,"-1964.39","667.669","141.521","-0.507826","0.447454","93.5783"
3467,0,"-1964.37","667.727","141.562","-0.465994","0.391856","93.5824"
3468,0,"-1964.38","667.663","141.507","-0.51264","0.442729","93.5854"
3469,0,"-1964.37","667.663","141.516","-0.491386","0.449751","93.5755"
3470,0,"-1964.37","667.696","141.543","-0.493079","0.441449","93.5824"
3471,0,"-1964.42","667.613","141.499","-0.499017","0.465611","93.577"
3472,0,"-1964.39","667.666","141.472","-0.504204","0.413767","93.5734"
3473,0,"-1964.4","667.655","141.533","-0.466253","0.4332","93.571"
3474,0,"-1964.36","667.632","141.526","-0.521984","0.451209","93.5961"
3475,0,"-1964.35","667.707","141.525","-0.481064","0.426577","93.5557"
3476,0,"-1964.34","667.676","141.522","-0.518491","0.444502","93.5947"
3477,0,"-1964.37","667.683","141.531","-0.471047","0.425344","93.57"
3478,0,"-1964.38","667.614","141.507","-0.526212","0.470186","93.61"
3479,0,"-1964.36","667.679","141.53","-0.510194","0.426794","93.5712"
3480,0,"-1964.37","667.759","141.567","-0.43923","0.407399","93.5752"
3481,0,"-1964.37","667.667","141.512","-0.521871","0.432006","93.5863"
3482,0,"-1964.4","667.624","141.463","-0.521186","0.422592","93.5644"
3483,0,"-1964.38","667.661","141.519","-0.514076","0.449702","93.5795"
3484,0,"-1964.32","667.742","141.552","-0.50174","0.416609","93.5706"
3485,0,"-1964.36","667.703","141.531","-0.480753","0.434079","93.5513"
3486,0,"-1964.38","667.67","141.542","-0.495574","0.444557","93.5969"
3487,0,"-1964.39","667.649","141.533","-0.500987","0.446315","93.5769"
3488,0,"-1964.38","667.65","141.511","-0.502782","0.463136","93.5988"
3489,0,"-1964.4","667.625","141.508","-0.541046","0.441232","93.5993"
3490,0,"-1964.36","667.714","141.563","-0.484502","0.444183","93.5636"
3491,0,"-1964.4","667.687","141.55","-0.460688","0.409232","93.5936"
3492,0,"-1964.37","667.693","141.531","-0.491945","0.448579","93.5681"
3493,0,"-1964.38","667.679","141.541","-0.486201","0.431734","93.5726"
3494,0,"-1964.32","667.726","141.555","-0.497979","0.431393","93.5732"
3495,0,"-1964.36","667.746","141.567","-0.471436","0.397179","93.5943"
3496,0,"-1964.4","667.669","141.531","-0.477262","0.443683","93.5747"
3497,0,"-1964.4","667.731","141.533","-0.440479","0.376416","93.5625"
3498,0,"-1964.39","667.678","141.52","-0.483914","0.460296","93.5629"
3499,0,"-1964.39","667.74","141.54","-0.440901","0.379682","93.5533"
3500,0,"-1964.39","667.644","141.527","-0.525105","0.470872","93.5975"
3501,0,"-1964.37","667.68","141.521","-0.482611","0.432323","93.5482"
3502,0,"-1964.36","667.722","141.473","-0.543987","0.370309","93.5433"
3503,0,"-1964.37","667.666","141.551","-0.499721","0.451124","93.6116"
3504,0,"-1964.37","667.671","141.518","-0.500487","0.434923","93.5671"
3505,0,"-1964.39","667.655","141.511","-0.501245","0.445046","93.5698"
3506,0,"-1964.41","667.632","141.503","-0.511509","0.462523","93.5796"
3507,0,"-1964.38","667.724","141.524","-0.451318","0.428958","93.5255"
3508,0,"-1964.38","667.675","141.536","-0.519123","0.443435","93.587"
3509,0,"-1964.39","667.669","141.527","-0.52728","0.464473","93.594"
3510,0,"-1964.37","667.681","141.54","-0.490857","0.457854","93.5752"
3511,0,"-1964.37","667.713","141.549","-0.474865","0.426741","93.5762"
3512,0,"-1964.35","667.719","141.548","-0.476723","0.449438","93.5517"
3513,0,"-1964.38","667.643","141.514","-0.500914","0.451931","93.5812"
3514,0,"-1964.4","667.594","141.53","-0.487028","0.48362","93.5744"
3515,0,"-1964.4","667.639","141.524","-0.47959","0.435788","93.5644"
3516,0,"-1964.35","667.705","141.544","-0.498012","0.444889","93.5756"
3517,0,"-1964.38","667.697","141.547","-0.479754","0.423464","93.5603"
3518,0,"-1964.39","667.631","141.526","-0.506166","0.473485","93.6049"
3519,0,"-1964.35","667.734","141.487","-0.53323","0.411587","93.5805"
3520,0,"-1964.35","667.72","141.564","-0.484291","0.421056","93.577"
3521,0,"-1964.37","667.677","141.5","-0.500371","0.432093","93.5825"
3522,0,"-1964.38","667.642","141.487","-0.508362","0.431898","93.5683"
3523,0,"-1964.35","667.685","141.52","-0.519497","0.444066","93.5901"
3524,0,"-1964.36","667.72","141.538","-0.484756","0.432537","93.5622"
3525,0,"-1964.36","667.684","141.528","-0.498977","0.458895","93.58"
3526,0,"-1964.42","667.583","141.502","-0.528376","0.458228","93.5915"
3527,0,"-1964.41","667.659","141.449","-0.514754","0.410923","93.5558"
3528,0,"-1964.36","667.689","141.539","-0.503997","0.42871","93.5788"
3529,0,"-1964.4","667.626","141.506","-0.509942","0.470016","93.5846"
3530,0,"-1964.37","667.698","141.492","-0.479301","0.414327","93.5424"
3531,0,"-1964.38","667.645","141.504","-0.500265","0.456351","93.6001"
3532,0,"-1964.35","667.722","141.557","-0.49275","0.440444","93.5655"
3533,0,"-1964.41","667.691","141.509","-0.463386","0.422094","93.5553"
3534,0,"-1964.38","667.639","141.519","-0.50835","0.454477","93.5771"
3535,0,"-1964.36","667.647","141.537","-0.518094","0.486345","93.61"
3536,0,"-1964.34","667.723","141.573","-0.502261","0.432319","93.5778"
3537,0,"-1964.34","667.715","141.553","-0.499489","0.439432","93.5732"
3538,0,"-1964.37","667.686","141.511","-0.498582","0.412809","93.5512"
3539,0,"-1964.36","667.668","141.536","-0.487013","0.474665","93.5792"
3540,0,"-1964.34","667.741","141.554","-0.501277","0.389231","93.5912"
3541,0,"-1964.34","667.785","141.493","-0.508676","0.366317","93.5324"
3542,0,"-1964.36","667.737","141.545","-0.470599","0.414765","93.5622"
3543,0,"-1964.37","667.749","141.499","-0.472925","0.384132","93.5556"
3544,0,"-1964.36","667.719","141.543","-0.492464","0.421411","93.5576"
3545,0,"-1964.36","667.696","141.522","-0.48681","0.4385","93.577"
3546,0,"-1964.38","667.7","141.556","-0.497668","0.401284","93.5917"
3547,0,"-1964.35","667.742","141.538","-0.47927","0.419591","93.5623"
3548,0,"-1964.34","667.733","141.554","-0.490085","0.419415","93.5866"
3549,0,"-1964.36","667.662","141.537","-0.517392","0.461149","93.5893"
3550,0,"-1964.37","667.705","141.474","-0.527803","0.390578","93.5586"
3551,0,"-1964.39","667.651","141.517","-0.48606","0.477474","93.5875"
3552,0,"-1964.37","667.712","141.545","-0.46861","0.399251","93.5764"
3553,0,"-1964.36","667.677","141.551","-0.497309","0.45882","93.574"
3554,0,"-1964.36","667.746","141.578","-0.44534","0.378864","93.5754"
3555,0,"-1964.37","667.691","141.534","-0.478137","0.446832","93.5532"
3556,0,"-1964.37","667.685","141.509","-0.485648","0.459364","93.585"
3557,0,"-1964.38","667.67","141.548","-0.480157","0.440043","93.5818"
3558,0,"-1964.38","667.667","141.512","-0.479994","0.417275","93.5737"
3559,0,"-1964.36","667.701","141.52","-0.486421","0.435582","93.552"
3560,0,"-1964.36","667.69","141.547","-0.513172","0.463583","93.5932"
3561,0,"-1964.36","667.654","141.534","-0.523684","0.474587","93.6092"
3562,0,"-1964.36","667.662","141.529","-0.524315","0.455316","93.6005"
3563,0,"-1964.36","667.748","141.57","-0.43541","0.420209","93.5852"
3564,0,"-1964.37","667.645","141.494","-0.509905","0.447206","93.5813"
3565,0,"-1964.34","667.73","141.547","-0.471186","0.409978","93.556"
3566,0,"-1964.34","667.703","141.528","-0.499177","0.442195","93.5666"
3567,0,"-1964.39","667.638","141.522","-0.511246","0.453129","93.5852"
3568,0,"-1964.39","667.717","141.523","-0.433954","0.414908","93.5409"
3569,0,"-1964.4","667.674","141.526","-0.476474","0.419304","93.5924"
3570,0,"-1964.39","667.723","141.574","-0.459342","0.404378","93.5823"
3571,0,"-1964.37","667.65","141.552","-0.531184","0.465121","93.5996"
3572,0,"-1964.4","667.653","141.483","-0.508517","0.441544","93.5783"
3573,0,"-1964.38","667.712","141.565","-0.446997","0.417636","93.5773"
3574,0,"-1964.34","667.696","141.561","-0.50734","0.440009","93.5668"
3575,0,"-1964.37","667.687","141.517","-0.473207","0.417832","93.5758"
3576,0,"-1964.33","667.757","141.492","-0.527903","0.37366","93.5651"
3577,0,"-1964.38","667.636","141.537","-0.494694","0.464095","93.5763"
3578,0,"-1964.36","667.703","141.548","-0.493752","0.424392","93.5868"
3579,0,"-1964.37","667.653","141.527","-0.519375","0.445885","93.592"
3580,0,"-1964.36","667.733","141.554","-0.4615","0.449656","93.5442"
3581,0,"-1964.39","667.682","141.562","-0.487155","0.443018","93.5622"
3582,0,"-1964.38","667.627","141.538","-0.511736","0.470602","93.5872"
3583,0,"-1964.34","667.718","141.566","-0.488487","0.43482","93.5725"
3584,0,"-1964.32","667.762","141.495","-0.533631","0.389262","93.5645"
3585,0,"-1964.37","667.765","141.555","-0.440634","0.378316","93.5535"
3586,0,"-1964.38","667.816","141.535","-0.437396","0.358931","93.5451"
3587,0,"-1964.4","667.674","141.509","-0.471122","0.429648","93.5507"
3588,0,"-1964.36","667.693","141.542","-0.514619","0.464298","93.5975"
3589,0,"-1964.36","667.84","141.615","-0.397725","0.374911","93.5603"
3590,0,"-1964.37","667.68","141.531","-0.489899","0.464254","93.5798"
3591,0,"-1964.37","667.712","141.568","-0.468172","0.410705","93.5691"
3592,0,"-1964.41","667.712","141.484","-0.44665","0.401615","93.5412"
3593,0,"-1964.35","667.635","141.497","-0.518915","0.419004","93.5813"
3594,0,"-1964.37","667.636","141.523","-0.515133","0.442505","93.5781"
3595,0,"-1964.35","667.676","141.559","-0.502948","0.451891","93.5737"
3596,0,"-1964.34","667.723","141.54","-0.466552","0.448568","93.5663"
3597,0,"-1964.38","667.669","141.521","-0.474559","0.432018","93.5486"
3598,0,"-1964.39","667.72","141.533","-0.449987","0.434686","93.5654"
3599,0,"-1964.39","667.641","141.522","-0.519833","0.456769","93.5919"
3600,0,"-1964.39","667.785","141.489","-0.44757","0.368963","93.5302"
3601,0,"-1964.37","667.697","141.528","-0.480763","0.396631","93.5754"
3602,0,"-1964.36","667.705","141.538","-0.48223","0.436296","93.5639"
3603,0,"-1964.36","667.691","141.528","-0.495567","0.429121","93.5685"
3604,0,"-1964.35","667.757","141.498","-0.487602","0.398906","93.5482"
3605,0,"-1964.38","667.681","141.539","-0.488276","0.398961","93.5901"
3606,0,"-1964.38","667.651","141.536","-0.497815","0.47898","93.5855"
3607,0,"-1964.36","667.701","141.559","-0.488546","0.448891","93.5596"
3608,0,"-1964.39","667.721","141.535","-0.446234","0.414223","93.5602"
3609,0,"-1964.35","667.714","141.523","-0.496731","0.4296","93.5907"
3610,0,"-1964.37","667.674","141.532","-0.501864","0.452544","93.5753"
3611,0,"-1964.37","667.689","141.538","-0.47718","0.435187","93.5746"
3612,0,"-1964.36","667.665","141.515","-0.511603","0.46393","93.6048"
3613,0,"-1964.34","667.715","141.483","-0.535381","0.391071","93.5799"
3614,0,"-1964.39","667.64","141.522","-0.507675","0.462689","93.585"
3615,0,"-1964.37","667.657","141.534","-0.505553","0.460423","93.5843"
3616,0,"-1964.34","667.716","141.54","-0.487551","0.434085","93.559"
3617,0,"-1964.38","667.68","141.525","-0.478676","0.430593","93.557"
3618,0,"-1964.41","667.637","141.521","-0.465949","0.460911","93.5507"
3619,0,"-1964.32","667.796","141.592","-0.434491","0.372139","93.5589"
3620,0,"-1964.35","667.699","141.55","-0.513209","0.418452","93.5947"
3621,0,"-1964.37","667.706","141.539","-0.491645","0.43462","93.5612"
3622,0,"-1964.36","667.694","141.545","-0.48705","0.431063","93.5641"
3623,0,"-1964.4","667.633","141.51","-0.497419","0.463603","93.5768"
3624,0,"-1964.36","667.681","141.533","-0.525929","0.430673","93.5847"
3625,0,"-1964.39","667.673","141.53","-0.490652","0.466225","93.5712"
3626,0,"-1964.38","667.701","141.53","-0.474399","0.417724","93.5282"
3627,0,"-1964.37","667.669","141.522","-0.506008","0.457659","93.5912"
3628,0,"-1964.41","667.67","141.518","-0.473323","0.443718","93.579"
3629,0,"-1964.41","667.593","141.479","-0.514922","0.47389","93.6002"
3630,0,"-1964.39","667.653","141.499","-0.494268","0.440422","93.5749"
3631,0,"-1964.36","667.699","141.496","-0.541734","0.410944","93.5872"
3632,0,"-1964.36","667.668","141.512","-0.510361","0.43748","93.5721"
3633,0,"-1964.37","667.645","141.531","-0.522708","0.438477","93.5808"
3634,0,"-1964.4","667.634","141.529","-0.473611","0.446749","93.5704"
3635,0,"-1964.39","667.697","141.51","-0.452925","0.411394","93.5654"
3636,0,"-1964.34","667.69","141.543","-0.503251","0.43615","93.5772"
3637,0,"-1964.34","667.74","141.556","-0.490887","0.43277","93.5837"
3638,0,"-1964.34","667.785","141.545","-0.455833","0.36845","93.5509"
3639,0,"-1964.34","667.772","141.498","-0.491107","0.405645","93.5414"
3640,0,"-1964.36","667.706","141.512","-0.49696","0.423871","93.5615"
3641,0,"-1964.38","667.682","141.511","-0.480534","0.452385","93.5874"
3642,0,"-1964.4","667.653","141.53","-0.485638","0.479992","93.5912"
3643,0,"-1964.37","667.671","141.528","-0.492051","0.478689","93.5894"
3644,0,"-1964.39","667.692","141.54","-0.471054","0.398311","93.5717"
3645,0,"-1964.38","667.645","141.522","-0.497676","0.451953","93.5883"
3646,0,"-1964.32","667.755","141.545","-0.47396","0.392414","93.5591"
3647,0,"-1964.36","667.682","141.483","-0.543817","0.404833","93.5801"
3648,0,"-1964.36","667.753","141.54","-0.458105","0.39016","93.5627"
3649,0,"-1964.39","667.662","141.492","-0.507588","0.439987","93.5766"
3650,0,"-1964.36","667.687","141.53","-0.509579","0.41923","93.5797"
3651,0,"-1964.38","667.678","141.534","-0.508866","0.460699","93.5847"
3652,0,"-1964.44","667.636","141.46","-0.485014","0.437312","93.5533"
3653,0,"-1964.38","667.672","141.469","-0.543875","0.427176","93.5888"
3654,0,"-1964.35","667.655","141.524","-0.53997","0.438163","93.5974"
3655,0,"-1964.39","667.649","141.488","-0.46993","0.45506","93.5633"
3656,0,"-1964.38","667.671","141.507","-0.472218","0.426997","93.5686"
3657,0,"-1964.39","667.639","141.505","-0.485724","0.473672","93.5911"
3658,0,"-1964.39","667.604","141.511","-0.508542","0.444602","93.5838"
3659,0,"-1964.37","667.639","141.512","-0.516296","0.464023","93.601"
3660,0,"-1964.35","667.77","141.57","-0.423365","0.389963","93.5523"
3661,0,"-1964.39","667.692","141.538","-0.480737","0.445","93.583"
3662,0,"-1964.36","667.686","141.521","-0.50817","0.414577","93.5613"
3663,0,"-1964.35","667.713","141.536","-0.471732","0.416344","93.5704"
3664,0,"-1964.38","667.718","141.474","-0.520821","0.400595","93.5613"
3665,0,"-1964.37","667.691","141.521","-0.481153","0.427655","93.5835"
3666,0,"-1964.36","667.684","141.538","-0.488832","0.435918","93.5523"
3667,0,"-1964.4","667.613","141.541","-0.492759","0.482659","93.5842"
3668,0,"-1964.4","667.661","141.502","-0.489689","0.454963","93.5844"
3669,0,"-1964.41","667.639","141.53","-0.493915","0.473752","93.5792"
3670,0,"-1964.38","667.648","141.513","-0.49658","0.445784","93.5689"
3671,0,"-1964.37","667.692","141.556","-0.497612","0.438036","93.5779"
3672,0,"-1964.36","667.713","141.524","-0.46898","0.436758","93.5482"
3673,0,"-1964.37","667.722","141.55","-0.454273","0.406369","93.5632"
3674,0,"-1964.37","667.678","141.541","-0.489713","0.450104","93.5938"
3675,0,"-1964.34","667.747","141.551","-0.47552","0.389341","93.5607"
3676,0,"-1964.31","667.781","141.506","-0.514272","0.381573","93.5579"
3677,0,"-1964.41","667.682","141.52","-0.458501","0.407379","93.5764"
3678,0,"-1964.38","667.66","141.492","-0.494315","0.438137","93.565"
3679,0,"-1964.32","667.713","141.525","-0.515909","0.396927","93.5777"
3680,0,"-1964.38","667.663","141.522","-0.505965","0.456251","93.5758"
3681,0,"-1964.37","667.674","141.526","-0.502597","0.431806","93.5646"
3682,0,"-1964.39","667.637","141.519","-0.509403","0.470445","93.5861"
3683,0,"-1964.33","667.697","141.539","-0.492198","0.433432","93.572"
3684,0,"-1964.35","667.682","141.54","-0.492833","0.456179","93.5775"
3685,0,"-1964.39","667.668","141.543","-0.472092","0.448935","93.5725"
3686,0,"-1964.38","667.682","141.441","-0.521854","0.385265","93.5466"
3687,0,"-1964.4","667.668","141.517","-0.486784","0.439253","93.5549"
3688,0,"-1964.37","667.727","141.556","-0.461302","0.4233","93.6005"
3689,0,"-1964.37","667.743","141.524","-0.454969","0.389869","93.5726"
3690,0,"-1964.36","667.742","141.555","-0.468877","0.414448","93.5963"
3691,0,"-1964.37","667.677","141.515","-0.514562","0.413519","93.5708"
3692,0,"-1964.37","667.747","141.551","-0.455333","0.424181","93.5624"
3693,0,"-1964.35","667.668","141.547","-0.502148","0.43507","93.5699"
3694,0,"-1964.35","667.687","141.531","-0.508649","0.434895","93.6029"
3695,0,"-1964.37","667.696","141.528","-0.484256","0.428026","93.547"
3696,0,"-1964.36","667.654","141.546","-0.512039","0.443779","93.6053"
3697,0,"-1964.35","667.7","141.549","-0.479601","0.422352","93.5782"
3698,0,"-1964.41","667.59","141.488","-0.494426","0.47941","93.5886"
3699,0,"-1964.36","667.663","141.535","-0.513202","0.430605","93.5871"
3700,0,"-1964.4","667.637","141.515","-0.486313","0.472176","93.5934"
3701,0,"-1964.38","667.68","141.507","-0.488989","0.424002","93.5813"
3702,0,"-1964.39","667.649","141.468","-0.486079","0.433664","93.5499"
3703,0,"-1964.4","667.623","141.489","-0.504118","0.443204","93.5742"
3704,0,"-1964.44","667.592","141.467","-0.503324","0.473218","93.5962"
3705,0,"-1964.36","667.695","141.55","-0.485639","0.458225","93.5697"
3706,0,"-1964.39","667.658","141.513","-0.498534","0.467318","93.584"
3707,0,"-1964.39","667.752","141.545","-0.408898","0.391654","93.5513"
3708,0,"-1964.38","667.688","141.531","-0.471264","0.461441","93.5686"
3709,0,"-1964.4","667.587","141.483","-0.536726","0.439425","93.5915"
3710,0,"-1964.35","667.683","141.543","-0.493879","0.44724","93.5817"
3711,0,"-1964.38","667.639","141.498","-0.511722","0.445849","93.5771"
3712,0,"-1964.36","667.676","141.543","-0.50666","0.459678","93.594"
3713,0,"-1964.35","667.733","141.552","-0.475949","0.422242","93.5572"
3714,0,"-1964.41","667.66","141.531","-0.493098","0.455329","93.5628"
3715,0,"-1964.34","667.71","141.51","-0.513714","0.417127","93.5728"
3716,0,"-1964.38","667.693","141.569","-0.487518","0.454513","93.5874"
3717,0,"-1964.38","667.642","141.505","-0.524312","0.452263","93.5918"
3718,0,"-1964.39","667.656","141.483","-0.492644","0.427654","93.5511"
3719,0,"-1964.34","667.814","141.561","-0.418075","0.353498","93.5708"
3720,0,"-1964.38","667.637","141.529","-0.501971","0.457979","93.5766"
3721,0,"-1964.34","667.781","141.554","-0.440455","0.35983","93.5626"
3722,0,"-1964.36","667.72","141.564","-0.463079","0.409958","93.5744"
3723,0,"-1964.39","667.687","141.541","-0.455216","0.414014","93.5606"
3724,0,"-1964.38","667.662","141.544","-0.506194","0.470995","93.594"
3725,0,"-1964.38","667.645","141.522","-0.509605","0.448665","93.5734"
3726,0,"-1964.38","667.685","141.533","-0.498844","0.445823","93.5769"
3727,0,"-1964.37","667.66","141.522","-0.494938","0.466102","93.5768"
3728,0,"-1964.38","667.647","141.52","-0.52678","0.461441","93.598"
3729,0,"-1964.39","667.675","141.522","-0.476631","0.431104","93.5751"
3730,0,"-1964.38","667.643","141.508","-0.518501","0.444244","93.5871"
3731,0,"-1964.37","667.735","141.527","-0.464147","0.377688","93.5537"
3732,0,"-1964.37","667.711","141.523","-0.481384","0.397151","93.5641"
3733,0,"-1964.39","667.708","141.519","-0.450917","0.443089","93.5601"
3734,0,"-1964.4","667.643","141.518","-0.497511","0.428115","93.5524"
3735,0,"-1964.37","667.643","141.503","-0.501983","0.451354","93.5793"
3736,0,"-1964.34","667.728","141.522","-0.48268","0.389014","93.5502"
3737,0,"-1964.37","667.722","141.547","-0.448422","0.435353","93.5833"
3738,0,"-1964.38","667.617","141.5","-0.505762","0.443206","93.5756"
3739,0,"-1964.36","667.668","141.502","-0.509669","0.434274","93.5717"
3740,0,"-1964.38","667.689","141.537","-0.455417","0.431365","93.5685"
3741,0,"-1964.41","667.61","141.503","-0.505742","0.478034","93.5894"
3742,0,"-1964.35","667.725","141.51","-0.499674","0.388117","93.5473"
3743,0,"-1964.36","667.738","141.507","-0.501873","0.419658","93.5645"
3744,0,"-1964.36","667.657","141.537","-0.522111","0.450468","93.5912"
3745,0,"-1964.3","667.762","141.556","-0.496654","0.445511","93.5728"
3746,0,"-1964.37","667.673","141.543","-0.50294","0.43443","93.5977"
3747,0,"-1964.35","667.703","141.526","-0.490039","0.426377","93.565"
3748,0,"-1964.37","667.695","141.534","-0.468803","0.410717","93.5531"
3749,0,"-1964.4","667.694","141.541","-0.423667","0.430749","93.5769"
3750,0,"-1964.4","667.65","141.52","-0.48794","0.4525","93.5653"
3751,0,"-1964.37","667.687","141.532","-0.493859","0.43596","93.5781"
3752,0,"-1964.35","667.714","141.542","-0.471408","0.430349","93.5698"
3753,0,"-1964.39","667.642","141.51","-0.50301","0.469313","93.5947"
3754,0,"-1964.35","667.753","141.55","-0.457011","0.374638","93.5854"
3755,0,"-1964.37","667.67","141.531","-0.499158","0.476411","93.5828"
3756,0,"-1964.35","667.696","141.542","-0.526766","0.450348","93.5844"
3757,0,"-1964.38","667.721","141.522","-0.455557","0.432148","93.5513"
3758,0,"-1964.4","667.632","141.498","-0.484367","0.424464","93.5808"
3759,0,"-1964.34","667.755","141.573","-0.463011","0.410738","93.5801"
3760,0,"-1964.37","667.726","141.543","-0.462998","0.412366","93.5698"
3761,0,"-1964.36","667.682","141.536","-0.509719","0.420799","93.5966"
3762,0,"-1964.4","667.716","141.504","-0.469899","0.360063","93.5508"
3763,0,"-1964.38","667.641","141.5","-0.496207","0.444783","93.5755"
3764,0,"-1964.36","667.665","141.507","-0.509175","0.448933","93.5882"
3765,0,"-1964.36","667.706","141.53","-0.474529","0.415186","93.5777"
3766,0,"-1964.4","667.767","141.503","-0.466701","0.344873","93.547"
3767,0,"-1964.37","667.679","141.505","-0.4964","0.427856","93.5729"
3768,0,"-1964.35","667.685","141.544","-0.515314","0.44598","93.5849"
3769,0,"-1964.4","667.678","141.52","-0.495126","0.46304","93.5669"
3770,0,"-1964.37","667.72","141.522","-0.469072","0.421789","93.532"
3771,0,"-1964.37","667.687","141.525","-0.48746","0.428354","93.5497"
3772,0,"-1964.38","667.671","141.544","-0.485585","0.461291","93.5767"
3773,0,"-1964.38","667.701","141.447","-0.516926","0.382878","93.5469"
3774,0,"-1964.41","667.64","141.468","-0.465677","0.443519","93.555"
3775,0,"-1964.38","667.644","141.545","-0.480597","0.434551","93.5925"
3776,0,"-1964.4","667.628","141.51","-0.47917","0.466335","93.5588"
3777,0,"-1964.36","667.731","141.558","-0.44808","0.416599","93.5801"
3778,0,"-1964.4","667.629","141.506","-0.493596","0.464853","93.5767"
3779,0,"-1964.37","667.686","141.508","-0.49403","0.422077","93.5613"
3780,0,"-1964.33","667.744","141.563","-0.496615","0.403323","93.584"
3781,0,"-1964.37","667.678","141.478","-0.53474","0.396953","93.5703"
3782,0,"-1964.35","667.815","141.482","-0.467203","0.339451","93.5431"
3783,0,"-1964.37","667.672","141.52","-0.486628","0.441963","93.5625"
3784,0,"-1964.38","667.631","141.514","-0.502817","0.47906","93.5982"
3785,0,"-1964.37","667.621","141.502","-0.528747","0.448439","93.604"
3786,0,"-1964.38","667.675","141.504","-0.486408","0.41933","93.5667"
3787,0,"-1964.39","667.626","141.528","-0.499832","0.454776","93.5729"
3788,0,"-1964.4","667.655","141.479","-0.509224","0.431868","93.5603"
3789,0,"-1964.4","667.642","141.522","-0.502394","0.45525","93.5831"
3790,0,"-1964.36","667.662","141.561","-0.484328","0.482952","93.5981"
3791,0,"-1964.37","667.679","141.561","-0.482911","0.450227","93.5718"
3792,0,"-1964.41","667.666","141.499","-0.449529","0.436311","93.5657"
3793,0,"-1964.38","667.651","141.511","-0.514133","0.454522","93.583"
3794,0,"-1964.34","667.705","141.537","-0.516586","0.451322","93.5916"
3795,0,"-1964.4","667.645","141.512","-0.498178","0.442094","93.5675"
3796,0,"-1964.39","667.684","141.552","-0.473833","0.464516","93.5895"
3797,0,"-1964.4","667.661","141.528","-0.491484","0.4509","93.5623"
3798,0,"-1964.39","667.73","141.546","-0.436549","0.433235","93.5638"
3799,0,"-1964.35","667.683","141.545","-0.490704","0.466512","93.589"
3800,0,"-1964.35","667.683","141.511","-0.492843","0.462175","93.5811"
3801,0,"-1964.38","667.674","141.525","-0.489185","0.452091","93.574"
3802,0,"-1964.36","667.674","141.529","-0.494769","0.460476","93.5672"
3803,0,"-1964.37","667.703","141.554","-0.471035","0.438075","93.5558"
3804,0,"-1964.38","667.68","141.517","-0.476711","0.43608","93.575"
3805,0,"-1964.37","667.693","141.514","-0.480338","0.42076","93.576"
3806,0,"-1964.35","667.738","141.561","-0.4761","0.416899","93.5737"
3807,0,"-1964.37","667.72","141.543","-0.475428","0.403697","93.5555"
3808,0,"-1964.37","667.651","141.507","-0.529395","0.468416","93.6081"
3809,0,"-1964.36","667.733","141.504","-0.469083","0.389301","93.5556"
3810,0,"-1964.37","667.652","141.509","-0.497269","0.451969","93.5636"
3811,0,"-1964.33","667.716","141.548","-0.497777","0.427121","93.5684"
3812,0,"-1964.39","667.64","141.519","-0.479524","0.474492","93.566"
3813,0,"-1964.4","667.634","141.501","-0.499735","0.459803","93.5808"
3814,0,"-1964.38","667.655","141.535","-0.495157","0.449838","93.5718"
3815,0,"-1964.4","667.605","141.511","-0.498938","0.453994","93.5886"
3816,0,"-1964.45","667.604","141.475","-0.471984","0.442779","93.5705"
3817,0,"-1964.35","667.678","141.51","-0.523501","0.433534","93.5844"
3818,0,"-1964.37","667.687","141.539","-0.468141","0.459968","93.5531"
3819,0,"-1964.37","667.764","141.505","-0.487676","0.354103","93.5562"
3820,0,"-1964.4","667.637","141.502","-0.48508","0.455619","93.5693"
3821,0,"-1964.38","667.661","141.542","-0.488016","0.458685","93.597"
3822,0,"-1964.42","667.649","141.505","-0.458803","0.439396","93.5896"
3823,0,"-1964.33","667.72","141.542","-0.508439","0.429371","93.5832"
3824,0,"-1964.4","667.65","141.532","-0.479379","0.454233","93.5552"
3825,0,"-1964.35","667.757","141.577","-0.432397","0.417883","93.5644"
3826,0,"-1964.37","667.661","141.515","-0.485254","0.441877","93.5772"
3827,0,"-1964.35","667.688","141.477","-0.557372","0.391131","93.5778"
3828,0,"-1964.37","667.647","141.515","-0.510457","0.443544","93.5854"
3829,0,"-1964.34","667.686","141.521","-0.509455","0.437206","93.576"
3830,0,"-1964.37","667.651","141.527","-0.528877","0.446956","93.6012"
3831,0,"-1964.4","667.625","141.517","-0.51875","0.469745","93.5983"
3832,0,"-1964.4","667.662","141.533","-0.470383","0.445216","93.5453"
3833,0,"-1964.35","667.737","141.487","-0.515456","0.403182","93.5737"
3834,0,"-1964.37","667.694","141.536","-0.492287","0.452786","93.5799"
3835,0,"-1964.35","667.738","141.482","-0.533261","0.381772","93.5647"
3836,0,"-1964.34","667.723","141.543","-0.488663","0.417329","93.5774"
3837,0,"-1964.36","667.756","141.537","-0.437225","0.394347","93.583"
3838,0,"-1964.38","667.684","141.541","-0.4569","0.390161","93.5919"
3839,0,"-1964.35","667.753","141.486","-0.49705","0.379282","93.5333"
3840,0,"-1964.33","667.693","141.544","-0.503115","0.437116","93.5804"
3841,0,"-1964.35","667.796","141.521","-0.462981","0.377823","93.5275"
3842,0,"-1964.38","667.672","141.54","-0.496738","0.425657","93.5759"
3843,0,"-1964.37","667.7","141.529","-0.495693","0.44483","93.5772"
3844,0,"-1964.34","667.679","141.524","-0.520118","0.440127","93.5971"
3845,0,"-1964.33","667.761","141.488","-0.535804","0.392831","93.5664"
3846,0,"-1964.33","667.714","141.511","-0.488705","0.41917","93.5808"
3847,0,"-1964.35","667.666","141.515","-0.52172","0.47041","93.6065"
3848,0,"-1964.38","667.658","141.482","-0.514548","0.419582","93.5744"
3849,0,"-1964.36","667.748","141.558","-0.437663","0.436717","93.5638"
3850,0,"-1964.35","667.679","141.512","-0.514238","0.412461","93.5602"
3851,0,"-1964.4","667.67","141.462","-0.511885","0.41824","93.5632"
3852,0,"-1964.34","667.711","141.575","-0.496029","0.459196","93.5762"
3853,0,"-1964.34","667.82","141.525","-0.464035","0.341539","93.5561"
3854,0,"-1964.39","667.68","141.526","-0.499714","0.401753","93.5933"
3855,0,"-1964.41","667.665","141.504","-0.463793","0.435918","93.5749"
3856,0,"-1964.36","667.671","141.525","-0.494346","0.449814","93.5976"
3857,0,"-1964.39","667.691","141.485","-0.501824","0.435258","93.5589"
3858,0,"-1964.36","667.679","141.524","-0.508303","0.429202","93.5856"
3859,0,"-1964.37","667.707","141.536","-0.473526","0.452314","93.5797"
3860,0,"-1964.41","667.649","141.515","-0.503706","0.443009","93.5703"
3861,0,"-1964.38","667.669","141.513","-0.515863","0.462282","93.5896"
3862,0,"-1964.38","667.646","141.488","-0.49628","0.437597","93.5691"
3863,0,"-1964.38","667.633","141.508","-0.479594","0.455697","93.5588"
3864,0,"-1964.32","667.761","141.547","-0.485738","0.379021","93.5712"
3865,0,"-1964.34","667.69","141.549","-0.477494","0.457263","93.5826"
3866,0,"-1964.38","667.663","141.506","-0.484876","0.442846","93.5591"
3867,0,"-1964.36","667.647","141.514","-0.521384","0.44441","93.6027"
3868,0,"-1964.42","667.62","141.488","-0.506754","0.456822","93.5795"
3869,0,"-1964.38","667.679","141.543","-0.480789","0.44822","93.5859"
3870,0,"-1964.36","667.674","141.521","-0.511804","0.463837","93.5933"
3871,0,"-1964.38","667.698","141.517","-0.44386","0.398149","93.5685"
3872,0,"-1964.39","667.662","141.508","-0.48431","0.449975","93.5853"
3873,0,"-1964.36","667.69","141.537","-0.497136","0.452568","93.5817"
3874,0,"-1964.39","667.699","141.513","-0.466714","0.412309","93.5768"
3875,0,"-1964.38","667.664","141.499","-0.49751","0.428088","93.5794"
3876,0,"-1964.36","667.755","141.573","-0.43767","0.420024","93.5849"
3877,0,"-1964.38","667.637","141.527","-0.529782","0.457178","93.5998"
3878,0,"-1964.38","667.706","141.548","-0.447876","0.427587","93.5794"
3879,0,"-1964.36","667.724","141.562","-0.448508","0.419319","93.5513"
3880,0,"-1964.37","667.705","141.553","-0.443542","0.422599","93.5755"
3881,0,"-1964.37","667.697","141.539","-0.443201","0.397143","93.5718"
3882,0,"-1964.34","667.745","141.505","-0.486035","0.430381","93.5538"
3883,0,"-1964.34","667.704","141.56","-0.50258","0.413671","93.5764"
3884,0,"-1964.35","667.701","141.549","-0.502788","0.45634","93.5857"
3885,0,"-1964.38","667.706","141.532","-0.497019","0.412806","93.5931"
3886,0,"-1964.38","667.699","141.505","-0.502969","0.433432","93.5575"
3887,0,"-1964.36","667.722","141.543","-0.4832","0.390814","93.5849"
3888,0,"-1964.4","667.634","141.494","-0.499689","0.468891","93.585"
3889,0,"-1964.38","667.632","141.507","-0.493285","0.43327","93.566"
3890,0,"-1964.4","667.582","141.484","-0.512299","0.473701","93.5927"
3891,0,"-1964.35","667.721","141.564","-0.443741","0.412783","93.5556"
3892,0,"-1964.34","667.718","141.538","-0.453582","0.440721","93.5701"
3893,0,"-1964.38","667.655","141.502","-0.5003","0.421741","93.5877"
3894,0,"-1964.42","667.621","141.513","-0.48486","0.471174","93.5888"
3895,0,"-1964.37","667.679","141.531","-0.497823","0.43287","93.566"
3896,0,"-1964.35","667.715","141.532","-0.492265","0.428224","93.5606"
3897,0,"-1964.35","667.785","141.563","-0.445058","0.382264","93.5782"
3898,0,"-1964.4","667.629","141.473","-0.494933","0.468973","93.5829"
3899,0,"-1964.34","667.719","141.533","-0.50574","0.397783","93.5942"
3900,0,"-1964.36","667.694","141.514","-0.489768","0.445518","93.5713"
3901,0,"-1964.37","667.679","141.517","-0.492863","0.427675","93.57"
3902,0,"-1964.36","667.685","141.508","-0.499485","0.456737","93.5818"
3903,0,"-1964.35","667.742","141.506","-0.492408","0.348861","93.5635"
3904,0,"-1964.41","667.603","141.509","-0.502277","0.490985","93.6066"
3905,0,"-1964.38","667.649","141.531","-0.488883","0.440736","93.5989"
3906,0,"-1964.37","667.735","141.536","-0.437882","0.429907","93.538"
3907,0,"-1964.36","667.682","141.522","-0.501964","0.435975","93.5784"
3908,0,"-1964.39","667.627","141.505","-0.504731","0.45543","93.5712"
3909,0,"-1964.35","667.711","141.497","-0.484955","0.403208","93.5461"
3910,0,"-1964.38","667.674","141.51","-0.469112","0.458568","93.5569"
3911,0,"-1964.41","667.691","141.544","-0.445438","0.398254","93.5643"
3912,0,"-1964.41","667.606","141.524","-0.514336","0.48597","93.5945"
3913,0,"-1964.39","667.699","141.525","-0.465402","0.430177","93.5729"
3914,0,"-1964.38","667.664","141.529","-0.512238","0.462224","93.5901"
3915,0,"-1964.39","667.616","141.542","-0.508663","0.473021","93.6111"
3916,0,"-1964.32","667.73","141.548","-0.468483","0.416732","93.555"
3917,0,"-1964.4","667.606","141.468","-0.510319","0.449386","93.5828"
3918,0,"-1964.36","667.649","141.537","-0.514601","0.459164","93.5967"
3919,0,"-1964.43","667.58","141.462","-0.515754","0.469514","93.5962"
3920,0,"-1964.39","667.633","141.524","-0.495365","0.444179","93.6021"
3921,0,"-1964.39","667.66","141.514","-0.477826","0.460103","93.5658"
3922,0,"-1964.36","667.683","141.544","-0.500704","0.435737","93.5955"
3923,0,"-1964.37","667.713","141.474","-0.537641","0.382801","93.5593"
3924,0,"-1964.37","667.661","141.53","-0.500298","0.463222","93.5812"
3925,0,"-1964.33","667.744","141.528","-0.48218","0.405148","93.59"
3926,0,"-1964.39","667.654","141.493","-0.469182","0.444189","93.5779"
3927,0,"-1964.33","667.708","141.538","-0.494148","0.453678","93.5755"
3928,0,"-1964.37","667.643","141.517","-0.516591","0.450204","93.5861"
3929,0,"-1964.35","667.745","141.574","-0.442555","0.414966","93.5733"
3930,0,"-1964.41","667.61","141.512","-0.500746","0.465967","93.5901"
3931,0,"-1964.39","667.622","141.512","-0.504094","0.470286","93.5851"
3932,0,"-1964.38","667.64","141.502","-0.49661","0.422016","93.5695"
3933,0,"-1964.39","667.613","141.493","-0.521413","0.465266","93.6062"
3934,0,"-1964.39","667.632","141.506","-0.500799","0.446538","93.5776"
3935,0,"-1964.34","667.745","141.552","-0.462062","0.443955","93.5531"
3936,0,"-1964.36","667.681","141.559","-0.494709","0.455179","93.5687"
3937,0,"-1964.36","667.726","141.466","-0.509905","0.392939","93.5562"
3938,0,"-1964.33","667.723","141.537","-0.515965","0.416664","93.5679"
3939,0,"-1964.37","667.703","141.547","-0.469469","0.442821","93.5916"
3940,0,"-1964.41","667.635","141.51","-0.487216","0.439448","93.5696"
3941,0,"-1964.36","667.709","141.55","-0.46657","0.452033","93.5872"
3942,0,"-1964.4","667.642","141.431","-0.537572","0.390875","93.5688"
3943,0,"-1964.37","667.647","141.526","-0.498224","0.464555","93.6046"
3944,0,"-1964.36","667.645","141.506","-0.500327","0.434411","93.5825"
3945,0,"-1964.37","667.689","141.517","-0.460395","0.439168","93.5718"
3946,0,"-1964.38","667.666","141.525","-0.500783","0.439299","93.5714"
3947,0,"-1964.42","667.613","141.486","-0.499793","0.457241","93.5777"
3948,0,"-1964.38","667.681","141.55","-0.497039","0.453021","93.5727"
3949,0,"-1964.38","667.685","141.508","-0.471612","0.462164","93.5631"
3950,0,"-1964.39","667.674","141.536","-0.485944","0.447411","93.56"
3951,0,"-1964.35","667.71","141.559","-0.501799","0.451277","93.5732"
3952,0,"-1964.34","667.705","141.538","-0.499818","0.427966","93.5667"
3953,0,"-1964.35","667.762","141.549","-0.444582","0.400936","93.5794"
3954,0,"-1964.35","667.726","141.553","-0.45857","0.405431","93.5671"
3955,0,"-1964.39","667.661","141.512","-0.472932","0.47056","93.5583"
3956,0,"-1964.34","667.722","141.563","-0.483406","0.415395","93.5494"
3957,0,"-1964.34","667.717","141.562","-0.459161","0.448892","93.5823"
3958,0,"-1964.37","667.691","141.53","-0.474315","0.429523","93.5667"
3959,0,"-1964.39","667.674","141.518","-0.491953","0.462141","93.5904"
3960,0,"-1964.37","667.652","141.518","-0.516503","0.445519","93.5981"
3961,0,"-1964.34","667.717","141.53","-0.500144","0.449815","93.5677"
3962,0,"-1964.35","667.766","141.486","-0.522337","0.387173","93.5723"
3963,0,"-1964.39","667.646","141.506","-0.490415","0.475329","93.5705"
3964,0,"-1964.36","667.7","141.515","-0.485734","0.420598","93.5664"
3965,0,"-1964.32","667.741","141.553","-0.495682","0.43583","93.5722"
3966,0,"-1964.37","667.662","141.522","-0.487788","0.458235","93.5766"
3967,0,"-1964.39","667.676","141.538","-0.508611","0.432197","93.5949"
3968,0,"-1964.37","667.725","141.566","-0.437434","0.392858","93.5729"
3969,0,"-1964.36","667.679","141.558","-0.483349","0.448219","93.5776"
3970,0,"-1964.34","667.701","141.509","-0.493826","0.426012","93.5683"
3971,0,"-1964.38","667.627","141.501","-0.50317","0.469887","93.5872"
3972,0,"-1964.37","667.688","141.525","-0.486517","0.405338","93.5903"
3973,0,"-1964.3","667.78","141.572","-0.465934","0.391172","93.5637"
3974,0,"-1964.36","667.766","141.479","-0.501425","0.368366","93.5311"
3975,0,"-1964.39","667.664","141.529","-0.489315","0.458852","93.5774"
3976,0,"-1964.38","667.68","141.525","-0.499971","0.447825","93.5775"
3977,0,"-1964.4","667.654","141.543","-0.478864","0.488378","93.5858"
3978,0,"-1964.37","667.761","141.499","-0.484251","0.393405","93.5319"
3979,0,"-1964.41","667.639","141.519","-0.480889","0.433175","93.5885"
3980,0,"-1964.38","667.652","141.514","-0.500888","0.458408","93.5937"
3981,0,"-1964.37","667.654","141.545","-0.482526","0.433259","93.6012"
3982,0,"-1964.37","667.704","141.547","-0.458161","0.45052","93.5914"
3983,0,"-1964.37","667.63","141.513","-0.532529","0.452686","93.6072"
3984,0,"-1964.36","667.666","141.546","-0.503312","0.454155","93.5988"
3985,0,"-1964.37","667.664","141.529","-0.49114","0.444077","93.5834"
3986,0,"-1964.35","667.757","141.474","-0.510126","0.394739","93.5818"
3987,0,"-1964.38","667.646","141.508","-0.525624","0.448813","93.5958"
3988,0,"-1964.34","667.683","141.521","-0.507164","0.461613","93.5941"
3989,0,"-1964.37","667.693","141.525","-0.480417","0.409445","93.5576"
3990,0,"-1964.35","667.75","141.535","-0.460322","0.415055","93.5476"
3991,0,"-1964.36","667.666","141.531","-0.493307","0.4622","93.5763"
3992,0,"-1964.38","667.671","141.54","-0.489574","0.466454","93.5748"
3993,0,"-1964.38","667.694","141.532","-0.464629","0.388537","93.5573"
3994,0,"-1964.37","667.706","141.512","-0.479375","0.442875","93.5562"
3995,0,"-1964.36","667.723","141.557","-0.463287","0.393029","93.5735"
3996,0,"-1964.39","667.667","141.524","-0.484063","0.443623","93.5752"
3997,0,"-1964.41","667.638","141.484","-0.482265","0.434178","93.5667"
3998,0,"-1964.37","667.71","141.515","-0.472414","0.412451","93.5641"
3999,0,"-1964.33","667.788","141.56","-0.451215","0.370845","93.5622"
4000,0,"-1964.35","667.671","141.512","-0.507287","0.45642","93.591"
4001,0,"-1964.38","667.65","141.51","-0.510811","0.441413","93.5739"
4002,0,"-1964.36","667.719","141.507","-0.486781","0.420332","93.5785"
4003,0,"-1964.38","667.692","141.531","-0.498767","0.445538","93.5661"
4004,0,"-1964.36","667.719","141.549","-0.462479","0.469225","93.5655"
4005,0,"-1964.37","667.7","141.513","-0.484437","0.415672","93.548"
4006,0,"-1964.34","667.662","141.499","-0.502031","0.444026","93.5833"
4007,0,"-1964.32","667.739","141.547","-0.499121","0.402881","93.5694"
4008,0,"-1964.41","667.642","141.518","-0.50086","0.470858","93.5822"
4009,0,"-1964.37","667.665","141.518","-0.502046","0.440739","93.5791"
4010,0,"-1964.38","667.669","141.524","-0.484705","0.455769","93.5878"
4011,0,"-1964.39","667.666","141.51","-0.465204","0.413245","93.5908"
4012,0,"-1964.37","667.691","141.558","-0.473628","0.432525","93.5762"
4013,0,"-1964.38","667.685","141.488","-0.502513","0.418972","93.5681"
4014,0,"-1964.34","667.704","141.51","-0.48997","0.421263","93.5605"
4015,0,"-1964.39","667.675","141.493","-0.513992","0.413611","93.5552"
4016,0,"-1964.39","667.677","141.509","-0.452903","0.417084","93.5685"
4017,0,"-1964.39","667.679","141.507","-0.46119","0.43073","93.5613"
4018,0,"-1964.39","667.664","141.517","-0.468915","0.438934","93.5595"
4019,0,"-1964.39","667.685","141.524","-0.45232","0.439402","93.5486"
4020,0,"-1964.39","667.671","141.53","-0.471179","0.445436","93.5749"
4021,0,"-1964.41","667.611","141.508","-0.496307","0.439733","93.5585"
4022,0,"-1964.37","667.643","141.511","-0.488235","0.458363","93.5731"
4023,0,"-1964.39","667.631","141.507","-0.505618","0.465415","93.5971"
4024,0,"-1964.39","667.621","141.5","-0.514847","0.441881","93.5876"
4025,0,"-1964.33","667.725","141.538","-0.48705","0.444984","93.5727"
4026,0,"-1964.36","667.707","141.542","-0.476139","0.45413","93.5615"
4027,0,"-1964.4","667.713","141.416","-0.509112","0.362242","93.5304"
4028,0,"-1964.38","667.74","141.56","-0.432013","0.38745","93.5773"
4029,0,"-1964.38","667.677","141.499","-0.483493","0.435593","93.5616"
4030,0,"-1964.38","667.678","141.521","-0.480772","0.437096","93.5764"
4031,0,"-1964.39","667.622","141.476","-0.488044","0.465429","93.5866"
4032,0,"-1964.35","667.68","141.527","-0.48136","0.435148","93.5587"
4033,0,"-1964.36","667.693","141.503","-0.481252","0.413799","93.5598"
4034,0,"-1964.34","667.668","141.534","-0.506038","0.44421","93.5952"
4035,0,"-1964.32","667.751","141.507","-0.511094","0.380852","93.567"
4036,0,"-1964.37","667.677","141.543","-0.511104","0.429047","93.5881"
4037,0,"-1964.35","667.732","141.523","-0.515594","0.414153","93.5626"
4038,0,"-1964.34","667.731","141.54","-0.503497","0.418558","93.5736"
4039,0,"-1964.38","667.749","141.492","-0.480027","0.378887","93.5395"
4040,0,"-1964.39","667.685","141.541","-0.452331","0.412209","93.5783"
4041,0,"-1964.33","667.71","141.545","-0.505324","0.451554","93.5988"
4042,0,"-1964.34","667.72","141.554","-0.47432","0.422218","93.5779"
4043,0,"-1964.35","667.674","141.524","-0.506965","0.476111","93.5929"
4044,0,"-1964.38","667.715","141.483","-0.482391","0.375005","93.5482"
4045,0,"-1964.39","667.696","141.507","-0.478201","0.402226","93.5782"
4046,0,"-1964.36","667.699","141.53","-0.491489","0.441169","93.575"
4047,0,"-1964.39","667.681","141.509","-0.481013","0.483066","93.5793"
4048,0,"-1964.39","667.716","141.55","-0.454592","0.412284","93.5469"
4049,0,"-1964.37","667.639","141.507","-0.52001","0.469019","93.6043"
4050,0,"-1964.36","667.654","141.535","-0.517794","0.456569","93.5962"
4051,0,"-1964.39","667.707","141.501","-0.441233","0.408852","93.5613"
4052,0,"-1964.38","667.675","141.522","-0.487927","0.434388","93.5756"
4053,0,"-1964.39","667.712","141.462","-0.500354","0.380578","93.5435"
4054,0,"-1964.39","667.722","141.465","-0.501294","0.381267","93.5399"
4055,0,"-1964.38","667.745","141.484","-0.478144","0.357367","93.5407"
4056,0,"-1964.34","667.74","141.562","-0.467235","0.409456","93.571"
4057,0,"-1964.41","667.633","141.504","-0.497123","0.457894","93.5703"
4058,0,"-1964.37","667.709","141.524","-0.453458","0.407452","93.5598"
4059,0,"-1964.35","667.693","141.563","-0.472569","0.479935","93.5764"
4060,0,"-1964.34","667.768","141.504","-0.498998","0.320813","93.5837"
4061,0,"-1964.39","667.634","141.518","-0.504959","0.436859","93.5733"
4062,0,"-1964.36","667.681","141.532","-0.492289","0.459664","93.5784"
4063,0,"-1964.41","667.649","141.515","-0.46923","0.477253","93.5668"
4064,0,"-1964.37","667.695","141.536","-0.504241","0.416845","93.5543"
4065,0,"-1964.34","667.701","141.535","-0.494362","0.440858","93.5857"
4066,0,"-1964.35","667.779","141.496","-0.515334","0.358891","93.5604"
4067,0,"-1964.39","667.705","141.478","-0.505307","0.421745","93.5641"
4068,0,"-1964.38","667.717","141.471","-0.521917","0.382817","93.5529"
4069,0,"-1964.38","667.759","141.56","-0.434377","0.399512","93.5659"
4070,0,"-1964.42","667.691","141.474","-0.473483","0.445982","93.5507"
4071,0,"-1964.39","667.702","141.545","-0.441774","0.412639","93.5741"
4072,0,"-1964.34","667.715","141.484","-0.517055","0.394021","93.5727"
4073,0,"-1964.35","667.741","141.572","-0.459181","0.387378","93.6012"
4074,0,"-1964.32","667.73","141.541","-0.486225","0.418584","93.5648"
4075,0,"-1964.37","667.688","141.507","-0.46385","0.436735","93.5504"
4076,0,"-1964.4","667.704","141.516","-0.451486","0.420068","93.5648"
4077,0,"-1964.38","667.672","141.539","-0.495817","0.466784","93.5843"
4078,0,"-1964.4","667.63","141.5","-0.505581","0.463824","93.5856"
4079,0,"-1964.38","667.678","141.526","-0.495722","0.428851","93.5793"
4080,0,"-1964.36","667.671","141.543","-0.497707","0.472256","93.5914"
4081,0,"-1964.37","667.667","141.512","-0.512654","0.430215","93.5775"
4082,0,"-1964.4","667.653","141.486","-0.478887","0.469607","93.5692"
4083,0,"-1964.39","667.681","141.538","-0.472","0.439622","93.5631"
4084,0,"-1964.36","667.812","141.506","-0.452168","0.328875","93.5462"
4085,0,"-1964.39","667.65","141.533","-0.47487","0.456678","93.5678"
4086,0,"-1964.37","667.744","141.492","-0.494186","0.407141","93.5711"
4087,0,"-1964.36","667.762","141.556","-0.426728","0.39153","93.5602"
4088,0,"-1964.36","667.673","141.51","-0.485955","0.457928","93.5796"
4089,0,"-1964.38","667.659","141.552","-0.484983","0.456919","93.6002"
4090,0,"-1964.37","667.698","141.437","-0.522362","0.399435","93.5636"
4091,0,"-1964.35","667.688","141.556","-0.500455","0.461547","93.5789"
4092,0,"-1964.41","667.634","141.513","-0.476748","0.460434","93.5676"
4093,0,"-1964.34","667.729","141.547","-0.485302","0.418677","93.5851"
4094,0,"-1964.35","667.716","141.514","-0.487958","0.438674","93.572"
4095,0,"-1964.39","667.661","141.481","-0.491577","0.436092","93.5657"
4096,0,"-1964.35","667.709","141.493","-0.510788","0.4222","93.567"
4097,0,"-1964.39","667.627","141.505","-0.500914","0.438003","93.5698"
4098,0,"-1964.35","667.727","141.527","-0.465059","0.422924","93.5661"
4099,0,"-1964.38","667.678","141.475","-0.536744","0.389772","93.5652"
4100,0,"-1964.37","667.715","141.529","-0.453881","0.425305","93.5575"
4101,0,"-1964.41","667.608","141.514","-0.509547","0.472622","93.587"
4102,0,"-1964.4","667.62","141.483","-0.491349","0.461225","93.585"
4103,0,"-1964.38","667.675","141.539","-0.497837","0.414185","93.5575"
4104,0,"-1964.39","667.646","141.537","-0.488937","0.484881","93.5867"
4105,0,"-1964.34","667.704","141.539","-0.488297","0.428896","93.5656"
4106,0,"-1964.36","667.752","141.543","-0.441881","0.399496","93.5719"
4107,0,"-1964.38","667.675","141.507","-0.498942","0.424923","93.5685"
4108,0,"-1964.39","667.681","141.553","-0.477256","0.448791","93.5913"
4109,0,"-1964.38","667.69","141.536","-0.483752","0.436865","93.5585"
4110,0,"-1964.4","667.649","141.505","-0.463196","0.472234","93.5608"
4111,0,"-1964.4","667.64","141.484","-0.513305","0.454686","93.5944"
4112,0,"-1964.4","667.653","141.503","-0.474954","0.46476","93.5583"
4113,0,"-1964.37","667.714","141.517","-0.463562","0.382182","93.5613"
4114,0,"-1964.36","667.68","141.545","-0.497232","0.420978","93.6059"
4115,0,"-1964.31","667.757","141.521","-0.467451","0.397725","93.5397"
4116,0,"-1964.38","667.622","141.523","-0.514847","0.450022","93.592"
4117,0,"-1964.39","667.659","141.509","-0.519622","0.421518","93.5749"
4118,0,"-1964.36","667.696","141.554","-0.499413","0.450435","93.5672"
4119,0,"-1964.39","667.661","141.509","-0.510827","0.443827","93.5857"
4120,0,"-1964.41","667.621","141.498","-0.482526","0.450475","93.5638"
4121,0,"-1964.35","667.671","141.539","-0.529193","0.447388","93.5981"
4122,0,"-1964.41","667.589","141.509","-0.505907","0.464304","93.5852"
4123,0,"-1964.38","667.679","141.506","-0.473142","0.42885","93.5577"
4124,0,"-1964.32","667.69","141.574","-0.51466","0.438584","93.5773"
4125,0,"-1964.39","667.665","141.529","-0.481871","0.423544","93.5874"
4126,0,"-1964.36","667.678","141.532","-0.498256","0.451164","93.5746"
4127,0,"-1964.37","667.666","141.496","-0.523663","0.444115","93.5979"
4128,0,"-1964.35","667.698","141.542","-0.495226","0.427384","93.5694"
4129,0,"-1964.44","667.63","141.503","-0.488256","0.453793","93.5627"
4130,0,"-1964.39","667.642","141.52","-0.510287","0.448367","93.5838"
4131,0,"-1964.35","667.747","141.517","-0.489265","0.429839","93.5754"
4132,0,"-1964.37","667.689","141.531","-0.498006","0.4394","93.5809"
4133,0,"-1964.35","667.661","141.503","-0.512232","0.456726","93.5865"
4134,0,"-1964.37","667.702","141.534","-0.454684","0.415321","93.575"
4135,0,"-1964.33","667.749","141.556","-0.457279","0.414306","93.5797"
4136,0,"-1964.36","667.713","141.533","-0.462843","0.414193","93.5589"
4137,0,"-1964.42","667.672","141.47","-0.484367","0.422738","93.5375"
4138,0,"-1964.42","667.642","141.532","-0.44333","0.411458","93.5981"
4139,0,"-1964.39","667.659","141.503","-0.494748","0.469003","93.581"
4140,0,"-1964.34","667.706","141.55","-0.480382","0.457943","93.5673"
4141,0,"-1964.37","667.72","141.46","-0.506812","0.397521","93.5428"
4142,0,"-1964.33","667.72","141.553","-0.507744","0.402106","93.5899"
4143,0,"-1964.38","667.654","141.501","-0.489905","0.473259","93.5794"
4144,0,"-1964.37","667.777","141.492","-0.468254","0.372824","93.4976"
4145,0,"-1964.35","667.739","141.536","-0.482966","0.446162","93.5597"
4146,0,"-1964.39","667.741","141.48","-0.467606","0.35241","93.5323"
4147,0,"-1964.35","667.778","141.565","-0.463654","0.415231","93.5771"
4148,0,"-1964.39","667.673","141.514","-0.488214","0.438398","93.5852"
4149,0,"-1964.39","667.658","141.471","-0.537914","0.418492","93.5906"
4150,0,"-1964.41","667.616","141.49","-0.497266","0.436434","93.5554"
4151,0,"-1964.41","667.616","141.469","-0.482567","0.457051","93.581"
4152,0,"-1964.38","667.673","141.557","-0.465037","0.459619","93.5718"
4153,0,"-1964.38","667.62","141.51","-0.509157","0.479228","93.6058"
4154,0,"-1964.38","667.658","141.519","-0.49446","0.439586","93.5819"
4155,0,"-1964.39","667.681","141.527","-0.450427","0.463906","93.555"
4156,0,"-1964.39","667.672","141.518","-0.491117","0.433314","93.5461"
4157,0,"-1964.39","667.661","141.525","-0.494929","0.463132","93.5881"
4158,0,"-1964.34","667.754","141.556","-0.457853","0.4019","93.5649"
4159,0,"-1964.36","667.723","141.54","-0.461345","0.399595","93.575"
4160,0,"-1964.4","667.683","141.522","-0.484003","0.428758","93.5703"
4161,0,"-1964.36","667.685","141.52","-0.511014","0.447156","93.5835"
4162,0,"-1964.35","667.677","141.531","-0.500389","0.453123","93.6071"
4163,0,"-1964.39","667.648","141.5","-0.498865","0.439623","93.5754"
4164,0,"-1964.33","667.729","141.56","-0.479459","0.436443","93.5748"
4165,0,"-1964.37","667.679","141.539","-0.485479","0.461933","93.5712"
4166,0,"-1964.38","667.63","141.463","-0.495854","0.425012","93.5669"
4167,0,"-1964.41","667.608","141.494","-0.48027","0.462623","93.5714"
4168,0,"-1964.34","667.675","141.516","-0.52084","0.424685","93.5788"
4169,0,"-1964.35","667.692","141.56","-0.488092","0.432305","93.5927"
4170,0,"-1964.37","667.676","141.506","-0.51433","0.416305","93.5649"
4171,0,"-1964.39","667.697","141.538","-0.46551","0.438711","93.5724"
4172,0,"-1964.39","667.667","141.515","-0.487703","0.459763","93.567"
4173,0,"-1964.41","667.625","141.516","-0.488526","0.46066","93.5721"
4174,0,"-1964.33","667.862","141.54","-0.43341","0.323138","93.5543"
4175,0,"-1964.35","667.701","141.519","-0.502106","0.424214","93.5822"
4176,0,"-1964.36","667.728","141.542","-0.439132","0.400095","93.5881"
4177,0,"-1964.39","667.599","141.498","-0.494299","0.459756","93.591"
4178,0,"-1964.37","667.622","141.503","-0.514631","0.471798","93.6062"
4179,0,"-1964.37","667.652","141.498","-0.490642","0.4291","93.5784"
4180,0,"-1964.37","667.698","141.547","-0.473386","0.450872","93.5768"
4181,0,"-1964.36","667.689","141.551","-0.488243","0.443586","93.5893"
4182,0,"-1964.39","667.669","141.497","-0.475891","0.424654","93.563"
4183,0,"-1964.39","667.682","141.519","-0.472927","0.419782","93.5775"
4184,0,"-1964.35","667.777","141.478","-0.499332","0.363259","93.5503"
4185,0,"-1964.35","667.699","141.536","-0.49331","0.428867","93.5698"
4186,0,"-1964.36","667.767","141.5","-0.474999","0.396252","93.5444"
4187,0,"-1964.32","667.738","141.53","-0.490615","0.395352","93.5992"
4188,0,"-1964.38","667.692","141.525","-0.4716","0.45165","93.5615"
4189,0,"-1964.35","667.709","141.553","-0.493348","0.4319","93.5734"
4190,0,"-1964.38","667.742","141.522","-0.422721","0.411112","93.5457"
4191,0,"-1964.35","667.657","141.529","-0.523238","0.434171","93.6005"
4192,0,"-1964.41","667.589","141.481","-0.494203","0.485309","93.6026"
4193,0,"-1964.35","667.674","141.537","-0.518826","0.414432","93.5955"
4194,0,"-1964.39","667.667","141.513","-0.467705","0.451086","93.5744"
4195,0,"-1964.34","667.738","141.538","-0.476192","0.391697","93.583"
4196,0,"-1964.36","667.725","141.448","-0.536217","0.367602","93.5532"
4197,0,"-1964.38","667.651","141.506","-0.493143","0.434476","93.5582"
4198,0,"-1964.36","667.706","141.468","-0.526825","0.395536","93.5743"
4199,0,"-1964.33","667.739","141.542","-0.494048","0.413589","93.5662"
4200,0,"-1964.38","667.661","141.527","-0.474271","0.457471","93.5699"
4201,0,"-1964.35","667.692","141.584","-0.518961","0.446865","93.5816"
4202,0,"-1964.34","667.759","141.497","-0.507208","0.383366","93.555"
4203,0,"-1964.37","667.662","141.527","-0.503561","0.425935","93.5929"
4204,0,"-1964.34","667.658","141.517","-0.532878","0.442269","93.6039"
4205,0,"-1964.36","667.676","141.526","-0.498798","0.414487","93.5918"
4206,0,"-1964.36","667.665","141.518","-0.511713","0.450379","93.5824"
4207,0,"-1964.39","667.658","141.485","-0.490257","0.438853","93.5656"
4208,0,"-1964.39","667.702","141.55","-0.4744","0.431102","93.5806"
4209,0,"-1964.35","667.752","141.52","-0.522039","0.399305","93.5686"
4210,0,"-1964.38","667.744","141.511","-0.476053","0.421871","93.5418"
4211,0,"-1964.41","667.655","141.517","-0.486764","0.428135","93.5649"
4212,0,"-1964.37","667.672","141.504","-0.488012","0.464808","93.5602"
4213,0,"-1964.32","667.735","141.544","-0.502025","0.421372","93.5665"
4214,0,"-1964.37","667.677","141.521","-0.527149","0.444761","93.5985"
4215,0,"-1964.37","667.65","141.516","-0.496492","0.437297","93.5968"
4216,0,"-1964.41","667.605","141.506","-0.509044","0.484544","93.5972"
4217,0,"-1964.38","667.625","141.534","-0.51228","0.455734","93.6057"
4218,0,"-1964.37","667.736","141.577","-0.431044","0.405297","93.5698"
4219,0,"-1964.38","667.72","141.537","-0.469359","0.399605","93.595"
4220,0,"-1964.38","667.615","141.495","-0.520734","0.458528","93.6041"
4221,0,"-1964.34","667.71","141.528","-0.497747","0.439306","93.5762"
4222,0,"-1964.35","667.72","141.493","-0.457775","0.405283","93.5365"
4223,0,"-1964.35","667.699","141.516","-0.511621","0.430327","93.5985"
4224,0,"-1964.35","667.69","141.504","-0.483564","0.423616","93.5505"
4225,0,"-1964.35","667.693","141.534","-0.506191","0.429869","93.5688"
4226,0,"-1964.39","667.692","141.543","-0.443042","0.419567","93.5573"
4227,0,"-1964.35","667.713","141.474","-0.538877","0.370892","93.559"
4228,0,"-1964.42","667.623","141.518","-0.490235","0.475641","93.5802"
4229,0,"-1964.38","667.639","141.525","-0.494046","0.475784","93.5805"
4230,0,"-1964.38","667.652","141.523","-0.500095","0.449248","93.5795"
4231,0,"-1964.36","667.747","141.427","-0.511808","0.352128","93.5321"
4232,0,"-1964.37","667.695","141.547","-0.478108","0.44041","93.5787"
4233,0,"-1964.37","667.651","141.503","-0.517336","0.449497","93.5907"
4234,0,"-1964.33","667.748","141.532","-0.48693","0.418838","93.5521"
4235,0,"-1964.35","667.673","141.545","-0.502373","0.495015","93.5982"
4236,0,"-1964.38","667.664","141.522","-0.508588","0.435854","93.5964"
4237,0,"-1964.37","667.648","141.48","-0.518029","0.44072","93.5917"
4238,0,"-1964.34","667.699","141.524","-0.507464","0.420903","93.5697"
4239,0,"-1964.33","667.752","141.468","-0.536853","0.394558","93.5736"
4240,0,"-1964.39","667.626","141.49","-0.516328","0.425281","93.576"
4241,0,"-1964.38","667.672","141.529","-0.464773","0.447086","93.5704"
4242,0,"-1964.39","667.64","141.524","-0.511243","0.43576","93.577"
4243,0,"-1964.38","667.702","141.537","-0.457314","0.436119","93.5936"
4244,0,"-1964.37","667.688","141.563","-0.472007","0.458268","93.5686"
4245,0,"-1964.38","667.627","141.504","-0.501763","0.462139","93.5816"
4246,0,"-1964.35","667.708","141.529","-0.493552","0.420008","93.5798"
4247,0,"-1964.38","667.702","141.51","-0.445246","0.462272","93.573"
4248,0,"-1964.39","667.645","141.509","-0.48876","0.434563","93.5853"
4249,0,"-1964.36","667.698","141.524","-0.489744","0.469836","93.57"
4250,0,"-1964.38","667.625","141.47","-0.526278","0.420509","93.5898"
4251,0,"-1964.35","667.684","141.526","-0.509358","0.46425","93.5956"
4252,0,"-1964.38","667.744","141.539","-0.430677","0.37892","93.5205"
4253,0,"-1964.4","667.666","141.537","-0.467213","0.457983","93.5671"
4254,0,"-1964.37","667.657","141.535","-0.504829","0.433317","93.5713"
4255,0,"-1964.38","667.622","141.532","-0.506351","0.471102","93.5825"
4256,0,"-1964.36","667.641","141.531","-0.532697","0.434652","93.5961"
4257,0,"-1964.38","667.697","141.543","-0.472249","0.422782","93.5933"
4258,0,"-1964.34","667.678","141.537","-0.518793","0.42819","93.5984"
4259,0,"-1964.36","667.663","141.51","-0.507966","0.466011","93.5934"
4260,0,"-1964.35","667.752","141.472","-0.515935","0.349535","93.5452"
4261,0,"-1964.39","667.663","141.453","-0.521688","0.413399","93.5789"
4262,0,"-1964.36","667.72","141.56","-0.487436","0.446358","93.5721"
4263,0,"-1964.39","667.66","141.501","-0.477221","0.436858","93.569"
4264,0,"-1964.37","667.746","141.531","-0.441726","0.400964","93.5587"
4265,0,"-1964.37","667.676","141.532","-0.464859","0.462652","93.5675"
4266,0,"-1964.35","667.679","141.535","-0.471716","0.431831","93.5926"
4267,0,"-1964.36","667.685","141.508","-0.495461","0.43898","93.5769"
4268,0,"-1964.37","667.65","141.488","-0.502285","0.426179","93.5693"
4269,0,"-1964.39","667.643","141.509","-0.488959","0.44229","93.5739"
4270,0,"-1964.39","667.677","141.51","-0.487007","0.448223","93.5638"
4271,0,"-1964.37","667.716","141.557","-0.460899","0.4237","93.5666"
4272,0,"-1964.38","667.711","141.499","-0.473988","0.424448","93.5748"
4273,0,"-1964.4","667.667","141.516","-0.468292","0.421665","93.5686"
4274,0,"-1964.38","667.674","141.514","-0.480884","0.458811","93.5752"
4275,0,"-1964.38","667.677","141.519","-0.475715","0.460495","93.5553"
4276,0,"-1964.38","667.669","141.501","-0.482091","0.444216","93.5955"
4277,0,"-1964.38","667.676","141.505","-0.474608","0.431388","93.5641"
4278,0,"-1964.35","667.693","141.512","-0.526004","0.438689","93.591"
4279,0,"-1964.37","667.69","141.56","-0.490273","0.437174","93.5935"
4280,0,"-1964.35","667.74","141.536","-0.455278","0.452533","93.5687"
4281,0,"-1964.36","667.658","141.532","-0.522288","0.442349","93.5886"
4282,0,"-1964.34","667.696","141.528","-0.514286","0.448075","93.5936"
4283,0,"-1964.37","667.63","141.545","-0.52581","0.462137","93.6082"
4284,0,"-1964.37","667.714","141.534","-0.446724","0.405807","93.5738"
4285,0,"-1964.38","667.622","141.506","-0.513164","0.455202","93.5852"
4286,0,"-1964.4","667.66","141.504","-0.468473","0.457185","93.5862"
4287,0,"-1964.38","667.681","141.513","-0.463737","0.399623","93.5655"
4288,0,"-1964.37","667.724","141.544","-0.456602","0.457339","93.5739"
4289,0,"-1964.39","667.632","141.553","-0.496327","0.487289","93.5924"
4290,0,"-1964.38","667.674","141.487","-0.533438","0.427267","93.5825"
4291,0,"-1964.36","667.691","141.556","-0.495975","0.45892","93.5678"
4292,0,"-1964.35","667.728","141.434","-0.537284","0.379423","93.5723"
4293,0,"-1964.39","667.661","141.51","-0.484504","0.421054","93.5662"
4294,0,"-1964.37","667.674","141.51","-0.488188","0.447197","93.5644"
4295,0,"-1964.35","667.689","141.511","-0.542118","0.411372","93.5846"
4296,0,"-1964.38","667.66","141.433","-0.51497","0.413416","93.5727"
4297,0,"-1964.39","667.653","141.537","-0.492278","0.443362","93.5996"
4298,0,"-1964.39","667.667","141.523","-0.488049","0.469816","93.5723"
4299,0,"-1964.4","667.654","141.529","-0.498837","0.433053","93.5838"
4300,0,"-1964.37","667.785","141.566","-0.412551","0.411965","93.5398"
4301,0,"-1964.42","667.604","141.496","-0.493258","0.472219","93.5797"
4302,0,"-1964.35","667.696","141.542","-0.494771","0.463188","93.5713"
4303,0,"-1964.34","667.683","141.524","-0.509367","0.438595","93.576"
4304,0,"-1964.38","667.666","141.529","-0.480928","0.456973","93.5682"
4305,0,"-1964.37","667.633","141.53","-0.506995","0.439221","93.5742"
4306,0,"-1964.36","667.677","141.527","-0.474446","0.454968","93.5834"
4307,0,"-1964.37","667.717","141.57","-0.46527","0.401998","93.5894"
4308,0,"-1964.4","667.627","141.496","-0.508614","0.454257","93.581"
4309,0,"-1964.38","667.629","141.497","-0.525431","0.444068","93.5911"
4310,0,"-1964.37","667.667","141.52","-0.499496","0.472292","93.5911"
4311,0,"-1964.36","667.704","141.534","-0.484527","0.42444","93.581"
4312,0,"-1964.37","667.728","141.546","-0.443836","0.418739","93.5723"
4313,0,"-1964.35","667.704","141.51","-0.491651","0.433644","93.5675"
4314,0,"-1964.37","667.665","141.525","-0.492513","0.457181","93.5792"
4315,0,"-1964.38","667.652","141.495","-0.491966","0.437402","93.5679"
4316,0,"-1964.38","667.674","141.515","-0.465407","0.448066","93.5511"
4317,0,"-1964.38","667.637","141.512","-0.501448","0.45852","93.5814"
4318,0,"-1964.35","667.682","141.566","-0.492108","0.468829","93.5815"
4319,0,"-1964.35","667.694","141.504","-0.524082","0.395461","93.561"
4320,0,"-1964.36","667.736","141.55","-0.423031","0.41282","93.5512"
4321,0,"-1964.36","667.73","141.528","-0.466554","0.384668","93.5588"
4322,0,"-1964.31","667.74","141.567","-0.491559","0.433917","93.5644"
4323,0,"-1964.34","667.725","141.522","-0.505108","0.426843","93.5711"
4324,0,"-1964.38","667.72","141.554","-0.430593","0.396227","93.5621"
4325,0,"-1964.37","667.708","141.562","-0.482674","0.435321","93.5803"
4326,0,"-1964.38","667.677","141.57","-0.493211","0.45331","93.5925"
4327,0,"-1964.36","667.702","141.531","-0.494291","0.438149","93.5741"
4328,0,"-1964.39","667.721","141.528","-0.450533","0.392693","93.5718"
4329,0,"-1964.36","667.656","141.512","-0.498971","0.457048","93.5793"
4330,0,"-1964.34","667.674","141.518","-0.494307","0.43422","93.5748"
4331,0,"-1964.37","667.712","141.512","-0.467222","0.408774","93.5549"
4332,0,"-1964.4","667.75","141.556","-0.42835","0.374114","93.5824"
4333,0,"-1964.37","667.703","141.532","-0.45317","0.431468","93.5667"
4334,0,"-1964.35","667.683","141.538","-0.510094","0.430154","93.5793"
4335,0,"-1964.35","667.745","141.549","-0.463389","0.425793","93.586"
4336,0,"-1964.36","667.744","141.561","-0.475848","0.399466","93.5771"
4337,0,"-1964.35","667.761","141.491","-0.50216","0.35964","93.5752"
4338,0,"-1964.39","667.687","141.514","-0.462165","0.418317","93.5569"
4339,0,"-1964.41","667.677","141.452","-0.50342","0.411136","93.5681"
4340,0,"-1964.38","667.678","141.476","-0.494143","0.424066","93.5585"
4341,0,"-1964.4","667.664","141.488","-0.471812","0.426176","93.5696"
4342,0,"-1964.36","667.667","141.533","-0.494037","0.433233","93.5728"
4343,0,"-1964.39","667.644","141.516","-0.50421","0.48671","93.5984"
4344,0,"-1964.36","667.667","141.521","-0.50324","0.447525","93.5829"
4345,0,"-1964.35","667.712","141.521","-0.469355","0.447198","93.5561"
4346,0,"-1964.37","667.682","141.468","-0.529497","0.370417","93.5552"
4347,0,"-1964.36","667.682","141.479","-0.519946","0.422782","93.5747"
4348,0,"-1964.35","667.718","141.461","-0.526068","0.37406","93.5687"
4349,0,"-1964.4","667.672","141.481","-0.501904","0.427231","93.5567"
4350,0,"-1964.38","667.691","141.539","-0.473785","0.429393","93.5537"
4351,0,"-1964.4","667.655","141.509","-0.496182","0.457494","93.5672"
4352,0,"-1964.39","667.704","141.45","-0.511299","0.376605","93.5343"
4353,0,"-1964.35","667.774","141.554","-0.435965","0.402575","93.5658"
4354,0,"-1964.4","667.685","141.52","-0.454763","0.403645","93.5455"
4355,0,"-1964.34","667.702","141.503","-0.485268","0.446212","93.5769"
4356,0,"-1964.39","667.649","141.491","-0.478873","0.430042","93.5786"
4357,0,"-1964.38","667.669","141.53","-0.455284","0.448553","93.5784"
4358,0,"-1964.36","667.677","141.519","-0.498668","0.414172","93.5686"
4359,0,"-1964.4","667.648","141.504","-0.47384","0.448718","93.5529"
4360,0,"-1964.35","667.687","141.513","-0.508432","0.429284","93.5818"
4361,0,"-1964.38","667.696","141.527","-0.468128","0.426762","93.5741"
4362,0,"-1964.36","667.727","141.533","-0.455725","0.415045","93.5591"
4363,0,"-1964.36","667.668","141.557","-0.506382","0.463712","93.5843"
4364,0,"-1964.37","667.662","141.508","-0.530923","0.415925","93.5867"
4365,0,"-1964.41","667.668","141.504","-0.442717","0.420793","93.556"
4366,0,"-1964.32","667.773","141.565","-0.487144","0.393612","93.5777"
4367,0,"-1964.37","667.678","141.513","-0.484575","0.441657","93.5652"
4368,0,"-1964.37","667.758","141.534","-0.43632","0.401467","93.5563"
4369,0,"-1964.34","667.694","141.547","-0.492882","0.40815","93.5834"
4370,0,"-1964.4","667.656","141.469","-0.514247","0.398154","93.5606"
4371,0,"-1964.41","667.594","141.52","-0.493491","0.471014","93.5925"
4372,0,"-1964.4","667.698","141.519","-0.444514","0.410901","93.5687"
4373,0,"-1964.37","667.65","141.517","-0.525131","0.466412","93.6128"
4374,0,"-1964.34","667.754","141.452","-0.533306","0.331529","93.5565"
4375,0,"-1964.38","667.677","141.54","-0.476093","0.418003","93.5709"
4376,0,"-1964.37","667.666","141.497","-0.503009","0.447121","93.5841"
4377,0,"-1964.41","667.653","141.5","-0.482124","0.452312","93.5545"
4378,0,"-1964.39","667.664","141.493","-0.512289","0.434224","93.5683"
4379,0,"-1964.4","667.644","141.477","-0.49872","0.426663","93.567"
4380,0,"-1964.39","667.741","141.467","-0.471204","0.359126","93.563"
4381,0,"-1964.38","667.749","141.549","-0.434489","0.378526","93.5696"
4382,0,"-1964.39","667.694","141.471","-0.503128","0.400188","93.5382"
4383,0,"-1964.36","667.702","141.551","-0.478906","0.411902","93.5724"
4384,0,"-1964.4","667.681","141.519","-0.446143","0.414772","93.5752"
4385,0,"-1964.36","667.638","141.518","-0.516948","0.455993","93.585"
4386,0,"-1964.36","667.677","141.539","-0.511441","0.455638","93.5922"
4387,0,"-1964.39","667.658","141.536","-0.486911","0.439909","93.5809"
4388,0,"-1964.38","667.702","141.462","-0.529745","0.410378","93.5863"
4389,0,"-1964.37","667.673","141.536","-0.482767","0.452228","93.5687"
4390,0,"-1964.31","667.841","141.542","-0.465183","0.322325","93.5602"
4391,0,"-1964.38","667.715","141.564","-0.477307","0.443011","93.5741"
4392,0,"-1964.32","667.749","141.473","-0.543426","0.372966","93.5732"
4393,0,"-1964.36","667.678","141.529","-0.491007","0.414669","93.5915"
4394,0,"-1964.32","667.734","141.544","-0.488742","0.439662","93.5651"
4395,0,"-1964.33","667.755","141.575","-0.455506","0.389299","93.5684"
4396,0,"-1964.38","667.655","141.503","-0.490643","0.455397","93.5692"
4397,0,"-1964.37","667.677","141.519","-0.461068","0.421599","93.5692"
4398,0,"-1964.38","667.665","141.528","-0.488134","0.454183","93.57"
4399,0,"-1964.38","667.695","141.478","-0.49788","0.415082","93.5644"
4400,0,"-1964.36","667.672","141.51","-0.500153","0.453463","93.5903"
4401,0,"-1964.37","667.7","141.496","-0.483497","0.393118","93.5667"
4402,0,"-1964.36","667.677","141.515","-0.50223","0.45364","93.5819"
4403,0,"-1964.35","667.743","141.499","-0.512253","0.378573","93.5567"
4404,0,"-1964.34","667.723","141.571","-0.475583","0.4369","93.5799"
4405,0,"-1964.37","667.662","141.512","-0.490984","0.431916","93.5582"
4406,0,"-1964.38","667.639","141.533","-0.499848","0.475388","93.5862"
4407,0,"-1964.32","667.73","141.559","-0.496535","0.433166","93.5701"
4408,0,"-1964.37","667.672","141.532","-0.470548","0.476113","93.561"
4409,0,"-1964.35","667.683","141.548","-0.502036","0.432432","93.5964"
4410,0,"-1964.37","667.703","141.539","-0.431926","0.426246","93.5709"
4411,0,"-1964.39","667.664","141.494","-0.479592","0.401089","93.5704"
4412,0,"-1964.39","667.651","141.541","-0.485944","0.485064","93.5739"
4413,0,"-1964.38","667.668","141.533","-0.486209","0.428989","93.6113"
4414,0,"-1964.32","667.75","141.553","-0.475953","0.447338","93.5645"
4415,0,"-1964.37","667.683","141.504","-0.504608","0.422233","93.5667"
4416,0,"-1964.36","667.732","141.563","-0.465403","0.408934","93.5643"
4417,0,"-1964.37","667.644","141.503","-0.523607","0.45864","93.5978"
4418,0,"-1964.34","667.675","141.537","-0.506359","0.429606","93.6116"
4419,0,"-1964.36","667.647","141.509","-0.506919","0.45332","93.5854"
4420,0,"-1964.35","667.691","141.498","-0.500157","0.419709","93.5713"
4421,0,"-1964.34","667.745","141.489","-0.523898","0.356353","93.5696"
4422,0,"-1964.38","667.633","141.536","-0.524104","0.457038","93.5848"
4423,0,"-1964.36","667.744","141.581","-0.440096","0.398842","93.5883"
4424,0,"-1964.38","667.646","141.544","-0.525101","0.469102","93.6053"
4425,0,"-1964.4","667.632","141.483","-0.495241","0.459326","93.5779"
4426,0,"-1964.35","667.745","141.549","-0.45995","0.399476","93.564"
4427,0,"-1964.35","667.673","141.537","-0.507233","0.465102","93.5914"
4428,0,"-1964.41","667.64","141.507","-0.488808","0.419602","93.5787"
4429,0,"-1964.37","667.73","141.463","-0.496795","0.357148","93.5645"
4430,0,"-1964.38","667.646","141.503","-0.495309","0.438523","93.5844"
4431,0,"-1964.37","667.696","141.553","-0.503741","0.443399","93.5871"
4432,0,"-1964.38","667.659","141.528","-0.509856","0.43683","93.5699"
4433,0,"-1964.38","667.735","141.498","-0.474143","0.39172","93.5648"
4434,0,"-1964.42","667.637","141.489","-0.491709","0.434162","93.5687"
4435,0,"-1964.35","667.695","141.525","-0.498342","0.415722","93.5803"
4436,0,"-1964.36","667.677","141.535","-0.501824","0.432112","93.5666"
4437,0,"-1964.37","667.753","141.457","-0.488813","0.339164","93.5322"
4438,0,"-1964.34","667.665","141.513","-0.50999","0.43325","93.5886"
4439,0,"-1964.37","667.745","141.47","-0.489631","0.381036","93.5584"
4440,0,"-1964.37","667.637","141.501","-0.504567","0.457228","93.5995"
4441,0,"-1964.36","667.758","141.569","-0.438193","0.425466","93.58"
4442,0,"-1964.37","667.669","141.539","-0.497187","0.46007","93.5808"
4443,0,"-1964.41","667.65","141.495","-0.504459","0.462057","93.5891"
4444,0,"-1964.38","667.686","141.534","-0.494371","0.435216","93.5595"
4445,0,"-1964.38","667.695","141.456","-0.523333","0.415349","93.5791"
4446,0,"-1964.37","667.681","141.51","-0.53539","0.427896","93.5946"
4447,0,"-1964.39","667.62","141.486","-0.503273","0.463503","93.5847"
4448,0,"-1964.32","667.729","141.569","-0.494623","0.41784","93.554"
4449,0,"-1964.41","667.613","141.508","-0.500967","0.453515","93.5965"
4450,0,"-1964.36","667.685","141.563","-0.489386","0.427175","93.5905"
4451,0,"-1964.39","667.635","141.498","-0.486412","0.463588","93.5868"
4452,0,"-1964.36","667.649","141.517","-0.529031","0.43171","93.5877"
4453,0,"-1964.37","667.772","141.548","-0.42137","0.421824","93.5522"
4454,0,"-1964.32","667.743","141.525","-0.47519","0.413158","93.5493"
4455,0,"-1964.37","667.667","141.527","-0.502075","0.457981","93.5797"
4456,0,"-1964.35","667.725","141.536","-0.50848","0.433627","93.5763"
4457,0,"-1964.42","667.621","141.507","-0.491571","0.477077","93.588"
4458,0,"-1964.39","667.654","141.513","-0.497394","0.442124","93.5625"
4459,0,"-1964.34","667.716","141.545","-0.492494","0.429032","93.5603"
4460,0,"-1964.36","667.735","141.473","-0.538648","0.379539","93.5889"
4461,0,"-1964.39","667.661","141.486","-0.481045","0.436708","93.5557"
4462,0,"-1964.38","667.65","141.509","-0.491312","0.432601","93.5645"
4463,0,"-1964.38","667.642","141.502","-0.49504","0.442618","93.5754"
4464,0,"-1964.36","667.663","141.494","-0.509836","0.442651","93.5899"
4465,0,"-1964.36","667.707","141.52","-0.468119","0.431325","93.5707"
4466,0,"-1964.41","667.682","141.442","-0.498255","0.391152","93.5645"
4467,0,"-1964.39","667.648","141.519","-0.501833","0.464839","93.5842"
4468,0,"-1964.35","667.711","141.529","-0.50065","0.428487","93.5727"
4469,0,"-1964.38","667.654","141.54","-0.499002","0.451379","93.5709"
4470,0,"-1964.36","667.706","141.46","-0.526399","0.384579","93.5624"
4471,0,"-1964.39","667.641","141.518","-0.520157","0.449922","93.5889"
4472,0,"-1964.38","667.711","141.505","-0.476911","0.42042","93.5447"
4473,0,"-1964.38","667.647","141.527","-0.501697","0.451544","93.5934"
4474,0,"-1964.37","667.66","141.526","-0.493467","0.44927","93.5763"
4475,0,"-1964.36","667.649","141.53","-0.497496","0.448557","93.5747"
4476,0,"-1964.39","667.699","141.512","-0.478856","0.431421","93.5873"
4477,0,"-1964.41","667.593","141.493","-0.496237","0.465811","93.5838"
4478,0,"-1964.33","667.7","141.555","-0.506983","0.448828","93.5789"
4479,0,"-1964.37","667.681","141.535","-0.469349","0.433281","93.5916"
4480,0,"-1964.35","667.676","141.492","-0.50851","0.431713","93.6033"
4481,0,"-1964.39","667.697","141.536","-0.460466","0.416227","93.5654"
4482,0,"-1964.33","667.75","141.514","-0.479205","0.397045","93.5755"
4483,0,"-1964.35","667.71","141.534","-0.483123","0.42379","93.59"
4484,0,"-1964.34","667.734","141.473","-0.498562","0.384264","93.5463"
4485,0,"-1964.41","667.644","141.52","-0.482785","0.445857","93.5647"
4486,0,"-1964.37","667.7","141.503","-0.509776","0.430852","93.5739"
4487,0,"-1964.39","667.641","141.52","-0.521006","0.444119","93.5865"
4488,0,"-1964.37","667.733","141.566","-0.450071","0.434739","93.5961"
4489,0,"-1964.39","667.632","141.511","-0.51868","0.448418","93.5977"
4490,0,"-1964.37","667.705","141.517","-0.476122","0.404947","93.5598"
4491,0,"-1964.34","667.694","141.531","-0.507188","0.416843","93.5876"
4492,0,"-1964.37","667.678","141.504","-0.473858","0.437372","93.5783"
4493,0,"-1964.35","667.674","141.528","-0.525162","0.439923","93.5948"
4494,0,"-1964.34","667.706","141.54","-0.504349","0.456769","93.5905"
4495,0,"-1964.36","667.71","141.566","-0.469896","0.423129","93.5947"
4496,0,"-1964.35","667.72","141.517","-0.487713","0.433628","93.5604"
4497,0,"-1964.38","667.673","141.526","-0.475915","0.444674","93.5592"
4498,0,"-1964.38","667.722","141.519","-0.443183","0.404841","93.5704"
4499,0,"-1964.39","667.641","141.512","-0.501779","0.43437","93.5801"
4500,0,"-1964.4","667.655","141.504","-0.471599","0.440882","93.5849"
4501,0,"-1964.34","667.709","141.52","-0.491137","0.411461","93.5544"
4502,0,"-1964.37","667.692","141.53","-0.464795","0.419881","93.5709"
4503,0,"-1964.41","667.631","141.542","-0.479992","0.468727","93.5718"
4504,0,"-1964.41","667.613","141.514","-0.490616","0.49238","93.5828"
4505,0,"-1964.38","667.763","141.551","-0.431206","0.367284","93.574"
4506,0,"-1964.45","667.631","141.511","-0.466568","0.473604","93.5681"
4507,0,"-1964.37","667.686","141.507","-0.499772","0.418588","93.5593"
4508,0,"-1964.38","667.781","141.565","-0.390068","0.40406","93.5658"
4509,0,"-1964.35","667.761","141.535","-0.456641","0.367941","93.5562"
4510,0,"-1964.35","667.726","141.536","-0.474905","0.411401","93.5639"
4511,0,"-1964.41","667.611","141.476","-0.507873","0.44012","93.5712"
4512,0,"-1964.35","667.718","141.56","-0.471827","0.415217","93.6035"
4513,0,"-1964.4","667.629","141.51","-0.509029","0.448543","93.5756"
4514,0,"-1964.39","667.733","141.583","-0.415553","0.405696","93.5862"
4515,0,"-1964.34","667.701","141.547","-0.502286","0.413647","93.5654"
4516,0,"-1964.35","667.759","141.603","-0.441072","0.419944","93.576"
4517,0,"-1964.39","667.76","141.491","-0.470228","0.336067","93.5589"
4518,0,"-1964.41","667.617","141.5","-0.497969","0.459954","93.5634"
4519,0,"-1964.38","667.663","141.495","-0.504644","0.445512","93.5821"
4520,0,"-1964.4","667.632","141.504","-0.488575","0.476528","93.5725"
4521,0,"-1964.39","667.646","141.491","-0.494773","0.460255","93.5706"
4522,0,"-1964.38","667.691","141.549","-0.491358","0.440586","93.5784"
4523,0,"-1964.39","667.669","141.531","-0.474647","0.450559","93.5734"
4524,0,"-1964.42","667.641","141.496","-0.451844","0.452419","93.5675"
4525,0,"-1964.36","667.775","141.534","-0.406268","0.396024","93.5472"
4526,0,"-1964.37","667.637","141.535","-0.517669","0.454676","93.5916"
4527,0,"-1964.39","667.645","141.511","-0.473648","0.435719","93.5743"
4528,0,"-1964.37","667.655","141.521","-0.505663","0.427456","93.5852"
4529,0,"-1964.37","667.715","141.469","-0.517899","0.413163","93.5742"
4530,0,"-1964.35","667.675","141.551","-0.496468","0.464251","93.5885"
4531,0,"-1964.4","667.618","141.514","-0.49761","0.465421","93.5758"
4532,0,"-1964.35","667.685","141.529","-0.519577","0.444306","93.5939"
4533,0,"-1964.37","667.668","141.54","-0.494869","0.448142","93.5823"
4534,0,"-1964.42","667.629","141.499","-0.513158","0.455964","93.5837"
4535,0,"-1964.4","667.708","141.529","-0.456561","0.413575","93.568"
4536,0,"-1964.34","667.739","141.537","-0.471474","0.398215","93.5537"
4537,0,"-1964.67","667.428","141.297","-0.416145","0.437255","93.4428"
4538,0,"-1965.13","667.021","141.03","-0.133379","0.46703","93.2514"
4539,0,"-1965.19","666.865","140.919","-0.247156","0.50942","93.3032"
4540,0,"-1965.2","666.769","140.936","-0.253941","0.579007","93.3235"
4541,0,"-1965.22","666.859","140.914","-0.216082","0.532904","93.3114"
4542,0,"-1965.2","666.814","140.921","-0.21778","0.547116","93.3153"
4543,0,"-1965.2","666.803","140.939","-0.243717","0.593383","93.3248"
4544,0,"-1965.17","666.82","140.934","-0.270732","0.559457","93.3233"
4545,0,"-1965.17","666.9","140.883","-0.282164","0.51012","93.3039"
4546,0,"-1965.16","666.857","140.93","-0.274709","0.53996","93.3203"
4547,0,"-1965.16","666.839","140.979","-0.264289","0.599237","93.3454"
4548,0,"-1965.13","666.931","141.02","-0.293405","0.517008","93.3486"
4549,0,"-1965.09","666.979","141.092","-0.371253","0.541796","93.3817"
4550,0,"-1964.89","666.757","140.122","0.40848","0.800577","93.4153"
4551,0,"-1964.81","666.931","140.226","0.411299","0.761096","93.4348"
4552,0,"-1964.7","666.999","140.324","0.332858","0.755509","93.4859"
4553,0,"-1964.59","667.107","140.401","0.272413","0.768102","93.5225"
4554,0,"-1964.51","667.211","140.477","0.245075","0.749333","93.5379"
4555,0,"-1963.54","667.19","140.091","-0.163012","0.0521014","93.8099"
4556,0,"-1963.52","667.3","140.094","-0.152134","0.0404044","93.7839"
4557,0,"-1963.46","667.461","140.129","-0.0944643","-0.0202476","93.7847"
4558,0,"-1963.46","667.313","140.037","-0.10417","0.0071038","93.7855"
4559,0,"-1963.45","667.388","140.042","-0.0160851","0.0730799","93.773"
4560,0,"-1963.43","667.412","139.828","0.067961","-0.067934","93.7062"
4561,0,"-1963.49","667.273","139.771","0.110732","0.0604968","93.7361"
4562,0,"-1963.39","667.388","139.678","0.127806","-0.0750685","93.7089"
4563,0,"-1963.43","667.229","139.592","0.20431","0.0101546","93.6883"
4564,0,"-1963.4","667.198","139.486","0.205641","-0.0518503","93.7073"
4565,0,"-1963.44","667.085","139.294","0.321394","-0.112645","93.6892"
4566,0,"-1963.44","666.895","139.129","0.249039","-0.163291","93.7121"
4567,0,"-1963.4","666.999","139.128","0.269196","-0.240397","93.6639"
4568,0,"-1963.4","666.96","138.999","0.246134","-0.301998","93.6852"
4569,0,"-1963.36","666.934","138.914","0.184475","-0.384228","93.6934"
4570,0,"-1963.32","666.946","138.924","0.24521","-0.397156","93.6544"
4571,0,"-1963.37","666.874","138.924","0.191916","-0.430871","93.6975"
4572,0,"-1963.37","666.866","138.838","0.209854","-0.401385","93.679"
4573,0,"-1963.2","666.714","138.777","0.00806038","-0.269769","93.5672"
4574,0,"-1963.06","666.142","138.561","-0.268474","-0.100074","93.4816"
4575,0,"-1963.04","666.163","138.62","-0.254229","-0.128052","93.4518"
4576,0,"-1962.99","666.181","138.52","-0.320976","-0.177282","93.429"
4577,0,"-1963.05","666.092","138.562","-0.273158","-0.0835774","93.4598"
4578,0,"-1963.01","666.201","138.552","-0.338067","-0.167916","93.4153"
4579,0,"-1963.04","665.994","138.541","-0.319764","-0.110895","93.4512"
4580,0,"-1963.11","666.056","138.507","-0.198125","-0.0424142","93.4375"
4581,0,"-1963.08","666.046","138.538","-0.284611","-0.0665979","93.4562"
4582,0,"-1963.02","666.1","138.591","-0.333236","-0.0943703","93.4759"
4583,0,"-1963.02","666.098","138.583","-0.297114","-0.146081","93.4335"
4584,0,"-1962.98","666.228","138.637","-0.382043","-0.194644","93.4515"
4585,0,"-1963.02","666.238","138.553","-0.273174","-0.179693","93.3985"
4586,0,"-1963","666.245","138.58","-0.347292","-0.176802","93.4292"
4587,0,"-1963.12","665.812","138.469","-0.383171","-0.0101347","93.5187"
4588,0,"-1963.12","665.82","138.452","-0.38069","-0.00176551","93.515"
4589,0,"-1963.13","665.86","138.489","-0.40443","0.0014453","93.5554"
4590,0,"-1963.11","665.848","138.388","-0.422863","-0.0842363","93.5161"
4591,0,"-1964.02","664.763","137.455","0.322049","0.203228","93.1024"
4592,0,"-1964.03","664.751","137.398","0.284344","0.199061","93.0961"
4593,0,"-1964.03","664.679","137.428","0.317471","0.239822","93.0925"
4594,0,"-1964.04","664.778","137.471","0.347096","0.245232","93.1204"
4595,0,"-1964.06","664.667","137.423","0.29754","0.249263","93.1295"
4596,0,"-1964.07","664.629","137.427","0.271253","0.249778","93.1483"
4597,0,"-1964.04","664.719","137.433","0.328438","0.237448","93.0907"
4598,0,"-1964.04","664.729","137.478","0.315011","0.295233","93.1083"
4599,0,"-1964.04","664.659","137.417","0.276689","0.232301","93.1285"
4600,0,"-1964.05","664.714","137.471","0.327835","0.253802","93.1196"
4601,0,"-1964.01","664.66","137.401","0.294719","0.223338","93.1032"
4602,0,"-1964.04","664.665","137.435","0.320544","0.277627","93.1096"
4603,0,"-1964.01","664.7","137.422","0.263229","0.198221","93.1044"
4604,0,"-1964.04","664.737","137.473","0.334001","0.261174","93.1111"
4605,0,"-1964.04","664.796","137.422","0.309786","0.183462","93.0993"
4606,0,"-1964.03","664.719","137.446","0.31827","0.225713","93.1194"
4607,0,"-1963.99","664.742","137.501","0.248134","0.207098","93.1161"
4608,0,"-1964.04","664.685","137.475","0.31621","0.295737","93.1154"
4609,0,"-1964","664.713","137.372","0.207513","0.111679","93.1263"
4610,0,"-1964.07","664.106","137.069","0.0872149","-0.0912165","93.2494"
4611,0,"-1964.05","664.215","137.054","0.114432","-0.155361","93.2206"
4612,0,"-1964.06","664.155","137.071","0.0771758","-0.113805","93.2398"
4613,0,"-1964.03","664.177","137.095","0.0938626","-0.144586","93.2166"
4614,0,"-1964.05","664.229","137.121","0.145482","-0.159539","93.2362"
4615,0,"-1964.05","664.164","137.061","0.101821","-0.118044","93.2392"
4616,0,"-1964.16","664.045","137.104","0.0799091","-0.125651","93.1823"
4617,0,"-1964.22","664.075","136.94","0.196866","-0.0902561","93.1973"
4618,0,"-1964.2","664.109","136.992","0.13919","-0.0873838","93.2268"
4619,0,"-1964.18","664.167","137.042","0.137049","-0.140463","93.2947"
4620,0,"-1964.16","664.157","137.116","-0.0213805","-0.107116","93.4045"
4621,0,"-1964.05","664.241","137.202","-0.16106","-0.0970318","93.4862"
4622,0,"-1963.88","664.431","137.42","-0.259508","-0.157747","93.5111"
4623,0,"-1963.85","664.787","137.479","-0.482149","-0.231814","93.7245"
4624,0,"-1963.75","664.915","137.658","-0.509364","-0.212515","93.7814"
4625,0,"-1963.35","665.469","138.471","-1.12588","-0.539402","93.8542"
4626,0,"-1963.13","665.778","139.069","-1.33174","-0.663188","93.966"
4627,0,"-1963.13","665.757","138.959","-1.42485","-0.763806","93.9446"
4628,0,"-1963.17","665.776","139.036","-1.38771","-0.71557","93.9597"
4629,0,"-1963.06","666.031","139.055","-1.40299","-0.90506","93.9788"
4630,0,"-1963.03","666.1","139.227","-1.3074","-0.833508","94.0105"
4631,0,"-1963.11","665.635","139.09","-1.61807","-0.651647","94.0601"
4632,0,"-1963.03","665.439","138.631","-1.25313","-0.571311","94.0475"
4633,0,"-1963","665.422","138.61","-1.2922","-0.55405","94.0481"
4634,0,"-1963","665.45","138.679","-1.29152","-0.567423","94.0556"
4635,0,"-1962.93","665.566","138.643","-1.32407","-0.648353","94.0767"
4636,0,"-1962.99","666.381","139.116","-0.713513","-1.04572","94.0917"
4637,0,"-1962.98","666.441","139.054","-0.725814","-1.09894","94.0753"
4638,0,"-1963.03","666.386","139.083","-0.691912","-1.03701","94.0847"
4639,0,"-1963.05","666.405","139.083","-0.676052","-1.00879","94.1149"
4640,0,"-1963.31","666.563","139.165","-0.53831","-0.851305","94.026"
4641,0,"-1963.85","667.235","139.561","-0.0566714","-0.250143","93.8591"
4642,0,"-1963.88","667.137","139.588","-0.010179","-0.15855","93.87"
4643,0,"-1963.87","667.152","139.599","-0.00798992","-0.155894","93.8753"
4644,0,"-1963.87","667.114","139.581","-0.00634948","-0.158199","93.867"
4645,0,"-1963.84","667.211","139.57","-0.0298937","-0.218032","93.8561"
4646,0,"-1963.83","667.18","139.633","-0.0284814","-0.166117","93.8706"
4647,0,"-1963.85","667.196","139.568","0.00144522","-0.202861","93.8329"
4648,0,"-1963.84","667.182","139.644","0.0350346","-0.111889","93.8419"
4649,0,"-1963.9","667.148","139.615","0.0903537","-0.0547543","93.8084"
4650,0,"-1963.87","667.159","139.618","0.115959","-0.0489393","93.7677"
4651,0,"-1963.83","667.232","139.687","0.15277","0.0123816","93.757"
4652,0,"-1963.84","667.209","139.508","0.275661","0.0295758","93.643"
4653,0,"-1963.9","667.107","139.47","0.410605","0.158268","93.6004"
4654,0,"-1963.86","667.169","139.356","0.491095","0.175874","93.5603"
4655,0,"-1963.89","667.104","139.241","0.589973","0.217683","93.5258"
4656,0,"-1963.9","667.087","139.126","0.691723","0.28199","93.467"
4657,0,"-1965.14","665.697","137.421","1.81866","0.774892","92.9532"
4658,0,"-1965.11","665.681","137.31","1.91183","0.796953","92.9163"
4659,0,"-1965.1","665.658","137.253","1.96829","0.793372","92.8917"
4660,0,"-1965.06","665.759","137.281","1.99074","0.792276","92.8941"
4661,0,"-1965.1","665.692","137.184","2.05859","0.770745","92.9145"
4662,0,"-1965.06","665.885","137.193","2.09519","0.712701","92.92"
4663,0,"-1965.11","665.919","137.215","2.17388","0.707016","92.9539"
4664,0,"-1965.14","665.996","137.221","2.20879","0.630024","92.9891"
4665,0,"-1965.16","666.175","137.352","2.26456","0.616768","93.0351"
4666,0,"-1965.14","666.248","137.411","2.28364","0.528236","93.0471"
4667,0,"-1965.2","666.371","137.454","2.31222","0.480715","93.0836"
4668,0,"-1965.22","666.5","137.492","2.30681","0.414135","93.1153"
4669,0,"-1965.65","665.862","136.942","2.41671","0.290682","93.1317"
4670,0,"-1965.73","666.11","137.048","2.27681","0.241232","93.2932"
4671,0,"-1965.81","666.18","137.28","2.09771","0.16142","93.41"
4672,0,"-1965.93","666.246","137.402","2.04647","0.0967484","93.4851"
4673,0,"-1965.23","667.006","139.37","0.682393","-0.467899","93.6903"
4674,0,"-1965.2","667.177","139.538","0.489718","-0.617736","93.6778"
4675,0,"-1965.22","667.157","139.817","0.374584","-0.573928","93.7091"
4676,0,"-1965.15","667.327","139.942","0.201948","-0.728757","93.6933"
4677,0,"-1965.14","667.342","140.179","0.111507","-0.688495","93.734"
4678,0,"-1965.04","667.46","140.349","0.00729645","-0.71409","93.7634"
4679,0,"-1964.98","667.567","140.537","-0.0901146","-0.75014","93.7872"
4680,0,"-1964.87","667.778","140.671","-0.202335","-0.834955","93.7906"
4681,0,"-1964.84","667.82","140.891","-0.213647","-0.727667","93.838"
4682,0,"-1964.86","667.938","141.053","-0.228044","-0.663541","93.831"
4683,0,"-1964.92","668.076","141.222","-0.216755","-0.597467","93.8717"
4684,0,"-1965.05","668.168","141.27","-0.213886","-0.479564","93.9261"
4685,0,"-1964.98","668.011","141.281","-0.311824","-0.287618","93.8371"
4686,0,"-1965.02","668.132","141.364","-0.277888","-0.234713","93.8161"
4687,0,"-1964.67","668.326","141.893","-0.567466","-0.310272","93.8903"
4688,0,"-1963.95","668.513","142.918","-1.13054","-0.4636","93.9653"
4689,0,"-1963.97","668.528","142.943","-1.12746","-0.432858","93.989"
4690,0,"-1963.98","668.639","142.895","-1.10284","-0.467573","93.9448"
4691,0,"-1964.01","668.632","143.153","-1.21821","-0.437084","93.9867"
4692,0,"-1964.07","668.607","143.003","-1.12858","-0.416639","93.9458"
4693,0,"-1964.06","668.57","143.033","-1.14005","-0.37866","94.0014"
4694,0,"-1964.01","668.578","142.789","-0.952549","-0.37141","93.9233"
4695,0,"-1964.05","668.837","142.392","-0.554616","-0.173175","94.0612"
4696,0,"-1964","667.905","144.825","-2.51261","-0.838714","93.7093"
4697,0,"-1963.88","668.046","144.745","-2.4241","-0.872995","93.7092"
4698,0,"-1964.43","667.509","145.181","-2.93663","-1.10776","93.3824"
4699,0,"-1964.59","667.255","145.435","-3.1541","-1.15423","93.3207"
4700,0,"-1964.63","667.262","145.424","-3.0869","-1.08699","93.3138"
4701,0,"-1964.62","667.278","145.437","-3.08952","-1.11415","93.3"
4702,0,"-1964.65","667.247","145.328","-3.05975","-1.07406","93.3272"
4703,0,"-1964.7","667.217","145.288","-3.03647","-1.07783","93.3196"
4704,0,"-1964.75","667.207","145.233","-2.97133","-1.0402","93.3064"
4705,0,"-1964.77","667.213","145.166","-2.9393","-1.05528","93.2841"
4706,0,"-1964.85","667.288","145.038","-2.89515","-1.11067","93.2336"
4707,0,"-1964.88","667.25","145.03","-2.88235","-1.09197","93.2363"
4708,0,"-1964.97","667.172","144.963","-2.81807","-1.01451","93.2525"
4709,0,"-1964.88","667.386","144.96","-2.69146","-1.07595","93.139"
4710,0,"-1965.08","667.23","144.778","-2.63185","-0.980803","93.1761"
4711,0,"-1965.23","667.127","144.57","-2.54509","-0.953775","93.1697"
4712,0,"-1965.32","667.193","144.354","-2.34305","-0.921019","93.1107"
4713,0,"-1965.6","666.991","143.968","-2.20038","-0.82557","93.1257"
4714,0,"-1965.86","666.854","143.564","-1.93204","-0.697517","93.0979"
4715,0,"-1965.81","666.583","143.057","-1.85091","-0.67231","93.2964"
4716,0,"-1965.95","666.514","142.624","-1.57412","-0.585771","93.2717"
4717,0,"-1966.11","666.453","142.194","-1.30854","-0.528055","93.2278"
4718,0,"-1966.34","666.329","141.841","-0.994239","-0.347483","93.2049"
4719,0,"-1966.41","666.294","141.51","-0.801149","-0.323421","93.1674"
4720,0,"-1966.54","666.184","141.272","-0.608599","-0.224119","93.1445"
4721,0,"-1966.63","666.136","141.044","-0.457131","-0.162152","93.1238"
4722,0,"-1966.66","666.098","141.018","-0.429532","-0.146489","93.118"
4723,0,"-1966.72","666.13","140.748","-0.3291","-0.204226","93.0595"
4724,0,"-1966.76","666.001","140.725","-0.227803","-0.0558692","93.0792"
4725,0,"-1966.79","666.049","140.581","-0.2171","-0.157094","93.0426"
4726,0,"-1966.77","665.968","140.603","-0.170925","-0.0735191","93.071"
4727,0,"-1966.83","666.022","140.502","-0.146619","-0.113197","93.034"
4728,0,"-1966.81","665.963","140.591","-0.13681","-0.0462116","93.061"
4729,0,"-1966.82","665.993","140.566","-0.126657","-0.046862","93.0648"
4730,0,"-1966.83","665.939","140.589","-0.123716","-0.0210453","93.0679"
4731,0,"-1966.84","666.054","140.573","-0.182484","-0.112689","93.0358"
4732,0,"-1966.8","665.963","140.723","-0.213556","-0.0516774","93.0762"
4733,0,"-1966.83","665.973","140.527","-0.146048","-0.0891204","93.0244"
4734,0,"-1966.84","665.841","140.491","-0.0743729","-0.00821144","93.041"
4735,0,"-1966.86","665.806","140.473","-0.0284318","0.045206","93.0341"
4736,0,"-1966.86","665.761","140.465","-0.047088","0.00743967","93.0104"
4737,0,"-1966.9","665.706","140.474","-0.0244551","0.0606693","93.0114"
4738,0,"-1966.92","665.659","140.395","-0.00295689","0.0400312","92.9832"
4739,0,"-1966.92","665.609","140.361","0.0385577","0.0871861","92.9787"
4740,0,"-1966.97","665.515","140.329","0.0534301","0.0766666","92.948"
4741,0,"-1966.83","665.424","139.535","0.607492","0.28324","92.9773"
4742,0,"-1966.72","665.368","139.128","0.881358","0.332756","92.9877"
4743,0,"-1966.73","665.305","139.115","0.894679","0.376838","93.0005"
4744,0,"-1966.77","665.281","139.223","0.812154","0.343404","93.012"
4745,0,"-1966.86","665.298","139.048","0.812725","0.255898","92.955"
4746,0,"-1966.83","665.192","139.099","0.846284","0.336411","93.0084"
4747,0,"-1966.87","665.102","139.078","0.84047","0.349703","93.0118"
4748,0,"-1966.62","665.275","139.36","1.02758","0.618633","93.0646"
4749,0,"-1966.46","665.373","139.579","1.15732","0.83538","93.1167"
4750,0,"-1966.68","665.083","139.115","0.842322","0.267552","93.0203"
4751,0,"-1966.51","665.128","139.25","0.92856","0.393612","93.0519"
4752,0,"-1966.44","665.004","139.361","0.97093","0.451229","93.0624"
4753,0,"-1966.49","664.701","139.252","0.869435","0.305997","93.041"
4754,0,"-1966.42","664.477","139.314","0.901966","0.326381","93.0389"
4755,0,"-1966.33","664.207","139.374","0.958778","0.360589","93.0513"
4756,0,"-1966.43","663.623","139.259","0.829266","0.147037","92.9776"
4757,0,"-1966.38","662.889","139.21","0.797188","0.0535363","92.9682"
4758,0,"-1966.58","661.706","139.778","1.1494","0.730878","92.9976"
4759,0,"-1966.04","660.653","140.211","1.33152","0.814565","93.0008"
4760,0,"-1964.7","660.218","140.953","1.56914","0.745502","93.0184"
4761,0,"-1964.4","658.495","141.478","1.42078","0.340817","92.844"
4762,0,"-1963.7","656.83","142.651","1.66528","0.47004","92.8082"
4763,0,"-1962.91","654.909","143.696","1.69271","0.238593","92.7943"
4764,0,"-1962.52","653.377","145.662","1.86028","0.253613","92.5941"
4765,0,"-1961.99","651.14","147.295","2.16224","0.35449","92.5351"
4766,0,"-1961.24","648.754","149.427","2.4857","0.589634","92.5759"
4767,0,"-1960.44","646.694","151.52","2.6234","0.262775","92.4611"
4768,0,"-1959.44","644.236","153.699","2.63683","-0.131027","92.3973"
4769,0,"-1959.49","641.949","156.384","2.95215","-0.181654","91.957"
4770,0,"-1958.12","639.483","159.107","3.07548","-0.370207","91.9922"
4771,0,"-1957.55","637.75","164.425","2.86322","-1.76253","92.1867"
4772,0,"-1956.82","635.057","167.551","3.09073","-1.88914","91.9969"
4773,0,"-1955.76","632.286","170.722","3.37377","-2.04405","91.778"
4774,0,"-1954.84","629.397","173.955","3.74168","-2.15371","91.5606"
4775,0,"-1953.55","626.495","177.397","3.88522","-2.49611","91.3292"
4776,0,"-1952.28","623.341","181.126","4.3635","-2.46826","91.1179"
4777,0,"-1951.14","620.007","185.228","4.88001","-2.31657","90.9064"
4778,0,"-1949.63","616.858","189.027","5.05049","-2.84384","90.5718"
4779,0,"-1948.41","613.452","193.222","5.49974","-3.07419","90.2579"
4780,0,"-1947.05","609.886","197.817","5.90258","-3.18827","89.9795"
4781,0,"-1945.74","606.122","202.474","6.28961","-3.24644","89.6559"
4782,0,"-1944.4","602.316","207.192","6.66294","-3.50403","89.3062"
4783,0,"-1943.13","598.429","212.27","7.02744","-3.58781","88.8955"
4784,0,"-1941.72","594.513","217.458","7.33198","-3.7129","88.515"
4785,0,"-1940.06","590.907","223.735","7.16432","-3.92551","88.2093"
4786,0,"-1938.44","587.303","229.471","7.24783","-4.15004","87.8251"
4787,0,"-1936.53","583.621","235.543","7.52072","-3.98568","87.54"
4788,0,"-1934.06","579.99","242.759","6.8247","-4.41436","87.2344"
4789,0,"-1932.93","576.837","247.932","7.97399","-4.09512","86.806"
4790,0,"-1930.61","573.424","255.237","7.80788","-4.07507","86.5763"
4791,0,"-1928.2","570.042","262.891","7.14346","-4.46042","86.1798"
4792,0,"-1925.14","567.335","270.805","7.84903","-4.31977","85.1958"
4793,0,"-1923.1","564.607","278.272","7.89379","-4.41339","84.6626"
4794,0,"-1920.91","561.561","286.048","7.97217","-4.25278","84.3761"
4795,0,"-1918.96","558.923","293.875","7.88537","-4.49993","83.813"
4796,0,"-1916.56","556.132","302.34","7.91912","-4.23086","83.5142"
4797,0,"-1914.39","553.548","310.698","7.78286","-4.23147","83.0437"
4798,0,"-1912.16","550.896","319.26","7.68054","-4.08773","82.6565"
4799,0,"-1910.01","548.606","328.218","7.66296","-3.83096","82.1502"
4800,0,"-1907.51","546.137","337.196","7.65122","-3.55248","81.7917"
4801,0,"-1903.18","543.463","345.601","6.64853","-4.46654","81.715"
4802,0,"-1900.66","541.139","354.668","6.51708","-4.34238","81.2139"
4803,0,"-1897.94","538.776","363.967","6.47429","-4.07712","80.7669"
4804,0,"-1895.03","536.587","373.098","6.54178","-3.83844","80.3666"
4805,0,"-1892.16","534.558","382.234","6.63962","-3.67571","80.0099"
4806,0,"-1889.25","532.613","391.867","6.43906","-3.58205","79.5374"
4807,0,"-1886.48","530.651","401.456","6.29928","-3.43832","79.0453"
4808,0,"-1883.03","528.686","411.112","5.98812","-3.51425","78.6516"
4809,0,"-1879.95","526.792","420.988","5.74157","-3.37689","78.2031"
4810,0,"-1876.77","525.096","430.77","5.45593","-3.37908","77.7492"
4811,0,"-1873.61","523.221","440.683","5.38553","-3.09159","77.3745"
4812,0,"-1870.34","521.498","450.688","5.15609","-2.96936","76.9335"
4813,0,"-1867.09","519.886","460.513","4.67176","-3.04471","76.4537"
4814,0,"-1863.58","518.249","470.471","4.36261","-3.10332","75.9626"
4815,0,"-1860.13","516.735","480.774","4.17208","-2.85966","75.6002"
4816,0,"-1856.6","515.386","491.071","3.92467","-2.68513","75.1885"
4817,0,"-1853.1","513.851","501.169","3.38895","-2.75918","74.8288"
4818,0,"-1849.43","512.545","511.494","3.15278","-2.54695","74.5279"
4819,0,"-1845.64","511.362","521.81","2.75016","-2.53769","74.1684"
4820,0,"-1841.79","510.199","532.25","2.43157","-2.39765","73.8287"
4821,0,"-1837.85","509.081","542.48","2.07577","-2.30537","73.4802"
4822,0,"-1833.89","508.099","552.861","1.71876","-2.20979","73.0875"
4823,0,"-1829.89","506.919","562.912","1.36259","-2.16723","72.7819"
4824,0,"-1825.96","505.548","573.166","0.883403","-2.1392","72.5038"
4825,0,"-1821.59","504.864","583.491","0.749985","-1.93847","72.0752"
4826,0,"-1817.54","503.64","593.681","0.511025","-1.71453","71.7227"
4827,0,"-1813.8","501.919","602.848","0.395553","-1.69487","71.283"
4828,0,"-1808.89","501.439","613.742","0.363931","-1.0357","70.9611"
4829,0,"-1803.92","500.983","624.455","0.441494","-0.294091","70.6596"
4830,0,"-1799.18","499.636","634.589","0.172222","0.0737865","70.452"
4831,0,"-1794.32","498.263","644.17","-0.271008","0.17903","70.2543"
4832,0,"-1789.21","497.05","654.024","-0.565971","0.465502","70.026"
4833,0,"-1784.34","496.405","662.583","0.302441","1.03647","69.8791"
4834,0,"-1779.32","494.768","672.215","0.0419695","1.42649","69.6197"
4835,0,"-1774.05","493.507","681.754","0.0456191","1.88935","69.3345"
4836,0,"-1768.72","491.957","690.984","-0.172198","2.06616","69.0294"
4837,0,"-1763.75","490.049","699.951","-0.0943994","2.48357","68.7568"
4838,0,"-1758.89","487.869","709.087","-0.150659","2.96392","68.4266"
4839,0,"-1753.65","486.246","717.495","-0.275939","2.86945","67.8613"
4840,0,"-1748.27","484.157","726.678","-0.47005","3.16191","67.5915"
4841,0,"-1743.11","482.111","735.295","-0.445859","3.47142","67.2204"
4842,0,"-1737.93","479.892","743.801","-0.353582","3.73141","66.8396"
4843,0,"-1732.82","477.641","751.965","-0.400839","3.76046","66.4352"
4844,0,"-1727.55","475.538","760.101","-0.490271","3.78723","65.9876"
4845,0,"-1722.41","473.148","768.105","-0.635976","3.80115","65.6018"
4846,0,"-1717.37","470.855","775.859","-1.0126","3.53369","65.0869"
4847,0,"-1712.06","468.546","783.978","-1.26597","3.56553","64.6937"
4848,0,"-1707.02","466.236","791.578","-1.59759","3.33924","64.2249"
4849,0,"-1701.95","464.182","799.115","-1.98821","3.11812","63.7048"
4850,0,"-1696.84","461.808","806.688","-2.05019","3.1063","63.3017"
4851,0,"-1691.83","459.749","813.653","-2.39635","2.71912","62.6721"
4852,0,"-1686.69","457.475","820.885","-2.49015","2.66156","62.1954"
4853,0,"-1681.57","455.482","827.643","-2.70876","2.35334","61.5938"
4854,0,"-1676.33","453.298","834.596","-2.7575","2.26672","61.0757"
4855,0,"-1671.19","451.354","841.139","-2.85117","2.03293","60.4119"
4856,0,"-1665.97","449.362","847.869","-2.77937","2.06358","59.7962"
4857,0,"-1660.61","447.376","854.286","-3.01022","1.78733","59.1446"
4858,0,"-1655.18","445.523","860.569","-3.10104","1.62819","58.5004"
4859,0,"-1649.58","443.602","866.986","-3.04103","1.64979","57.9023"
4860,0,"-1643.98","441.681","872.89","-3.3483","1.29314","57.261"
4861,0,"-1638.21","439.913","879.185","-3.37165","1.29377","56.6305"
4862,0,"-1632.51","438.123","885.376","-3.40054","1.34383","56.0024"
4863,0,"-1626.68","436.551","891.23","-3.5798","1.16565","55.2539"
4864,0,"-1620.81","434.89","897.462","-3.55072","1.32789","54.5993"
4865,0,"-1614.75","433.207","903.568","-3.53335","1.50843","54.0051"
4866,0,"-1608.64","431.622","909.192","-3.69207","1.39746","53.246"
4867,0,"-1602.27","429.852","915.246","-3.58767","1.65311","52.6491"
4868,0,"-1595.66","427.971","921.259","-3.51023","1.91501","52.0916"
4869,0,"-1588.87","426.164","927.13","-3.5418","2.07826","51.4839"
4870,0,"-1581.86","424.145","932.989","-3.57217","2.3196","50.9435"
4871,0,"-1574.7","422.367","938.968","-3.32799","2.73578","50.332"
4872,0,"-1567.51","420.292","945.373","-3.29545","3.38695","49.7015"
4873,0,"-1560.59","418.394","951.534","-3.33227","3.94149","48.9727"
4874,0,"-1553.3","416.37","957.433","-3.00207","4.64714","48.2291"
4875,0,"-1545.85","414.427","963.154","-2.94421","5.09388","47.5387"
4876,0,"-1537.61","412.286","969.314","-3.04126","5.58052","47.0546"
4877,0,"-1529.78","410.24","975.162","-2.97834","6.11452","46.4506"
4878,0,"-1521.83","408.16","981.069","-2.77983","6.80083","45.8642"
4879,0,"-1513.96","406.073","986.874","-2.63558","7.43897","45.2499"
4880,0,"-1505.94","403.838","992.479","-2.62175","8.0137","44.6741"
4881,0,"-1497.96","401.584","998.09","-2.54503","8.64685","44.0813"
4882,0,"-1490.4","399.73","1003.39","-2.44226","9.2815","43.3216"
4883,0,"-1482.57","397.536","1008.81","-2.21888","10.0151","42.7464"
4884,0,"-1474.8","395.39","1013.76","-2.19352","10.6594","42.1083"
4885,0,"-1467.08","393.24","1018.6","-2.13076","11.325","41.4865"
4886,0,"-1459.42","391.275","1023.29","-2.13957","11.9754","40.9052"
4887,0,"-1451.94","389.125","1027.84","-2.04174","12.8009","40.3763"
4888,0,"-1444.58","387.328","1031.71","-2.18864","13.3394","39.7453"
4889,0,"-1437.21","385.589","1035.41","-2.37935","13.9288","39.2288"
4890,0,"-1430.13","384.013","1038.57","-2.5489","14.5136","38.6536"
4891,0,"-1423.11","382.389","1041.46","-2.83957","14.9358","38.1006"
4892,0,"-1416.06","380.986","1044.14","-3.05734","15.4974","37.5985"
4893,0,"-1409.17","379.707","1046.43","-3.36038","16.0167","37.1105"
4894,0,"-1402.36","378.433","1048.43","-3.61871","16.5084","36.6603"
4895,0,"-1395.64","377.399","1049.95","-4.21479","16.7789","36.1521"
4896,0,"-1389.04","376.297","1051.16","-4.5926","17.1135","35.6869"
4897,0,"-1382.46","375.148","1052.14","-4.87592","17.4511","35.2656"
4898,0,"-1375.81","374.049","1052.87","-5.28067","17.7262","34.8332"
4899,0,"-1369.12","372.74","1053.59","-5.61075","18.0593","34.4561"
4900,0,"-1362.58","371.407","1053.81","-5.83343","18.2098","34.0141"
4901,0,"-1355.9","369.977","1054.19","-6.03871","18.4582","33.6395"
4902,0,"-1349.34","368.623","1054.15","-6.43722","18.5409","33.2337"
4903,0,"-1342.76","367.214","1053.85","-6.56276","18.5684","32.8996"
4904,0,"-1336.19","365.897","1053.63","-6.92404","18.6071","32.5805"
4905,0,"-1329.88","364.396","1052.99","-6.94656","18.624","32.2445"
4906,0,"-1323.22","363.104","1052.06","-7.22036","18.3863","31.8976"
4907,0,"-1316.87","361.584","1051.38","-7.41874","18.2682","31.5511"
4908,0,"-1310.29","360.123","1050.27","-7.5187","17.9993","31.1844"
4909,0,"-1303.88","358.52","1049.44","-7.75031","17.7657","30.8044"
4910,0,"-1297.36","356.829","1048.35","-7.75287","17.4718","30.4845"
4911,0,"-1290.84","355.051","1047.6","-7.94236","17.2415","30.1134"
4912,0,"-1284.36","353.198","1046.32","-7.9431","16.8138","29.7017"
4913,0,"-1277.66","351.26","1045.01","-7.96599","16.3343","29.3196"
4914,0,"-1270.93","349.293","1043.87","-7.76045","15.9277","29.0059"
4915,0,"-1263.68","347.448","1042.82","-7.35134","14.9017","28.5561"
4916,0,"-1256.89","345.261","1041.47","-7.17332","14.4199","28.1433"
4917,0,"-1250.06","343.013","1040.27","-6.91037","13.9841","27.7572"
4918,0,"-1243.25","340.732","1038.94","-6.65373","13.4999","27.3215"
4919,0,"-1236.28","338.521","1037.61","-6.32872","12.9501","26.8577"
4920,0,"-1229.25","336.251","1036.56","-6.17449","12.4879","26.4223"
4921,0,"-1222.21","334.064","1035.25","-5.90286","11.948","25.9091"
4922,0,"-1215.07","331.871","1034.27","-5.71507","11.4481","25.4041"
4923,0,"-1207.8","329.698","1033.28","-5.52629","10.9606","24.9136"
4924,0,"-1200.6","327.629","1032.42","-5.31497","10.495","24.3624"
4925,0,"-1193.19","325.623","1031.62","-5.22577","10.0054","23.7833"
4926,0,"-1185.67","323.704","1031.01","-5.14193","9.5617","23.1799"
4927,0,"-1177.99","321.764","1030.5","-5.06814","9.16875","22.5539"
4928,0,"-1170.3","319.891","1030.22","-5.00922","8.84624","21.9065"
4929,0,"-1162.34","318.105","1030.17","-4.97484","8.5769","21.2559"
4930,0,"-1154.35","316.259","1030.19","-4.89329","8.33995","20.5928"
4931,0,"-1146.22","314.548","1030.38","-4.92723","8.11472","19.8723"
4932,0,"-1138.05","312.763","1030.75","-4.97183","7.93927","19.1584"
4933,0,"-1129.76","311.111","1031.43","-5.04244","7.83536","18.3753"
4934,0,"-1121.34","309.411","1032.42","-5.11746","7.82291","17.572"
4935,0,"-1112.89","307.739","1033.66","-5.11978","7.89204","16.7851"
4936,0,"-1104.26","306.028","1035","-5.29475","7.89534","15.9714"
4937,0,"-1095.51","304.401","1036.63","-5.40349","7.96536","15.1231"
4938,0,"-1086.78","302.6","1038.66","-5.45955","8.1575","14.3274"
4939,0,"-1077.84","301.013","1040.69","-5.66397","8.29473","13.4506"
4940,0,"-1068.94","299.213","1043.11","-5.75218","8.53428","12.7071"
4941,0,"-1059.71","297.574","1045.67","-6.03835","8.74713","11.852"
4942,0,"-1050.53","295.794","1048.51","-6.27811","8.99474","11.0823"
4943,0,"-1041.41","294.027","1051.54","-6.54066","9.29038","10.4147"
4944,0,"-1032.04","292.196","1054.68","-6.76308","9.56532","9.6291"
4945,0,"-1022.71","290.379","1057.92","-7.0569","9.83575","8.93009"
4946,0,"-1013.38","288.484","1061.31","-7.39868","10.0738","8.33329"
4947,0,"-1003.89","286.601","1064.83","-7.75763","10.3537","7.63391"
4948,0,"-994.503","284.693","1068.39","-8.14189","10.5852","7.11337"
4949,0,"-984.974","282.83","1072.02","-8.54896","10.8268","6.47591"
4950,0,"-975.56","280.875","1075.81","-8.97534","11.0387","6.00187"
4951,0,"-966.228","278.963","1079.51","-9.48361","11.2551","5.54353"
4952,0,"-956.794","277.008","1083.37","-9.96807","11.4615","5.03676"
4953,0,"-947.255","275.068","1087.19","-10.465","11.6455","4.444"
4954,0,"-938.017","272.965","1090.97","-10.9153","11.8392","3.98154"
4955,0,"-928.705","270.923","1094.73","-11.4","11.9884","3.51145"
4956,0,"-919.572","268.642","1098.32","-11.9113","12.1753","3.14639"
4957,0,"-910.483","266.309","1102.27","-12.5352","12.488","2.50931"
4958,0,"-901.25","263.559","1105.68","-12.877","12.6736","2.0794"
4959,0,"-892.152","260.715","1108.88","-13.1524","12.8484","1.6195"
4960,0,"-883.313","257.712","1111.51","-13.1376","12.9724","1.08379"
4961,0,"-874.508","254.457","1114.05","-13.1309","13.145","0.553719"
4962,0,"-866.135","250.997","1116.08","-12.9353","13.165","0.0230421"
4963,0,"-857.245","246.975","1118.34","-12.8594","13.3806","-0.583586"
4964,0,"-848.844","242.872","1120.05","-12.6577","13.572","-1.18118"
4965,0,"-840.318","238.285","1121.54","-12.4109","13.6333","-1.70392"
4966,0,"-832.147","233.568","1122.57","-12.1237","13.6647","-2.30943"
4967,0,"-824.429","228.861","1123.23","-11.7513","13.7112","-2.96352"
4968,0,"-816.145","223.267","1123.96","-11.5387","13.7837","-3.36441"
4969,0,"-807.95","218.721","1124.79","-10.1452","13.9673","-4.17871"
4970,0,"-800.244","213.367","1124.93","-9.4746","13.9883","-4.80457"
4971,0,"-792.616","208.061","1124.86","-8.71969","13.9676","-5.44562"
4972,0,"-785.025","202.614","1124.65","-8.13715","13.9261","-5.99647"
4973,0,"-777.56","197.159","1124.16","-7.44726","13.8278","-6.58732"
4974,0,"-770.116","191.689","1123.62","-6.76808","13.7458","-7.12681"
4975,0,"-762.815","186.258","1122.89","-6.08248","13.592","-7.65149"
4976,0,"-755.4","180.836","1122.05","-5.41438","13.4396","-8.21653"
4977,0,"-748.306","175.548","1120.98","-4.77706","13.2575","-8.67477"
4978,0,"-741.044","170.237","1119.9","-4.19462","13.0904","-9.14654"
4979,0,"-733.616","164.902","1118.78","-3.59809","12.853","-9.69604"
4980,0,"-726.439","159.868","1117.48","-3.01008","12.6441","-10.2041"
4981,0,"-719.086","154.665","1116.26","-2.55707","12.4421","-10.6314"
4982,0,"-712.062","150.002","1114.77","-2.0131","12.2111","-11.1507"
4983,0,"-704.389","144.708","1113.68","-1.80514","12.1053","-11.482"
4984,0,"-697.009","139.951","1112.25","-1.42454","11.866","-11.9027"
4985,0,"-689.491","135.017","1110.91","-1.15736","11.7217","-12.3126"
4986,0,"-681.991","130.387","1109.53","-0.897288","11.5378","-12.7386"
4987,0,"-674.499","125.667","1108.13","-0.663995","11.4128","-13.112"
4988,0,"-666.841","121.051","1106.65","-0.451061","11.2119","-13.4927"
4989,0,"-659.23","116.45","1105.19","-0.279574","11.0579","-13.8495"
4990,0,"-651.535","111.949","1103.69","-0.104683","10.8824","-14.1955"
4991,0,"-643.743","107.402","1102.19","-0.0164311","10.6786","-14.4889"
4992,0,"-635.917","102.957","1100.56","0.0606935","10.5085","-14.7763"
4993,0,"-627.995","98.5235","1099.1","0.217023","10.2972","-14.9808"
4994,0,"-620.054","94.1594","1097.45","0.176559","10.1568","-15.1698"
4995,0,"-611.823","89.6752","1095.99","0.307406","9.8774","-15.3853"
4996,0,"-603.816","85.4405","1094.46","0.28635","9.6954","-15.4714"
4997,0,"-595.374","80.8931","1093.03","0.319028","9.46146","-15.6305"
4998,0,"-587.071","76.6373","1091.63","0.301461","9.30018","-15.7078"
4999,0,"-578.689","72.2415","1090.25","0.240254","9.04482","-15.7213"
5000,0,"-570.268","67.9508","1088.98","0.231691","8.80492","-15.7653"
5001,0,"-561.826","63.6606","1087.86","0.22158","8.61975","-15.7207"
5002,0,"-553.317","59.378","1086.71","0.141649","8.40341","-15.674"
5003,0,"-544.838","55.1224","1085.78","0.0765573","8.20782","-15.5846"
5004,0,"-536.148","50.9224","1085.18","0.139594","8.04856","-15.5489"
5005,0,"-527.699","46.8056","1084.44","0.158857","7.82324","-15.5074"
5006,0,"-519.071","42.6495","1084.08","0.123295","7.7395","-15.4011"
5007,0,"-510.328","38.3005","1084.14","-0.0195886","7.62631","-15.0777"
5008,0,"-501.376","34.0189","1084.19","-0.0576168","7.45539","-14.9742"
5009,0,"-492.607","29.9762","1084.6","-0.00930458","7.41552","-14.8307"
5010,0,"-483.672","25.9339","1085.13","-0.141575","7.28199","-14.638"
5011,0,"-474.743","21.8494","1085.8","-0.238893","7.20378","-14.4448"
5012,0,"-465.991","18.3982","1086.64","0.0369601","7.12991","-14.3624"
5013,0,"-456.67","14.0871","1087.78","-0.337144","7.1146","-14.0267"
5014,0,"-447.818","10.6145","1088.89","-0.250931","7.07453","-13.878"
5015,0,"-438.357","6.5595","1090.4","-0.508116","7.07076","-13.5799"
5016,0,"-429.288","3.14779","1091.83","-0.471446","7.09541","-13.3285"
5017,0,"-419.713","-0.571908","1093.64","-0.484919","7.04522","-13.1172"
5018,0,"-410.625","-3.9639","1095.19","-0.623282","7.09862","-12.7941"
5019,0,"-400.968","-7.52698","1097.18","-0.610342","7.01489","-12.611"
5020,0,"-391.488","-10.8025","1099.07","-0.709876","7.06652","-12.3084"
5021,0,"-381.99","-14.0368","1101.16","-0.65821","7.07884","-12.0299"
5022,0,"-372.527","-17.2199","1103.2","-0.843675","7.17135","-11.7194"
5023,0,"-363.425","-19.9141","1104.96","-0.9012","7.15364","-11.4709"
5024,0,"-353.492","-23.2286","1107.46","-0.958779","7.27303","-11.1069"
5025,0,"-343.898","-26.1343","1109.66","-1.19956","7.25591","-10.7821"
5026,0,"-334.539","-28.6146","1111.81","-1.1129","7.23443","-10.5144"
5027,0,"-324.711","-31.5737","1114.07","-1.35267","7.30745","-10.1179"
5028,0,"-314.953","-34.2669","1116.47","-1.51221","7.20684","-9.81081"
5029,0,"-305.42","-36.5896","1118.85","-1.46677","7.35883","-9.40045"
5030,0,"-295.623","-39.1163","1121","-1.69546","7.29246","-9.12884"
5031,0,"-285.942","-41.4709","1123.23","-1.90331","7.36705","-8.72713"
5032,0,"-276.428","-43.5272","1125.47","-2.00879","7.4292","-8.34942"
5033,0,"-266.526","-45.6983","1127.56","-2.16199","7.38736","-8.06714"
5034,0,"-256.708","-47.7991","1129.87","-2.23654","7.49417","-7.67934"
5035,0,"-247.074","-49.8216","1131.69","-2.7524","7.50211","-7.16527"
5036,0,"-237.18","-51.7086","1133.57","-2.76414","7.4958","-6.94419"
5037,0,"-227.102","-53.7393","1135.61","-3.00993","7.38982","-6.49452"
5038,0,"-217.4","-55.4306","1137.19","-3.30681","7.49423","-6.00032"
5039,0,"-207.298","-57.2903","1138.75","-3.46752","7.40793","-5.69153"
5040,0,"-197.364","-59.0551","1140.15","-3.80163","7.39409","-5.24671"
5041,0,"-187.363","-60.5853","1141.31","-3.92727","7.30341","-4.91804"
5042,0,"-177.212","-62.3865","1142.51","-4.14364","7.265","-4.40625"
5043,0,"-167.242","-63.919","1143.36","-4.47576","7.2347","-3.92189"
5044,0,"-156.935","-65.6794","1144.03","-4.69972","7.04873","-3.52937"
5045,0,"-146.809","-67.1496","1144.63","-4.95868","6.96043","-2.99447"
5046,0,"-136.469","-68.8075","1144.96","-5.14256","6.77924","-2.6609"
5047,0,"-125.753","-70.1331","1145.18","-5.27457","7.13285","-2.30948"
5048,0,"-115.32","-71.8523","1145.29","-5.51045","7.06297","-1.82331"
5049,0,"-104.999","-73.3602","1145.04","-5.68431","6.94251","-1.38164"
5050,0,"-94.5063","-74.9814","1144.85","-5.87891","6.7558","-0.842499"
5051,0,"-84.0578","-76.488","1144.26","-6.0218","6.60928","-0.465368"
5052,0,"-73.6701","-77.927","1143.64","-6.08625","6.35434","-0.091746"
5053,0,"-63.0444","-79.543","1143.06","-6.2968","6.19505","0.382462"
5054,0,"-52.5411","-80.9834","1142.21","-6.42968","6.02551","0.782442"
5055,0,"-41.9956","-82.273","1141.2","-6.52536","5.80138","1.16089"
5056,0,"-31.6631","-83.5556","1139.99","-6.61802","5.74574","1.50426"
5057,0,"-20.8963","-85.0504","1138.99","-6.87426","5.54862","2.01864"
5058,0,"-10.2876","-86.319","1137.85","-6.97642","5.34728","2.34968"
5059,0,"0.279633","-87.6572","1136.57","-7.12689","5.15093","2.73841"
5060,0,"10.6297","-88.7107","1135.23","-7.13862","4.98143","2.98026"
5061,0,"21.3567","-90.0838","1134.05","-7.31735","4.73648","3.4968"
5062,0,"31.8978","-91.3183","1132.85","-7.35964","4.45728","3.78353"
5063,0,"42.3749","-92.4722","1131.54","-7.37543","4.2506","4.12722"
5064,0,"54.0213","-93.3744","1129.25","-6.79566","3.66317","5.16572"
5065,0,"64.2418","-94.4305","1127.95","-6.68909","3.52729","5.24371"
5066,0,"75.5905","-96.5431","1125.97","-8.08277","2.89596","5.44931"
5067,0,"85.8081","-97.752","1124.7","-8.10735","2.63164","5.75457"
5068,0,"96.1449","-98.6056","1123.57","-8.16501","2.4179","6.04168"
5069,0,"106.222","-99.4756","1122.52","-8.08456","2.2308","6.29885"
5070,0,"116.345","-100.365","1121.52","-8.15158","2.06058","6.58993"
5071,0,"126.288","-101.242","1120.55","-8.2642","1.85872","6.82826"
5072,0,"136.19","-101.979","1119.68","-8.19938","1.6357","7.04638"
5073,0,"145.985","-102.418","1118.88","-8.06324","1.54766","7.24148"
5074,0,"155.725","-103.131","1118.11","-8.2178","1.35556","7.55223"
5075,0,"165.25","-104.135","1117.53","-8.22485","1.17313","7.79532"
5076,0,"174.833","-104.418","1117.01","-8.16411","1.01125","7.92865"
5077,0,"184.146","-104.552","1116.69","-8.03204","0.916248","8.06757"
5078,0,"193.526","-105.066","1116.46","-8.1186","0.855082","8.37427"
5079,0,"202.65","-105.897","1116.25","-8.2036","0.715798","8.73352"
5080,0,"211.66","-105.42","1116.32","-8.01413","0.684523","8.83275"
5081,0,"220.755","-106.431","1116.44","-8.31784","0.507922","9.31349"
5082,0,"229.588","-106.565","1116.6","-8.44427","0.382203","9.79224"
5083,0,"238.298","-106.932","1116.92","-8.37253","0.378594","9.98665"
5084,0,"246.591","-106.262","1117.24","-8.04424","0.355911","10.026"
5085,0,"254.812","-107.082","1117.52","-8.08815","-0.119736","10.4401"
5086,0,"263.084","-107.415","1118.09","-8.11282","-0.176037","10.8182"
5087,0,"271.256","-107.523","1118.7","-8.20785","-0.159505","11.3777"
5088,0,"279.314","-107.942","1119.34","-8.05712","-0.181523","11.6918"
5089,0,"287.36","-108.047","1120.03","-8.24073","-0.254129","12.4682"
5090,0,"295.182","-108.496","1120.85","-8.22087","-0.237771","12.9718"
5091,0,"302.869","-109.25","1121.64","-8.13953","-0.292839","13.4096"
5092,0,"310.517","-109.33","1122.57","-8.31404","-0.213615","14.2848"
5093,0,"317.838","-110.003","1122.89","-8.15885","-0.490905","15.0432"
5094,0,"325.126","-110.551","1123.95","-8.02345","-0.45171","15.5501"
5095,0,"332.567","-110.771","1125.1","-7.95637","-0.280554","16.1681"
5096,0,"339.798","-111.355","1126.17","-7.84211","-0.365535","16.7625"
5097,0,"346.977","-111.51","1127.28","-7.62125","-0.141158","17.3182"
5098,0,"354.003","-111.977","1128.58","-7.53538","-0.00545866","17.8893"
5099,0,"361.085","-112.461","1129.73","-7.43557","0.0262992","18.5253"
5100,0,"368.047","-112.557","1130.79","-7.06075","0.134405","19.1168"
5101,0,"374.959","-112.956","1131.94","-6.96462","0.268096","19.6864"
5102,0,"381.857","-113.112","1133","-6.82881","0.468607","20.3877"
5103,0,"388.655","-113.244","1134.09","-6.76386","0.546207","21.1433"
5104,0,"395.39","-113.498","1135.04","-6.7708","0.732131","21.8195"
5105,0,"402.19","-113.647","1135.94","-6.56412","0.780448","22.4236"
5106,0,"408.866","-113.564","1136.95","-6.53651","1.03406","23.0473"
5107,0,"415.636","-113.503","1137.64","-6.42731","1.15713","23.7228"
5108,0,"422.271","-113.347","1138.42","-6.40096","1.32394","24.2932"
5109,0,"429.012","-113.066","1139.01","-6.3896","1.49144","24.9827"
5110,0,"435.556","-112.861","1139.47","-6.31919","1.63488","25.5576"
5111,0,"442.233","-112.528","1139.78","-6.29807","1.83408","26.217"
5112,0,"448.762","-112.275","1139.87","-6.27034","2.05661","26.8335"
5113,0,"455.422","-112.093","1139.78","-6.13029","2.06149","27.4449"
5114,0,"462.004","-111.62","1139.83","-6.21508","2.27194","28.0812"
5115,0,"468.58","-112.195","1139.71","-5.74036","2.929","28.5129"
5116,0,"475.203","-111.935","1139.13","-5.75977","3.17814","29.0868"
5117,0,"481.937","-111.22","1138.79","-5.80437","2.9993","29.9637"
5118,0,"489.358","-114.755","1138.84","-7.34219","2.76211","30.9586"
5119,0,"496.073","-114.077","1137.96","-7.22855","2.90665","31.7571"
5120,0,"502.713","-113.56","1137.14","-7.34797","3.09877","32.5745"
5121,0,"509.351","-112.874","1136.15","-7.4123","3.34587","33.3484"
5122,0,"516.147","-112.174","1134.75","-7.5268","3.40363","34.3218"
5123,0,"522.843","-111.558","1133.44","-7.61205","3.50419","35.2548"
5124,0,"529.467","-110.889","1132","-7.63389","3.7257","36.1822"
5125,0,"536.292","-110.624","1130.59","-7.87309","3.71748","37.1094"
5126,0,"542.979","-110.192","1128.94","-8.0017","3.57603","38.1114"
5127,0,"549.534","-110.053","1127.55","-8.25059","3.40919","38.997"
5128,0,"556.249","-109.514","1125.58","-8.30187","3.43383","40.0794"
5129,0,"562.727","-108.857","1123.9","-8.70152","3.24415","41.0277"
5130,0,"569.468","-108.734","1122.26","-8.86343","2.7683","42.0664"
5131,0,"576.248","-109.094","1120.54","-9.46582","2.64429","43.2697"
5132,0,"581.597","-107.509","1118.83","-8.75256","2.90352","43.9469"
5133,0,"587.878","-107.315","1117.33","-9.05123","2.70714","44.8348"
5134,0,"593.729","-106.719","1115.93","-8.92074","2.74377","45.7369"
5135,0,"599.955","-106.302","1114.45","-9.04636","2.7464","46.854"
5136,0,"606.321","-106.694","1112.61","-9.51076","2.15753","47.8688"
5137,0,"612.246","-106.53","1110.83","-10.1544","1.8934","49.0403"
5138,0,"618.725","-106.865","1108.87","-9.82458","1.58913","50.0568"
5139,0,"624.023","-107.173","1107.27","-9.96545","1.5","51.4822"
5140,0,"629.565","-107.033","1105.89","-10.2371","1.72306","52.5471"
5141,0,"635.138","-106.859","1104.53","-10.1949","1.4821","53.7348"
5142,0,"640.886","-107.128","1102.94","-10.0796","1.32766","54.9137"
5143,0,"646.567","-107.215","1101.32","-9.81838","1.22741","56.1232"
5144,0,"651.94","-107.471","1100.41","-9.88694","1.03417","57.2422"
5145,0,"656.928","-107.468","1099.31","-9.65549","0.914243","58.3023"
5146,0,"661.481","-107.416","1098.9","-8.48418","1.63545","59.3491"
5147,0,"666.685","-107.862","1097.33","-9.06486","0.721944","60.5138"
5148,0,"671.398","-108.085","1096.6","-8.86353","0.712768","61.5712"
5149,0,"675.859","-108.307","1096.7","-9.31142","0.573001","62.5864"
5150,0,"680.289","-108.389","1095.91","-8.47951","0.145294","63.5816"
5151,0,"684.221","-108.767","1096.64","-8.13042","1.00075","64.5671"
5152,0,"688.542","-109.454","1096.37","-9.06946","0.517388","65.6741"
5153,0,"692.634","-109.699","1096.09","-9.22152","0.175972","66.7134"
5154,0,"696.874","-110.524","1097.19","-10.1769","-0.155101","67.6842"
5155,0,"700.289","-110.534","1096.26","-9.54473","-0.073607","68.7589"
5156,0,"703.416","-110.969","1097.69","-9.45323","0.867947","69.717"
5157,0,"707.286","-111.595","1097.21","-9.91384","-0.0828846","70.6997"
5158,0,"710.837","-112.094","1097.84","-9.9578","-0.385607","71.57"
5159,0,"713.867","-112.818","1098.02","-9.90841","-0.276792","72.4599"
5160,0,"716.95","-113.01","1098.74","-9.67716","-0.214727","73.5857"
5161,0,"719.515","-113.132","1098.72","-9.5764","-0.396349","74.3583"
5162,0,"721.415","-112.993","1098.74","-9.01393","-0.114586","75.0395"
5163,0,"723.474","-112.963","1100.21","-8.94003","0.55811","75.7002"
5164,0,"725.204","-112.922","1100.33","-8.76789","0.566085","76.2463"
5165,0,"726.696","-112.55","1101.2","-8.0004","1.34687","76.8029"
5166,0,"728.478","-113.075","1101.91","-7.8772","0.790276","77.2519"
5167,0,"729.827","-112.298","1103.38","-7.52094","1.69468","77.8736"
5168,0,"731.499","-112.941","1103.23","-7.82167","1.75539","78.3061"
5169,0,"732.846","-112.702","1104.33","-7.62718","2.21449","78.809"
5170,0,"733.981","-111.651","1105.84","-7.26793","2.97869","79.317"
5171,0,"735.613","-112.326","1105.62","-7.62248","2.64984","79.8071"
5172,0,"736.629","-111.351","1106.96","-7.21226","3.43499","80.2658"
5173,0,"738.094","-112.09","1106.67","-7.3901","3.15347","80.71"
5174,0,"739.134","-111.431","1107.6","-7.10797","3.72443","81.1583"
5175,0,"739.974","-109.408","1109.17","-6.73105","4.16452","81.6996"
5176,0,"740.951","-109.085","1109.29","-6.65182","4.16473","82.156"
5177,0,"740.211","-109.735","1104.61","-4.55225","5.49062","82.3399"
5178,0,"740.989","-109.386","1104.21","-4.50074","5.48064","82.7441"
5179,0,"741.821","-108.131","1104.38","-4.16241","6.03626","83.2598"
5180,0,"742.461","-106.337","1105.11","-3.60107","7.02671","83.7558"
5181,0,"742.933","-106.091","1104.44","-3.60796","6.59258","84.0767"
5182,0,"743.498","-105.281","1103.63","-3.44685","7.04487","84.5982"
5183,0,"743.905","-104.171","1103.59","-2.97088","7.32836","85.0475"
5184,0,"744.122","-101.91","1103.96","-2.58248","8.09341","85.328"
5185,0,"744.383","-101.646","1102.39","-2.60449","7.98257","85.6912"
5186,0,"744.62","-100.862","1101.43","-2.4158","8.14178","86.0508"
5187,0,"744.307","-99.661","1100.63","-1.5723","9.1295","86.5352"
5188,0,"744.393","-98.7412","1099.94","-1.89085","8.48284","86.7311"
5189,0,"744.425","-95.4468","1100.79","-0.86424","10.5278","87.0407"
5190,0,"742.351","-91.2703","1100.59","-0.969205","10.5654","88.2143"
5191,0,"741.638","-88.1664","1100.79","-1.41295","10.3372","88.7056"
5192,0,"740.707","-86.0145","1100.4","-1.34447","10.1484","89.1092"
5193,0,"732.336","-85.3001","1100.65","-2.74716","8.52283","88.2398"
5194,0,"731.304","-83.5095","1100.07","-2.69425","8.49495","88.6275"
5195,0,"730.138","-81.65","1099.29","-2.80481","8.53336","88.9337"
5196,0,"728.999","-80.0958","1098.49","-2.83001","8.48791","89.1932"
5197,0,"727.734","-78.4428","1097.5","-2.84392","8.48062","89.4352"
5198,0,"726.272","-77.006","1096.28","-2.67046","8.54166","89.5389"
5199,0,"724.894","-75.305","1095.38","-2.70963","8.67255","89.8478"
5200,0,"723.549","-73.0547","1094.81","-2.86921","8.59924","90.206"
5201,0,"722.07","-71.0656","1094","-2.98208","8.62757","90.4834"
5202,0,"834.87","-6.77749","1043.41","26.0045","43.8049","145.88"
5203,0,"832.599","-5.16873","1042.71","26.0745","44.0177","145.962"
5204,0,"830.458","-3.20555","1041.95","26.082","44.2342","146.103"
5205,0,"828.718","-1.45049","1041.17","25.6312","44.4862","146.373"
5206,0,"827.352","0.505125","1040.28","25.5286","45.1688","146.689"
5207,0,"825.146","2.75983","1039.41","25.2668","45.287","146.817"
5208,0,"823.382","4.77213","1038.43","25.0011","45.4833","147.053"
5209,0,"822.081","7.15867","1037.44","24.8404","45.7328","147.491"
5210,0,"820.445","9.36378","1036.5","24.8182","45.8949","147.874"
5211,0,"733.678","54.8219","1160.32","197.844","110.072","85.1286"
5212,0,"726.32","6.68171","1062.24","-90.9274","172.683","94.1784"
5213,0,"726.421","8.99967","1059.97","-91.2804","172.366","94.1296"
5214,0,"728.706","12.1869","1056.47","-91.7791","174.027","91.4767"
5215,0,"723.21","12.7116","1058.36","-91.7286","172.861","93.0215"
5216,0,"725.512","15.8767","1054.23","-92.0319","173.714","91.8234"
5217,0,"721.158","18.4202","1052.6","-92.6878","173.907","92.6035"
5218,0,"727.092","21.5093","1048.45","-92.8138","175.806","87.4346"
5219,0,"723.43","23.1515","1047.1","-93.2121","175.597","88.0447"
5220,0,"728.52","-29.4484","1103.66","37.4701","-36.8914","116.217"
5221,0,"727.091","-27.3293","1102.15","37.0001","-36.5337","116.788"
5222,0,"726.17","-24.615","1099.64","36.1368","-35.7322","117.704"
5223,0,"728.83","-26.6513","1100.02","39.1443","-38.2639","114.749"
5224,0,"728.814","-24.816","1098.73","39.0278","-38.7018","114.404"
5225,0,"726.165","-20.741","1096.63","37.153","-36.9056","116.302"
5226,0,"726.392","-19.9539","1096.77","38.0526","-37.0293","116.172"
5227,0,"723.415","-15.4803","1093.46","35.0589","-34.329","119.046"
5228,0,"721.345","-12.6269","1092.42","33.952","-32.8473","119.743"
5229,0,"721.681","-11.6195","1091.89","34.7116","-33.2139","118.912"
5230,0,"666.513","-37.1353","1031.88","8.18284","26.9853","0.622683"
5231,0,"665.845","-35.6571","1032.23","8.20877","27.2367","0.785864"
5232,0,"729.13","-35.5471","1077.99","-11.2063","-4.34885","118.27"
5233,0,"727.996","-34.43","1077.87","-11.2676","-4.25277","118.599"
5234,0,"726.882","-33.0509","1077.62","-10.9117","-4.19086","119.037"
5235,0,"725.627","-31.254","1077.72","-10.9867","-4.067","119.492"
5236,0,"724.604","-30.3079","1077.64","-10.8912","-4.02967","119.924"
5237,0,"723.591","-29.4144","1077.5","-10.7479","-3.91956","120.293"
5238,0,"712.247","69.974","1017.02","-49.7608","99.9953","69.4162"
5239,0,"707.76","69.7886","1016.91","-50.8307","101.528","70.1418"
5240,0,"728.515","-4.58502","1063.52","-10.4525","-2.73682","126.638"
5241,0,"727.943","-2.48897","1063.21","-10.0644","-2.78906","127.132"
5242,0,"728.411","2.39776","1062.6","-10.1982","-4.22307","128.228"
5243,0,"726.301","3.34152","1062.35","-10.1221","-4.26332","128.29"
5244,0,"725.551","4.74943","1062.04","-9.89604","-4.25152","129.233"
5245,0,"722.76","4.90474","1061.9","-9.94873","-3.65276","129.312"
5246,0,"720.405","6.28227","1061.42","-9.3373","-3.93422","129.545"
5247,0,"716.701","8.13599","1060.35","-9.11128","-4.79952","128.332"
5248,0,"715.338","9.04123","1059.96","-9.03722","-5.15176","128.736"
5249,0,"713.448","9.95176","1059.36","-8.74993","-5.5077","128.978"
5250,0,"712.15","10.9164","1058.55","-8.70094","-6.08825","129.571"
5251,0,"710.748","11.5359","1057.82","-8.42315","-6.45874","130.162"
5252,0,"709.328","12.2915","1056.99","-8.29026","-6.75929","130.588"
5253,0,"708.195","12.8472","1056.32","-7.995","-6.55607","131.49"
5254,0,"707.198","13.0385","1055.48","-7.80707","-6.40314","132.275"
5255,0,"706.149","13.1733","1054.61","-7.50784","-6.3227","132.92"
5256,0,"705.087","13.4162","1053.85","-7.39492","-5.99475","133.758"
5257,0,"702.934","13.7374","1052.08","-6.70869","-5.40876","134.167"
5258,0,"701.326","14.4428","1052.05","-7.14393","-4.66249","134.864"
5259,0,"700.456","13.3694","1050.69","-6.75418","-4.95425","135.095"
5260,0,"699.118","11.9446","1049.29","-5.62592","-4.96483","136.477"
5261,0,"699.787","14.881","1048.18","-5.95741","-6.46586","138.136"
5262,0,"699.05","16.0437","1046.73","-6.0854","-7.25705","139.021"
5263,0,"698.103","16.3737","1045.4","-5.9438","-6.80477","139.764"
5264,0,"697.072","16.6762","1044.59","-5.7767","-5.4268","140.316"
5265,0,"696.285","17.2238","1043.21","-5.68853","-6.45333","141.039"
5266,0,"695.21","18.4707","1040.64","-5.54877","-6.16457","142.144"
5267,0,"694.353","17.9805","1039.5","-5.69626","-5.36936","142.922"
5268,0,"693.649","17.6119","1038.12","-5.38549","-4.73678","143.683"
5269,0,"692.765","18.2053","1036.09","-5.31661","-4.86035","144.676"
5270,0,"691.51","18.2992","1034.5","-5.64304","-3.44136","145.496"
5271,0,"690.9","17.921","1033.2","-5.60116","-3.51043","146.014"
5272,0,"690.367","17.8058","1032.31","-5.78738","-4.16259","146.676"
5273,0,"690.226","19.0132","1030.55","-6.55636","-4.54821","147.07"
5274,0,"688.975","18.6537","1028.87","-6.7355","-3.50926","148.686"
5275,0,"688.734","19.4589","1027.83","-6.66537","-2.9599","149.059"
5276,0,"688.131","19.7459","1026.6","-6.73","-3.22691","150.372"
5277,0,"687.017","19.2036","1024.7","-7.46215","-2.90646","151.613"
5278,0,"686.123","19.6017","1022.88","-7.56167","-2.0935","152.683"
5279,0,"685.68","20.0214","1021.1","-7.61124","-2.89986","153.64"
5280,0,"684.939","19.2528","1019.92","-7.93961","-1.7545","154.445"
5281,0,"684.215","18.6962","1018.28","-8.03108","-1.29218","155.218"
5282,0,"683.357","19.0444","1016.54","-8.2388","-0.88739","156.299"
5283,0,"682.677","18.9648","1015.21","-8.41548","-0.517635","157.183"
5284,0,"681.9","18.8475","1013.18","-8.67994","-0.0743346","158.123"
5285,0,"681.145","18.4589","1011.61","-8.66526","0.651242","159.216"
5286,0,"680.445","18.4567","1009.83","-8.59128","0.666507","160.28"
5287,0,"679.349","20.302","1007.27","-8.52552","0.956867","162.127"
5288,0,"678.272","18.7828","1006.06","-8.82377","2.45233","162.72"
5289,0,"677.502","18.3055","1004.49","-9.03797","2.86466","163.669"
5290,0,"676.634","18.6094","1002.92","-9.44733","2.825","164.63"
5291,0,"676.392","16.963","1001.75","-9.48069","3.21358","165.678"
5292,0,"676.026","18.207","999.722","-9.50339","2.4447","167.211"
5293,0,"675.341","16.7113","998.758","-10.0975","3.0461","167.974"
5294,0,"674.35","16.0057","998.304","-10.7506","3.3978","168.654"
5295,0,"674.176","16.0609","996.078","-10.6853","2.95571","169.986"
5296,0,"673.534","15.2317","995.251","-11.0488","2.92824","171.048"
5297,0,"673.013","14.2952","994.542","-11.6156","3.13252","171.813"
5298,0,"672.257","13.0872","994.036","-12.5082","3.16544","172.559"
5299,0,"671.899","11.5368","993.316","-12.7975","3.62155","173.556"
5300,0,"671.352","9.86499","992.986","-13.1489","3.91086","174.294"
5301,0,"670.835","7.98968","992.668","-14.0083","4.19849","174.824"
5302,0,"670.23","5.86167","992.05","-15.0415","4.2056","175.779"
5303,0,"669.671","3.41365","992.505","-15.748","4.64643","176.058"
5304,0,"668.847","4.9023","990.631","-15.2905","3.23037","178.421"
5305,0,"668.19","3.45929","990.541","-15.4149","3.14137","179.191"
5306,0,"667.321","1.9597","990.215","-16.2137","3.01527","179.97"
5307,0,"667.014","0.986069","990.519","-14.9837","2.89433","180.693"
5308,0,"666.407","-0.825838","990.418","-14.8763","2.83548","181.41"
5309,0,"665.874","-2.40985","990.461","-15.3745","2.53643","182.122"
5310,0,"665.073","-3.82912","990.509","-15.574","2.06787","183.049"
5311,0,"664.524","-5.13437","990.441","-15.6534","1.76373","183.721"
5312,0,"663.884","-7.01462","990.598","-15.7039","1.67318","184.374"
5313,0,"663.577","-8.56247","990.478","-15.7922","1.51793","185.034"
5314,0,"663.103","-10.46","990.519","-15.8943","1.27183","185.732"
5315,0,"662.662","-13.227","990.539","-16.422","0.412144","187.255"
5316,0,"662.384","-15.4714","990.382","-15.6576","0.161417","188.476"
5317,0,"662.012","-17.7487","990.352","-16.4054","-0.145614","188.769"
5318,0,"661.82","-19.7412","990.094","-16.2261","-0.59449","189.716"
5319,0,"661.4","-22.0312","990.41","-16.2329","-1.42461","190.314"
5320,0,"660.59","-23.8206","989.961","-15.6904","-2.51125","191.07"
5321,0,"660.6","-26.1412","989.255","-15.8005","-1.96745","191.62"
5322,0,"659.966","-28.3697","989.031","-15.798","-2.21702","191.933"
5323,0,"659.472","-30.3608","988.278","-15.3182","-2.47313","192.969"
5324,0,"659.492","-33.4809","988.108","-15.3399","-2.51609","193.129"
5325,0,"659.069","-35.4173","987.403","-14.9858","-3.16115","193.67"
5326,0,"658.481","-37.9997","987.403","-15.2239","-2.85472","194.077"
5327,0,"657.537","-39.2648","986.012","-14.1491","-4.80446","194.622"
5328,0,"657.45","-42.3936","985.5","-13.9316","-4.33537","194.821"
5329,0,"656.753","-44.5053","984.844","-14.3258","-4.08985","195.074"
5330,0,"655.898","-46.7349","983.982","-13.8997","-4.08171","195.686"
5331,0,"655.389","-48.8655","982.644","-12.8293","-4.5079","196.027"
5332,0,"654.528","-50.9391","982.072","-13.0659","-4.39439","196.381"
5333,0,"653.839","-53.5494","980.724","-12.9294","-4.43812","196.302"
5334,0,"653.082","-56.4052","979.765","-12.437","-4.23948","196.803"
5335,0,"651.837","-57.2116","978.135","-11.8071","-5.2825","197.265"
5336,0,"650.271","-58.9016","976.93","-11.6729","-4.55927","197.868"
5337,0,"649.615","-61.8244","976.089","-11.3085","-4.79065","197.844"
5338,0,"648.311","-64.0247","974.961","-11.3571","-3.62529","198.172"
5339,0,"646.414","-65.6293","972.846","-10.8151","-4.78106","198.483"
5340,0,"645.535","-68.7781","972.279","-11.4649","-3.00623","198.452"
5341,0,"644.129","-72.1755","970.249","-12.8899","-3.42023","198.929"
5342,0,"641.65","-72.617","968.834","-9.84749","-4.1441","199.187"
5343,0,"582.7","-100.33","990.92","151.892","-54.4787","14.3909"
5344,0,"580.146","-100.857","989.309","152.487","-53.5235","14.4084"
5345,0,"578.722","-105.059","987.897","151.963","-54.079","14.6021"
5346,0,"576.574","-107.2","985.991","151.941","-53.6555","14.4276"
5347,0,"574.312","-109.748","984.53","151.568","-54.2453","14.5747"
5348,0,"571.723","-111.459","982.924","152.446","-53.1435","14.6982"
5349,0,"569.392","-115.232","981.023","151.597","-54.2942","14.6618"
5350,0,"567.159","-118.886","979.198","151.647","-53.2882","14.8348"
5351,0,"564.391","-121.786","977.459","151.69","-53.3304","14.5189"
5352,0,"561.732","-125.067","975.863","151.718","-52.911","14.6006"
5353,0,"559.136","-128.603","973.951","151.364","-53.2472","14.4259"
5354,0,"555.725","-131.203","971.616","151.425","-52.4463","14.6041"
5355,0,"553.202","-136.015","970.732","151.676","-53.1183","14.0275"
5356,0,"549.732","-137.699","968.447","152.147","-52.2183","14.2714"
5357,0,"547.254","-143.537","965.954","150.871","-53.3687","13.9499"
5358,0,"543.957","-145.543","964.831","151.626","-53.2575","13.9482"
5359,0,"541.094","-149.791","961.803","150.831","-53.5093","13.4235"
5360,0,"537.342","-152.147","960.853","151.868","-53.5546","13.5723"
5361,0,"534.239","-154.819","958.39","151.71","-53.5968","13.3743"
5362,0,"531.018","-157.914","956.468","151.749","-53.8706","13.3741"
5363,0,"527.465","-159.049","953.676","151.752","-53.3136","13.2375"
5364,0,"524.602","-163.903","951.532","150.992","-54.6386","13.1203"
5365,0,"521.014","-165.651","949.272","151.248","-54.4745","13.066"
5366,0,"517.927","-167.901","947.42","151.418","-54.9369","12.9626"
5367,0,"514.31","-171.125","944.601","150.838","-55.0153","12.8073"
5368,0,"510.253","-169.789","943.656","152.785","-54.514","12.6424"
5369,0,"507.449","-174.387","941.212","151.768","-55.4974","12.8099"
5370,0,"503.193","-173.864","939.816","152.918","-55.1494","12.6829"
5371,0,"500.462","-177.535","937.953","152.245","-56.2943","12.8937"
5372,0,"496.803","-179.224","936.137","152.386","-56.5036","13.1728"
5373,0,"493.291","-180.56","933.346","152.151","-56.6273","12.7226"
5374,0,"489.188","-179.784","931.16","152.651","-56.0878","12.758"
5375,0,"486.363","-182.637","928.74","151.784","-57.1565","12.9113"
5376,0,"482.538","-183.782","926.706","151.949","-57.4987","12.8681"
5377,0,"538.268","-162.145","898.641","8.47734","0.342679","-165.586"
5378,0,"535.092","-163.734","896.571","8.76878","-0.197148","-166.108"
5379,0,"531.418","-163.777","893.626","8.58447","0.390477","-166.725"
5380,0,"527.962","-163.15","890.983","8.90862","1.32087","-167.208"
5381,0,"524.369","-164.149","888.262","8.70711","0.974364","-167.644"
5382,0,"521.086","-164.486","885.304","8.82255","1.02573","-168.058"
5383,0,"518.047","-164.205","883.067","9.14821","1.76134","-168.376"
5384,0,"514.584","-164.437","879.479","8.97492","1.65306","-168.624"
5385,0,"511.511","-163.909","876.83","9.2792","2.61065","-168.79"
5386,0,"507.742","-163.543","872.961","9.03367","3.22334","-169.001"
5387,0,"504.375","-162.733","869.19","8.51523","4.25073","-168.877"
5388,0,"500.988","-162.697","865.219","8.43616","5.28997","-169.584"
5389,0,"497.348","-160.777","861.604","7.67424","6.04295","-168.893"
5390,0,"494.056","-158.762","857.898","7.86285","6.13796","-168.862"
5391,0,"490.463","-158.121","853.786","7.00995","7.07463","-169.024"
5392,0,"487.262","-156.522","849.695","6.73453","7.61524","-169.062"
5393,0,"483.979","-155.554","845.895","6.44301","7.97328","-169.477"
5394,0,"480.372","-153.845","840.905","6.11363","7.81931","-169.452"
5395,0,"478.957","-158.58","839.032","8.96984","3.68586","-172.031"
5396,0,"475.855","-157.015","834.46","8.48082","4.49753","-172.215"
5397,0,"472.601","-155.55","829.231","8.35719","4.1833","-172.282"
5398,0,"469.416","-153.941","824.289","7.93536","3.52917","-172.711"
5399,0,"466.042","-152.192","818.411","7.93468","3.97097","-172.785"
5400,0,"462.702","-150.558","812.858","7.93405","3.84","-173.001"
5401,0,"459.51","-148.64","806.961","7.77295","3.45748","-173.083"
5402,0,"456.148","-146.823","800.807","8.21407","2.93953","-173.716"
5403,0,"453.085","-144.77","794.66","7.53245","3.00462","-173.531"
5404,0,"449.954","-142.505","786.511","6.25254","5.90486","-173.657"
5405,0,"446.819","-140.847","780.038","6.64599","5.41426","-174.042"
5406,0,"443.551","-138.92","774.996","7.8022","1.23386","-174.169"
5407,0,"440.682","-137.468","768.147","8.23758","0.0365015","-174.404"
5408,0,"437.101","-133.946","759.831","7.69576","2.47184","-174.516"
5409,0,"434.404","-134.524","754.223","9.74084","-4.29102","-174.516"
5410,0,"431.101","-132.4","746.09","9.32218","-2.94122","-175.023"
5411,0,"429.239","-135.646","753.212","19.2536","-29.25","-172.182"
5412,0,"425.596","-132.51","744.219","19.1852","-29.2142","-172.23"
5413,0,"422.081","-130.215","735.394","19.1242","-29.499","-172.485"
5414,0,"419.033","-127.261","726.38","18.8197","-29.5409","-172.245"
5415,0,"415.541","-124.551","717.249","18.6563","-29.546","-172.343"
5416,0,"411.861","-122.111","707.739","18.3988","-29.1825","-172.724"
5417,0,"408.583","-119.357","698.43","18.3183","-29.3679","-172.696"
5418,0,"404.998","-116.373","688.587","18.0419","-29.9856","-172.549"
5419,0,"401.656","-113.336","679.101","17.5307","-29.9999","-172.621"
5420,0,"398.166","-110.743","669.495","17.6536","-29.9207","-172.555"
5421,0,"394.708","-107.744","659.814","17.701","-29.7504","-172.673"
5422,0,"391.184","-104.747","650.312","17.7215","-29.695","-172.708"
5423,0,"387.646","-101.426","640.869","17.7368","-29.4423","-172.657"
5424,0,"384.248","-97.5461","632.169","16.6203","-29.1308","-173.227"
5425,0,"380.131","-94.4436","622.194","16.7462","-29.6719","-173.426"
5426,0,"376.956","-91.8273","612.423","16.4589","-29.5577","-173.136"
5427,0,"373.396","-88.2193","602.523","16.4368","-29.8123","-172.907"
5428,0,"369.942","-85.2164","593.074","16.5816","-29.4965","-173.098"
5429,0,"366.444","-81.6927","583.444","16.702","-29.4461","-173.005"
5430,0,"363.132","-78.1448","573.716","16.5154","-29.5807","-172.871"
5431,0,"359.369","-74.781","564.505","16.7186","-29.4233","-172.867"
5432,0,"355.762","-71.3143","555.318","17.001","-29.1274","-172.973"
5433,0,"352.834","-67.6383","545.315","16.6201","-29.4497","-172.665"
5434,0,"349.543","-64.0776","535.596","16.8037","-29.5151","-172.686"
5435,0,"346.09","-60.7516","525.677","16.7444","-29.9637","-172.555"
5436,0,"342.563","-57.4044","516.28","16.7121","-30.1181","-172.352"
5437,0,"338.777","-54.5661","507.411","17.2128","-30.1932","-172.647"
5438,0,"335.613","-51.243","497.957","17.0267","-29.7465","-172.344"
5439,0,"331.982","-47.8777","489.154","17.2938","-29.5034","-172.354"
5440,0,"328.144","-44.6837","480.235","17.5336","-29.3894","-172.643"
5441,0,"324.974","-40.6663","473.231","17.1856","-28.2802","-173.206"
5442,0,"321.226","-37.2932","464.088","16.75","-28.6972","-173.004"
5443,0,"317.18","-33.9539","455.511","16.7009","-28.9027","-173.282"
5444,0,"313.785","-30.7794","446.608","16.4981","-28.7239","-173.168"
5445,0,"310.349","-27.8585","438.113","16.3785","-29.2134","-173.059"
5446,0,"306.691","-25.0642","429.864","16.3199","-29.1106","-173.317"
5447,0,"302.555","-21.7986","421.329","16.2363","-29.6263","-173.438"
5448,0,"299.456","-19.4836","413.151","15.8276","-29.5908","-173.303"
5449,0,"295.688","-16.7146","404.979","15.6266","-29.5483","-173.339"
5450,0,"291.841","-14.6824","397.366","15.5764","-29.6528","-173.628"
5451,0,"288.384","-12.0277","388.897","15.3017","-30.0416","-173.398"
5452,0,"284.64","-9.92639","381.029","15.1472","-30.2537","-173.322"
5453,0,"281.24","-7.3252","373.194","14.9825","-30.2056","-173.425"
5454,0,"277.345","-5.3342","365.638","14.7635","-30.4757","-173.336"
5455,0,"273.675","-3.47324","358.015","14.5767","-30.5172","-173.241"
5456,0,"269.872","-1.56433","350.227","14.6","-31.0084","-173.199"
5457,0,"266.45","0.408664","342.834","14.1704","-30.8346","-172.999"
5458,0,"262.863","2.06135","335.531","14.4047","-31.0135","-173.005"
5459,0,"259.16","4.19065","328.354","13.963","-31.2535","-173.043"
5460,0,"255.559","5.18755","322.022","13.7983","-31.0169","-173.238"
5461,0,"251.623","7.21364","315.94","14.1188","-30.9459","-173.397"
5462,0,"248.35","8.68537","309.01","13.5442","-31.2707","-173.29"
5463,0,"244.67","9.42963","302.798","13.3865","-30.9755","-173.527"
5464,0,"241.245","11.2578","295.895","12.9945","-31.0691","-173.222"
5465,0,"237.652","13.0881","289.605","12.2332","-31.5371","-173.318"
5466,0,"234.065","13.7469","283.987","12.1478","-31.7973","-173.271"
5467,0,"230.63","15.2461","278.338","12.1534","-31.1159","-173.542"
5468,0,"227.363","16.4095","272.6","11.8924","-31.1519","-173.675"
5469,0,"223.983","17.5076","267.12","11.41","-31.0008","-173.61"
5470,0,"220.355","17.499","262.866","11.6476","-31.345","-173.792"
5471,0,"217.147","17.4927","257.3","11.0397","-32.1672","-173.222"
5472,0,"214.426","19.8898","252.34","11.1993","-29.9545","-173.479"
5473,0,"210.891","20.3074","247.207","10.7942","-30.473","-173.482"
5474,0,"207.637","21.0017","242.743","10.4487","-30.1857","-173.421"
5475,0,"204.367","21.4608","238.315","10.1543","-30.4298","-173.576"
5476,0,"201.27","22.3859","234.009","10.1023","-29.9459","-173.716"
5477,0,"197.724","22.4044","230.327","9.9856","-30.0667","-173.994"
5478,0,"194.681","23.4712","226.404","9.2287","-30.2789","-173.901"
5479,0,"191.854","23.9889","222.299","9.44001","-29.5227","-174.041"
5480,0,"188.419","24.0733","218.898","9.18023","-29.9607","-174.161"
5481,0,"185.586","24.8313","215.643","9.10406","-29.5365","-174.301"
5482,0,"182.348","24.8768","212.026","8.83496","-30.3285","-174.425"
5483,0,"179.668","26.0327","209.722","8.96737","-28.9744","-174.507"
5484,0,"176.934","27.3457","207.705","9.62237","-27.9259","-174.851"
5485,0,"174.127","27.8633","204.704","8.99924","-27.6733","-174.808"
5486,0,"171.22","27.6763","202.397","9.04991","-28.6985","-175.217"
5487,0,"168.83","28.3122","199.647","9.14254","-27.8629","-174.998"
5488,0,"162.406","35.7481","179.802","-2.30057","0.468869","-178.178"
5489,0,"150.757","58.6805","158.037","-20.5765","52.6152","-170.784"
5490,0,"148.952","56.6731","157.656","-19.8985","49.7718","-171.721"
5491,0,"145.676","58.8961","153.678","-20.4002","51.2137","-171.157"
5492,0,"144.008","57.3943","153.328","-19.8515","50.9769","-171.512"
5493,0,"141.657","57.6585","150.599","-20.0048","49.0447","-171.975"
5494,0,"139.066","57.2203","148.896","-20.0699","49.5862","-171.977"
5495,0,"135.297","60.0458","144.013","-21.9925","48.6246","-171.369"
5496,0,"133.254","59.8852","142.67","-22.1639","48.6994","-171.368"
5497,0,"130.957","59.3163","140.938","-22.5931","48.4554","-171.484"
5498,0,"128.445","60.7238","138.963","-23.3384","50.8502","-170.838"
5499,0,"126.774","58.7601","137.624","-23.0649","48.5722","-171.689"
5500,0,"124.733","59.0055","136.152","-22.8773","49.5925","-171.629"
5501,0,"122.78","59.0687","134.845","-23.5038","50.1996","-171.306"
5502,0,"121.072","58.2909","133.995","-23.2515","49.5773","-171.569"
5503,0,"119.199","58.921","132.734","-23.8345","51.131","-171.134"
5504,0,"118.069","56.8224","133.436","-22.6847","48.0483","-171.773"
5505,0,"116.131","56.5997","131.8","-23.5963","49.7921","-171.751"
5506,0,"114.632","55.7491","131.21","-23.2012","50.1747","-171.601"
5507,0,"112.575","55.3228","130.227","-23.1642","50.3426","-171.636"
5508,0,"111.041","56.5239","128.914","-23.8956","52.4086","-170.875"
5509,0,"109.575","55.4634","129.732","-23.6597","54.4074","-170.563"
5510,0,"108.712","53.309","128.992","-23.2982","50.837","-171.466"
5511,0,"107.421","53.1723","128.358","-23.1542","51.8182","-171.538"
5512,0,"106.017","51.9794","128.113","-22.6614","51.342","-171.453"
5513,0,"104.642","50.705","127.423","-23.008","49.7526","-171.584"
5514,0,"103.57","50.7612","126.656","-23.3911","52.4243","-171.126"
5515,0,"102.402","50.8543","125.357","-23.6792","53.4877","-170.841"
5516,0,"101.507","48.1729","126.127","-22.9337","50.3237","-171.719"
5517,0,"100.422","47.7641","125.238","-23.1038","51.3905","-171.317"
5518,0,"99.2363","47.5677","124.504","-22.0764","52.0968","-171.535"
5519,0,"97.4483","48.0329","122.95","-23.7863","51.7722","-170.505"
5520,0,"96.6235","46.3623","123.1","-23.2353","50.538","-170.802"
5521,0,"95.9906","45.2761","123.021","-22.5012","49.4355","-171.05"
5522,0,"95.4478","43.5493","123.507","-21.3158","46.9205","-171.554"
5523,0,"93.4864","44.4288","122.071","-22.5951","51.3183","-170.456"
5524,0,"93.2254","42.8174","122.673","-21.4773","48.5926","-170.995"
5525,0,"92.5044","42.6507","122.287","-20.7833","47.9856","-171"
5526,0,"91.4613","41.2693","122.566","-20.6189","46.9193","-171.144"
5527,0,"90.2155","41.9379","121.12","-22.0719","51.1526","-169.971"
5528,0,"90.5244","40.4048","122.215","-20.8423","49.3813","-170.47"
5529,0,"90.5525","39.2371","121.856","-20.4276","48.5735","-170.816"
5530,0,"90.8783","39.2243","122.172","-20.1121","47.8199","-170.842"
5531,0,"90.7383","38.7972","121.319","-20.474","47.5816","-170.886"
5532,0,"90.2121","39.4252","120.988","-21.3499","50.3501","-170.13"
5533,0,"90.0118","38.3377","121.383","-20.8237","48.7391","-170.47"
5534,0,"90.0406","37.9886","121.818","-20.7801","48.2697","-170.553"
5535,0,"89.7271","37.9939","121.197","-20.962","48.4549","-170.529"
5536,0,"89.394","38.2341","120.8","-21.1122","49.345","-170.393"
5537,0,"89.5886","36.361","122.121","-20.1174","46.1027","-170.884"
5538,0,"88.7568","37.4084","121.239","-21.2415","48.5755","-170.321"
5539,0,"88.8072","37.1414","121.561","-20.8488","47.7439","-170.523"
5540,0,"88.9377","37.0292","122.381","-20.3458","46.8673","-170.566"
5541,0,"88.6019","37.384","122.058","-20.4251","47.2753","-170.55"
5542,0,"87.7436","37.8167","121.154","-21.4901","49.0313","-170.08"
5543,0,"87.4922","37.9104","121.197","-21.4109","48.9226","-170.07"
5544,0,"87.1242","37.7712","121.477","-21.3673","48.8994","-170.136"
5545,0,"86.812","37.9333","121.361","-21.3834","49.3494","-170.137"
5546,0,"86.6306","38.0317","121.762","-21.2442","49.0623","-170.077"
5547,0,"86.3074","38.0479","122.055","-21.1878","48.9106","-170.014"
5548,0,"86.013","37.8332","122.196","-21.1405","49.1168","-170.033"
5549,0,"85.5249","37.9107","122.063","-21.3696","49.8748","-169.778"
5550,0,"84.6949","39.0647","122.221","-21.8222","52.1204","-169.133"
5551,0,"84.1042","39.3182","122.347","-22.1077","53.5096","-168.66"
5552,0,"84.4876","37.1473","122.91","-20.7896","50.1498","-169.981"
5553,0,"83.8533","36.8954","122.888","-21.077","51.2246","-169.695"
5554,0,"82.9215","36.8489","122.444","-21.2822","50.1009","-169.818"
5555,0,"81.8368","36.3155","122.481","-21.8898","50.6498","-169.582"
5556,0,"81.1925","35.829","122.571","-22.0042","50.5125","-169.697"
5557,0,"80.8939","34.8934","123.041","-21.5754","49.3481","-170.266"
5558,0,"81.6452","31.9494","125.235","-19.0689","43.0286","-171.768"
5559,0,"80.8841","31.2978","125.52","-19.2526","43.0517","-171.713"
5560,0,"80.1664","30.8923","125.557","-19.3268","43.3326","-171.669"
5561,0,"79.375","30.4359","125.987","-19.4028","43.7736","-171.724"
5562,0,"78.2206","30.1137","126.059","-19.6321","44.4569","-171.837"
5563,0,"77.2152","29.7814","126.6","-19.6728","44.42","-171.935"
5564,0,"76.1916","29.5558","126.28","-20.2543","45.4118","-171.838"
5565,0,"75.4263","29.0473","126.253","-20.5061","45.4294","-171.796"
5566,0,"74.5321","28.9493","126.108","-20.8297","46.3466","-171.85"
5567,0,"73.6547","28.7727","126.089","-20.9525","47.2881","-171.892"
5568,0,"72.532","28.5445","126.052","-21.3228","48.0062","-172.053"
5569,0,"70.3938","30.0128","124.44","-22.8171","49.9636","-171.204"
5570,0,"69.7231","29.4421","124.654","-22.5017","49.1407","-171.469"
5571,0,"68.5136","29.7491","124.517","-22.9953","49.9796","-171.229"
5572,0,"67.2818","29.8086","124.241","-23.6798","50.6277","-171.19"
5573,0,"66.4709","29.5363","124.504","-23.5041","50.2717","-171.165"
5574,0,"65.5581","29.4838","124.467","-23.6657","50.9017","-171.123"
5575,0,"64.3962","28.9098","124.698","-23.8263","50.5059","-171.354"
5576,0,"63.164","28.7253","124.755","-24.1727","51.5634","-171.12"
5577,0,"61.797","30.4948","123.883","-25.6036","54.0714","-170.061"
5578,0,"61.436","29.517","124.042","-25.286","52.7376","-170.623"
5579,0,"60.9401","29.1647","124.943","-24.7064","51.5129","-170.841"
5580,0,"60.6391","28.6868","125.14","-24.1977","50.2715","-171.226"
5581,0,"59.6845","28.1199","124.185","-24.7748","51.0152","-171.357"
5582,0,"59.2302","27.7475","124.285","-24.6078","50.577","-171.518"
5583,0,"58.5982","27.5894","123.909","-24.9976","51.3112","-171.429"
5584,0,"58.0822","27.5377","123.853","-25.2724","51.9546","-171.253"
5585,0,"57.5752","28.2167","123.556","-25.6858","53.6933","-170.771"
5586,0,"57.2662","28.0192","123.77","-25.4711","53.7528","-170.755"
5587,0,"57.0134","27.7252","123.857","-25.1178","53.7178","-170.834"
5588,0,"56.6803","28.0028","123.662","-24.7633","54.0479","-170.89"
5589,0,"55.6722","28.9279","122.46","-24.9104","53.1282","-170.619"
5590,0,"55.4927","29.1666","122.832","-24.2826","53.0225","-170.436"
5591,0,"55.6606","28.2047","123.345","-23.1024","50.5589","-171.004"
5592,0,"55.5633","28.3213","123.729","-22.4885","50.132","-170.902"
5593,0,"54.9212","27.8453","122.453","-22.8722","50.5824","-170.966"
5594,0,"54.5753","27.8284","122.234","-22.7384","50.7927","-170.79"
5595,0,"53.8067","28.7632","121.185","-23.1042","52.6532","-170.497"
5596,0,"53.9477","28.0598","121.539","-22.2285","51.1009","-170.884"
5597,0,"54.1221","28.2221","120.836","-21.823","51.7402","-170.455"
5598,0,"54.1296","28.3065","120.571","-21.1579","51.8449","-170.476"
5599,0,"54.667","28.7455","120.148","-22.2914","51.9026","-170.252"
5600,0,"56.4174","27.0647","122.613","-20.4608","48.5265","-171.117"
5601,0,"56.8755","26.5498","121.671","-21.138","49.9909","-171.276"
5602,0,"57.2955","26.6643","121.559","-21.1809","50.6393","-171.011"
5603,0,"57.2288","27.167","121.008","-21.0427","50.2181","-171.108"
5604,0,"57.2403","27.8273","121.376","-20.5865","49.7228","-171.127"
5605,0,"57.2972","27.6398","121.043","-20.9092","50.4566","-171.106"
5606,0,"57.6919","27.4437","120.769","-20.9478","50.5673","-171.271"
5607,0,"57.9725","27.5059","120.96","-20.9527","51.4256","-171.119"
5608,0,"57.9284","27.2836","121.105","-20.8713","50.998","-171.203"
5609,0,"57.919","27.1674","121.137","-20.7012","50.641","-171.345"
5610,0,"58.0625","27.037","121.228","-20.784","51.1272","-171.213"
5611,0,"58.3729","26.8804","121.45","-20.5817","51.4748","-171.282"
5612,0,"58.7217","26.769","121.957","-20.473","51.5685","-171.435"
5613,0,"58.5983","26.5338","121.969","-20.4504","51.7362","-171.295"
5614,0,"58.3558","26.8438","121.816","-20.5338","52.2438","-171.364"
5615,0,"58.5463","26.7678","121.904","-20.4215","52.2166","-171.386"
5616,0,"58.9167","26.3923","122.385","-20.1377","52.1687","-171.528"
5617,0,"58.9818","26.4078","122.437","-20.1327","52.3403","-171.516"
5618,0,"59.0347","26.2543","122.428","-20.2492","52.1453","-171.468"
5619,0,"58.8611","26.2749","122.38","-20.3605","52.3903","-171.409"
5620,0,"58.8376","26.2184","122.473","-20.094","52.2922","-171.519"
5621,0,"58.988","26.4867","122.342","-20.4076","53.1829","-171.146"
5622,0,"59.0813","25.952","122.793","-19.8828","51.9884","-171.645"
5623,0,"58.871","26.35","122.403","-20.4053","52.9031","-171.316"
5624,0,"58.9705","26.2417","122.467","-20.3017","52.4853","-171.408"
5625,0,"58.993","26.1416","122.615","-19.875","52.2254","-171.618"
5626,0,"59.1004","26.0715","122.701","-20.1367","52.4357","-171.419"
5627,0,"58.9994","26.0857","122.521","-20.0352","52.2988","-171.397"
5628,0,"58.883","26.1936","122.477","-20.2742","52.4786","-171.36"
5629,0,"58.8906","26.2571","122.464","-20.2721","52.61","-171.376"
5630,0,"58.8784","26.1673","122.568","-20.2314","52.5954","-171.366"
5631,0,"59.0032","26.0769","122.485","-20.2304","52.4497","-171.242"
5632,0,"58.866","25.9827","122.546","-20.1657","52.3514","-171.32"
5633,0,"58.8848","25.8868","122.633","-19.9979","52.0498","-171.403"
5634,0,"58.8312","26.1811","122.357","-20.2676","52.4757","-171.273"
5635,0,"58.8668","26.0478","122.514","-20.2328","52.4692","-171.269"
5636,0,"58.8395","26.0108","122.563","-20.2699","52.5498","-171.257"
5637,0,"58.8339","26.0986","122.318","-20.2828","52.5926","-171.27"
5638,0,"58.931","25.8633","122.764","-19.9844","51.7541","-171.574"
5639,0,"58.901","26.0716","122.477","-20.2218","52.6504","-171.266"
5640,0,"58.9754","25.8513","122.68","-19.9986","52.1691","-171.42"
5641,0,"58.9089","26.1534","122.56","-20.1025","52.0884","-171.498"
5642,0,"58.9301","25.7999","122.508","-20.2142","52.2104","-171.338"
5643,0,"59.0112","25.8916","122.636","-19.9775","51.9449","-171.438"
5644,0,"58.9212","25.7503","122.694","-20.0776","51.9693","-171.368"
5645,0,"58.9737","25.9432","122.61","-20.0305","52.0288","-171.396"
5646,0,"58.9976","25.5289","122.861","-20.0303","51.5255","-171.46"
5647,0,"58.9067","25.6779","122.788","-20.0973","51.9761","-171.378"
5648,0,"58.8904","25.9265","122.603","-20.117","52.3494","-171.335"
5649,0,"58.7709","26.1242","122.564","-20.2189","52.9437","-171.26"
5650,0,"58.8448","25.8033","122.751","-20.0308","52.5327","-171.33"
5651,0,"58.9317","25.6216","122.905","-19.9577","52.4026","-171.382"
5652,0,"68.7312","4.81576","147.594","0.129372","-1.72661","-178.893"
5653,0,"68.5596","5.31927","146.714","-0.498673","0.0704222","-178.886"
5654,0,"68.4083","5.43303","146.554","-0.527691","0.396923","-179.066"
5655,0,"68.6146","5.05477","147.118","-0.189885","-0.702174","-178.882"
5656,0,"68.6036","4.90932","147.123","-0.192312","-0.820987","-178.896"
5657,0,"68.4824","4.75994","147.365","-0.0920894","-1.1356","-178.909"
5658,0,"68.3916","5.60008","146.259","-0.696717","0.933808","-178.925"
5659,0,"68.4758","5.22389","146.369","-0.715312","0.514793","-178.836"
5660,0,"68.5784","5.219","146.323","-0.469574","0.407216","-178.909"
5661,0,"68.5923","5.42096","145.989","-0.586555","0.691175","-178.878"
5662,0,"68.705","5.17109","145.956","-0.520103","0.487409","-178.704"
5663,0,"68.7767","5.10977","145.771","-0.377009","0.275333","-178.614"
5664,0,"68.8037","5.04464","145.448","-0.385716","0.427801","-178.567"
5665,0,"68.8541","4.62214","145.171","-0.390478","0.0438042","-178.564"
5666,0,"68.962","4.40912","145.031","-0.30251","-0.248734","-178.45"
5667,0,"69.0035","3.43303","145.542","0.165878","-1.8719","-178.578"
5668,0,"69.1738","2.99695","145.602","0.32075","-2.38586","-178.484"
5669,0,"68.9633","4.1027","144.554","-0.244355","-0.6337","-178.461"
5670,0,"68.9827","3.11238","145.158","0.16015","-1.98181","-178.535"
5671,0,"68.7971","4.08281","144.271","-0.397661","-0.498869","-178.513"
5672,0,"68.9753","3.80968","144.45","-0.175277","-0.914967","-178.383"
5673,0,"68.7225","4.15876","144.142","-0.376583","-0.497814","-178.509"
5674,0,"68.9979","2.9287","144.982","0.140458","-2.23013","-178.542"
5675,0,"68.9431","3.83931","144.273","-0.22928","-0.787433","-178.446"
5676,0,"68.9759","3.69155","144.204","-0.237033","-0.935111","-178.459"
5677,0,"69.1598","2.42575","145.137","0.329403","-2.69975","-178.621"
5678,0,"69.1889","2.55614","145.128","0.304042","-2.73745","-178.578"
5679,0,"68.9591","3.82925","144.189","-0.295818","-0.936104","-178.595"
5680,0,"68.8454","4.0121","144.097","-0.38902","-0.559927","-178.476"
5681,0,"68.9778","3.5849","144.409","-0.2818","-1.15775","-178.57"
5682,0,"68.952","2.967","145.019","0.105946","-2.38137","-178.635"
5683,0,"68.9817","2.79106","144.989","0.1991","-2.35498","-178.569"
5684,0,"68.8606","3.89554","144.221","-0.314088","-0.830633","-178.503"
5685,0,"68.7499","4.02491","144.09","-0.439899","-0.465289","-178.508"
5686,0,"68.9715","3.63384","144.407","-0.215712","-1.18628","-178.475"
5687,0,"68.9549","3.0225","144.937","0.0922426","-2.09786","-178.514"
5688,0,"68.954","3.75777","144.229","-0.248979","-0.914166","-178.496"
5689,0,"68.8647","3.00843","145.053","0.0621203","-2.29306","-178.625"
5690,0,"68.8704","3.96271","144.229","-0.268682","-0.723506","-178.471"
5691,0,"68.9617","3.9238","144.215","-0.27669","-0.741968","-178.467"
5692,0,"68.833","4.03619","144.074","-0.449958","-0.521479","-178.469"
5693,0,"69.1026","2.64862","145.173","0.148947","-2.5583","-178.473"
5694,0,"68.9968","3.80456","144.366","-0.150179","-0.97055","-178.414"
5695,0,"68.8969","3.88955","144.207","-0.272918","-0.659915","-178.489"
5696,0,"68.8051","4.073","144.118","-0.351385","-0.528754","-178.493"
5697,0,"68.7344","4.17763","144","-0.425324","-0.299779","-178.493"
5698,0,"69.0029","2.69827","144.995","0.249031","-2.47529","-178.628"
5699,0,"68.8949","3.61672","144.482","-0.300989","-1.01253","-178.383"
5700,0,"68.7727","4.02989","144.163","-0.410898","-0.478671","-178.434"
5701,0,"68.9382","3.81441","144.249","-0.339348","-0.774502","-178.422"
5702,0,"68.9942","3.72944","144.292","-0.288632","-0.905036","-178.498"
5703,0,"69.1983","2.52523","145.234","0.38284","-2.698","-178.544"
5704,0,"69.1568","2.60509","145.204","0.291597","-2.57373","-178.527"
5705,0,"69.1698","2.40808","145.169","0.28728","-2.78686","-178.576"
5706,0,"68.8113","4.00459","144.065","-0.48689","-0.40309","-178.447"
5707,0,"68.9952","2.92484","145.009","0.239025","-2.20742","-178.569"
5708,0,"68.9064","3.85763","144.256","-0.309433","-0.633455","-178.408"
5709,0,"68.9882","2.76918","145.015","0.105106","-2.50418","-178.636"
5710,0,"68.8037","4.09757","144.124","-0.352997","-0.498779","-178.434"
5711,0,"68.9762","2.83061","144.92","0.104283","-2.24188","-178.551"
5712,0,"68.9742","2.90274","145.008","0.198709","-2.18638","-178.556"
5713,0,"68.9719","3.77412","144.26","-0.208668","-0.831391","-178.374"
5714,0,"69.0016","2.93914","144.987","0.226764","-2.2245","-178.531"
5715,0,"68.7817","4.12491","144.031","-0.416914","-0.293747","-178.436"
5716,0,"68.9469","2.88182","145.054","0.15607","-2.30841","-178.656"
5717,0,"69.0199","2.82048","145.07","0.282433","-2.4051","-178.573"
5718,0,"68.9708","2.95484","145.093","0.150644","-2.33694","-178.629"
5719,0,"68.7963","4.09519","144.131","-0.360518","-0.494705","-178.495"
5720,0,"68.9625","3.68015","144.404","-0.189737","-1.03248","-178.443"
5721,0,"69.1276","2.71609","145.116","0.320143","-2.50868","-178.58"
5722,0,"68.9496","3.79953","144.294","-0.271017","-0.78117","-178.433"
5723,0,"68.9412","3.82367","144.315","-0.184307","-0.952967","-178.457"
5724,0,"69.0837","2.39869","145.248","0.204246","-2.7995","-178.506"
5725,0,"69.0056","2.8798","144.886","0.175365","-2.35424","-178.595"
5726,0,"68.9129","2.97883","145.033","0.110204","-2.24765","-178.62"
5727,0,"68.9801","3.66476","144.318","-0.271908","-1.0646","-178.448"
5728,0,"69.1097","2.60996","145.303","0.333267","-2.73596","-178.599"
5729,0,"68.9874","2.85995","145.133","0.30643","-2.45748","-178.607"
5730,0,"69.0065","2.78276","145.121","0.246115","-2.35903","-178.589"
5731,0,"69.0168","2.99239","144.99","0.224578","-2.46103","-178.673"
5732,0,"69.1758","2.5128","145.157","0.369966","-2.74273","-178.535"
5733,0,"68.9224","3.94698","144.249","-0.385505","-0.82731","-178.51"
5734,0,"68.7059","4.10915","144.186","-0.585726","-0.46574","-178.458"
5735,0,"68.8137","4.06644","144.158","-0.332071","-0.458131","-178.427"
5736,0,"68.9804","2.83824","145.029","0.207332","-2.35498","-178.495"
5737,0,"68.8054","3.99054","144.166","-0.39259","-0.561874","-178.408"
5738,0,"68.9528","2.68626","145.155","0.131183","-2.47202","-178.465"
5739,0,"69.1539","2.58158","145.217","0.448075","-2.73138","-178.549"
5740,0,"68.9139","3.91528","144.361","-0.269638","-0.929184","-178.568"
5741,0,"68.968","2.90461","144.988","0.164679","-2.10216","-178.517"
5742,0,"68.9921","2.90787","144.963","0.225494","-2.23972","-178.563"
5743,0,"69.166","2.54624","145.233","0.387906","-2.7479","-178.556"
5744,0,"68.8611","3.93495","144.145","-0.302895","-0.759987","-178.518"
5745,0,"68.8163","4.11597","144.114","-0.38147","-0.494018","-178.455"
5746,0,"69.1285","2.43363","145.187","0.272698","-2.87036","-178.65"
5747,0,"68.9794","3.87078","144.278","-0.264507","-0.750628","-178.413"
5748,0,"68.9561","3.65108","144.304","-0.28229","-1.04006","-178.45"
5749,0,"68.8641","3.95935","144.29","-0.293001","-0.783264","-178.546"
5750,0,"68.9791","2.84457","144.935","0.0745147","-2.27917","-178.588"
5751,0,"69.0853","2.64599","145.134","0.289347","-2.48048","-178.559"
5752,0,"69.1198","2.52602","145.259","0.436953","-2.78403","-178.585"
5753,0,"68.9874","3.76952","144.281","-0.237777","-0.985554","-178.405"
5754,0,"68.8463","3.90953","144.084","-0.38705","-0.564549","-178.49"
5755,0,"68.8591","3.98562","144.144","-0.331519","-0.605012","-178.437"
5756,0,"68.855","3.91436","144.244","-0.34781","-0.740836","-178.462"
5757,0,"68.8008","4.01997","144.222","-0.360509","-0.523469","-178.438"
5758,0,"68.8166","3.94191","144.23","-0.339752","-0.621254","-178.464"
5759,0,"68.7936","4.17058","144.064","-0.393205","-0.423818","-178.589"
5760,0,"68.7731","3.98499","144.214","-0.363664","-0.64479","-178.462"
5761,0,"68.9871","2.8936","145.071","0.198419","-2.36938","-178.55"
5762,0,"68.9711","2.8058","145.12","0.259247","-2.46215","-178.563"
5763,0,"68.9146","3.75415","144.356","-0.261505","-0.834608","-178.451"
5764,0,"68.7391","4.10959","144.132","-0.318145","-0.40463","-178.531"
5765,0,"68.7565","4.21252","144.123","-0.493107","-0.353308","-178.479"
5766,0,"68.8197","3.8862","144.159","-0.299804","-0.719829","-178.494"
5767,0,"69.1768","2.47672","145.288","0.421256","-2.81638","-178.531"
5768,0,"69.0325","2.84391","145.054","0.248882","-2.33582","-178.578"
5769,0,"68.7557","4.17166","144.162","-0.424603","-0.493159","-178.542"
5770,0,"69.3837","2.17407","145.726","0.648754","-3.73947","-178.451"
5771,0,"68.8564","3.92665","144.436","-0.264693","-1.21063","-178.509"
5772,0,"69.2029","2.63002","145.46","0.485186","-3.14972","-178.456"
5773,0,"69.1996","2.51691","145.539","0.534469","-3.29101","-178.453"
5774,0,"68.8509","4.10033","144.237","-0.267802","-0.95951","-178.431"
5775,0,"68.7834","4.18426","144.294","-0.181283","-0.775056","-178.458"
5776,0,"69.0932","2.80774","145.322","0.492913","-3.05912","-178.513"
5777,0,"68.7433","4.13825","144.316","-0.289352","-0.706883","-178.421"
5778,0,"68.7473","4.16836","144.341","-0.346022","-0.859609","-178.509"
5779,0,"68.9364","3.94039","144.44","-0.193133","-1.1424","-178.514"
5780,0,"68.7036","4.14955","144.345","-0.412351","-0.813068","-178.514"
5781,0,"68.9651","3.68572","144.537","-0.179326","-1.23339","-178.398"
5782,0,"69.1981","2.64867","145.356","0.470599","-2.98384","-178.545"
5783,0,"68.9953","3.75248","144.441","-0.138093","-1.16018","-178.431"
5784,0,"68.9448","3.02768","145.119","0.208183","-2.44273","-178.622"
5785,0,"69.1809","2.5718","145.307","0.385708","-2.78198","-178.51"
5786,0,"68.9332","3.80276","144.331","-0.273149","-0.824446","-178.427"
5787,0,"68.984","2.77245","145.102","0.168369","-2.57949","-178.65"
5788,0,"68.7759","3.99362","144.099","-0.395328","-0.660082","-178.5"
5789,0,"68.9521","2.90733","145.119","0.274245","-2.33512","-178.58"
5790,0,"69.113","2.59031","145.068","0.294721","-2.556","-178.576"
5791,0,"68.7615","3.93375","144.103","-0.456128","-0.58597","-178.504"
5792,0,"69.0312","2.94862","144.97","0.265428","-2.30173","-178.55"
5793,0,"69.0706","2.68528","145.109","0.297106","-2.62554","-178.603"
5794,0,"69.1856","2.22792","145.273","0.331284","-2.99064","-178.573"
5795,0,"68.9363","3.95771","144.301","-0.278276","-0.898517","-178.545"
5796,0,"68.9609","3.68051","144.383","-0.19058","-1.06059","-178.412"
5797,0,"68.9893","3.72368","144.317","-0.212406","-0.916952","-178.438"
5798,0,"69.0077","3.76035","144.324","-0.17794","-0.941027","-178.428"
5799,0,"69.1328","2.56972","145.151","0.338397","-2.62695","-178.556"
5800,0,"68.7564","4.04728","144.148","-0.428058","-0.51156","-178.424"
5801,0,"69.1014","2.72205","145.096","0.201743","-2.47009","-178.49"
5802,0,"68.9119","3.68434","144.215","-0.459539","-0.815909","-178.402"
5803,0,"68.928","2.98852","144.937","0.121239","-2.1004","-178.694"
5804,0,"68.7673","4.13422","144.107","-0.389409","-0.467824","-178.472"
5805,0,"69.1205","2.63999","145.116","0.326842","-2.48995","-178.536"
5806,0,"68.7494","4.09433","144.209","-0.407313","-0.612141","-178.561"
5807,0,"68.8312","3.87783","144.163","-0.3458","-0.72668","-178.522"
5808,0,"68.8584","3.98998","144.227","-0.361187","-0.62036","-178.408"
5809,0,"69.191","2.38799","145.272","0.376261","-2.94094","-178.527"
5810,0,"69.0312","2.76606","144.993","0.235401","-2.41986","-178.613"
5811,0,"69.1846","2.53971","145.047","0.234739","-2.59028","-178.579"
5812,0,"69.0673","2.72411","145.237","0.300818","-2.61356","-178.64"
5813,0,"68.795","3.98501","144.114","-0.285988","-0.60286","-178.532"
5814,0,"68.9857","2.78208","145.006","0.1423","-2.30741","-178.571"
5815,0,"69.0245","2.89073","145.021","0.211216","-2.30069","-178.591"
5816,0,"69.0003","2.74291","144.907","0.146429","-2.20465","-178.592"
5817,0,"68.7491","3.85698","144.205","-0.443366","-0.75492","-178.477"
5818,0,"68.7639","4.11745","144.122","-0.364922","-0.400361","-178.481"
5819,0,"68.7569","4.10603","144.126","-0.422787","-0.466967","-178.475"
5820,0,"69.1197","2.6849","145.162","0.228929","-2.55612","-178.637"
5821,0,"69.0232","3.65992","144.33","-0.124105","-1.03367","-178.453"
5822,0,"69.0929","2.64866","145.16","0.154639","-2.35627","-178.463"
5823,0,"69.244","2.48607","145.271","0.431721","-2.79336","-178.51"
5824,0,"68.7992","4.11293","144.046","-0.388716","-0.341283","-178.444"
5825,0,"68.8308","3.98549","144.2","-0.290834","-0.628978","-178.463"
5826,0,"68.7929","3.95954","144.148","-0.343708","-0.558232","-178.472"
5827,0,"68.9746","2.78065","145.079","0.185561","-2.29325","-178.542"
5828,0,"69.1184","2.6148","145.214","0.263681","-2.74841","-178.627"
5829,0,"69.0866","2.64344","145.176","0.318332","-2.60595","-178.538"
5830,0,"69.1748","2.43109","145.111","0.306377","-2.73357","-178.571"
5831,0,"68.9281","3.78897","144.342","-0.249213","-0.907172","-178.408"
5832,0,"68.9318","2.89778","144.995","0.116799","-2.319","-178.641"
5833,0,"68.8094","3.99067","144.114","-0.507042","-0.653504","-178.569"
5834,0,"68.787","3.9654","144.172","-0.287124","-0.638558","-178.553"
5835,0,"68.9687","3.72401","144.235","-0.253319","-0.814409","-178.461"
5836,0,"68.9274","3.81085","144.287","-0.264454","-1.01134","-178.606"
5837,0,"68.814","4.02017","144.103","-0.313226","-0.682165","-178.473"
5838,0,"68.9407","3.79442","144.223","-0.226869","-0.832633","-178.495"
5839,0,"69.0075","2.84116","145.057","0.294294","-2.31345","-178.591"
5840,0,"68.9827","3.55392","144.419","-0.128533","-1.16765","-178.483"
5841,0,"69.0588","2.63449","145.163","0.247155","-2.70878","-178.702"
5842,0,"68.9429","2.90733","144.964","0.194439","-2.15748","-178.627"
5843,0,"68.7554","3.94253","144.086","-0.41621","-0.529713","-178.467"
5844,0,"68.7557","4.11706","144.204","-0.368307","-0.537733","-178.561"
5845,0,"68.9457","2.83778","145.084","0.144831","-2.33608","-178.51"
5846,0,"68.7805","4.06819","144.142","-0.428624","-0.379093","-178.395"
5847,0,"69.0771","2.64914","145.249","0.284312","-2.55969","-178.633"
5848,0,"68.8113","4.0516","144.143","-0.330971","-0.455807","-178.485"
5849,0,"69.134","2.74005","145.13","0.324279","-2.54541","-178.549"
5850,0,"68.8332","4.015","144.007","-0.438375","-0.528355","-178.494"
5851,0,"68.8524","3.82584","144.348","-0.401344","-0.850302","-178.47"
5852,0,"68.9618","3.75662","144.369","-0.250637","-0.917582","-178.379"
5853,0,"68.9327","3.65221","144.314","-0.268733","-0.98676","-178.412"
5854,0,"69.1672","2.49784","145.17","0.346981","-2.79008","-178.593"
5855,0,"69.0043","2.97184","145.054","0.222111","-2.37865","-178.625"
5856,0,"68.9926","3.62761","144.254","-0.222247","-0.895592","-178.49"
5857,0,"68.9924","2.81982","144.935","0.134327","-2.28846","-178.549"
5858,0,"68.9261","3.82289","144.241","-0.339602","-0.695124","-178.417"
5859,0,"68.7738","4.00014","144.131","-0.321729","-0.527151","-178.537"
5860,0,"69.1791","2.24217","145.284","0.36136","-2.96142","-178.584"
5861,0,"68.75","4.00278","144.033","-0.454249","-0.400159","-178.51"
5862,0,"69.0122","2.86537","145.063","0.292387","-2.47031","-178.569"
5863,0,"68.8798","3.87622","144.265","-0.365905","-0.938099","-178.575"
5864,0,"68.8211","3.96941","144.217","-0.33932","-0.587119","-178.414"
5865,0,"68.9711","2.92982","145.002","0.268855","-2.25462","-178.564"
5866,0,"68.9616","2.87368","144.995","0.231014","-2.2273","-178.619"
5867,0,"68.774","3.9585","144.199","-0.409377","-0.481833","-178.45"
5868,0,"68.9432","3.75875","144.425","-0.252187","-1.21487","-178.515"
5869,0,"68.7781","3.94507","144.239","-0.334646","-0.612311","-178.481"
5870,0,"68.9752","2.89801","145.002","0.259009","-2.3107","-178.596"
5871,0,"68.7759","3.95055","144.123","-0.398952","-0.485208","-178.468"
5872,0,"69.1194","2.61271","145.086","0.33155","-2.58042","-178.606"
5873,0,"68.8203","3.91098","144.203","-0.322302","-0.813081","-178.51"
5874,0,"68.988","3.81843","144.196","-0.293526","-0.835558","-178.415"
5875,0,"68.8316","4.02365","144.151","-0.438194","-0.45208","-178.451"
5876,0,"68.823","3.84694","144.184","-0.320751","-0.746491","-178.506"
5877,0,"68.9368","3.69121","144.165","-0.310711","-0.884502","-178.472"
5878,0,"69.1296","2.53006","145.053","0.379637","-2.68012","-178.591"
5879,0,"69.0784","2.51513","145.147","0.256116","-2.60671","-178.572"
5880,0,"68.9449","3.59534","144.22","-0.310722","-0.996781","-178.442"
5881,0,"68.9915","2.79432","144.982","0.189417","-2.34818","-178.591"
5882,0,"68.731","4.14846","144.074","-0.377974","-0.418996","-178.474"
5883,0,"68.7907","4.12004","143.983","-0.495052","-0.413665","-178.563"
5884,0,"69.1535","2.5156","145.134","0.227447","-2.7248","-178.565"
5885,0,"68.9928","2.80056","145.116","0.243256","-2.39942","-178.568"
5886,0,"68.8142","4.08847","144.16","-0.29333","-0.514003","-178.479"
5887,0,"69.0031","2.75755","144.994","0.231481","-2.34102","-178.631"
5888,0,"69.0193","2.86613","144.984","0.253869","-2.27066","-178.561"
5889,0,"69.124","2.64012","145.164","0.32633","-2.56333","-178.553"
5890,0,"69.1176","2.66912","145.133","0.280121","-2.46714","-178.535"
5891,0,"69.0886","2.41884","145.336","0.331591","-2.88414","-178.554"
5892,0,"68.7982","4.17645","144.054","-0.433363","-0.393086","-178.45"
5893,0,"68.752","4.21526","144.115","-0.416585","-0.442313","-178.565"
5894,0,"69.1989","2.46241","145.16","0.333607","-2.93503","-178.612"
5895,0,"69.1609","3.40238","144.428","-0.0836208","-1.35457","-178.413"
5896,0,"68.9927","2.91077","145.054","0.237408","-2.23363","-178.559"
5897,0,"69.1706","2.47713","145.085","0.317945","-2.69093","-178.55"
5898,0,"68.9604","3.80196","144.195","-0.286734","-0.884338","-178.459"
5899,0,"69.0328","2.6034","145.142","0.172092","-2.57974","-178.51"
5900,0,"68.8209","3.92723","144.159","-0.34788","-0.725223","-178.501"
5901,0,"68.8439","3.89764","144.224","-0.287657","-0.785427","-178.507"
5902,0,"68.8083","4.10017","144.086","-0.44728","-0.36505","-178.442"
5903,0,"68.944","3.71775","144.328","-0.236352","-0.882442","-178.456"
5904,0,"68.9316","2.96911","144.926","0.138097","-1.997","-178.605"
5905,0,"68.7627","4.02977","144.075","-0.485071","-0.346191","-178.47"
5906,0,"68.9526","3.66181","144.35","-0.22202","-1.01313","-178.459"
5907,0,"68.8426","3.73749","144.208","-0.472984","-0.794853","-178.41"
5908,0,"69.0016","2.87494","145.034","0.223567","-2.37516","-178.556"
5909,0,"69.0086","2.86844","145.04","0.29252","-2.38944","-178.561"
5910,0,"69.07","2.65851","145.166","0.1752","-2.5203","-178.465"
5911,0,"69.1525","2.56419","145.165","0.36936","-2.4631","-178.497"
5912,0,"68.9655","2.93765","145.042","0.236922","-2.2991","-178.709"
5913,0,"68.7992","4.06017","144.123","-0.332449","-0.445199","-178.5"
5914,0,"68.9933","2.81704","145.11","0.236648","-2.34829","-178.558"
5915,0,"69.1555","2.54406","145.269","0.361032","-2.86018","-178.518"
5916,0,"69.2118","2.29569","145.33","0.357253","-3.05971","-178.579"
5917,0,"68.9613","3.82109","144.38","-0.152065","-1.15831","-178.554"
5918,0,"68.8025","3.8872","144.22","-0.299452","-0.838738","-178.643"
5919,0,"68.831","3.89889","144.133","-0.402439","-0.702342","-178.464"
5920,0,"68.9691","2.74841","144.919","0.23891","-2.37048","-178.645"
5921,0,"68.8454","3.93213","144.064","-0.366924","-0.663364","-178.472"
5922,0,"68.9719","2.93904","144.96","0.227527","-2.17991","-178.574"
5923,0,"69.0113","2.66875","144.948","0.187049","-2.37228","-178.568"
5924,0,"68.8506","3.72401","144.338","-0.399856","-0.762849","-178.392"
5925,0,"68.7829","4.15907","144.172","-0.379065","-0.46955","-178.594"
5926,0,"68.7996","3.99688","144.201","-0.36045","-0.5483","-178.451"
5927,0,"68.9505","3.89276","144.242","-0.247862","-0.789623","-178.44"
5928,0,"68.8104","4.12505","144.083","-0.381863","-0.424481","-178.455"
5929,0,"69.1649","2.56581","145.245","0.416815","-2.80008","-178.531"
5930,0,"68.9756","2.79592","145.106","0.237071","-2.39848","-178.586"
5931,0,"69.0531","2.75768","144.979","0.197335","-2.40973","-178.559"
5932,0,"68.993","2.93229","145.028","0.216226","-2.28977","-178.578"
5933,0,"68.8967","3.04031","144.891","0.14917","-2.12086","-178.567"
5934,0,"68.9138","3.8262","144.27","-0.303492","-0.767705","-178.403"
5935,0,"69.0919","2.62827","145.161","0.302261","-2.56611","-178.535"
5936,0,"68.8888","2.81826","144.985","0.0218705","-2.10464","-178.515"
5937,0,"69.1167","2.77095","145.192","0.302513","-2.6548","-178.629"
5938,0,"68.8133","4.13991","144.096","-0.402068","-0.381772","-178.434"
5939,0,"68.9831","3.08718","144.988","0.162941","-2.26266","-178.655"
5940,0,"69.1316","2.65409","145.178","0.328126","-2.62066","-178.581"
5941,0,"69.0068","3.78127","144.321","-0.229203","-0.9042","-178.426"
5942,0,"68.792","3.96221","144.062","-0.468714","-0.471496","-178.465"
5943,0,"68.7592","3.96995","144.097","-0.505506","-0.510309","-178.422"
5944,0,"68.7595","4.09229","144.09","-0.441785","-0.401821","-178.432"
5945,0,"69.0076","2.85339","144.978","0.122799","-2.38374","-178.601"
5946,0,"69.0302","2.86673","144.894","0.149019","-2.27566","-178.602"
5947,0,"68.8951","3.86711","144.192","-0.31477","-0.702952","-178.439"
5948,0,"69.0191","2.74448","144.967","0.194214","-2.42689","-178.577"
5949,0,"68.834","3.91085","144.089","-0.450299","-0.560357","-178.399"
5950,0,"69.0077","2.74058","145.043","0.273365","-2.47319","-178.594"
5951,0,"69.1289","2.29005","145.34","0.296404","-2.99896","-178.517"
5952,0,"68.7971","3.99378","144.232","-0.356105","-0.666712","-178.477"
5953,0,"68.997","2.87938","145.07","0.203012","-2.40074","-178.552"
5954,0,"69.0004","3.66361","144.43","-0.162248","-1.02726","-178.476"
5955,0,"68.9942","2.79753","145.122","0.237399","-2.36949","-178.569"
5956,0,"68.9882","3.71948","144.32","-0.194644","-0.971262","-178.455"
5957,0,"69.0001","2.93007","144.954","0.245392","-2.2274","-178.531"
5958,0,"68.9438","3.71219","144.256","-0.271376","-0.996737","-178.451"
5959,0,"69.1792","2.40719","145.12","0.254195","-2.72736","-178.569"
5960,0,"68.9815","2.76659","145.041","0.221709","-2.26021","-178.514"
5961,0,"68.9822","2.80375","145.082","0.216838","-2.43303","-178.53"
5962,0,"69.2058","2.4106","145.212","0.356367","-3.0088","-178.579"
5963,0,"68.9933","2.71827","145.052","0.19485","-2.46234","-178.605"
5964,0,"68.846","3.8427","144.289","-0.18194","-0.85466","-178.462"
5965,0,"69.1479","2.535","145.294","0.380829","-2.77809","-178.543"
5966,0,"69.2315","2.29353","145.288","0.415101","-3.00865","-178.635"
5967,0,"68.9861","3.68378","144.284","-0.203872","-1.01986","-178.465"
5968,0,"68.8114","4.10095","144.056","-0.428891","-0.410552","-178.486"
5969,0,"69.1029","2.42069","145.189","0.284978","-2.87316","-178.665"
5970,0,"68.9122","2.7252","145.023","0.0612471","-2.26601","-178.577"
5971,0,"68.9402","2.71303","145.067","0.114755","-2.27862","-178.548"
5972,0,"68.7706","4.12853","144.198","-0.397167","-0.63507","-178.565"
5973,0,"69.0843","2.52777","145.087","0.281366","-2.46632","-178.576"
5974,0,"69.119","2.64265","145.132","0.274713","-2.60772","-178.521"
5975,0,"68.9481","3.78581","144.172","-0.292147","-0.806736","-178.467"
5976,0,"68.9642","3.70778","144.217","-0.269712","-0.975828","-178.48"
5977,0,"68.9479","3.02336","144.977","0.241785","-2.24737","-178.667"
5978,0,"68.8231","3.99793","144.197","-0.415799","-0.595021","-178.469"
5979,0,"69.1306","2.47905","145.193","0.295244","-2.84914","-178.658"
5980,0,"68.7865","4.1596","144.061","-0.370424","-0.425712","-178.469"
5981,0,"68.9954","3.78834","144.286","-0.27135","-0.911691","-178.422"
5982,0,"68.965","3.7746","144.316","-0.22233","-1.08471","-178.574"
5983,0,"68.9463","3.66361","144.284","-0.246233","-1.0297","-178.455"
5984,0,"68.9769","2.95854","145.019","0.333278","-2.40083","-178.576"
5985,0,"68.9377","2.94119","144.881","0.0340811","-2.19117","-178.672"
5986,0,"69.0039","2.86603","144.879","0.160783","-2.22418","-178.56"
5987,0,"68.9554","3.538","144.347","-0.269371","-1.1271","-178.496"
5988,0,"69.1626","2.37679","145.091","0.288308","-2.78074","-178.624"
5989,0,"69.1883","2.29025","145.252","0.316572","-2.86907","-178.584"
5990,0,"69.1539","2.66807","145.185","0.306108","-2.60287","-178.537"
5991,0,"69.0991","2.48053","145.091","0.158978","-2.62243","-178.516"
5992,0,"69.1899","2.51913","145.268","0.415324","-2.84062","-178.561"
5993,0,"68.95","2.6616","145.144","0.0714006","-2.51718","-178.601"
5994,0,"69.1304","2.65658","145.265","0.265637","-2.83005","-178.637"
5995,0,"68.9678","3.78526","144.315","-0.207696","-0.811005","-178.423"
5996,0,"68.8087","4.03735","144.158","-0.398287","-0.466336","-178.441"
5997,0,"68.8831","3.12756","144.946","0.116641","-2.12483","-178.647"
5998,0,"68.987","3.01615","144.929","0.19708","-2.13873","-178.566"
5999,0,"68.9503","2.86401","145.038","0.228833","-2.3146","-178.589"
6000,0,"68.9301","2.92391","145.02","0.0835044","-2.28855","-178.525"
6001,0,"68.9809","2.93633","144.979","0.237179","-2.25876","-178.565"
6002,0,"69.1205","2.7141","145.105","0.346531","-2.51387","-178.544"
6003,0,"69.0137","2.84975","145.043","0.256024","-2.34867","-178.583"
6004,0,"68.7709","4.10592","144.071","-0.441627","-0.291538","-178.437"
6005,0,"68.7883","3.90567","144.109","-0.389643","-0.668956","-178.487"
6006,0,"68.7791","3.95753","144.061","-0.447704","-0.603317","-178.592"
6007,0,"69.0158","2.88268","144.83","0.13532","-2.21372","-178.611"
6008,0,"69.1674","2.49386","145.107","0.356083","-2.80867","-178.558"
6009,0,"69.1315","2.45327","145.101","0.30249","-2.64204","-178.615"
6010,0,"69.0083","2.7499","144.905","0.244624","-2.43969","-178.637"
6011,0,"68.9251","3.85453","144.226","-0.339127","-0.798613","-178.5"
6012,0,"69.0231","2.68807","145.061","0.225486","-2.53041","-178.564"
6013,0,"68.7704","3.9645","144.18","-0.338711","-0.794337","-178.6"
6014,0,"68.7522","3.97824","144.173","-0.375647","-0.521811","-178.446"
6015,0,"69.0876","2.64822","145.246","0.349244","-2.77541","-178.614"
6016,0,"68.9659","2.7894","144.971","0.173873","-2.30766","-178.6"
6017,0,"68.9905","2.96404","145.045","0.254076","-2.42493","-178.655"
6018,0,"68.9543","3.696","144.414","-0.212174","-1.02943","-178.439"
6019,0,"68.7904","4.13527","144.153","-0.269696","-0.5973","-178.537"
6020,0,"68.9921","2.92403","144.936","0.217646","-2.16492","-178.613"
6021,0,"68.93","3.87336","144.342","-0.217776","-0.970511","-178.558"
6022,0,"68.8908","3.76626","144.364","-0.36603","-0.880876","-178.352"
6023,0,"68.9351","3.89739","144.264","-0.244682","-0.978588","-178.552"
6024,0,"68.9542","2.90964","145.034","0.187556","-2.22195","-178.547"
6025,0,"69.1316","2.68625","145.11","0.345139","-2.57526","-178.526"
6026,0,"68.8956","3.83076","144.129","-0.394265","-0.658871","-178.482"
6027,0,"68.8871","3.9432","144.178","-0.278536","-0.560353","-178.443"
6028,0,"68.7733","3.99762","144.105","-0.488609","-0.499636","-178.487"
6029,0,"68.799","4.05941","143.974","-0.388827","-0.445278","-178.502"
6030,0,"68.9984","3.0674","144.951","0.148706","-2.14139","-178.521"
6031,0,"68.9833","3.76585","144.205","-0.304471","-0.829477","-178.453"
6032,0,"68.9321","3.77441","144.351","-0.249543","-0.922113","-178.414"
6033,0,"68.7693","4.05033","144.188","-0.335709","-0.573049","-178.47"
6034,0,"68.7713","4.13387","144.13","-0.42041","-0.627543","-178.598"
6035,0,"68.9442","3.72759","144.264","-0.228201","-0.975456","-178.497"
6036,0,"68.9526","3.69969","144.312","-0.205058","-0.918855","-178.507"
6037,0,"69.1403","2.48604","145.141","0.300737","-2.75277","-178.561"
6038,0,"68.795","4.04293","144.129","-0.35891","-0.511475","-178.437"
6039,0,"68.7","4.01481","144.149","-0.466248","-0.401879","-178.461"
6040,0,"68.8934","3.86532","144.307","-0.327642","-0.813911","-178.497"
6041,0,"68.7864","4.11087","144.048","-0.433396","-0.379066","-178.465"
6042,0,"68.9646","3.69418","144.395","-0.263631","-0.966988","-178.406"
6043,0,"69.005","2.98911","144.929","0.209422","-2.30225","-178.568"
6044,0,"68.9519","3.64806","144.301","-0.314493","-0.926698","-178.451"
6045,0,"68.9684","3.85039","144.246","-0.289429","-0.859965","-178.41"
6046,0,"68.8478","3.96674","144.173","-0.331691","-0.601142","-178.422"
6047,0,"69.0147","2.82579","144.889","0.23746","-2.3567","-178.618"
6048,0,"68.7958","3.89199","144.19","-0.329287","-0.617881","-178.521"
6049,0,"68.9872","2.81495","145.057","0.254367","-2.3767","-178.573"
6050,0,"68.8427","3.88516","144.258","-0.270065","-0.813639","-178.505"
6051,0,"68.7795","3.90638","144.096","-0.397401","-0.63448","-178.453"
6052,0,"68.9637","2.80813","145.002","0.221812","-2.3273","-178.657"
6053,0,"69.1511","2.50442","145.15","0.372903","-2.79611","-178.547"
6054,0,"69.0058","3.00224","144.99","0.212897","-2.21417","-178.522"
6055,0,"68.9986","2.83063","144.987","0.159634","-2.37973","-178.588"
6056,0,"68.925","2.97124","144.89","0.189902","-2.32415","-178.744"
6057,0,"68.972","3.71753","144.269","-0.179189","-1.12117","-178.514"
6058,0,"69.1247","2.61662","145.177","0.39236","-2.669","-178.558"
6059,0,"68.9964","2.92868","145.029","0.29827","-2.30318","-178.601"
6060,0,"69.0343","2.80515","144.985","0.200182","-2.34164","-178.605"
6061,0,"68.7903","3.9585","144.251","-0.288219","-0.6828","-178.483"
6062,0,"69.0095","2.9484","144.971","0.190637","-2.27414","-178.557"
6063,0,"69.1311","2.54565","145.234","0.361891","-2.80389","-178.539"
6064,0,"68.7827","4.05364","144.019","-0.350901","-0.42895","-178.506"
6065,0,"68.9706","3.05434","144.855","0.145102","-1.97753","-178.552"
6066,0,"69.0096","2.87358","145.04","0.266115","-2.44467","-178.605"
6067,0,"68.9399","3.78797","144.343","-0.245224","-0.974419","-178.433"
6068,0,"68.755","4.19242","144.01","-0.438281","-0.254571","-178.461"
6069,0,"68.7664","4.11597","144.178","-0.368266","-0.569149","-178.59"
6070,0,"69.0405","2.8935","145.003","0.242586","-2.31976","-178.533"
6071,0,"68.9437","3.80162","144.214","-0.339607","-0.847063","-178.462"
6072,0,"68.9444","3.84621","144.165","-0.32033","-0.729132","-178.473"
6073,0,"69.0248","2.82393","145.105","0.185775","-2.38069","-178.543"
6074,0,"68.7901","4.07054","144.046","-0.404398","-0.532703","-178.52"
6075,0,"69.1161","2.63386","145.186","0.270488","-2.60562","-178.476"
6076,0,"68.98","2.91011","144.914","0.126059","-2.29043","-178.562"
6077,0,"68.8823","3.60165","144.308","-0.389398","-0.969682","-178.417"
6078,0,"68.7572","4.07081","143.989","-0.429348","-0.577518","-178.606"
6079,0,"69.1079","2.63543","145.049","0.235449","-2.61667","-178.575"
6080,0,"68.7531","4.11375","144.087","-0.390066","-0.378495","-178.48"
6081,0,"68.9607","3.04054","144.972","0.168188","-2.16494","-178.568"
6082,0,"68.8397","4.05424","144.111","-0.352064","-0.452475","-178.43"
6083,0,"68.734","4.02986","144.153","-0.500379","-0.376719","-178.388"
6084,0,"69.0287","2.75571","145.018","0.136762","-2.39475","-178.566"
6085,0,"68.956","2.86795","144.999","0.226858","-2.22581","-178.572"
6086,0,"69.0529","2.75328","145.144","0.348293","-2.76822","-178.7"
6087,0,"69.1373","2.43319","145.303","0.344551","-2.87452","-178.522"
6088,0,"68.9616","2.97309","145.059","0.155303","-2.35013","-178.607"
6089,0,"68.7544","4.00465","144.131","-0.23643","-0.559492","-178.53"
6090,0,"68.9644","2.98986","144.916","0.171693","-2.16823","-178.587"
6091,0,"68.9644","2.80867","145.003","0.204172","-2.28346","-178.562"
6092,0,"68.7978","4.10363","144.17","-0.340708","-0.515456","-178.49"
6093,0,"68.7946","3.89495","144.165","-0.373869","-0.669886","-178.472"
6094,0,"68.9288","3.73833","144.265","-0.338436","-1.01845","-178.54"
6095,0,"68.9636","2.96974","145.04","0.173587","-2.22752","-178.497"
6096,0,"69.0011","2.98382","145.03","0.226619","-2.29725","-178.658"
6097,0,"68.95","3.7096","144.426","-0.254309","-0.933468","-178.403"
6098,0,"68.887","3.88764","144.148","-0.384245","-0.734903","-178.469"
6099,0,"69.0242","2.83154","145.013","0.289084","-2.32543","-178.554"
6100,0,"68.929","3.78428","144.153","-0.38879","-0.719772","-178.453"
6101,0,"68.9846","2.77121","144.957","0.169632","-2.32343","-178.583"
6102,0,"69.1278","2.56002","145.213","0.342673","-2.64177","-178.514"
6103,0,"69.1193","2.53994","145.112","0.354638","-2.65081","-178.589"
6104,0,"68.9156","3.73503","144.372","-0.208306","-1.01238","-178.457"
6105,0,"69.1529","2.47683","145.113","0.282754","-2.75621","-178.589"
6106,0,"68.9786","2.9","145.018","0.232294","-2.37334","-178.598"
6107,0,"68.9825","3.63737","144.366","-0.217425","-1.06515","-178.423"
6108,0,"68.9997","2.89294","145.024","0.225137","-2.27638","-178.588"
6109,0,"69.0079","2.81029","145.095","0.215721","-2.41873","-178.6"
6110,0,"68.7767","4.08042","144.222","-0.357373","-0.689138","-178.55"
6111,0,"69.0386","2.71068","145.039","0.250457","-2.48772","-178.612"
6112,0,"68.8473","3.9552","144.218","-0.302675","-0.710038","-178.467"
6113,0,"68.9238","3.73236","144.195","-0.345356","-0.906735","-178.472"
6114,0,"68.9946","3.60311","144.341","-0.254543","-1.04487","-178.424"
6115,0,"68.9838","2.68755","144.979","0.24247","-2.47709","-178.628"
6116,0,"69.0706","2.78364","145.176","0.343408","-2.67897","-178.69"
6117,0,"69.0033","2.85706","144.978","0.184348","-2.4158","-178.586"
6118,0,"68.9861","2.69157","145.01","0.204275","-2.4791","-178.605"
6119,0,"68.7971","4.02391","144.139","-0.432518","-0.415842","-178.417"
6120,0,"68.8295","3.873","144.211","-0.251816","-0.745203","-178.51"
6121,0,"69.1433","2.52515","145.153","0.274194","-2.78908","-178.587"
6122,0,"68.8209","3.93","144.038","-0.441917","-0.447422","-178.443"
6123,0,"68.8359","4.0925","144.029","-0.426728","-0.373114","-178.454"
6124,0,"68.9709","2.93648","145.055","0.209817","-2.26918","-178.53"
6125,0,"69.0558","2.83513","145.092","0.285414","-2.4482","-178.539"
6126,0,"68.7676","4.17195","144.034","-0.392296","-0.362647","-178.473"
6127,0,"68.9901","2.86982","145.024","0.284519","-2.30964","-178.572"
6128,0,"68.9466","3.76872","144.376","-0.253396","-0.971238","-178.437"
6129,0,"68.7933","4.11287","144.114","-0.332864","-0.567365","-178.464"
6130,0,"68.8423","3.97249","144.049","-0.410448","-0.530635","-178.455"
6131,0,"68.9321","2.78089","144.95","0.0203895","-2.25216","-178.537"
6132,0,"69.1027","2.70119","145.181","0.367174","-2.61271","-178.591"
6133,0,"68.7559","4.14987","144.102","-0.446059","-0.402231","-178.443"
6134,0,"69.1658","3.51372","144.465","-0.133646","-1.29266","-178.389"
6135,0,"69.1098","2.52938","145.261","0.309949","-2.68282","-178.479"
6136,0,"69.1037","2.63335","145.209","0.318481","-2.58999","-178.546"
6137,0,"68.7994","4.06904","143.995","-0.479472","-0.513449","-178.609"
6138,0,"68.9104","4.00288","144.242","-0.282194","-0.774845","-178.539"
6139,0,"68.9526","3.76828","144.276","-0.238577","-0.99543","-178.448"
6140,0,"69.0095","2.66393","145.087","0.296099","-2.62305","-178.626"
6141,0,"69.0577","2.70962","145.006","0.251426","-2.44499","-178.55"
6142,0,"69.0029","2.70765","144.966","0.246753","-2.35842","-178.626"
6143,0,"68.9381","3.80104","144.303","-0.303322","-0.844398","-178.388"
6144,0,"68.8304","3.91821","144.138","-0.384791","-0.644838","-178.471"
6145,0,"69.0833","2.76873","145.09","0.330023","-2.52689","-178.624"
6146,0,"68.9912","2.79199","145.175","0.321923","-2.63041","-178.686"
6147,0,"69.0914","2.67529","145.234","0.308656","-2.75206","-178.669"
6148,0,"69.0127","3.62923","144.375","-0.181689","-1.06965","-178.446"
6149,0,"69.084","2.49991","145.243","0.297396","-2.69926","-178.544"
6150,0,"68.9443","3.75589","144.309","-0.226561","-0.87958","-178.403"
6151,0,"69.0848","2.68995","145.204","0.389896","-2.71993","-178.616"
6152,0,"69.1354","2.50582","145.324","0.444672","-2.95689","-178.656"
6153,0,"68.818","4.00941","144.159","-0.278908","-0.561139","-178.475"
6154,0,"68.8423","3.88389","144.286","-0.231477","-0.845569","-178.473"
6155,0,"68.9346","3.1678","144.957","0.176922","-2.14623","-178.652"
6156,0,"68.9652","2.92252","144.934","0.0951033","-2.05548","-178.542"
6157,0,"68.7726","4.00135","144.189","-0.378959","-0.540957","-178.444"
6158,0,"68.9913","3.6667","144.276","-0.217069","-1.05934","-178.488"
6159,0,"68.7824","4.11615","144.13","-0.338472","-0.367708","-178.463"
6160,0,"68.8239","3.83622","144.263","-0.228377","-0.756647","-178.5"
6161,0,"68.8687","3.85957","144.187","-0.285909","-0.752021","-178.523"
6162,0,"68.9652","2.77388","144.996","0.0137283","-2.37577","-178.562"
6163,0,"68.8891","3.89715","144.306","-0.323106","-0.759989","-178.521"
6164,0,"68.8184","4.00274","144.115","-0.411882","-0.725669","-178.604"
6165,0,"68.7901","4.0806","144.016","-0.388241","-0.343837","-178.449"
6166,0,"68.8498","3.93737","144.086","-0.360829","-0.690986","-178.499"
6167,0,"68.8998","3.9034","144.232","-0.251161","-0.744956","-178.426"
6168,0,"68.7845","3.96447","144.074","-0.395549","-0.551781","-178.482"
6169,0,"69.127","2.54427","145.275","0.379841","-2.85748","-178.629"
6170,0,"69.0887","2.62758","145.138","0.252326","-2.56639","-178.538"
6171,0,"68.8037","4.09164","144.143","-0.332098","-0.416102","-178.437"
6172,0,"68.7698","4.10006","144.043","-0.379241","-0.393361","-178.486"
6173,0,"68.8081","4.0863","144.118","-0.368751","-0.37317","-178.447"
6174,0,"68.7724","4.11495","144.009","-0.465131","-0.270112","-178.43"
6175,0,"69.1021","2.61271","145.213","0.301305","-2.62737","-178.529"
6176,0,"69.1262","2.61493","145.222","0.357055","-2.73933","-178.514"
6177,0,"68.8229","4.1459","144.065","-0.421125","-0.308449","-178.435"
6178,0,"68.8135","4.10344","144.113","-0.420115","-0.327326","-178.478"
6179,0,"69.107","2.79805","145.113","0.319187","-2.43728","-178.577"
6180,0,"68.7959","4.1664","144.114","-0.403423","-0.478571","-178.547"
6181,0,"68.7809","3.93362","144.143","-0.455806","-0.664796","-178.546"
6182,0,"68.7884","3.9997","144.111","-0.429546","-0.572814","-178.463"
6183,0,"68.9573","2.94436","144.974","0.19222","-2.127","-178.566"
6184,0,"68.9745","2.86609","145.063","0.255273","-2.30533","-178.596"
6185,0,"68.9802","3.5223","144.411","-0.215215","-1.19991","-178.474"
6186,0,"68.7713","3.98403","144.031","-0.465686","-0.468499","-178.477"
6187,0,"69.1367","2.70154","145.168","0.338723","-2.66327","-178.504"
6188,0,"68.9917","3.00048","144.947","0.209142","-2.12279","-178.614"
6189,0,"69.0136","2.74733","144.952","0.236367","-2.3519","-178.636"
6190,0,"69.0033","2.99942","145.021","0.218245","-2.43082","-178.667"
6191,0,"69.0113","2.94135","145.032","0.155252","-2.29843","-178.507"
6192,0,"68.9183","3.88669","144.236","-0.237041","-0.780949","-178.448"
6193,0,"68.8171","3.69448","144.437","-0.214236","-1.08784","-178.489"
6194,0,"69.1085","2.67484","145.134","0.387402","-2.64977","-178.532"
6195,0,"68.9682","2.82538","145.073","0.213948","-2.25791","-178.545"
6196,0,"68.9739","3.65384","144.439","-0.134387","-1.16546","-178.455"
6197,0,"68.7845","3.90906","144.235","-0.341628","-0.730115","-178.467"
6198,0,"68.9497","3.87411","144.194","-0.386487","-0.635254","-178.394"
6199,0,"68.7926","4.0438","144.159","-0.380011","-0.432692","-178.461"
6200,0,"69.1183","2.61113","145.258","0.359701","-2.73357","-178.561"
6201,0,"69.0198","2.82904","145.102","0.258028","-2.41656","-178.508"
6202,0,"68.9519","3.8521","144.357","-0.210275","-1.04589","-178.558"
6203,0,"69.0226","3.62458","144.299","-0.177651","-1.13139","-178.497"
6204,0,"69.1426","2.3908","145.211","0.366724","-2.77393","-178.636"
6205,0,"69.1103","2.6631","145.167","0.370026","-2.60503","-178.588"
6206,0,"68.9647","3.72571","144.37","-0.223455","-1.08317","-178.429"
6207,0,"69.1433","2.48212","145.141","0.315135","-2.81115","-178.604"
6208,0,"68.7601","4.02469","143.959","-0.402447","-0.307536","-178.5"
6209,0,"69.1601","2.56411","145.168","0.35951","-2.72891","-178.535"
6210,0,"69.1246","2.43898","145.113","0.274823","-2.75283","-178.582"
6211,0,"68.9858","3.82942","144.321","-0.270123","-1.09025","-178.557"
6212,0,"68.7886","3.9063","144.314","-0.431036","-0.718385","-178.412"
6213,0,"69.0476","2.85691","145.078","0.239726","-2.46434","-178.606"
6214,0,"69.016","2.90762","145.054","0.213706","-2.31135","-178.537"
6215,0,"69.1464","2.60542","145.159","0.368792","-2.63325","-178.542"
6216,0,"69.0033","2.90574","145.034","0.227035","-2.27177","-178.57"
6217,0,"69.2251","3.36645","144.498","-0.103739","-1.40826","-178.423"
6218,0,"68.9594","2.8862","145.063","0.189949","-2.29038","-178.539"
6219,0,"68.8133","4.08527","144.125","-0.353361","-0.479555","-178.468"
6220,0,"68.951","2.94273","145.071","0.238514","-2.33126","-178.645"
6221,0,"68.792","4.02514","144.152","-0.3248","-0.570295","-178.471"
6222,0,"68.802","3.97446","144.183","-0.265808","-0.65017","-178.455"
6223,0,"68.7273","4.14742","144.08","-0.436111","-0.400991","-178.466"
6224,0,"68.7619","4.00338","144.076","-0.463455","-0.470283","-178.459"
6225,0,"68.8112","4.03404","144.133","-0.445617","-0.508552","-178.42"
6226,0,"68.936","3.8064","144.291","-0.31542","-0.688962","-178.416"
6227,0,"68.9725","2.75733","144.963","0.0630243","-2.27112","-178.523"
6228,0,"69.1306","2.57321","145.087","0.268057","-2.53568","-178.554"
6229,0,"68.8249","4.04882","144.041","-0.38895","-0.58594","-178.476"
6230,0,"68.9723","3.65643","144.266","-0.273605","-1.00788","-178.457"
6231,0,"68.897","3.81076","144.213","-0.291216","-0.880019","-178.512"
6232,0,"68.9909","2.90679","144.99","0.213473","-2.30542","-178.579"
6233,0,"68.9817","2.97591","144.941","0.231244","-2.27894","-178.57"
6234,0,"68.8491","3.76071","144.233","-0.363096","-0.714869","-178.447"
6235,0,"68.9845","3.61573","144.267","-0.40114","-0.940425","-178.357"
6236,0,"68.9873","2.96542","145.08","0.191092","-2.39807","-178.683"
6237,0,"69.151","2.59688","145.191","0.363527","-2.70769","-178.553"
6238,0,"68.9625","3.80266","144.261","-0.26751","-0.784176","-178.486"
6239,0,"68.816","4.00074","144.192","-0.249715","-0.640639","-178.502"
6240,0,"68.9834","3.74108","144.323","-0.225483","-0.778017","-178.399"
6241,0,"68.7758","4.13782","144.122","-0.482555","-0.434436","-178.537"
6242,0,"68.8076","4.10029","144.104","-0.360246","-0.496515","-178.471"
6243,0,"68.7678","4.1735","144.132","-0.368571","-0.533363","-178.577"
6244,0,"68.9604","2.75156","144.941","0.152352","-2.34533","-178.611"
6245,0,"68.8074","4.00478","144.178","-0.307118","-0.559913","-178.452"
6246,0,"68.9397","3.7805","144.359","-0.165882","-1.03697","-178.47"
6247,0,"68.7984","4.07505","143.965","-0.405622","-0.454323","-178.513"
6248,0,"68.7849","3.93518","144.087","-0.369601","-0.586477","-178.51"
6249,0,"68.97","2.78373","145.101","0.202419","-2.64981","-178.663"
6250,0,"68.9522","3.84098","144.294","-0.21607","-0.93432","-178.453"
6251,0,"69.0411","2.83021","144.997","0.290728","-2.52972","-178.576"
6252,0,"68.9687","2.99807","145.019","0.0974325","-2.26601","-178.662"
6253,0,"68.9994","2.80775","145.012","0.167311","-2.56538","-178.675"
6254,0,"69.1497","2.56238","145.249","0.343613","-2.74598","-178.559"
6255,0,"69.0122","2.79889","145.052","0.244917","-2.38915","-178.547"
6256,0,"68.7936","4.12529","144.115","-0.329127","-0.465108","-178.468"
6257,0,"68.7885","3.93922","144.26","-0.323582","-0.717168","-178.446"
6258,0,"68.7221","4.05077","144.237","-0.357987","-0.601216","-178.538"
6259,0,"68.9753","3.42975","144.473","-0.288727","-1.17178","-178.385"
6260,0,"69.1242","2.48652","145.245","0.34717","-2.73457","-178.524"
6261,0,"68.6557","4.06868","144.238","-0.501381","-0.494661","-178.509"
6262,0,"68.7605","4.07813","144.128","-0.414553","-0.447221","-178.477"
6263,0,"68.7709","4.00782","144.192","-0.370579","-0.499561","-178.479"
6264,0,"68.8189","3.98757","144.227","-0.286453","-0.64987","-178.443"
6265,0,"68.9519","3.73711","144.335","-0.284309","-0.862394","-178.415"
6266,0,"69.0619","2.74626","144.989","0.238242","-2.49495","-178.594"
6267,0,"68.7853","3.74568","144.228","-0.421675","-0.743543","-178.412"
6268,0,"68.8319","3.98748","144.062","-0.388807","-0.442818","-178.494"
6269,0,"68.8293","3.93011","144.221","-0.392308","-0.577826","-178.407"
6270,0,"68.9755","3.02455","144.993","0.245405","-2.32842","-178.585"
6271,0,"69.1331","2.31789","145.239","0.383218","-2.80605","-178.608"
6272,0,"69.1701","2.47513","145.102","0.332632","-2.73856","-178.568"
6273,0,"69.1576","2.35395","145.231","0.428691","-2.94576","-178.584"
6274,0,"68.968","3.73241","144.244","-0.228386","-0.937681","-178.464"
6275,0,"68.8168","4.02308","144.051","-0.401754","-0.494143","-178.481"
6276,0,"69.0022","2.91585","144.914","0.159363","-2.25736","-178.575"
6277,0,"69.1154","2.37299","145.123","0.263646","-2.65821","-178.586"
6278,0,"69.0531","2.83514","145.043","0.288225","-2.31671","-178.568"
6279,0,"68.9677","2.76549","145.101","0.158062","-2.33233","-178.5"
6280,0,"68.7423","4.08427","144.142","-0.51001","-0.340119","-178.42"
6281,0,"68.9046","3.82935","144.263","-0.334398","-0.785338","-178.524"
6282,0,"68.9627","3.64439","144.402","-0.329471","-0.956961","-178.372"
6283,0,"68.9404","3.67092","144.248","-0.289965","-0.888974","-178.46"
6284,0,"68.7672","4.13534","144.083","-0.450839","-0.29066","-178.431"
6285,0,"68.7998","3.8493","144.235","-0.271145","-0.737932","-178.494"
6286,0,"68.9776","2.98505","144.964","0.24091","-2.23004","-178.557"
6287,0,"69.1362","2.70618","145.129","0.334436","-2.48528","-178.56"
6288,0,"68.9465","2.96985","145.016","0.20466","-2.33746","-178.561"
6289,0,"68.9504","2.83383","144.978","0.197531","-2.17547","-178.582"
6290,0,"69.0535","2.84051","145.083","0.296675","-2.53063","-178.552"
6291,0,"68.8407","3.82942","144.09","-0.405963","-0.712011","-178.465"
6292,0,"69.012","2.92073","144.99","0.192502","-2.2032","-178.548"
6293,0,"69.3683","1.97511","145.308","0.404452","-3.22022","-178.549"
6294,0,"69.1723","2.42983","145.125","0.334457","-2.78043","-178.626"
6295,0,"68.822","3.81766","144.19","-0.201874","-0.759995","-178.557"
6296,0,"69.0902","2.81077","145.091","0.265922","-2.52527","-178.652"
6297,0,"68.977","2.58096","145.081","0.259448","-2.57608","-178.653"
6298,0,"68.9779","2.92958","145.003","0.237718","-2.27007","-178.598"
6299,0,"69.0155","2.87438","144.903","0.148521","-2.21187","-178.566"
6300,0,"69.0872","2.71442","145.164","0.333897","-2.60041","-178.517"
6301,0,"68.8008","3.93305","144.214","-0.330666","-0.617939","-178.5"
6302,0,"68.9765","3.02456","144.936","0.198799","-2.18997","-178.545"
6303,0,"68.7894","4.05133","144.144","-0.385979","-0.552409","-178.418"
6304,0,"69.0799","2.7759","145.245","0.350852","-2.74148","-178.648"
6305,0,"68.796","4.2334","144.071","-0.429918","-0.364314","-178.55"
6306,0,"68.9807","2.88408","145.028","0.276831","-2.27447","-178.601"
6307,0,"69.0456","2.83564","145.131","0.290577","-2.51848","-178.576"
6308,0,"68.8406","4.06007","144.11","-0.336115","-0.45034","-178.421"
6309,0,"68.8815","3.82662","144.324","-0.242523","-0.791518","-178.458"
6310,0,"68.8398","4.02394","144.153","-0.344364","-0.548892","-178.408"
6311,0,"68.749","4.03639","144.13","-0.404477","-0.457171","-178.458"
6312,0,"68.8025","4.02742","144.167","-0.369485","-0.437004","-178.506"
6313,0,"68.7933","4.03039","144.134","-0.330891","-0.544754","-178.444"
6314,0,"69.1528","2.49404","145.148","0.31628","-2.74399","-178.548"
6315,0,"68.7809","4.00536","144.199","-0.3328","-0.643038","-178.447"
6316,0,"69.1359","2.65598","145.164","0.295641","-2.57129","-178.559"
6317,0,"69.1457","2.46536","145.167","0.34551","-2.95762","-178.715"
6318,0,"68.9413","3.83732","144.251","-0.300318","-0.696216","-178.431"
6319,0,"68.995","3.85692","144.265","-0.247521","-0.894732","-178.444"
6320,0,"69.1742","2.55945","145.15","0.336143","-2.73877","-178.592"
6321,0,"68.8039","3.97772","144.061","-0.508326","-0.423844","-178.489"
6322,0,"68.808","4.00131","144.156","-0.322286","-0.530781","-178.477"
6323,0,"68.9848","3.72059","144.365","-0.15225","-1.05861","-178.441"
6324,0,"69.0414","2.69106","145.008","0.230356","-2.51006","-178.608"
6325,0,"68.9532","3.87023","144.237","-0.24937","-0.832493","-178.464"
6326,0,"69.1052","2.55023","145.108","0.230532","-2.54247","-178.535"
6327,0,"68.9505","3.76837","144.386","-0.118427","-1.07882","-178.433"
6328,0,"68.9752","3.63256","144.266","-0.186337","-1.06682","-178.489"
6329,0,"68.9707","2.99448","145.024","0.186146","-2.35531","-178.631"
6330,0,"69.1267","2.69848","145.165","0.360731","-2.64014","-178.607"
6331,0,"69.0355","2.86002","145.059","0.209649","-2.39145","-178.525"
6332,0,"69.1577","2.61582","145.187","0.359897","-2.62823","-178.58"
6333,0,"69.1639","2.44214","145.169","0.436265","-2.86732","-178.606"
6334,0,"69.0018","2.84032","144.972","0.246395","-2.25737","-178.575"
6335,0,"68.8413","3.9789","144.049","-0.37618","-0.646089","-178.515"
6336,0,"68.972","2.72886","145.077","0.0767853","-2.26783","-178.474"
6337,0,"68.8125","4.02055","144.041","-0.409411","-0.471418","-178.459"
6338,0,"68.7837","3.93139","144.041","-0.393472","-0.626112","-178.531"
6339,0,"69.0067","2.89514","144.969","0.231","-2.31938","-178.551"
6340,0,"69.0757","2.42551","145.298","0.240176","-2.78676","-178.541"
6341,0,"69.1841","2.5088","145.162","0.3375","-2.90601","-178.608"
6342,0,"68.7846","3.9603","144.143","-0.382525","-0.521278","-178.449"
6343,0,"68.8188","4.05476","144.2","-0.296916","-0.61442","-178.476"
6344,0,"68.7904","4.14876","144.094","-0.348892","-0.382012","-178.469"
6345,0,"68.8164","4.06021","144.141","-0.343528","-0.603522","-178.51"
6346,0,"69.1398","2.59234","145.178","0.339343","-2.59816","-178.555"
6347,0,"68.8115","3.93842","144.129","-0.324863","-0.751905","-178.491"
6348,0,"69.0094","2.78","145.103","0.20313","-2.34708","-178.535"
6349,0,"69.0896","2.7377","145.161","0.367597","-2.63207","-178.598"
6350,0,"69.1325","2.42123","145.147","0.379964","-2.79228","-178.582"
6351,0,"68.9588","2.96323","145.008","0.17219","-2.36724","-178.623"
6352,0,"68.9582","3.75392","144.355","-0.19413","-1.03316","-178.442"
6353,0,"68.8006","3.99088","144.129","-0.369166","-0.687568","-178.624"
6354,0,"68.8126","4.07122","144.223","-0.365048","-0.812591","-178.572"
6355,0,"68.953","3.8104","144.304","-0.315119","-0.889356","-178.405"
6356,0,"69.0114","2.77642","144.988","0.155765","-2.47752","-178.596"
6357,0,"68.9062","3.80173","144.321","-0.408339","-0.828615","-178.342"
6358,0,"68.8098","4.02573","144.189","-0.396241","-0.619567","-178.46"
6359,0,"69.1687","2.52622","145.283","0.349307","-2.90472","-178.67"
6360,0,"68.9545","3.77364","144.221","-0.177348","-0.921214","-178.487"
6361,0,"69.1418","2.60256","145.214","0.399821","-2.69522","-178.572"
6362,0,"68.8833","3.92189","144.24","-0.249603","-0.689937","-178.462"
6363,0,"69.0984","2.45792","145.229","0.329327","-2.71131","-178.582"
6364,0,"68.983","2.98036","144.991","0.226583","-2.29901","-178.573"
6365,0,"68.9495","2.58925","145.046","0.0761138","-2.40788","-178.56"
6366,0,"68.8011","4.09662","144.101","-0.391921","-0.491668","-178.419"
6367,0,"69.1203","2.50441","145.188","0.299007","-2.61004","-178.554"
6368,0,"69.1867","2.45002","145.109","0.314401","-2.62917","-178.55"
6369,0,"68.9372","3.85464","144.268","-0.315773","-0.747889","-178.392"
6370,0,"69.1767","2.55197","145.213","0.40373","-2.75018","-178.536"
6371,0,"68.8894","3.91077","144.278","-0.273806","-0.897837","-178.519"
6372,0,"68.7892","4.15156","144.14","-0.298656","-0.636962","-178.567"
6373,0,"68.9661","2.75678","145.058","0.161185","-2.48591","-178.679"
6374,0,"68.8267","4.1283","144.08","-0.364232","-0.42126","-178.451"
6375,0,"68.7992","3.95524","144.153","-0.353559","-0.72468","-178.58"
6376,0,"69.1466","2.61172","145.157","0.347827","-2.63982","-178.567"
6377,0,"68.949","2.56806","145.068","0.0673101","-2.45089","-178.523"
6378,0,"68.7665","4.16373","144.06","-0.360313","-0.388205","-178.472"
6379,0,"68.9975","2.92825","144.993","0.233521","-2.29189","-178.539"
6380,0,"68.8257","3.93979","144.086","-0.339586","-0.576106","-178.505"
6381,0,"68.7757","4.00376","144.033","-0.392983","-0.474009","-178.501"
6382,0,"69.1841","2.45523","145.141","0.368274","-2.8802","-178.604"
6383,0,"68.7942","4.03396","144.177","-0.423553","-0.39893","-178.448"
6384,0,"68.9869","2.92545","145.154","0.329517","-2.47276","-178.675"
6385,0,"69.1351","2.34372","145.199","0.172501","-2.76784","-178.532"
6386,0,"68.7719","4.15762","144.093","-0.409898","-0.400746","-178.483"
6387,0,"68.8173","3.87941","144.116","-0.42204","-0.557061","-178.509"
6388,0,"68.9718","3.85137","144.269","-0.239933","-0.843077","-178.475"
6389,0,"69.0033","2.67649","145.016","0.254865","-2.48278","-178.639"
6390,0,"69.1255","2.70773","145.078","0.344587","-2.51034","-178.553"
6391,0,"68.9828","2.85689","144.978","0.180212","-2.21221","-178.545"
6392,0,"68.9864","2.92448","145.088","0.270992","-2.55237","-178.639"
6393,0,"69.0482","2.65184","145.145","0.27324","-2.55278","-178.508"
6394,0,"68.943","3.86292","144.256","-0.258592","-0.868347","-178.458"
6395,0,"68.9941","2.83024","144.993","0.227837","-2.30889","-178.521"
6396,0,"69.1712","2.6248","145.181","0.382007","-2.72438","-178.564"
6397,0,"68.9767","3.55041","144.375","-0.25311","-1.0754","-178.454"
6398,0,"68.8119","4.14453","144.055","-0.422996","-0.381803","-178.477"
6399,0,"69.007","2.86725","144.987","0.274448","-2.32361","-178.556"
6400,0,"68.8009","4.01789","144.117","-0.401109","-0.519397","-178.404"
6401,0,"68.9833","2.80684","145.118","0.315207","-2.47788","-178.581"
6402,0,"69.0174","2.79259","144.944","0.19659","-2.40384","-178.618"
6403,0,"68.9334","3.79652","144.301","-0.211914","-0.938964","-178.429"
6404,0,"68.9888","2.82582","144.986","0.250235","-2.39639","-178.618"
6405,0,"69.0265","2.73698","144.955","0.203624","-2.42027","-178.591"
6406,0,"68.7743","3.9998","144.07","-0.471923","-0.383738","-178.466"
6407,0,"68.9392","3.68156","144.291","-0.322346","-1.02977","-178.444"
6408,0,"68.9942","2.61753","145.038","0.0596741","-2.44807","-178.546"
6409,0,"68.9737","3.65018","144.303","-0.198764","-1.08417","-178.5"
6410,0,"68.7457","4.13597","144.165","-0.420453","-0.449284","-178.543"
6411,0,"69.0094","3.6715","144.26","-0.164475","-1.00127","-178.487"
6412,0,"68.7846","4.01334","144.151","-0.453531","-0.393656","-178.44"
6413,0,"69.1954","2.44749","145.062","0.331666","-2.75483","-178.588"
6414,0,"68.7764","3.93431","144.039","-0.582553","-0.451656","-178.402"
6415,0,"68.9665","2.81231","144.998","0.172983","-2.25721","-178.557"
6416,0,"68.9165","3.92699","144.228","-0.248967","-0.781512","-178.53"
6417,0,"68.7812","4.15952","144.138","-0.383793","-0.556565","-178.6"
6418,0,"68.8259","3.93813","144.225","-0.329718","-0.730637","-178.481"
6419,0,"68.8368","3.91395","144.185","-0.29939","-0.695279","-178.443"
6420,0,"68.9938","2.83483","145.005","0.167651","-2.22253","-178.515"
6421,0,"68.7106","4.11155","144.123","-0.521316","-0.418896","-178.538"
6422,0,"68.9102","3.84846","144.229","-0.312014","-0.913719","-178.453"
6423,0,"68.8065","4.15232","144.067","-0.333264","-0.382878","-178.515"
6424,0,"69.1435","2.50935","145.312","0.393317","-2.77131","-178.532"
6425,0,"68.8376","3.96467","144.183","-0.304627","-0.534752","-178.46"
6426,0,"69.1416","2.34261","145.122","0.283122","-2.78037","-178.551"
6427,0,"68.7969","3.89923","144.145","-0.377929","-0.621421","-178.496"
6428,0,"68.7676","3.9762","144.163","-0.419036","-0.455977","-178.425"
6429,0,"69.1221","2.41784","145.171","0.284887","-2.78252","-178.578"
6430,0,"69.1198","2.48744","145.167","0.306971","-2.73647","-178.579"
6431,0,"69.0506","2.74209","144.818","0.140078","-2.34051","-178.569"
6432,0,"68.7741","4.13098","144.053","-0.387446","-0.389904","-178.472"
6433,0,"69.0547","2.93286","144.805","0.0956912","-2.14209","-178.55"
6434,0,"68.8","3.85839","144.229","-0.282696","-0.790906","-178.63"
6435,0,"68.9791","3.71899","144.303","-0.134197","-0.983109","-178.439"
6436,0,"68.7931","4.13172","144.062","-0.409526","-0.290999","-178.475"
6437,0,"68.9904","2.76775","145.087","0.230967","-2.40576","-178.564"
6438,0,"69.1077","2.64829","145.177","0.352213","-2.67143","-178.583"
6439,0,"68.8302","4.11583","144.102","-0.355833","-0.385538","-178.445"
6440,0,"68.9731","2.85591","145.07","0.321514","-2.34998","-178.641"
6441,0,"69.146","2.61406","145.13","0.318345","-2.60194","-178.53"
6442,0,"68.813","3.93957","144.209","-0.385387","-0.598328","-178.398"
6443,0,"68.7645","4.07399","144.135","-0.408343","-0.49096","-178.416"
6444,0,"69.0194","3.7186","144.349","-0.198557","-0.934892","-178.429"
6445,0,"69.1035","2.66792","145.186","0.296599","-2.65849","-178.562"
6446,0,"68.7574","3.66262","144.316","-0.386696","-0.889805","-178.455"
6447,0,"68.8104","4.08528","144.072","-0.41503","-0.471093","-178.471"
6448,0,"68.9645","3.75805","144.219","-0.231648","-0.901906","-178.485"
6449,0,"68.8207","3.99295","144.055","-0.353957","-0.450582","-178.512"
6450,0,"68.9854","2.88644","145.009","0.250867","-2.41723","-178.626"
6451,0,"68.9852","2.93405","144.971","0.206113","-2.12892","-178.596"
6452,0,"68.8196","4.05199","144.137","-0.349602","-0.432112","-178.455"
6453,0,"69.1303","2.53904","145.269","0.367164","-2.75902","-178.563"
6454,0,"68.7999","3.97777","144.073","-0.421208","-0.504935","-178.467"
6455,0,"68.9343","2.7561","144.893","0.198269","-2.25874","-178.572"
6456,0,"68.731","4.06338","144.215","-0.357544","-0.642661","-178.552"
6457,0,"68.9911","2.83449","145.039","0.176134","-2.25764","-178.538"
6458,0,"68.9404","3.02566","144.94","0.11198","-2.18331","-178.687"
6459,0,"68.789","3.95598","144.127","-0.414901","-0.477119","-178.468"
6460,0,"68.9987","3.0312","144.966","0.182062","-2.23845","-178.655"
6461,0,"68.8082","4.10423","144.149","-0.481387","-0.381132","-178.437"
6462,0,"69.0151","3.7379","144.299","-0.177402","-0.913089","-178.432"
6463,0,"69.0835","2.41081","145.216","0.234583","-2.79166","-178.556"
6464,0,"68.7742","4.16153","144.078","-0.390858","-0.396356","-178.465"
6465,0,"68.7738","4.00646","144.152","-0.353352","-0.482548","-178.414"
6466,0,"68.859","3.89292","144.198","-0.336248","-0.712319","-178.475"
6467,0,"69.1125","2.55073","145.108","0.271024","-2.748","-178.548"
6468,0,"69.0009","2.94507","144.987","0.202953","-2.31021","-178.577"
6469,0,"68.9447","2.70734","145.052","0.0432147","-2.23971","-178.54"
6470,0,"68.9519","3.67899","144.229","-0.244003","-0.921187","-178.457"
6471,0,"68.8223","3.86214","144.207","-0.311976","-0.75508","-178.455"
6472,0,"68.9866","3.72509","144.216","-0.227714","-1.00635","-178.501"
6473,0,"69.153","2.36506","145.276","0.373976","-3.00261","-178.568"
6474,0,"68.9645","3.6731","144.165","-0.351484","-0.839211","-178.431"
6475,0,"68.8329","3.88454","144.086","-0.4121","-0.630325","-178.463"
6476,0,"69.0385","2.91378","144.991","0.216717","-2.32295","-178.531"
6477,0,"68.735","4.04269","144.243","-0.349245","-0.619549","-178.598"
6478,0,"68.9258","3.87603","144.175","-0.196634","-0.781645","-178.48"
6479,0,"68.7314","4.19097","144.143","-0.417184","-0.549518","-178.518"
6480,0,"68.7876","4.1314","144.038","-0.412024","-0.318247","-178.45"
6481,0,"69.1141","2.63105","145.164","0.313831","-2.73374","-178.695"
6482,0,"68.9682","3.68144","144.408","-0.131407","-1.16679","-178.473"
6483,0,"68.9416","3.6879","144.421","-0.149822","-1.18403","-178.577"
6484,0,"69.0699","2.63095","145.095","0.356383","-2.51573","-178.577"
6485,0,"68.9772","3.70541","144.352","-0.216329","-0.962954","-178.396"
6486,0,"69.1391","2.62123","145.174","0.40125","-2.67208","-178.588"
6487,0,"68.8051","3.94791","144.19","-0.400833","-0.537883","-178.434"
6488,0,"68.9623","3.80976","144.271","-0.333635","-0.775802","-178.385"
6489,0,"69.0501","2.61115","144.977","0.193759","-2.49435","-178.602"
6490,0,"68.7562","4.12566","144.02","-0.500941","-0.283811","-178.477"
6491,0,"68.7908","3.99062","144.046","-0.463539","-0.529829","-178.541"
6492,0,"68.9713","3.55219","144.346","-0.318669","-1.09977","-178.39"
6493,0,"69.0031","2.77041","144.993","0.262122","-2.31438","-178.61"
6494,0,"68.9986","2.84446","144.966","0.22317","-2.4789","-178.65"
6495,0,"68.9843","2.71722","144.955","0.179024","-2.36227","-178.577"
6496,0,"68.7642","4.13039","144.022","-0.373851","-0.453185","-178.468"
6497,0,"68.8957","3.81659","144.257","-0.348672","-1.00171","-178.553"
6498,0,"68.8367","3.90658","144.234","-0.265319","-0.693497","-178.468"
6499,0,"69.1107","2.52791","145.274","0.445147","-2.77994","-178.604"
6500,0,"69.1518","2.7435","145.074","0.289678","-2.51529","-178.509"
6501,0,"68.7916","4.09465","144.088","-0.407824","-0.444799","-178.441"
6502,0,"69.0367","2.60422","145.161","0.233266","-2.55088","-178.561"
6503,0,"68.8525","3.96898","144.223","-0.252741","-0.70508","-178.485"
6504,0,"69.0176","2.84695","145.118","0.268998","-2.45586","-178.543"
6505,0,"69.0253","2.80804","145.048","0.270587","-2.36979","-178.57"
6506,0,"68.7017","3.99115","144.182","-0.537243","-0.470327","-178.37"
6507,0,"68.9098","3.00368","144.943","0.146273","-2.08971","-178.546"
6508,0,"69.1284","2.60385","145.187","0.401514","-2.81766","-178.581"
6509,0,"68.9097","3.85982","144.324","-0.232868","-0.820173","-178.436"
6510,0,"68.8176","4.01285","144.048","-0.380112","-0.578064","-178.476"
6511,0,"68.9697","3.61865","144.26","-0.253443","-0.986262","-178.446"
6512,0,"69.1363","2.52938","145.133","0.280102","-2.59013","-178.57"
6513,0,"68.8192","4.06931","144.141","-0.3384","-0.543973","-178.447"
6514,0,"69.0307","2.63837","145.015","0.172537","-2.38442","-178.591"
6515,0,"68.8077","3.94645","144.141","-0.303937","-0.72537","-178.509"
6516,0,"68.7476","4.04917","144.179","-0.369878","-0.534703","-178.471"
6517,0,"68.8176","4.00847","143.981","-0.424376","-0.574308","-178.509"
6518,0,"68.7911","3.86339","144.119","-0.413576","-0.705986","-178.489"
6519,0,"68.9722","3.01265","144.868","0.154719","-2.05538","-178.56"
6520,0,"69.1392","2.61755","145.203","0.267976","-2.60025","-178.513"
6521,0,"68.7753","4.12899","144.043","-0.353437","-0.362204","-178.482"
6522,0,"68.7546","4.05034","144.178","-0.334619","-0.521347","-178.44"
6523,0,"69.0003","2.87339","145.041","0.207212","-2.35788","-178.549"
6524,0,"68.9457","3.6974","144.409","-0.207715","-0.879914","-178.406"
6525,0,"69.1393","2.69862","145.039","0.259321","-2.42732","-178.533"
6526,0,"68.8139","4.03854","144.132","-0.35372","-0.490529","-178.475"
6527,0,"68.8198","3.97877","144.228","-0.264921","-0.678061","-178.5"
6528,0,"68.9923","2.99735","144.929","0.151581","-2.05916","-178.53"
6529,0,"68.9845","2.90113","145.039","0.246902","-2.37092","-178.583"
6530,0,"69.2003","2.36098","145.279","0.403527","-2.95044","-178.601"
6531,0,"69.0013","2.94668","144.955","0.188796","-2.29209","-178.533"
6532,0,"68.8066","3.92386","144.276","-0.253851","-0.736189","-178.521"
6533,0,"69.1498","2.47576","145.104","0.269409","-2.71484","-178.555"
6534,0,"69.1207","2.15056","145.298","0.293893","-2.97503","-178.526"
6535,0,"68.9658","3.72582","144.194","-0.286874","-0.901436","-178.473"
6536,0,"68.8633","3.68514","144.203","-0.320146","-0.938733","-178.509"
6537,0,"68.9356","2.85945","144.935","0.11085","-2.31279","-178.629"
6538,0,"68.9152","3.83419","144.267","-0.255445","-0.81922","-178.471"
6539,0,"68.9938","2.90413","144.964","0.171352","-2.23584","-178.509"
6540,0,"68.8177","3.85224","144.152","-0.370874","-0.705204","-178.524"
6541,0,"69.2117","2.47331","145.236","0.400546","-2.77583","-178.577"
6542,0,"68.847","3.89211","144.097","-0.356854","-0.529456","-178.476"
6543,0,"69.1615","2.63261","145.184","0.375309","-2.69506","-178.555"
6544,0,"68.9904","2.78588","145.06","0.214025","-2.30537","-178.532"
6545,0,"68.9996","2.95041","144.968","0.212697","-2.25577","-178.537"
6546,0,"68.9929","2.84325","145.023","0.227222","-2.26654","-178.559"
6547,0,"68.793","4.01268","144.198","-0.27409","-0.655101","-178.55"
6548,0,"68.9406","2.92458","144.981","0.129404","-2.17028","-178.527"
6549,0,"68.9945","2.98282","144.972","0.1983","-2.23837","-178.558"
6550,0,"69.1483","2.52678","145.225","0.385882","-2.73866","-178.542"
6551,0,"68.9674","2.95768","144.972","0.152717","-2.15455","-178.534"
6552,0,"69.0459","2.79191","145.017","0.250922","-2.3001","-178.542"
6553,0,"69.1421","2.74437","145.111","0.229861","-2.50441","-178.515"
6554,0,"68.7493","4.10833","144.192","-0.339553","-0.505813","-178.549"
6555,0,"68.8222","4.03521","144.131","-0.300602","-0.525426","-178.482"
6556,0,"69.009","2.86183","145.056","0.316544","-2.41455","-178.543"
6557,0,"69.1177","2.37417","145.131","0.33469","-2.7061","-178.614"
6558,0,"68.7653","4.10434","144.111","-0.342881","-0.407885","-178.458"
6559,0,"68.8801","3.88526","144.297","-0.273811","-0.690474","-178.45"
6560,0,"69.0086","2.81588","144.931","0.159494","-2.27722","-178.601"
6561,0,"68.7353","3.94427","144.16","-0.530502","-0.418591","-178.398"
6562,0,"68.8072","3.86865","144.126","-0.354424","-0.607468","-178.491"
6563,0,"68.8222","3.94698","144.144","-0.341242","-0.65561","-178.515"
6564,0,"68.8566","4.00078","144.152","-0.345753","-0.612233","-178.441"
6565,0,"68.8216","3.99682","144.156","-0.343464","-0.533788","-178.491"
6566,0,"68.78","4.17819","144.061","-0.373972","-0.416472","-178.515"
6567,0,"69.1519","2.50667","145.257","0.342132","-2.60513","-178.507"
6568,0,"69.0019","2.85086","145.087","0.121716","-2.3191","-178.498"
6569,0,"68.759","4.09314","144.225","-0.366278","-0.666619","-178.574"
6570,0,"68.7524","4.13677","144.058","-0.436688","-0.367531","-178.49"
6571,0,"68.7848","4.04179","144.061","-0.370121","-0.526658","-178.55"
6572,0,"68.7876","3.9913","144.2","-0.305174","-0.649844","-178.459"
6573,0,"68.9647","2.73237","145.127","0.1794","-2.38189","-178.54"
6574,0,"69.0966","2.71115","145.15","0.247606","-2.59772","-178.517"
6575,0,"68.7479","4.03204","144.144","-0.554933","-0.422433","-178.383"
6576,0,"69.1009","2.67385","145.155","0.372487","-2.73336","-178.685"
6577,0,"69.0497","2.67753","145.009","0.208335","-2.49919","-178.591"
6578,0,"68.9734","2.97245","145.045","0.162973","-2.39607","-178.672"
6579,0,"69.0023","2.60157","145.106","0.215438","-2.59033","-178.69"
6580,0,"69.04","3.60601","144.29","-0.205279","-1.13883","-178.513"
6581,0,"68.8064","3.83269","144.138","-0.382913","-0.681088","-178.468"
6582,0,"68.7823","4.08684","144.065","-0.456029","-0.415745","-178.42"
6583,0,"68.9762","3.62707","144.248","-0.268611","-0.992771","-178.526"
6584,0,"68.9995","2.76733","144.937","0.256014","-2.47962","-178.618"
6585,0,"68.8015","4.0432","144.114","-0.393989","-0.416985","-178.44"
6586,0,"68.7931","4.08491","144.062","-0.343814","-0.434391","-178.463"
6587,0,"69.1205","2.59743","145.149","0.396005","-2.61477","-178.579"
6588,0,"68.9599","3.67465","144.303","-0.217507","-1.19626","-178.424"
6589,0,"68.7982","3.93975","144.212","-0.376431","-0.545444","-178.411"
6590,0,"68.8002","4.03669","144.111","-0.353597","-0.507259","-178.479"
6591,0,"68.978","3.68067","144.192","-0.269918","-0.956371","-178.472"
6592,0,"69.1556","2.62056","145.182","0.390419","-2.72567","-178.56"
6593,0,"68.8449","4.05504","144.184","-0.365593","-0.478097","-178.484"
6594,0,"69.1554","2.55771","145.246","0.395351","-2.78229","-178.597"
6595,0,"69.0055","2.85638","144.971","0.159196","-2.19244","-178.543"
6596,0,"68.9923","2.88966","144.983","0.118391","-2.40168","-178.66"
6597,0,"68.9284","3.8058","144.297","-0.227956","-0.726707","-178.431"
6598,0,"68.9592","2.96563","145.024","0.14996","-2.36411","-178.611"
6599,0,"68.788","4.05911","144.182","-0.291428","-0.564874","-178.474"
6600,0,"68.7723","4.10834","144.079","-0.454507","-0.52881","-178.446"
6601,0,"68.7777","4.00643","144.016","-0.394614","-0.453488","-178.495"
6602,0,"68.7959","4.11727","144.064","-0.420598","-0.605057","-178.583"
6603,0,"68.9773","3.78109","144.243","-0.288983","-0.917351","-178.446"
6604,0,"68.9913","2.7424","144.969","0.140241","-2.38653","-178.633"
6605,0,"68.8054","4.07619","144.049","-0.445148","-0.279927","-178.422"
6606,0,"69.0154","2.81973","145.093","0.172033","-2.41352","-178.526"
6607,0,"68.8107","3.96561","144.197","-0.332945","-0.557213","-178.438"
6608,0,"69.1208","2.50327","145.086","0.316372","-2.87739","-178.738"
6609,0,"68.9616","2.94311","145.007","0.26577","-2.26484","-178.605"
6610,0,"68.7792","4.08849","144.072","-0.413106","-0.447801","-178.442"
6611,0,"69.0014","2.88415","144.98","0.218292","-2.27972","-178.559"
6612,0,"68.9933","2.88985","145.11","0.268526","-2.42917","-178.603"
6613,0,"68.9541","3.82912","144.246","-0.301232","-0.77323","-178.399"
6614,0,"68.9344","2.96587","145.015","0.288113","-2.32892","-178.596"
6615,0,"68.7951","4.05156","144.118","-0.317164","-0.44912","-178.456"
6616,0,"68.9575","2.92017","144.996","0.157905","-2.14625","-178.534"
6617,0,"68.7553","4.04666","144.111","-0.358374","-0.448013","-178.451"
6618,0,"68.7322","4.09555","144.141","-0.409911","-0.441701","-178.563"
6619,0,"68.8253","3.91857","144.248","-0.199022","-0.786274","-178.491"
6620,0,"68.8578","3.90683","144.069","-0.420027","-0.489641","-178.478"
6621,0,"69.1146","2.47191","145.298","0.430706","-2.83963","-178.548"
6622,0,"68.9521","2.68675","144.954","0.0469116","-2.34572","-178.505"
6623,0,"69.0389","2.6463","144.931","0.221193","-2.39422","-178.6"
6624,0,"68.8206","3.93872","144.087","-0.437786","-0.563831","-178.52"
6625,0,"68.8435","3.96256","144.011","-0.428036","-0.584013","-178.456"
6626,0,"68.8803","3.78002","144.322","-0.264292","-0.817067","-178.413"
6627,0,"68.7941","3.98209","144.059","-0.398791","-0.514727","-178.515"
6628,0,"69.0236","2.59867","145.091","0.31948","-2.51237","-178.656"
6629,0,"69.001","3.00709","144.928","0.158766","-2.21407","-178.581"
6630,0,"69.1206","2.62725","145.166","0.302653","-2.55887","-178.528"
6631,0,"69.1352","2.70451","145.151","0.377935","-2.63326","-178.553"
6632,0,"69.0144","2.65283","145.066","0.332148","-2.5829","-178.645"
6633,0,"69.0213","2.86296","144.997","0.286207","-2.22891","-178.56"
6634,0,"68.9465","2.98584","145.037","0.148661","-2.28341","-178.616"
6635,0,"68.8033","4.00819","144.117","-0.404446","-0.448145","-178.455"
6636,0,"68.9332","3.85319","144.382","-0.197376","-1.06035","-178.545"
6637,0,"68.955","3.06451","144.872","0.129199","-2.07062","-178.594"
6638,0,"68.6763","4.06731","144.123","-0.580834","-0.297184","-178.398"
6639,0,"68.9837","2.94966","144.947","0.228214","-2.20491","-178.55"
6640,0,"68.9894","3.64368","144.381","-0.191227","-1.08911","-178.464"
6641,0,"68.9876","2.90924","144.928","0.13322","-2.05361","-178.499"
6642,0,"68.8358","3.89057","144.082","-0.371637","-0.618031","-178.536"
6643,0,"69.0202","2.91013","145.056","0.26146","-2.29543","-178.555"
6644,0,"68.8759","3.80445","144.248","-0.293409","-0.795037","-178.52"
6645,0,"69.1772","2.44716","145.097","0.23179","-2.78906","-178.57"
6646,0,"68.971","2.84571","144.949","0.267042","-2.32418","-178.662"
6647,0,"68.9894","3.71231","144.201","-0.282773","-0.983808","-178.481"
6648,0,"68.9971","2.75928","144.933","0.192966","-2.34317","-178.614"
6649,0,"68.7953","4.01107","144.082","-0.430197","-0.570882","-178.453"
6650,0,"69.06","2.72149","145.132","0.38026","-2.48568","-178.608"
6651,0,"69.08","2.66722","145.177","0.295789","-2.66005","-178.643"
6652,0,"69.089","2.3919","145.287","0.438343","-3.11646","-178.736"
6653,0,"68.9894","2.89506","145.014","0.202173","-2.28644","-178.641"
6654,0,"68.8706","3.78833","144.314","-0.378207","-0.725303","-178.421"
6655,0,"68.8422","4.01152","144.186","-0.311686","-0.692244","-178.481"
6656,0,"69.1602","2.69886","145.171","0.343097","-2.60429","-178.599"
6657,0,"68.8357","3.99049","144.117","-0.433421","-0.489634","-178.417"
6658,0,"69.0759","2.8179","145.08","0.275417","-2.44481","-178.543"
6659,0,"69.1267","2.55237","145.239","0.321382","-2.64307","-178.545"
6660,0,"68.7881","3.94695","144.203","-0.362871","-0.596322","-178.485"
6661,0,"68.9771","2.7908","144.878","0.154869","-2.26247","-178.606"
6662,0,"68.9935","2.91975","144.93","0.268436","-2.21887","-178.56"
6663,0,"68.8832","3.85866","144.237","-0.351973","-0.839272","-178.405"
6664,0,"68.7306","4.15982","144.045","-0.422618","-0.529353","-178.562"
6665,0,"68.9653","2.59698","145.028","0.0530275","-2.54299","-178.57"
6666,0,"69.0003","3.71183","144.164","-0.288062","-0.916981","-178.458"
6667,0,"69.0211","2.73813","144.953","0.184979","-2.3765","-178.636"
6668,0,"68.9777","3.74224","144.311","-0.193455","-1.08781","-178.49"
6669,0,"69.1756","2.29805","145.229","0.345603","-2.9457","-178.617"
6670,0,"68.9879","3.85617","144.341","-0.194951","-0.88999","-178.462"
6671,0,"69.0172","2.72551","144.979","0.251268","-2.44476","-178.585"
6672,0,"68.7831","4.07334","143.969","-0.492819","-0.299064","-178.459"
6673,0,"68.8295","3.92291","144.27","-0.264841","-0.709958","-178.521"
6674,0,"68.9817","3.06553","144.939","0.157885","-2.19968","-178.521"
6675,0,"68.8699","3.65758","144.365","-0.354256","-0.857785","-178.394"
6676,0,"68.9207","2.9867","144.967","0.164519","-2.19241","-178.57"
6677,0,"69.011","2.79994","144.998","0.207466","-2.42787","-178.585"
6678,0,"68.9046","3.93388","144.134","-0.284552","-0.724507","-178.401"
6679,0,"68.9631","3.58","144.469","-0.193871","-1.06201","-178.441"
6680,0,"68.9216","3.92361","144.244","-0.285818","-0.870155","-178.532"
6681,0,"68.9459","3.73236","144.374","-0.278759","-1.04598","-178.571"
6682,0,"69.0142","2.89121","144.975","0.34171","-2.27351","-178.619"
6683,0,"68.9643","2.93615","144.952","0.221558","-2.19864","-178.581"
6684,0,"68.8371","3.98099","144.169","-0.303112","-0.618305","-178.508"
6685,0,"68.9808","2.80253","145.1","0.267908","-2.33527","-178.562"
6686,0,"68.9438","3.85068","144.216","-0.33948","-1.01368","-178.585"
6687,0,"68.8172","3.87271","144.228","-0.321342","-0.874072","-178.635"
6688,0,"68.9518","3.69771","144.285","-0.323598","-1.00014","-178.452"
6689,0,"68.9431","2.77935","145.113","0.297058","-2.47347","-178.548"
6690,0,"68.7912","4.08091","143.969","-0.439349","-0.407827","-178.463"
6691,0,"69.0045","2.68494","145.043","0.179753","-2.37165","-178.592"
6692,0,"68.825","4.05726","144.083","-0.392866","-0.492507","-178.436"
6693,0,"68.8123","3.73657","144.251","-0.449609","-0.822617","-178.45"
6694,0,"68.7878","4.19357","144.051","-0.414103","-0.340219","-178.477"
6695,0,"69.0346","2.75345","145.109","0.247762","-2.32736","-178.579"
6696,0,"69.009","2.93019","144.978","0.236937","-2.28168","-178.571"
6697,0,"68.9608","2.90502","145.05","0.255893","-2.31681","-178.584"
6698,0,"68.7493","4.13333","144.109","-0.424238","-0.366616","-178.463"
6699,0,"68.9573","3.74286","144.336","-0.175277","-0.950697","-178.449"
6700,0,"68.9241","3.78053","144.278","-0.232888","-0.842361","-178.462"
6701,0,"68.7783","3.98029","144.215","-0.393815","-0.623106","-178.457"
6702,0,"68.9732","2.88809","144.908","0.112957","-2.10287","-178.595"
6703,0,"68.987","2.83164","144.959","0.257945","-2.31497","-178.633"
6704,0,"68.9946","2.92569","144.965","0.220793","-2.23404","-178.563"
6705,0,"69.1384","2.47955","145.08","0.288787","-2.63424","-178.587"
6706,0,"68.701","4.15577","144.111","-0.542811","-0.356243","-178.515"
6707,0,"68.8949","3.93726","144.142","-0.29867","-0.787732","-178.529"
6708,0,"68.9759","2.67953","144.993","0.229255","-2.44867","-178.589"
6709,0,"69.0103","2.91965","144.923","0.170371","-2.20636","-178.529"
6710,0,"68.8605","3.7883","144.265","-0.2522","-0.879249","-178.485"
6711,0,"68.8335","3.84597","144.202","-0.269159","-0.886221","-178.516"
6712,0,"68.9322","2.77375","145.044","0.236818","-2.38549","-178.59"
6713,0,"68.9701","2.9957","144.86","0.163591","-2.27033","-178.683"
6714,0,"69.1268","2.69351","145.14","0.319524","-2.56556","-178.503"
6715,0,"68.8168","4.00665","144.106","-0.378734","-0.530196","-178.457"
6716,0,"68.7873","4.01192","144.032","-0.467595","-0.4536","-178.466"
6717,0,"69.0267","2.86056","145.099","0.227","-2.41806","-178.539"
6718,0,"68.7839","4.0959","144.176","-0.454272","-0.544805","-178.559"
6719,0,"69.0258","2.9355","145.032","0.243428","-2.32649","-178.542"
6720,0,"69.0789","2.51654","145.269","0.231379","-2.75755","-178.613"
6721,0,"68.9444","3.74784","144.298","-0.154775","-0.990658","-178.458"
6722,0,"68.8966","2.92086","144.986","-0.00945699","-2.08148","-178.545"
6723,0,"68.7956","3.93574","144.173","-0.344021","-0.623701","-178.42"
6724,0,"68.9091","3.74589","144.324","-0.30327","-0.757724","-178.45"
6725,0,"68.9529","2.87952","144.959","0.226258","-2.20096","-178.586"
6726,0,"68.9569","3.01868","144.881","0.201664","-2.06022","-178.549"
6727,0,"68.7762","4.20268","144.023","-0.404234","-0.373462","-178.491"
6728,0,"68.955","3.07156","144.937","0.184033","-2.19481","-178.679"
6729,0,"69.0422","2.94531","144.979","0.225866","-2.27959","-178.532"
6730,0,"69.0522","2.77007","145.079","0.25627","-2.42735","-178.543"
6731,0,"68.9854","3.01823","144.95","0.192575","-2.21265","-178.665"
6732,0,"68.8467","3.80762","144.125","-0.413389","-0.583263","-178.489"
6733,0,"69.0892","2.79156","145.093","0.249929","-2.5236","-178.632"
6734,0,"68.9119","3.78914","144.303","-0.270343","-0.908955","-178.405"
6735,0,"68.7794","4.18789","144.053","-0.43166","-0.334863","-178.431"
6736,0,"69.1074","2.45978","145.118","0.294128","-2.72226","-178.599"
6737,0,"68.7931","3.97138","144.138","-0.405671","-0.618193","-178.465"
6738,0,"69.0143","3.63704","144.311","-0.209937","-1.05705","-178.44"
6739,0,"69.0137","2.8908","144.907","0.218915","-2.33167","-178.6"
6740,0,"69.0017","2.83519","145.001","0.135262","-2.19991","-178.533"
6741,0,"69.0131","2.89093","144.963","0.253039","-2.33611","-178.539"
6742,0,"68.7679","4.2615","144.12","-0.359967","-0.529843","-178.613"
6743,0,"69.153","2.60232","145.135","0.351366","-2.64819","-178.574"
6744,0,"69.0137","2.85938","144.973","0.151124","-2.20726","-178.509"
6745,0,"69.05","3.61105","144.431","-0.12267","-1.229","-178.415"
6746,0,"68.7654","4.04377","144.09","-0.431946","-0.451273","-178.438"
6747,0,"68.8395","3.9532","144.101","-0.392153","-0.54448","-178.383"
6748,0,"68.9151","3.77806","144.257","-0.246706","-0.811216","-178.465"
6749,0,"69.1108","2.59978","145.187","0.298171","-2.59801","-178.506"
6750,0,"68.7993","4.00764","144.205","-0.271816","-0.623024","-178.485"
6751,0,"68.8015","3.84768","144.147","-0.321105","-0.634347","-178.487"
6752,0,"68.9787","2.91628","144.983","0.142748","-2.25296","-178.565"
6753,0,"68.8041","4.14048","144.169","-0.356044","-0.674195","-178.572"
6754,0,"69.182","2.53933","145.108","0.338026","-2.79818","-178.615"
6755,0,"68.9398","2.90909","144.978","0.183215","-2.13979","-178.609"
6756,0,"69.0468","2.79709","145.044","0.27627","-2.4066","-178.513"
6757,0,"68.7699","3.97317","144.161","-0.38285","-0.768151","-178.608"
6758,0,"69.1471","2.50481","145.118","0.302321","-2.94051","-178.713"
6759,0,"69.1107","2.61749","145.092","0.248993","-2.74512","-178.725"
6760,0,"68.8049","4.01475","144.155","-0.356539","-0.51765","-178.455"
6761,0,"68.9835","2.56707","144.996","0.18042","-2.54342","-178.589"
6762,0,"68.9481","2.73722","144.983","0.191673","-2.41451","-178.611"
6763,0,"68.7165","3.93921","144.066","-0.576162","-0.548494","-178.43"
6764,0,"69.0941","2.48629","145.242","0.335416","-2.74142","-178.543"
6765,0,"68.9952","2.87351","144.99","0.278935","-2.2888","-178.58"
6766,0,"68.8528","3.96842","143.975","-0.4282","-0.439566","-178.52"
6767,0,"68.9368","3.78188","144.286","-0.233575","-0.737025","-178.439"
6768,0,"69.1285","2.64001","145.224","0.364712","-2.82916","-178.678"
6769,0,"68.9617","3.70344","144.304","-0.300463","-0.772373","-178.38"
6770,0,"69.1363","2.67444","145.067","0.300261","-2.52126","-178.55"
6771,0,"69.1995","2.40031","145.253","0.399084","-2.8361","-178.536"
6772,0,"69.1491","2.69078","145.107","0.323957","-2.62052","-178.506"
6773,0,"69.0741","2.60166","145.017","0.208603","-2.55667","-178.578"
6774,0,"69.1019","2.6359","145.011","0.327272","-2.64382","-178.667"
6775,0,"68.8355","3.93278","144.27","-0.348564","-0.675841","-178.411"
6776,0,"69.0272","2.73746","145.057","0.176566","-2.42232","-178.596"
6777,0,"69.1468","2.45645","145.269","0.347491","-2.72149","-178.549"
6778,0,"69.002","3.66939","144.285","-0.256061","-1.0515","-178.464"
6779,0,"69.0194","3.45798","144.425","-0.115028","-1.29629","-178.486"
6780,0,"68.7912","4.04487","144.042","-0.388728","-0.631416","-178.612"
6781,0,"68.9495","3.74078","144.301","-0.220531","-0.871628","-178.464"
6782,0,"69.0221","2.86197","144.921","0.197077","-2.38355","-178.598"
6783,0,"68.9378","2.6524","145.034","0.0646758","-2.33344","-178.551"
6784,0,"68.9334","2.88442","144.982","0.206094","-2.20837","-178.591"
6785,0,"69.1441","2.44341","145.154","0.355303","-2.75924","-178.585"
6786,0,"68.979","2.8763","145.017","0.168852","-2.24298","-178.579"
6787,0,"68.9986","2.82052","145.108","0.254538","-2.37816","-178.563"
6788,0,"68.8118","4.02949","144.125","-0.373152","-0.585742","-178.427"
6789,0,"68.7672","4.06483","144.073","-0.426972","-0.4495","-178.437"
6790,0,"68.9498","2.81126","145.035","0.101506","-2.12808","-178.522"
6791,0,"68.9346","3.79856","144.265","-0.267443","-0.736824","-178.446"
6792,0,"69.026","2.82406","145.046","0.177305","-2.37448","-178.547"
6793,0,"68.9544","3.83224","144.289","-0.253912","-0.810598","-178.457"
6794,0,"68.9947","2.96495","144.928","0.177383","-1.94264","-178.573"
6795,0,"69.1246","2.48096","145.151","0.325838","-2.73697","-178.593"
6796,0,"68.9708","2.98374","144.955","0.188903","-2.15245","-178.563"
6797,0,"68.8996","2.96407","145.036","0.0620514","-2.22878","-178.515"
6798,0,"68.9255","2.69118","144.99","0.176518","-2.38379","-178.631"
6799,0,"68.7059","3.85081","144.112","-0.516476","-0.55125","-178.457"
6800,0,"69.1464","2.51612","145.128","0.345974","-2.75905","-178.599"
6801,0,"68.7951","4.13209","144.041","-0.394809","-0.314164","-178.465"
6802,0,"68.8453","3.85711","144.214","-0.292943","-0.924451","-178.477"
6803,0,"69.1694","2.47978","145.075","0.3037","-2.7234","-178.618"
6804,0,"69.0159","2.71774","145.1","0.259999","-2.44934","-178.6"
6805,0,"69.0333","2.83581","145.019","0.258455","-2.39667","-178.596"
6806,0,"69.0887","2.75248","145.073","0.275996","-2.60495","-178.648"
6807,0,"69.0973","2.63647","145.012","0.241336","-2.52329","-178.553"
6808,0,"68.7323","4.01346","144.171","-0.37228","-0.557584","-178.485"
6809,0,"69.0169","2.82018","145.049","0.265707","-2.41066","-178.549"
6810,0,"68.8073","3.83569","144.08","-0.434183","-0.702683","-178.473"
6811,0,"69.0031","2.90237","144.961","0.1813","-2.27939","-178.57"
6812,0,"68.98","3.06797","144.919","0.180199","-2.14183","-178.577"
6813,0,"68.9557","3.65219","144.345","-0.239755","-1.05236","-178.361"
6814,0,"69.2012","2.39124","145.171","0.341229","-2.83633","-178.592"
6815,0,"68.8123","3.93573","144.161","-0.307667","-0.718687","-178.499"
6816,0,"68.9798","3.65913","144.388","-0.260646","-1.07603","-178.53"
6817,0,"69.0284","2.90905","144.947","0.22395","-2.17565","-178.549"
6818,0,"68.7585","3.91215","144.219","-0.436968","-0.553103","-178.423"
6819,0,"69.0091","2.93227","144.878","0.154044","-2.29717","-178.707"
6820,0,"68.7967","3.89571","144.24","-0.331806","-0.636353","-178.489"
6821,0,"69.0979","2.69501","145.094","0.318457","-2.60088","-178.594"
6822,0,"68.7847","3.82732","144.141","-0.397895","-0.634649","-178.499"
6823,0,"69.0011","2.79259","144.956","0.133436","-2.29344","-178.553"
6824,0,"69.1058","2.32914","145.112","0.17351","-2.74116","-178.536"
6825,0,"68.7858","4.08937","144.074","-0.351284","-0.508792","-178.446"
6826,0,"68.8383","3.94089","144.195","-0.315296","-0.659688","-178.48"
6827,0,"68.8315","3.92233","144.182","-0.306169","-0.896402","-178.504"
6828,0,"68.8146","4.12841","144.079","-0.342044","-0.458059","-178.473"
6829,0,"69.17","2.55288","145.199","0.35076","-2.76173","-178.491"
6830,0,"68.8104","3.96906","144.193","-0.419322","-0.429675","-178.456"
6831,0,"69.0015","2.87108","145.034","0.306405","-2.31509","-178.599"
6832,0,"69.0382","2.74892","145.125","0.292435","-2.68955","-178.685"
6833,0,"69.0256","2.81478","145.123","0.254232","-2.65011","-178.648"
6834,0,"69.0783","2.49203","145.236","0.330895","-2.65778","-178.528"
6835,0,"68.9769","2.7125","144.943","0.293353","-2.44015","-178.617"
6836,0,"68.6978","4.09821","144.181","-0.552472","-0.388685","-178.463"
6837,0,"68.9927","3.66404","144.371","-0.171808","-1.10921","-178.416"
6838,0,"68.919","3.74966","144.313","-0.264945","-0.838944","-178.442"
6839,0,"68.9861","3.75013","144.21","-0.295344","-0.832697","-178.474"
6840,0,"68.9931","2.79916","145.004","0.174196","-2.22147","-178.542"
6841,0,"69.0228","2.74613","145.121","0.278068","-2.49955","-178.558"
6842,0,"68.9493","3.74877","144.331","-0.155579","-0.969277","-178.467"
6843,0,"68.9574","3.73628","144.239","-0.256011","-0.967417","-178.49"
6844,0,"69.1166","2.56753","145.219","0.422223","-2.73344","-178.539"
6845,0,"68.9955","2.85243","144.984","0.266387","-2.27804","-178.538"
6846,0,"68.9413","3.62028","144.137","-0.299889","-0.808767","-178.473"
6847,0,"68.9354","3.82028","144.138","-0.321829","-0.796673","-178.417"
6848,0,"68.9417","2.88111","144.979","0.18449","-2.31686","-178.585"
6849,0,"68.7767","4.09799","144.043","-0.355369","-0.413274","-178.496"
6850,0,"69.0638","2.63296","145.015","0.217421","-2.52516","-178.621"
6851,0,"68.7637","4.23618","144.083","-0.396638","-0.425681","-178.544"
6852,0,"69.2036","2.48954","145.211","0.302712","-2.74482","-178.512"
6853,0,"68.8422","4.10746","144.083","-0.401303","-0.419082","-178.461"
6854,0,"68.9552","3.85646","144.263","-0.184691","-0.877367","-178.462"
6855,0,"68.9937","2.88277","145.069","0.213641","-2.36587","-178.642"
6856,0,"69.0987","2.64736","145.09","0.285527","-2.56106","-178.52"
6857,0,"68.7454","3.8835","144.247","-0.471259","-0.592497","-178.397"
6858,0,"68.9332","3.74074","144.308","-0.175848","-0.93496","-178.506"
6859,0,"68.9582","2.87885","144.984","0.165525","-2.19887","-178.511"
6860,0,"68.8018","3.90823","144.161","-0.317583","-0.69224","-178.493"
6861,0,"69.0004","2.72916","145.081","0.204011","-2.55013","-178.547"
6862,0,"68.7992","4.10753","144.156","-0.320603","-0.751434","-178.587"
6863,0,"68.7601","4.02554","144.086","-0.614589","-0.442764","-178.509"
6864,0,"69.068","2.74519","144.994","0.255143","-2.39518","-178.587"
6865,0,"69.0557","2.84784","144.979","0.230762","-2.32579","-178.566"
6866,0,"68.9736","3.83024","144.235","-0.22366","-0.831636","-178.438"
6867,0,"68.8199","4.00223","144.063","-0.403713","-0.523118","-178.493"
6868,0,"68.8072","3.91541","144.163","-0.368867","-0.625814","-178.483"
6869,0,"68.7756","3.95316","144.154","-0.381869","-0.61428","-178.468"
6870,0,"68.9191","3.74817","144.235","-0.201993","-1.04014","-178.502"
6871,0,"68.9154","3.59934","144.29","-0.295831","-0.995258","-178.471"
6872,0,"69.1257","2.68986","145.105","0.34315","-2.66826","-178.563"
6873,0,"69.0526","2.65649","145.164","0.14124","-2.50951","-178.48"
6874,0,"69.054","3.72581","144.381","-0.162596","-1.01312","-178.423"
6875,0,"69.1485","2.32838","145.192","0.378284","-2.92258","-178.609"
6876,0,"68.7649","4.14836","144.129","-0.420972","-0.375207","-178.495"
6877,0,"68.9999","2.83416","145.089","0.267734","-2.22764","-178.555"
6878,0,"68.9937","2.90811","144.991","0.252547","-2.27861","-178.58"
6879,0,"69.1106","2.63263","145.223","0.345754","-2.66929","-178.551"
6880,0,"68.9834","2.82481","144.93","0.166664","-2.29183","-178.588"
6881,0,"68.7863","4.11395","144.013","-0.461507","-0.283946","-178.449"
6882,0,"68.9677","2.88964","144.821","0.18276","-2.19664","-178.617"
6883,0,"69.0766","2.43998","145.114","0.175335","-2.63579","-178.53"
6884,0,"68.7482","4.15062","144.03","-0.441309","-0.392927","-178.514"
6885,0,"68.9622","3.58577","144.278","-0.329473","-0.930386","-178.415"
6886,0,"68.7699","4.13595","144.07","-0.371533","-0.391423","-178.47"
6887,0,"68.7753","4.08386","144.117","-0.443313","-0.41318","-178.427"
6888,0,"69.1447","2.51343","145.116","0.277687","-2.65692","-178.591"
6889,0,"68.9608","3.71349","144.228","-0.320743","-0.893558","-178.428"
6890,0,"69.0343","2.90592","145.018","0.291016","-2.25846","-178.563"
6891,0,"68.8757","3.79411","144.193","-0.284405","-0.736689","-178.509"
6892,0,"69.1551","2.36479","145.165","0.178614","-2.6316","-178.502"
6893,0,"68.7901","3.99176","144.245","-0.295216","-0.755553","-178.594"
6894,0,"68.9527","2.97096","144.885","0.17852","-2.11795","-178.545"
6895,0,"68.8062","3.97649","144.143","-0.371337","-0.568295","-178.472"
6896,0,"68.7891","4.06957","144.185","-0.311916","-0.624173","-178.502"
6897,0,"69.1341","2.39824","145.281","0.413653","-2.80612","-178.612"
6898,0,"68.7786","4.23199","144.022","-0.384374","-0.345899","-178.502"
6899,0,"69.0011","2.79343","144.988","0.174832","-2.41267","-178.572"
6900,0,"68.7965","4.0679","144.139","-0.403891","-0.487589","-178.397"
6901,0,"68.8603","3.89711","144.104","-0.34915","-0.716378","-178.493"
6902,0,"68.8503","3.95901","144.166","-0.214151","-0.660483","-178.468"
6903,0,"69.0003","2.82161","144.977","0.154927","-2.14208","-178.555"
6904,0,"68.9275","3.8414","144.302","-0.300725","-0.715342","-178.415"
6905,0,"69.074","2.54215","145.095","0.248245","-2.62903","-178.574"
6906,0,"68.9611","3.67185","144.392","-0.212794","-1.06982","-178.411"
6907,0,"68.9433","3.72588","144.179","-0.249445","-0.86052","-178.477"
6908,0,"68.7591","3.97926","144.107","-0.403682","-0.568619","-178.489"
6909,0,"68.847","3.85637","144.279","-0.26005","-0.904206","-178.463"
6910,0,"68.9873","2.92692","144.929","0.252139","-2.21525","-178.556"
6911,0,"69.1944","2.4867","145.171","0.351189","-2.85579","-178.575"
6912,0,"69.068","2.6963","145.021","0.22594","-2.50256","-178.592"
6913,0,"69.005","2.89076","145.017","0.289463","-2.33514","-178.604"
6914,0,"68.981","3.78885","144.342","-0.172934","-1.01355","-178.464"
6915,0,"68.9943","3.52688","144.338","-0.163207","-1.13153","-178.522"
6916,0,"69.0812","2.43882","145.359","0.300862","-2.75935","-178.506"
6917,0,"68.9773","2.95468","144.955","0.137244","-2.12147","-178.543"
6918,0,"68.7603","4.13551","144.076","-0.401736","-0.427859","-178.497"
6919,0,"68.9821","2.95627","145.024","0.261713","-2.38477","-178.586"
6920,0,"69.0251","2.60374","145.19","0.189521","-2.59571","-178.517"
6921,0,"69.0142","2.81433","144.925","0.206987","-2.30271","-178.624"
6922,0,"69.1311","2.50131","145.34","0.422858","-2.89565","-178.61"
6923,0,"68.9836","2.92708","145.015","0.23665","-2.21877","-178.6"
6924,0,"69.1613","2.51173","145.214","0.431084","-2.7543","-178.584"
6925,0,"68.949","3.95002","144.262","-0.257924","-0.817442","-178.529"
6926,0,"68.8473","3.84843","144.068","-0.335049","-0.660504","-178.497"
6927,0,"69.1587","2.50605","145.241","0.43003","-2.71413","-178.593"
6928,0,"68.8173","4.04663","144.184","-0.310978","-0.625947","-178.488"
6929,0,"69.0006","2.82537","144.969","0.149427","-2.40037","-178.733"
6930,0,"69.1031","2.45965","145.032","0.22244","-2.52741","-178.605"
6931,0,"69.1258","2.40064","145.056","0.234373","-2.71312","-178.602"
6932,0,"69.1162","2.3889","145.155","0.441045","-2.82779","-178.614"
6933,0,"68.9399","3.88067","144.25","-0.270913","-1.00463","-178.549"
6934,0,"68.967","2.81082","145.059","0.239793","-2.35877","-178.58"
6935,0,"69.1125","2.47968","145.109","0.260954","-2.7455","-178.568"
6936,0,"69.0197","2.76453","144.933","0.230356","-2.43128","-178.649"
6937,0,"68.9475","3.87193","144.252","-0.312536","-0.704022","-178.384"
6938,0,"69.1183","2.54394","145.238","0.379109","-2.67809","-178.543"
6939,0,"68.7982","4.15924","144.061","-0.356997","-0.362985","-178.489"
6940,0,"68.9545","3.63645","144.457","-0.182712","-1.06146","-178.419"
6941,0,"68.7788","3.89249","144.26","-0.406191","-0.702219","-178.401"
6942,0,"68.7845","4.09654","144.092","-0.35327","-0.482971","-178.474"
6943,0,"68.7627","4.14978","144.052","-0.39488","-0.324137","-178.498"
6944,0,"68.7666","4.04034","144.133","-0.448707","-0.451526","-178.438"
6945,0,"69.0626","2.73942","145.082","0.248896","-2.54552","-178.51"
6946,0,"68.9331","3.79914","144.27","-0.324628","-0.781071","-178.404"
6947,0,"69.0531","2.55299","145.242","0.274924","-2.70131","-178.505"
6948,0,"68.9649","3.81702","144.252","-0.227593","-0.836974","-178.431"
6949,0,"68.7334","4.12404","144.189","-0.387455","-0.57702","-178.602"
6950,0,"68.9956","2.88725","145.008","0.177098","-2.31568","-178.565"
6951,0,"68.8268","3.98893","143.973","-0.40959","-0.40014","-178.475"
6952,0,"68.8077","4.09925","144.128","-0.240814","-0.650073","-178.502"
6953,0,"69.2029","2.34205","145.217","0.391027","-3.0063","-178.581"
6954,0,"69.0915","2.79325","145.07","0.278541","-2.54087","-178.627"
6955,0,"69.0119","2.82172","144.997","0.217394","-2.32728","-178.627"
6956,0,"68.7498","4.01799","144.091","-0.417467","-0.539011","-178.525"
6957,0,"69.1074","2.54598","145.222","0.285381","-2.66198","-178.521"
6958,0,"68.7623","4.16629","144.075","-0.40571","-0.337888","-178.491"
6959,0,"69.1571","2.59414","145.247","0.384516","-2.85007","-178.644"
6960,0,"69.0167","2.95463","144.993","0.229494","-2.317","-178.542"
6961,0,"69.0215","2.74486","145.08","0.265753","-2.41059","-178.552"
6962,0,"68.8077","3.97471","144.169","-0.337233","-0.637842","-178.482"
6963,0,"69.0383","2.61816","145.063","0.254912","-2.57315","-178.619"
6964,0,"68.936","3.81501","144.319","-0.218677","-0.942858","-178.456"
6965,0,"68.8112","4.06939","144.152","-0.365695","-0.549103","-178.467"
6966,0,"69.1362","2.60829","145.182","0.404167","-2.77326","-178.569"
6967,0,"68.7377","3.94486","144.004","-0.538309","-0.379059","-178.405"
6968,0,"68.803","3.97557","144.153","-0.331896","-0.597235","-178.46"
6969,0,"68.9544","2.85249","144.924","0.21241","-2.37403","-178.58"
6970,0,"68.8117","4.0348","144.2","-0.304461","-0.620864","-178.499"
6971,0,"68.8218","4.05739","144.133","-0.359404","-0.537694","-178.467"
6972,0,"69.1314","2.45783","145.164","0.245909","-2.74329","-178.501"
6973,0,"68.9836","3.93973","144.262","-0.263218","-0.897789","-178.53"
6974,0,"68.8141","3.99119","144.033","-0.495033","-0.47318","-178.503"
6975,0,"68.7229","4.08262","144.121","-0.425233","-0.295817","-178.496"
6976,0,"68.9711","3.00801","144.945","0.143799","-2.24725","-178.56"
6977,0,"69.005","2.69341","145.063","0.286304","-2.42365","-178.66"
6978,0,"69.1533","2.48459","145.198","0.421772","-2.80628","-178.635"
6979,0,"68.9587","2.94563","144.979","0.156409","-2.1533","-178.533"
6980,0,"68.797","4.10253","144.128","-0.360425","-0.454311","-178.438"
6981,0,"68.9387","2.62649","145.064","0.118789","-2.46674","-178.605"
6982,0,"69.0182","2.88755","144.901","0.196564","-2.28907","-178.571"
6983,0,"68.7923","4.02652","144.165","-0.392669","-0.515354","-178.425"
6984,0,"68.977","3.04555","145.002","0.183151","-2.2907","-178.654"
6985,0,"68.9167","3.03344","144.933","0.0935332","-2.12689","-178.654"
6986,0,"68.8256","4.09077","144.097","-0.396641","-0.511454","-178.442"
6987,0,"68.952","3.8433","144.341","-0.183331","-0.99116","-178.575"
6988,0,"68.7952","4.1505","144.051","-0.387756","-0.351106","-178.478"
6989,0,"68.9978","2.82117","145.071","0.207378","-2.31594","-178.537"
6990,0,"69.1444","2.68318","145.1","0.278985","-2.55051","-178.541"
6991,0,"69.1087","2.58291","145.179","0.346424","-2.62007","-178.557"
6992,0,"68.7994","4.06579","144.13","-0.356307","-0.54104","-178.479"
6993,0,"68.9385","3.71636","144.182","-0.360273","-0.793305","-178.438"
6994,0,"68.9702","2.88039","144.934","0.174224","-2.43581","-178.686"
6995,0,"68.9479","2.90024","145.001","0.196584","-2.19138","-178.532"
6996,0,"68.9714","2.77819","144.902","0.106996","-2.23098","-178.599"
6997,0,"68.7933","3.71288","144.198","-0.447313","-0.798924","-178.432"
6998,0,"68.9921","2.93387","144.98","0.154629","-2.15881","-178.549"
6999,0,"68.8344","3.91883","144.104","-0.416858","-0.622732","-178.482"
7000,0,"69.1498","2.39874","145.144","0.314518","-2.78546","-178.637"
7001,0,"69.0238","2.97314","144.975","0.228951","-2.34423","-178.559"
7002,0,"68.9802","3.67694","144.404","-0.207083","-0.949358","-178.433"
7003,0,"69.0269","2.76363","145.013","0.215792","-2.37743","-178.58"
7004,0,"69.0903","2.59207","145.209","0.311769","-2.58729","-178.544"
7005,0,"68.7622","4.14275","144.081","-0.352335","-0.697808","-178.534"
7006,0,"68.9192","2.61112","145.09","0.107136","-2.55994","-178.623"
7007,0,"69.0233","2.81841","144.929","0.164536","-2.46109","-178.608"
7008,0,"68.9963","2.87906","145.047","0.215803","-2.26242","-178.52"
7009,0,"68.9712","2.96541","145.043","0.282539","-2.43876","-178.679"
7010,0,"68.8474","4.01975","144.093","-0.353731","-0.529476","-178.486"
7011,0,"68.8393","3.9474","144.157","-0.407884","-0.608809","-178.44"
7012,0,"68.9522","2.8311","144.997","0.159149","-2.43611","-178.712"
7013,0,"68.9547","3.7657","144.294","-0.284248","-0.877788","-178.419"
7014,0,"68.7903","3.90224","144.119","-0.388972","-0.62481","-178.513"
7015,0,"68.9429","2.85735","145.123","0.219355","-2.50865","-178.675"
7016,0,"68.9444","3.7311","144.246","-0.225071","-0.985789","-178.489"
7017,0,"69.1041","2.73126","145.06","0.345098","-2.46334","-178.577"
7018,0,"68.812","3.92892","144.159","-0.428486","-0.550548","-178.467"
7019,0,"68.8364","3.92645","144.035","-0.386908","-0.561112","-178.527"
7020,0,"68.9408","3.69631","144.234","-0.283985","-0.743457","-178.493"
7021,0,"69.0024","2.86776","144.948","0.181456","-2.49573","-178.68"
7022,0,"68.8122","3.7395","144.227","-0.258132","-0.763567","-178.551"
7023,0,"69.1927","2.45442","145.209","0.383703","-2.87385","-178.576"
7024,0,"68.7568","4.10579","144.114","-0.372481","-0.385577","-178.463"
7025,0,"69.1774","2.5718","145.196","0.266237","-2.83701","-178.626"
7026,0,"69.012","2.85133","145.047","0.304197","-2.41936","-178.573"
7027,0,"68.9165","3.88301","144.196","-0.256766","-0.773083","-178.492"
7028,0,"69.122","2.64662","145.2","0.284616","-2.58972","-178.526"
7029,0,"68.951","2.99382","144.979","0.124203","-2.21688","-178.566"
7030,0,"68.7913","4.03891","144.105","-0.34089","-0.434388","-178.452"
7031,0,"68.96","2.89438","144.978","0.172456","-2.2712","-178.543"
7032,0,"68.9641","3.73801","144.324","-0.295565","-0.895418","-178.39"
7033,0,"68.8561","3.98576","144.04","-0.399545","-0.491921","-178.494"
7034,0,"68.8379","3.96139","144.179","-0.280945","-0.587832","-178.463"
7035,0,"69.0415","2.89859","145.042","0.267151","-2.30532","-178.574"
7036,0,"69.0698","2.74104","145.153","0.236191","-2.58844","-178.634"
7037,0,"68.9832","2.96515","144.955","0.146498","-2.0923","-178.56"
7038,0,"68.972","3.70381","144.387","-0.239265","-1.05511","-178.424"
7039,0,"68.9586","3.05054","144.908","0.183038","-2.07702","-178.593"
7040,0,"68.8107","3.87273","144.088","-0.421863","-0.538136","-178.413"
7041,0,"69.0056","2.82204","144.966","0.234505","-2.3974","-178.564"
7042,0,"68.9112","3.74986","144.354","-0.164749","-1.00195","-178.485"
7043,0,"69.1656","2.54558","145.077","0.275094","-2.81626","-178.67"
7044,0,"68.9613","3.81448","144.355","-0.212237","-1.01198","-178.525"
7045,0,"69.0868","2.653","145.048","0.261444","-2.60624","-178.576"
7046,0,"68.9405","3.80083","144.238","-0.344803","-0.667224","-178.388"
7047,0,"68.8664","3.90004","144.196","-0.329113","-0.724403","-178.482"
7048,0,"69.056","2.65856","145.056","0.193529","-2.47026","-178.516"
7049,0,"68.8388","4.02244","144.106","-0.364337","-0.495489","-178.458"
7050,0,"69.0197","2.93497","144.912","0.179422","-2.11276","-178.51"
7051,0,"68.9629","3.83494","144.338","-0.185221","-0.943282","-178.498"
7052,0,"68.7899","4.12332","144.005","-0.409165","-0.41228","-178.476"
7053,0,"68.9774","2.84007","145.044","0.186355","-2.34249","-178.543"
7054,0,"68.9651","3.69807","144.375","-0.162301","-1.1103","-178.445"
7055,0,"68.8221","3.86059","144.098","-0.446959","-0.542597","-178.455"
7056,0,"68.9293","2.79844","145.153","0.160307","-2.43483","-178.539"
7057,0,"68.9657","2.88982","145.064","0.261643","-2.26296","-178.604"
7058,0,"69.011","2.79933","145.012","0.227133","-2.29468","-178.586"
7059,0,"68.7626","4.08143","144.201","-0.45578","-0.573253","-178.531"
7060,0,"69.195","2.6304","145.163","0.34275","-2.64087","-178.532"
7061,0,"68.8327","3.87829","144.242","-0.347628","-0.745876","-178.483"
7062,0,"69.1555","2.32932","145.177","0.351085","-2.84181","-178.593"
7063,0,"68.7992","4.05196","144.134","-0.35239","-0.472682","-178.482"
7064,0,"68.7942","4.00744","144.177","-0.356739","-0.53092","-178.469"
7065,0,"68.7503","3.95514","144.081","-0.43318","-0.569506","-178.492"
7066,0,"69.0067","2.77692","144.958","0.203756","-2.38451","-178.596"
7067,0,"68.8239","3.90115","144.142","-0.364648","-0.716926","-178.517"
7068,0,"68.9764","2.8341","145.022","0.118481","-2.54844","-178.674"
7069,0,"68.9348","3.72314","144.348","-0.247966","-0.916739","-178.443"
7070,0,"68.8126","3.95876","144.232","-0.252104","-0.778475","-178.44"
7071,0,"68.8386","3.94687","144.246","-0.27918","-0.67681","-178.48"
7072,0,"68.9758","2.95553","144.904","0.132878","-2.07154","-178.546"
7073,0,"69.09","2.4749","145.348","0.281093","-2.77365","-178.526"
7074,0,"68.8178","4.01815","144.125","-0.359671","-0.50206","-178.49"
7075,0,"68.7733","4.0849","144.058","-0.465706","-0.296026","-178.471"
7076,0,"68.7629","4.1083","144.088","-0.468138","-0.341774","-178.442"
7077,0,"68.729","3.95828","144.185","-0.348614","-0.623236","-178.48"
7078,0,"68.9737","3.05625","144.934","0.133365","-2.2278","-178.628"
7079,0,"69.1165","2.52649","145.101","0.277596","-2.64137","-178.563"
7080,0,"69.0831","2.80153","145.213","0.321614","-2.72648","-178.685"
7081,0,"69.0035","2.90713","145.012","0.247871","-2.31782","-178.553"
7082,0,"68.8033","4.09375","143.984","-0.458922","-0.402732","-178.482"
7083,0,"69.1801","2.51117","145.084","0.301351","-2.71772","-178.569"
7084,0,"68.8059","4.11936","144.095","-0.328012","-0.449767","-178.463"
7085,0,"68.894","3.95797","144.184","-0.288925","-0.741371","-178.496"
7086,0,"69.1559","2.53379","145.176","0.352851","-2.88536","-178.677"
7087,0,"68.9309","3.70537","144.308","-0.263531","-0.895999","-178.454"
7088,0,"68.7553","4.19557","144.006","-0.385396","-0.308612","-178.487"
7089,0,"68.7762","3.96639","144.213","-0.292663","-0.638165","-178.496"
7090,0,"68.9746","2.87272","145.018","0.211335","-2.36518","-178.549"
7091,0,"69.0021","2.71628","144.986","0.246455","-2.43226","-178.623"
7092,0,"68.8824","3.85933","144.244","-0.302373","-0.692388","-178.445"
7093,0,"69.1481","2.42224","145.277","0.443831","-2.79448","-178.595"
7094,0,"68.7778","4.14464","144.049","-0.360032","-0.337687","-178.458"
7095,0,"69.0727","2.64932","145.158","0.253524","-2.51113","-178.522"
7096,0,"69.0226","3.00704","144.94","0.153259","-2.38363","-178.694"
7097,0,"68.9799","2.82129","145.032","0.244411","-2.30567","-178.552"
7098,0,"69.1005","2.69159","145.083","0.300057","-2.49149","-178.528"
7099,0,"68.7868","4.13068","144.1","-0.387552","-0.441266","-178.553"
7100,0,"69.1004","2.63047","144.951","0.309844","-2.46489","-178.61"
7101,0,"68.8718","3.76739","144.302","-0.210107","-1.20098","-178.628"
7102,0,"68.9554","3.66716","144.449","-0.19804","-1.15292","-178.406"
7103,0,"69.1178","2.66926","145.136","0.312023","-2.57915","-178.524"
7104,0,"68.8159","3.83122","144.09","-0.40424","-0.648642","-178.464"
7105,0,"69.1854","2.49633","145.298","0.34845","-2.9013","-178.528"
7106,0,"68.9755","3.09424","144.93","0.193878","-2.17849","-178.661"
7107,0,"68.9888","2.88003","144.969","0.22366","-2.141","-178.63"
7108,0,"68.8251","4.02834","144.137","-0.435495","-0.565169","-178.455"
7109,0,"68.8036","3.96353","144.279","-0.30309","-0.66647","-178.49"
7110,0,"69.0086","2.78964","145.034","0.259927","-2.31622","-178.603"
7111,0,"68.7936","3.94604","144.222","-0.326258","-0.688157","-178.468"
7112,0,"69.1243","2.43448","145.122","0.242394","-2.66252","-178.52"
7113,0,"68.8046","3.95041","144.236","-0.292366","-0.6592","-178.478"
7114,0,"68.9157","3.53773","144.288","-0.257864","-1.02702","-178.447"
7115,0,"68.9336","2.98356","144.993","0.224789","-2.414","-178.637"
7116,0,"68.7942","3.87066","144.078","-0.3532","-0.56169","-178.486"
7117,0,"68.9938","2.91292","145.01","0.214454","-2.21628","-178.582"
7118,0,"68.9335","3.81463","144.326","-0.241281","-0.997433","-178.436"
7119,0,"69.106","2.65973","145.184","0.296988","-2.73331","-178.64"
7120,0,"68.9499","3.74957","144.359","-0.211626","-1.02088","-178.4"
7121,0,"68.9447","3.83287","144.224","-0.262446","-0.924427","-178.519"
7122,0,"68.9853","2.75687","145.086","0.268993","-2.36127","-178.566"
7123,0,"69.1464","2.71607","145.076","0.264447","-2.49283","-178.552"
7124,0,"69.014","2.92266","144.967","0.238428","-2.18014","-178.566"
7125,0,"68.7731","4.05726","144.155","-0.417209","-0.460153","-178.437"
7126,0,"69.1211","2.45486","145.144","0.29868","-2.77205","-178.534"
7127,0,"69.0255","2.81771","144.907","0.195913","-2.40955","-178.622"
7128,0,"68.9866","2.76522","144.932","0.201867","-2.24963","-178.616"
7129,0,"68.9312","3.08529","144.954","0.199295","-2.27485","-178.691"
7130,0,"69.0243","2.7975","144.941","0.182646","-2.34581","-178.562"
7131,0,"69.0145","2.87461","145.017","0.176226","-2.26851","-178.507"
7132,0,"69.0161","2.92294","144.968","0.165313","-2.21243","-178.637"
7133,0,"69.052","2.75634","145.007","0.217709","-2.45018","-178.612"
7134,0,"69.1698","2.35395","145.179","0.260128","-2.95965","-178.7"
7135,0,"68.8697","3.90517","144.136","-0.322649","-0.622064","-178.488"
7136,0,"68.84","3.88422","144.294","-0.225058","-0.754551","-178.486"
7137,0,"68.8098","4.05457","144.1","-0.366655","-0.481313","-178.484"
7138,0,"68.9876","2.62085","145.019","0.230346","-2.52647","-178.624"
7139,0,"68.7967","4.08871","144.018","-0.447125","-0.306437","-178.425"
7140,0,"69.0219","2.72439","144.903","0.148895","-2.37559","-178.587"
7141,0,"69.1345","2.60114","145.128","0.312969","-2.59664","-178.514"
7142,0,"68.8492","3.88161","144.228","-0.323338","-0.687758","-178.43"
7143,0,"69.0389","2.91781","144.948","0.17941","-2.20362","-178.536"
7144,0,"69.0181","2.91935","145.023","0.159324","-2.14346","-178.516"
7145,0,"68.9897","3.03681","145.023","0.188827","-2.27068","-178.652"
7146,0,"68.7884","3.98542","144.189","-0.350706","-0.612778","-178.48"
7147,0,"69.0007","2.98592","144.944","0.211533","-2.1582","-178.553"
7148,0,"68.8244","3.99009","144.159","-0.312698","-0.587661","-178.474"
7149,0,"68.9394","2.72638","144.938","0.190769","-2.45598","-178.627"
7150,0,"68.7932","3.82358","144.321","-0.285262","-0.812694","-178.466"
7151,0,"68.7514","3.91955","144.229","-0.400037","-0.625232","-178.398"
7152,0,"68.9524","2.94217","144.964","0.232688","-2.2598","-178.575"
7153,0,"69.0022","2.74614","145.154","0.360595","-2.45448","-178.591"
7154,0,"68.9714","2.9376","145.092","0.269764","-2.47151","-178.692"
7155,0,"69.0075","2.84024","144.997","0.163573","-2.37172","-178.5"
7156,0,"68.9649","3.74824","144.247","-0.216881","-1.02562","-178.463"
7157,0,"68.769","3.93705","144.165","-0.435725","-0.424442","-178.368"
7158,0,"68.9948","2.81404","145.071","0.229443","-2.41297","-178.568"
7159,0,"69.0205","2.87039","144.999","0.146239","-2.24238","-178.491"
7160,0,"69.1053","2.51152","145.092","0.365122","-2.78093","-178.622"
7161,0,"68.7556","3.88848","144.214","-0.347349","-0.818072","-178.601"
7162,0,"69.0084","2.8261","145.042","0.253864","-2.39848","-178.587"
7163,0,"68.7673","3.94103","144.156","-0.410993","-0.748148","-178.484"
7164,0,"68.7539","3.99406","144.206","-0.346772","-0.647192","-178.489"
7165,0,"68.9916","2.73563","144.985","0.109334","-2.32638","-178.573"
7166,0,"69.01","2.9138","144.994","0.207348","-2.27728","-178.531"
7167,0,"69.0165","2.67388","145.004","0.206316","-2.43674","-178.596"
7168,0,"68.8269","3.95069","144.004","-0.376322","-0.484315","-178.553"
7169,0,"68.8432","3.89982","144.293","-0.249282","-0.84324","-178.478"
7170,0,"68.8247","4.03385","144.226","-0.414036","-0.675497","-178.55"
7171,0,"69.0885","2.58031","145.207","0.186823","-2.50227","-178.451"
7172,0,"68.9768","2.85491","144.956","0.144857","-2.34513","-178.72"
7173,0,"69.019","2.62002","144.999","0.17931","-2.42697","-178.572"
7174,0,"69.1","2.67147","145.066","0.23305","-2.70425","-178.719"
7175,0,"68.915","3.80868","144.241","-0.208777","-0.800196","-178.445"
7176,0,"69.1266","2.50028","145.131","0.369021","-2.82935","-178.587"
7177,0,"68.7879","3.9309","144.081","-0.391431","-0.548105","-178.48"
7178,0,"68.9511","2.87787","144.957","0.116327","-2.31803","-178.664"
7179,0,"69.1333","2.65705","145.135","0.341877","-2.54568","-178.576"
7180,0,"68.8584","4.10695","144.04","-0.390073","-0.448575","-178.473"
7181,0,"68.8481","3.97985","144.232","-0.284094","-0.634973","-178.479"
7182,0,"68.9294","3.92005","144.242","-0.25347","-0.788415","-178.561"
7183,0,"69.0236","2.70011","144.902","0.114385","-2.29875","-178.562"
7184,0,"68.7719","4.15766","144.053","-0.365874","-0.350884","-178.458"
7185,0,"68.7961","3.8849","144.164","-0.372603","-0.711425","-178.474"
7186,0,"68.9037","3.88672","144.242","-0.335185","-0.766661","-178.418"
7187,0,"68.9326","3.6916","144.358","-0.243817","-0.959623","-178.427"
7188,0,"68.9607","2.98706","144.922","0.126003","-2.1812","-178.552"
7189,0,"68.7464","4.12625","144.11","-0.458676","-0.296847","-178.436"
7190,0,"68.8067","4.04065","144.149","-0.301129","-0.601541","-178.492"
7191,0,"68.9934","3.79361","144.251","-0.234934","-0.942893","-178.434"
7192,0,"68.7845","3.94832","144.085","-0.401422","-0.562467","-178.503"
7193,0,"69.168","2.48836","145.259","0.43339","-2.68074","-178.579"
7194,0,"68.8645","3.88025","144.079","-0.37426","-0.675813","-178.504"
7195,0,"69.1592","2.49163","145.099","0.354086","-2.74941","-178.613"
7196,0,"69.0509","2.69625","145.001","0.185395","-2.51156","-178.591"
7197,0,"69.1765","2.43006","145.087","0.311927","-2.71373","-178.596"
7198,0,"68.8201","4.00223","143.985","-0.452921","-0.459954","-178.45"
7199,0,"68.9675","2.61777","144.986","0.0728903","-2.34302","-178.522"
7200,0,"68.9689","3.59445","144.237","-0.186379","-1.11329","-178.511"
7201,0,"68.8026","4.05961","144.129","-0.361681","-0.489995","-178.447"
7202,0,"68.8169","3.96771","144.128","-0.337033","-0.638631","-178.433"
7203,0,"68.813","3.99704","144.013","-0.422541","-0.496373","-178.493"
7204,0,"69.0528","2.69569","144.982","0.216078","-2.43967","-178.608"
7205,0,"68.8502","3.97822","144.214","-0.32388","-0.616314","-178.471"
7206,0,"68.8102","4.10005","144.095","-0.345064","-0.447266","-178.442"
7207,0,"69.0014","2.93511","144.992","0.234572","-2.23185","-178.602"
7208,0,"69.1733","2.44675","145.158","0.25828","-2.73515","-178.571"
7209,0,"69.1536","2.46177","145.172","0.322556","-2.86257","-178.601"
7210,0,"68.7612","3.84887","144.089","-0.54286","-0.445432","-178.414"
7211,0,"68.8911","3.78723","144.299","-0.298623","-0.834621","-178.407"
7212,0,"68.8526","3.78413","144.284","-0.431345","-0.722408","-178.37"
7213,0,"68.8092","3.838","144.121","-0.313612","-0.671467","-178.506"
7214,0,"68.9857","2.71694","144.965","0.128927","-2.31638","-178.57"
7215,0,"68.9638","3.70657","144.363","-0.179039","-1.04139","-178.425"
7216,0,"69.135","2.58282","145.19","0.409584","-2.68616","-178.582"
7217,0,"68.8373","4.05031","144.007","-0.417874","-0.476379","-178.506"
7218,0,"69.0571","2.56757","145.031","0.233537","-2.39972","-178.603"
7219,0,"69.1547","2.67109","145.176","0.339614","-2.76749","-178.552"
7220,0,"69.0236","2.82997","144.878","0.131599","-2.19813","-178.584"
7221,0,"69.1068","2.72096","145.116","0.313073","-2.51693","-178.559"
7222,0,"68.9691","2.7498","145.077","0.20552","-2.45945","-178.557"
7223,0,"68.782","3.99787","144.216","-0.363605","-0.645973","-178.46"
7224,0,"68.756","3.88746","144.144","-0.491597","-0.508524","-178.422"
7225,0,"68.977","3.0982","144.877","0.175288","-2.15246","-178.531"
7226,0,"68.9356","2.87863","144.985","0.146197","-2.15096","-178.54"
7227,0,"68.8369","3.77763","144.239","-0.281112","-0.820246","-178.471"
7228,0,"68.7462","3.90082","144.255","-0.473621","-0.610954","-178.365"
7229,0,"68.8197","4.04421","144.124","-0.431565","-0.444062","-178.438"
7230,0,"69.0221","2.73675","145.14","0.34511","-2.4332","-178.56"
7231,0,"68.9197","3.79745","144.269","-0.406831","-0.689942","-178.346"
7232,0,"69.1622","2.55908","145.246","0.404733","-2.78082","-178.569"
7233,0,"69.1781","2.62865","145.149","0.378111","-2.65237","-178.535"
7234,0,"68.9422","2.78008","144.95","0.132916","-2.39748","-178.707"
7235,0,"69.124","2.46391","145.123","0.260337","-2.79654","-178.568"
7236,0,"68.81","3.88559","144.251","-0.233737","-0.75365","-178.485"
7237,0,"68.9139","2.90278","144.858","0.0838701","-2.3069","-178.7"
7238,0,"68.9309","2.82411","144.894","0.0617684","-2.27424","-178.682"
7239,0,"68.9559","3.73021","144.313","-0.179897","-0.9611","-178.463"
7240,0,"68.8361","3.83648","144.278","-0.287302","-0.696711","-178.495"
7241,0,"68.8132","4.08209","144.12","-0.430283","-0.552297","-178.411"
7242,0,"68.765","4.11445","144.117","-0.441132","-0.438609","-178.486"
7243,0,"69.036","3.57346","144.405","-0.134263","-1.3928","-178.484"
7244,0,"68.7521","3.93083","144.138","-0.54433","-0.692945","-178.498"
7245,0,"68.9518","2.77058","144.95","0.0972735","-2.26683","-178.553"
7246,0,"68.9599","3.88722","144.238","-0.273035","-0.815421","-178.417"
7247,0,"68.8068","3.94136","144.316","-0.333794","-0.818664","-178.532"
7248,0,"68.9567","2.84895","145.074","0.195876","-2.31711","-178.561"
7249,0,"69.067","2.52336","145.064","0.156086","-2.64747","-178.519"
7250,0,"69.0082","2.78012","145.097","0.192027","-2.3686","-178.569"
7251,0,"68.9748","2.93408","145.123","0.210219","-2.52436","-178.622"
7252,0,"68.7879","4.03814","144.116","-0.411167","-0.382646","-178.417"
7253,0,"69.0077","3.42496","144.419","-0.193096","-1.37564","-178.472"
7254,0,"69.1809","2.56832","145.252","0.407813","-2.8313","-178.537"
7255,0,"69.0316","2.77901","145.125","0.223074","-2.50549","-178.555"
7256,0,"69.0168","2.79941","145.053","0.182383","-2.38679","-178.532"
7257,0,"69.0939","2.55042","145.25","0.351704","-2.68817","-178.534"
7258,0,"69.0014","2.8813","144.932","0.210839","-2.25503","-178.612"
7259,0,"69.0064","2.66459","145.06","0.241268","-2.56137","-178.624"
7260,0,"69.105","2.65685","144.975","0.261555","-2.55179","-178.556"
7261,0,"68.9931","2.76231","144.927","0.125744","-2.33958","-178.571"
7262,0,"68.9737","2.81244","145.031","0.284988","-2.33731","-178.598"
7263,0,"69.001","2.98179","144.937","0.166377","-2.12171","-178.544"
7264,0,"68.9621","2.86343","145.019","0.159572","-2.30547","-178.498"
7265,0,"69.1313","2.45228","145.22","0.304032","-2.78221","-178.551"
7266,0,"69.0259","2.82199","144.97","0.1485","-2.3084","-178.574"
7267,0,"68.8234","4.04031","144.021","-0.498556","-0.436376","-178.454"
7268,0,"69.1271","2.63491","145.191","0.238848","-2.59728","-178.532"
7269,0,"68.8217","4.13175","144.067","-0.382339","-0.336518","-178.454"
7270,0,"68.9326","3.8474","144.222","-0.331942","-0.658365","-178.437"
7271,0,"69.147","2.38948","145.203","0.346297","-2.93251","-178.582"
7272,0,"69.0285","2.70554","144.998","0.282462","-2.43265","-178.6"
7273,0,"69.0774","2.60603","145.124","0.245376","-2.81239","-178.615"
7274,0,"69.0176","2.763","144.958","0.235805","-2.45341","-178.611"
7275,0,"68.9811","2.85695","144.941","0.270472","-2.24557","-178.555"
7276,0,"68.8025","4.06786","144.079","-0.331368","-0.530361","-178.46"
7277,0,"68.9507","3.71943","144.359","-0.240159","-0.957285","-178.459"
7278,0,"68.8989","3.84901","144.194","-0.322333","-0.95653","-178.578"
7279,0,"69.1673","2.54827","145.184","0.391564","-2.69784","-178.553"
7280,0,"68.8394","3.97757","144.14","-0.295994","-0.628719","-178.496"
7281,0,"68.9976","2.84903","145.07","0.321081","-2.41055","-178.574"
7282,0,"68.9626","2.84183","144.903","0.159637","-2.3291","-178.586"
7283,0,"68.8029","3.76893","144.215","-0.268383","-0.851711","-178.53"
7284,0,"68.9466","3.75537","144.342","-0.175072","-1.01526","-178.433"
7285,0,"69.0059","2.67781","144.935","0.200297","-2.40635","-178.606"
7286,0,"69.1275","2.51304","145.078","0.315398","-2.72439","-178.583"
7287,0,"68.9958","2.65792","144.993","0.196221","-2.45794","-178.603"
7288,0,"69.1523","2.49853","145.095","0.35141","-2.78575","-178.613"
7289,0,"69.1436","2.67516","145.236","0.336336","-2.66888","-178.565"
7290,0,"68.9955","3.74547","144.322","-0.235451","-1.0745","-178.599"
7291,0,"68.9952","2.86778","145.112","0.26165","-2.31616","-178.593"
7292,0,"68.8543","4.06216","144.103","-0.371684","-0.506489","-178.395"
7293,0,"69.0302","3.63602","144.275","-0.221153","-1.11629","-178.482"
7294,0,"69.022","2.80751","145.083","0.321198","-2.34287","-178.585"
7295,0,"69.0137","2.76876","144.985","0.248639","-2.52748","-178.631"
7296,0,"69.0468","2.5726","145.247","0.173687","-2.7474","-178.611"
7297,0,"68.8076","3.90316","144.163","-0.368784","-0.68425","-178.406"
7298,0,"68.9808","2.89669","144.951","0.250203","-2.22192","-178.552"
7299,0,"68.9879","2.72197","144.97","0.230896","-2.33464","-178.624"
7300,0,"69.0161","2.74357","145.033","0.228753","-2.59785","-178.598"
7301,0,"68.9379","3.83998","144.254","-0.334615","-0.71787","-178.405"
7302,0,"68.9519","3.77852","144.31","-0.22795","-0.892378","-178.432"
7303,0,"69.1677","2.52552","145.195","0.362155","-2.71909","-178.57"
7304,0,"69.166","2.33099","145.183","0.371073","-2.9425","-178.608"
7305,0,"68.8653","3.88316","144.198","-0.29555","-0.775132","-178.504"
7306,0,"68.9234","3.8209","144.261","-0.282082","-0.819899","-178.445"
7307,0,"68.9271","3.82724","144.298","-0.197064","-0.795512","-178.475"
7308,0,"69.0705","2.58559","145.219","0.379884","-2.74286","-178.55"
7309,0,"68.7561","3.74289","144.37","-0.246556","-0.875465","-178.457"
7310,0,"68.267","3.61889","144.591","-0.110644","-1.28098","-178.628"
7311,0,"67.8747","2.86578","146.916","1.29954","-2.78683","-178.75"
7312,0,"66.201","3.75097","145.299","0.248668","-1.17014","-178.706"
7313,0,"64.0266","4.47999","143.871","-0.559987","-1.31054","-178.481"
7314,0,"62.0716","4.27143","144.187","-0.617894","-0.903772","-178.518"
7315,0,"60.1024","4.34371","144.536","-0.28366","-0.689529","-178.67"
7316,0,"57.6772","4.25322","144.232","-0.314757","-1.03083","-178.701"
7317,0,"55.3585","4.10461","144.406","-0.591409","-1.07639","-178.639"
7318,0,"53.0687","3.61161","144.582","-0.203222","-1.58866","-178.527"
7319,0,"50.4762","3.35359","144.719","-0.00154309","-1.73368","-178.576"
7320,0,"47.7873","3.58417","144.521","0.0465911","-1.4039","-178.353"
7321,0,"45.0835","3.95448","144.475","-0.246832","-1.20231","-178.256"
7322,0,"42.9245","4.94238","145.267","0.044714","0.138732","-178.102"
7323,0,"40.3267","3.62745","144.434","-0.277979","-1.07758","-178.289"
7324,0,"38.0886","3.3841","144.641","-0.190516","-1.16153","-178.34"
7325,0,"35.9276","2.69423","144.855","-0.0432536","-1.41217","-178.324"
7326,0,"33.6707","3.06928","144.991","0.174769","-1.24814","-178.399"
7327,0,"32.0728","2.07614","145.152","0.392871","-2.15849","-178.461"
7328,0,"30.5106","-1.16954","147.585","1.5673","-5.86611","-178.542"
7329,0,"28.6024","-1.30072","147.525","1.82467","-6.08911","-178.707"
7330,0,"26.5838","-2.13622","148.315","2.26709","-5.77715","-178.594"
7331,0,"24.4925","-2.19845","147.906","1.85335","-6.61782","-178.614"
7332,0,"22.7799","-2.62559","148.006","2.26591","-6.84867","-178.835"
7333,0,"20.7878","-2.81495","148.713","2.26715","-6.32995","-178.768"
7334,0,"18.7285","-3.2772","148.37","2.28021","-6.85315","-178.727"
7335,0,"16.2888","-3.40068","148.437","2.44709","-6.81963","-178.806"
7336,0,"14.7565","-2.86385","149.126","2.66267","-6.11244","-178.687"
7337,0,"12.3542","-3.75826","148.513","2.65202","-7.1342","-178.736"
7338,0,"10.3193","-4.445","148.798","2.43354","-7.24032","-178.547"
7339,0,"8.47642","-4.26787","149.449","2.92364","-7.02958","-178.505"
7340,0,"5.16668","0.170925","146.201","0.52912","-4.76086","-176.877"
7341,0,"3.50865","-0.347135","146.7","1.0072","-4.51624","-177.12"
7342,0,"1.37799","0.47981","146.812","1.30155","-3.99879","-176.947"
7343,0,"-1.03905","-0.306208","146.729","1.25871","-4.23948","-177.104"
7344,0,"-2.75666","0.630641","146.994","0.975489","-3.414","-176.639"
7345,0,"-4.98856","-0.590813","146.438","0.87756","-4.32368","-176.601"
7346,0,"-7.01611","-0.986101","146.801","1.03079","-4.23328","-176.729"
7347,0,"-8.98941","1.17716","146.833","1.01685","-2.50471","-176.285"
7348,0,"-11.4674","-0.570913","146.048","0.309458","-4.20205","-176.143"
7349,0,"-13.3393","-0.696363","145.948","0.386882","-4.48281","-176.064"
7350,0,"-15.5402","0.63379","146.942","0.508676","-2.51519","-176.044"
7351,0,"-17.6463","-0.952096","146.044","0.506053","-3.64314","-176.083"
7352,0,"-19.7741","0.245762","145.727","0.355722","-1.95976","-175.875"
7353,0,"-21.8299","0.307517","146.096","0.177077","-1.434","-175.579"
7354,0,"-23.8569","-0.352967","145.335","0.0797039","-2.217","-175.716"
7355,0,"-26.0439","-0.285132","145.68","-0.011511","-1.30441","-175.227"
7356,0,"-28.0587","-0.0546435","145.502","-0.0320016","-1.29504","-175.333"
7357,0,"-30.5752","0.216352","144.537","-0.345435","-1.63667","-175.168"
7358,0,"-32.5037","0.149766","145.474","-0.013231","-0.639849","-175.214"
7359,0,"-34.3339","-0.93783","144.96","0.26774","-1.7871","-175.232"
7360,0,"-36.4548","-0.942956","144.815","-0.207441","-1.4513","-175.155"
7361,0,"-38.447","-0.447355","145.476","-0.0363388","-0.426883","-174.912"
7362,0,"-40.5898","-1.54362","144.979","-0.136669","-1.89558","-174.868"
7363,0,"-42.7674","-1.54097","144.923","-0.569207","-1.17092","-174.722"
7364,0,"-44.5267","-0.733302","145.829","-0.186435","-0.0735042","-174.753"
7365,0,"-47.1183","-1.96018","145.016","-0.411973","-0.995839","-174.601"
7366,0,"-49.3969","-1.89735","144.397","-0.592603","-1.35835","-174.329"
7367,0,"-50.9817","-3.04196","144.56","-0.378838","-0.591869","-173.227"
7368,0,"-53.1197","-3.39361","144.431","-0.537537","-0.273028","-173.361"
7369,0,"-54.7339","-4.01191","145.246","0.33962","-1.01982","-173.346"
7370,0,"-57.1724","-4.05554","144.869","0.00514586","-0.999137","-173.114"
7371,0,"-59.1281","-4.26102","144.923","0.195361","-1.01879","-173.091"
7372,0,"-61.2733","-4.39056","144.806","-0.229456","-0.92762","-172.856"
7373,0,"-63.4409","-4.70165","145.023","0.240032","-0.625746","-173.061"
7374,0,"-65.2131","-5.1788","144.781","0.222206","-1.38495","-172.759"
7375,0,"-67.3857","-4.9655","144.847","0.094856","-0.735641","-172.578"
7376,0,"-69.5749","-5.29363","144.541","0.147702","-1.1055","-172.599"
7377,0,"-71.2612","-6.19747","144.869","0.096753","-1.09309","-172.39"
7378,0,"-73.2451","-5.50562","145.436","0.384514","-0.303687","-172.158"
7379,0,"-75.6539","-6.28759","144.686","-0.187165","-0.856913","-172.201"
7380,0,"-77.6648","-6.87328","145.023","-0.0869628","-0.886326","-172.031"
7381,0,"-79.756","-6.8337","144.855","0.245633","-1.06217","-172.03"
7382,0,"-81.7971","-7.67","145.087","-0.0747501","-1.27961","-171.749"
7383,0,"-83.6285","-8.11698","145.329","0.134571","-1.63534","-171.729"
7384,0,"-85.6919","-8.17342","145.121","0.203882","-1.29141","-171.64"
7385,0,"-88.133","-8.09517","144.809","-0.249481","-0.671505","-171.476"
7386,0,"-90.1513","-8.25928","144.395","-0.0293057","-1.49549","-171.327"
7387,0,"-91.8149","-9.48344","145.405","0.455711","-1.77024","-171.353"
7388,0,"-94.0903","-9.09924","144.918","0.249743","-0.819158","-171.375"
7389,0,"-96.0851","-10.0436","145.641","0.736609","-1.94069","-171.344"
7390,0,"-98.386","-9.61331","145.126","-0.185556","-1.14496","-171.058"
7391,0,"-100.758","-9.52783","144.136","-0.3036","-1.02077","-170.609"
7392,0,"-102.313","-10.5562","145.113","-0.252109","-1.11683","-170.769"
7393,0,"-104.313","-10.7459","144.841","0.0345301","-1.31579","-170.555"
7394,0,"-106.115","-11.8871","145.564","0.316772","-2.01273","-170.503"
7395,0,"-108.108","-11.8068","145.408","0.229061","-1.18429","-170.434"
7396,0,"-110.382","-12.0881","145.536","0.701327","-1.67015","-170.486"
7397,0,"-112.524","-11.8954","145.003","-0.12014","-0.564081","-170.128"
7398,0,"-114.768","-11.9061","144.487","-0.259308","-1.1411","-170.031"
7399,0,"-116.782","-12.6191","144.751","-0.0092977","-1.21569","-169.871"
7400,0,"-118.408","-13.414","145.101","0.330523","-1.63126","-169.893"
7401,0,"-120.824","-13.3511","144.852","0.111415","-0.821835","-169.789"
7402,0,"-122.462","-15.5856","146.193","2.16969","-3.48985","-169.947"
7403,0,"-124.645","-14.2285","144.881","0.211992","-1.4504","-169.478"
7404,0,"-127.004","-14.6061","145.157","0.0486668","-0.891232","-169.375"
7405,0,"-128.941","-14.7053","144.98","0.135464","-0.91951","-169.286"
7406,0,"-131.216","-15.183","145.307","-0.121007","-1.23349","-169.197"
7407,0,"-132.85","-16.6727","145.767","0.491762","-3.18274","-168.904"
7408,0,"-134.55","-17.6903","146.476","1.29047","-3.59089","-169.17"
7409,0,"-137.066","-16.7475","145.487","0.462853","-1.30167","-168.915"
7410,0,"-139.164","-16.6399","144.888","1.11337","-1.09622","-168.918"
7411,0,"-141.412","-17.0463","145.347","0.274387","-0.974665","-168.789"
7412,0,"-143.086","-16.5177","145.77","0.492863","-0.00129723","-168.352"
7413,0,"-144.847","-19.2438","145.94","0.98976","-2.59822","-168.588"
7414,0,"-147.347","-19.0361","145.565","0.225222","-2.4006","-168.519"
7415,0,"-149.265","-18.0339","145.907","0.655806","-0.356069","-168.121"
7416,0,"-151.272","-19.7374","145.097","0.0914051","-1.41761","-167.973"
7417,0,"-153.403","-19.7275","144.856","-0.3255","-1.1745","-167.928"
7418,0,"-155.462","-19.9045","145.016","0.450325","-0.358858","-168.021"
7419,0,"-157.531","-20.8031","144.738","-0.11379","-1.12277","-167.675"
7420,0,"-159.367","-21.7992","145.328","0.520199","-2.08388","-167.801"
7421,0,"-161.235","-22.7794","145.665","0.558016","-2.46711","-167.646"
7422,0,"-164.033","-21.3944","144.339","-0.154201","-0.606103","-167.272"
7423,0,"-165.511","-22.6037","144.692","0.272391","-0.702747","-167.482"
7424,0,"-167.588","-22.998","144.908","0.0945188","-1.17746","-167.317"
7425,0,"-169.628","-23.5776","144.727","0.327147","-0.982728","-167.245"
7426,0,"-171.635","-24.3991","144.962","0.154146","-1.06167","-167.144"
7427,0,"-173.596","-24.7376","145.608","0.0532405","-1.49923","-167.189"
7428,0,"-175.662","-24.8872","145.197","0.21205","-0.624513","-166.853"
7429,0,"-177.834","-25.2044","144.622","-0.240468","-0.726563","-166.595"
7430,0,"-179.908","-25.8239","144.846","0.157489","-0.63534","-166.605"
7431,0,"-181.677","-26.3976","145.304","0.383008","-1.54553","-166.391"
7432,0,"-184.117","-26.2624","145.019","0.328364","-0.426989","-166.42"
7433,0,"-186.118","-26.7001","145.15","0.151012","-0.887979","-166.283"
7434,0,"-188.101","-27.451","145.234","0.552527","-1.11265","-166.172"
7435,0,"-189.896","-28.2373","145.328","0.578877","-1.16315","-166.079"
7436,0,"-192.031","-28.7414","145.337","0.11237","-1.36531","-165.865"
7437,0,"-194.272","-29.0192","144.97","0.355998","-1.57809","-165.659"
7438,0,"-196.56","-28.6768","145.263","0.264197","-0.687913","-165.354"
7439,0,"-198.395","-29.8751","144.784","0.00715546","-1.16772","-165.354"
7440,0,"-200.298","-30.5999","145.127","0.425957","-1.21365","-165.648"
7441,0,"-202.195","-30.7409","145.476","0.354154","-0.638966","-165.224"
7442,0,"-204.074","-31.664","145.344","0.603778","-0.831447","-165.366"
7443,0,"-206.105","-32.3267","145.02","0.32813","-1.27336","-165.142"
7444,0,"-208.403","-32.2186","145.165","0.241863","-0.116104","-164.879"
7445,0,"-210.723","-32.8971","144.466","0.372689","-1.32909","-164.848"
7446,0,"-212.621","-33.7901","144.976","-0.00108354","-0.392017","-164.859"
7447,0,"-214.182","-34.2558","145.08","0.294269","-0.669137","-164.859"
7448,0,"-216.546","-35.182","144.864","0.00940319","-0.50468","-164.611"
7449,0,"-218.258","-35.6638","145","0.364511","-1.1247","-164.473"
7450,0,"-220.506","-35.9957","145.254","0.0582567","-1.00853","-164.312"
7451,0,"-222.682","-36.703","144.961","0.24212","-0.851047","-164.357"
7452,0,"-224.468","-38.3634","145.505","1.30224","-2.80652","-164.386"
7453,0,"-226.617","-37.6858","144.817","-0.122846","-0.4872","-164.17"
7454,0,"-228.406","-38.6828","145.02","0.508285","-1.3958","-164.005"
7455,0,"-230.614","-39.1327","144.494","-0.173121","-0.777134","-163.719"
7456,0,"-232.538","-39.8603","144.627","-0.0841257","-0.50767","-163.744"
7457,0,"-234.516","-40.1317","144.834","0.230672","-1.06636","-163.627"
7458,0,"-236.714","-40.6666","144.896","-0.195518","-0.23149","-163.698"
7459,0,"-238.485","-41.457","145.104","0.6446","-1.627","-163.545"
7460,0,"-240.653","-41.4238","145.188","0.0359477","0.0680602","-163.238"
7461,0,"-242.326","-42.7061","145.096","0.373154","-0.44319","-163.308"
7462,0,"-244.205","-42.9034","145.741","0.59198","-0.31372","-163.047"
7463,0,"-246.259","-44.1581","145.477","0.398094","-1.08727","-163.071"
7464,0,"-248.37","-44.5548","144.942","0.366673","-1.09575","-162.84"
7465,0,"-250.507","-45.4063","144.973","-0.0293794","-0.313437","-162.719"
7466,0,"-253.004","-45.3034","144.315","0.0710589","-0.922835","-162.508"
7467,0,"-254.737","-46.1893","144.516","0.0161597","-1.00311","-162.358"
7468,0,"-256.435","-47.2174","144.773","-0.286376","-0.694501","-162.455"
7469,0,"-258.213","-48.0804","145.012","0.468526","-1.39423","-162.279"
7470,0,"-260.154","-48.7185","145.378","0.580229","-1.02355","-162.203"
7471,0,"-261.748","-50.7867","146.516","1.88353","-3.65249","-162.256"
7472,0,"-264.332","-49.8772","145.519","0.896285","-1.08501","-162.023"
7473,0,"-267.022","-49.4704","144.651","-0.046552","-0.722912","-161.439"
7474,0,"-268.642","-50.6375","145.23","0.454343","-0.602694","-161.589"
7475,0,"-270.171","-51.8271","145.444","0.476146","-1.21641","-161.451"
7476,0,"-271.482","-53.8609","146.323","1.51447","-3.49443","-161.482"
7477,0,"-273.927","-53.3095","145.328","0.681402","-1.39305","-161.354"
7478,0,"-275.594","-55.0389","146.05","1.62773","-3.10226","-161.456"
7479,0,"-277.797","-54.9095","145.368","0.810728","-1.85149","-161.073"
7480,0,"-280.268","-55.1334","144.947","0.310174","-1.5149","-160.661"
7481,0,"-282.307","-55.7658","145.188","0.462746","-0.778566","-160.847"
7482,0,"-284.379","-56.5605","145.142","0.229106","-0.984422","-160.643"
7483,0,"-286.095","-57.6221","145.601","0.658463","-1.17833","-160.6"
7484,0,"-288.086","-58.1869","145.551","0.390904","-1.35025","-160.713"
7485,0,"-290.215","-58.9812","145.325","0.514794","-1.29016","-160.6"
7486,0,"-292.381","-59.4771","145.26","0.545401","-1.37551","-160.589"
7487,0,"-294.986","-59.5463","144.78","0.0164645","-1.60356","-160.226"
7488,0,"-296.656","-60.7382","145.361","0.276269","-1.35681","-160.585"
7489,0,"-299.177","-61.0558","145.299","-0.0516541","-1.53729","-160.504"
7490,0,"-301.318","-61.4012","145.413","-1.70431","-1.17294","-160.919"
7491,0,"-303.394","-61.7431","145.449","-1.59377","-0.844423","-160.966"
7492,0,"-305.36","-62.6735","146.312","-1.12841","-2.42286","-160.743"
7493,0,"-307.888","-62.6603","145.442","-2.05656","-0.538325","-160.838"
7494,0,"-310.441","-62.4986","145.135","-2.17233","-0.637751","-160.451"
7495,0,"-311.822","-63.9305","146.183","-1.52419","-0.710845","-160.785"
7496,0,"-314.112","-63.6769","145.382","-2.28221","-0.386141","-160.602"
7497,0,"-316.449","-64.6078","145.391","-2.24336","-0.00399318","-160.729"
7498,0,"-318.106","-65.6303","145.37","-2.33569","0.0577136","-160.746"
7499,0,"-320.145","-65.9864","145.522","-2.28115","-0.596054","-160.457"
7500,0,"-322.037","-66.5018","145.422","-2.22397","-0.576656","-160.494"
7501,0,"-324.082","-67.0045","145.782","-1.96794","-1.29514","-160.246"
7502,0,"-325.76","-68.3846","145.59","-1.95913","-0.872467","-160.645"
7503,0,"-328.316","-67.8136","144.846","-2.4998","-0.0606143","-160.456"
7504,0,"-329.822","-68.8042","145.239","-2.14072","-0.804252","-160.41"
7505,0,"-331.643","-69.8299","145.42","-1.74116","-0.231718","-160.571"
7506,0,"-333.524","-70.4044","144.626","-2.19091","0.294728","-160.641"
7507,0,"-335.294","-71.0406","145.166","-1.46603","0.0115355","-160.621"
7508,0,"-337.203","-71.1019","145.087","-1.02368","-0.361233","-160.329"
7509,0,"-338.789","-72.4534","144.958","-0.984761","-0.351035","-160.721"
7510,0,"-340.989","-72.441","144.383","-1.2867","0.662349","-160.612"
7511,0,"-343.065","-72.9211","143.788","-1.55498","0.533566","-160.397"
7512,0,"-344.628","-73.7608","144.265","-1.12447","-0.23586","-160.319"
7513,0,"-346.673","-74.2562","144.029","-0.688322","-0.319633","-160.186"
7514,0,"-348.18","-74.9246","145.058","-0.550642","-0.411649","-160.157"
7515,0,"-350.29","-75.59","143.908","-0.993621","-0.241457","-160.17"
7516,0,"-352.219","-76.5734","143.975","-0.847422","-0.239519","-160.207"
7517,0,"-354.176","-77.2895","144.227","-0.67867","0.57574","-160.235"
7518,0,"-355.966","-77.6554","143.956","-0.751228","-0.106294","-160.121"
7519,0,"-357.644","-79.0318","144.739","-0.306426","-0.172873","-160.247"
7520,0,"-359.872","-79.1376","144.007","-0.644644","-0.162642","-159.928"
7521,0,"-361.451","-80.0038","144.529","-0.615612","-0.672168","-159.822"
7522,0,"-363.715","-80.8559","143.981","-0.999127","0.140818","-159.731"
7523,0,"-365.071","-82.0971","143.889","-0.772904","0.0795529","-160.039"
7524,0,"-367.197","-82.0086","143.998","-1.24038","0.19055","-159.745"
7525,0,"-369.253","-82.5187","143.665","-1.05574","0.26533","-159.658"
7526,0,"-370.864","-84.0208","144.06","-0.220176","-0.454239","-159.759"
7527,0,"-372.947","-84.0848","144.183","-0.944283","0.21595","-159.509"
7528,0,"-374.665","-84.8433","143.749","-0.988154","-0.158745","-159.349"
7529,0,"-376.68","-85.9728","144.459","-0.672854","-0.508646","-159.112"
7530,0,"-378.136","-86.7766","144.614","-0.442773","-0.750034","-159.363"
7531,0,"-380.184","-87.5319","144.497","-0.90499","-0.409788","-159.229"
7532,0,"-382.112","-88.6665","144.516","-0.409997","-0.983672","-158.984"
7533,0,"-384.489","-88.2606","144.086","-1.05266","-0.259219","-159.031"
7534,0,"-386.11","-89.4227","144.2","-0.825783","-0.590208","-158.963"
7535,0,"-388.387","-90.5894","144.172","-0.575401","-0.697868","-158.858"
7536,0,"-390.533","-91.433","143.849","-1.18545","-0.0687945","-159.075"
7537,0,"-392.834","-91.9794","144.159","-0.694127","-0.049544","-158.792"
7538,0,"-394.997","-93.5365","144.546","-0.818431","-0.145718","-158.969"
7539,0,"-397.398","-93.1066","143.666","-1.42226","0.113624","-158.979"
7540,0,"-399.682","-94.9517","144.216","-0.921137","0.0910483","-158.917"
7541,0,"-401.535","-95.5548","144.441","-1.72402","-0.949236","-159.306"
7542,0,"-403.571","-97.1004","145.15","-0.859629","-2.04122","-159.295"
7543,0,"-406.244","-96.9254","144.309","-1.52678","-0.941043","-159.129"
7544,0,"-408.393","-97.8307","144.421","-1.5","-1.01044","-159.225"
7545,0,"-411.178","-98.2217","143.846","-1.95489","0.0415581","-159.286"
7546,0,"-413.375","-99.1021","144.177","-1.57456","-0.174941","-159.257"
7547,0,"-415.078","-100.775","144.231","-1.75552","0.349486","-159.664"
7548,0,"-417.106","-100.728","144.364","-1.91247","-1.11668","-159.602"
7549,0,"-419.661","-101.363","144.396","-1.85054","-0.411785","-159.345"
7550,0,"-421.541","-101.776","144.492","-1.68281","-0.24641","-159.415"
7551,0,"-423.675","-102.532","144.357","-2.20525","0.374703","-159.649"
7552,0,"-425.653","-103.153","144.089","-1.88833","-0.196471","-159.537"
7553,0,"-427.407","-104.581","144.213","-1.82254","-0.512826","-159.785"
7554,0,"-429.18","-105.159","144.562","-1.71091","-0.730973","-159.845"
7555,0,"-431.257","-105.67","143.929","-1.74072","-1.1226","-159.901"
7556,0,"-433.355","-105.669","143.961","-2.14437","-0.722336","-159.743"
7557,0,"-436.614","-104.961","142.873","-2.47013","0.2897","-159.592"
7558,0,"-438.57","-105.614","142.904","-2.48911","0.297189","-159.485"
7559,0,"-440.177","-107.088","142.953","-2.71416","1.40097","-160.009"
7560,0,"-442.651","-106.824","142.748","-2.49332","0.577902","-159.677"
7561,0,"-444.673","-107.864","143.304","-2.23979","1.06892","-159.787"
7562,0,"-446.182","-108.936","143.588","-1.74765","0.108321","-160.072"
7563,0,"-448.918","-107.201","144.34","-2.02053","2.07916","-159.579"
7564,0,"-451.478","-107.976","144.161","-1.58166","2.10918","-159.5"
7565,0,"-453.678","-108.255","143.957","-1.95992","2.21511","-159.34"
7566,0,"-455.669","-107.545","144.146","-2.86875","1.90165","-159.42"
7567,0,"-457.432","-109.342","144.931","-2.1955","2.22431","-159.811"
7568,0,"-459.661","-110.078","144.706","-2.20804","2.28157","-159.774"
7569,0,"-461.425","-111.06","145.333","-1.68836","2.50993","-160.197"
7570,0,"-463.869","-110.915","144.548","-2.5703","2.38613","-160.006"
7571,0,"-465.448","-111.458","145.185","-2.31946","2.93509","-160.292"
7572,0,"-467.86","-112.141","144.979","-2.20492","2.37565","-160.211"
7573,0,"-469.897","-112.923","144.444","-2.61866","3.30045","-160.371"
7574,0,"-471.49","-112.901","145.557","-2.1674","2.90299","-160.409"
7575,0,"-473.784","-113.95","144.814","-2.42009","2.82267","-160.565"
7576,0,"-475.369","-114.542","145.624","-1.84027","2.77152","-160.735"
7577,0,"-477.561","-115.342","145.253","-2.11782","2.55956","-160.902"
7578,0,"-479.339","-114.834","145.485","-2.12607","2.01679","-160.861"
7579,0,"-481.541","-116.467","145.144","-2.42143","3.07926","-161.207"
7580,0,"-483.499","-116.963","145.314","-2.16001","2.9181","-161.329"
7581,0,"-485.345","-117.645","145.469","-2.17484","3.20424","-161.512"
7582,0,"-487.422","-118.196","145.25","-2.29197","3.17603","-161.602"
7583,0,"-488.768","-118.828","145.754","-2.28847","3.42955","-162.039"
7584,0,"-490.907","-119.59","145.805","-2.1224","3.65962","-162.113"
7585,0,"-493.16","-119.468","144.781","-2.20609","3.30174","-161.808"
7586,0,"-494.758","-120.394","145.588","-2.06837","3.55302","-162.157"
7587,0,"-496.582","-120.818","145.408","-2.42206","3.95737","-162.359"
7588,0,"-498.88","-121.254","144.926","-2.30376","3.72766","-162.295"
7589,0,"-500.517","-121.822","145.721","-1.77408","3.59509","-162.38"
7590,0,"-502.794","-122.204","145.117","-2.34368","3.74639","-162.509"
7591,0,"-503.53","-124.144","146.768","-1.04382","2.52481","-163.352"
7592,0,"-505.835","-124.496","146.49","-0.960408","2.76671","-163.485"
7593,0,"-507.427","-125.471","146.852","-0.594089","2.06085","-163.513"
7594,0,"-509.802","-125.821","146.251","-1.15376","2.83668","-163.679"
7595,0,"-511.666","-126.253","146.552","-0.953745","2.73216","-163.854"
7596,0,"-513.635","-126.797","146.425","-1.22035","2.73635","-163.976"
7597,0,"-515.509","-127.577","146.644","-0.594567","2.62772","-164.16"
7598,0,"-517.507","-128.152","145.953","-1.21517","2.56399","-164.318"
7599,0,"-519.236","-128.74","146.196","-1.13263","2.29927","-164.456"
7600,0,"-521.347","-129.114","145.626","-1.21901","1.542","-164.507"
7601,0,"-523.262","-129.84","145.384","-1.57358","1.54664","-164.62"
7602,0,"-525.323","-130.334","145.209","-1.44683","1.72299","-164.755"
7603,0,"-527.14","-130.345","146.019","-1.19295","2.27612","-164.763"
7604,0,"-528.522","-130.994","146.391","-0.765824","1.23544","-164.85"
7605,0,"-530.793","-131.294","145.956","-1.34849","1.78779","-165.095"
7606,0,"-532.711","-131.979","145.745","-1.37801","1.52436","-165.191"
7607,0,"-535.047","-132.312","145.487","-1.18204","1.52352","-165.221"
7608,0,"-536.991","-132.733","145.666","-1.34538","1.57714","-165.388"
7609,0,"-538.976","-133.28","145.358","-1.29675","1.61615","-165.567"
7610,0,"-540.732","-133.942","145.694","-1.06055","1.31278","-165.513"
7611,0,"-542.773","-134.252","145.61","-1.23478","1.75383","-165.828"
7612,0,"-544.931","-134.66","145.941","-1.05273","2.15451","-165.898"
7613,0,"-546.718","-135.062","145.93","-1.24987","1.45805","-166.025"
7614,0,"-548.713","-135.53","145.906","-1.04254","1.7268","-166.23"
7615,0,"-551.083","-135.81","145.699","-1.34689","2.1663","-166.286"
7616,0,"-552.869","-136.303","145.656","-1.04116","1.40622","-166.333"
7617,0,"-554.755","-137.017","145.754","-1.32151","1.81266","-166.606"
7618,0,"-556.879","-137.255","145.577","-1.38406","1.91766","-166.721"
7619,0,"-558.788","-137.597","145.8","-1.07576","2.05008","-166.846"
7620,0,"-560.877","-138.069","145.865","-1.18098","1.49356","-166.866"
7621,0,"-562.908","-138.371","145.691","-1.01093","1.67756","-167.045"
7622,0,"-565.275","-138.839","145.532","-1.12724","1.63284","-167.093"
7623,0,"-567.228","-138.968","145.53","-1.18907","1.55411","-167.215"
7624,0,"-569.114","-139.713","145.726","-0.969931","1.68309","-167.278"
7625,0,"-570.956","-140.051","145.727","-1.23344","1.87848","-167.572"
7626,0,"-572.944","-140.492","145.827","-0.915896","1.47206","-167.617"
7627,0,"-575.215","-140.634","145.766","-1.2391","1.9898","-167.804"
7628,0,"-576.789","-140.909","146.03","-0.837262","1.35176","-167.843"
7629,0,"-579.191","-141.364","145.692","-1.13793","1.88032","-167.971"
7630,0,"-581.156","-141.767","145.901","-0.91287","1.90166","-168.124"
7631,0,"-582.918","-142.142","145.715","-1.10113","1.71123","-168.274"
7632,0,"-584.976","-142.605","146.086","-1.05888","2.0168","-168.42"
7633,0,"-586.823","-142.74","146.208","-0.835551","1.93673","-168.519"
7634,0,"-589.029","-143.051","146.022","-0.973714","1.35771","-168.498"
7635,0,"-591.243","-143.398","145.584","-1.31607","3.26032","-169.007"
7636,0,"-593.014","-143.84","146.004","-1.01212","1.99767","-168.937"
7637,0,"-594.865","-144.174","145.985","-0.966028","1.64266","-168.971"
7638,0,"-596.858","-144.337","146.276","-0.616616","1.62142","-169.103"
7639,0,"-599.292","-144.766","145.527","-1.29776","1.68126","-169.201"
7640,0,"-600.969","-145.15","146.11","-0.858281","1.99916","-169.477"
7641,0,"-603.093","-145.191","146.02","-1.04513","2.24998","-169.489"
7642,0,"-605.018","-145.564","145.928","-0.983266","1.72896","-169.511"
7643,0,"-607.151","-146.096","145.686","-0.911203","1.8571","-169.689"
7644,0,"-609.063","-146.244","146.147","-0.968776","1.98612","-169.843"
7645,0,"-610.977","-146.602","145.786","-0.95979","1.67697","-169.992"
7646,0,"-613.042","-146.563","146.416","-0.548719","0.548913","-169.766"
7647,0,"-614.968","-146.743","146.375","-0.536817","0.680273","-169.912"
7648,0,"-617.921","-147.762","145.648","-0.13533","1.76877","-169.91"
7649,0,"-619.469","-147.911","146.041","0.054177","1.62031","-169.925"
7650,0,"-621.364","-148.462","145.95","0.199978","1.38359","-170.114"
7651,0,"-622.818","-148.703","146.915","0.721884","0.537231","-169.933"
7652,0,"-625.208","-148.704","146.319","0.416337","1.12289","-170.179"
7653,0,"-627.66","-149.24","145.992","0.0970965","1.52536","-170.397"
7654,0,"-629.41","-149.007","146.371","0.231617","1.65977","-170.492"
7655,0,"-631.562","-149.452","146.042","0.276877","1.0446","-170.526"
7656,0,"-633.216","-149.793","146.55","0.288034","1.08758","-170.703"
7657,0,"-635.62","-149.81","146.023","0.0316757","2.02351","-171.112"
7658,0,"-637.241","-149.926","146.662","0.0765637","1.57597","-171.097"
7659,0,"-639.397","-150.392","146.12","-0.186728","1.41843","-171.331"
7660,0,"-641.07","-150.584","146.673","0.10297","0.233422","-171.299"
7661,0,"-643.296","-150.699","146.601","-0.294563","1.14363","-171.616"
7662,0,"-645.793","-150.249","146.032","-0.50558","1.21223","-171.704"
7663,0,"-647.335","-150.401","146.816","-0.429349","1.4506","-171.797"
7664,0,"-649.442","-151.106","146.362","-0.628235","1.39692","-172.209"
7665,0,"-651.2","-151.283","146.753","-0.501559","0.25337","-172.108"
7666,0,"-653.67","-151.558","146.281","-0.96455","1.77223","-172.641"
7667,0,"-655.598","-151.218","146.218","-0.759902","1.22529","-172.433"
7668,0,"-657.616","-151.207","146.656","-0.877447","1.96113","-172.749"
7669,0,"-659.285","-151.662","146.655","-0.694564","0.840175","-172.77"
7670,0,"-661.233","-151.538","146.745","-0.618609","0.482892","-172.706"
7671,0,"-663.828","-151.624","146.453","-0.86186","1.39392","-173.018"
7672,0,"-665.64","-152.258","146.348","-0.963806","1.39914","-173.305"
7673,0,"-667.687","-152.316","146.56","-0.955632","1.35236","-173.368"
7674,0,"-669.421","-152.214","146.679","-0.630349","0.87925","-173.316"
7675,0,"-671.964","-152.553","146.211","-1.07012","1.63264","-173.674"
7676,0,"-673.865","-152.823","146.237","-0.997653","1.54037","-173.767"
7677,0,"-675.79","-152.97","146.42","-0.929743","1.39805","-173.869"
7678,0,"-677.713","-152.821","146.452","-0.782902","0.760902","-173.793"
7679,0,"-679.882","-153.012","146.3","-0.951071","0.99105","-173.933"
7680,0,"-682.108","-153.214","145.986","-1.1047","1.28657","-174.225"
7681,0,"-683.99","-153.2","146.072","-0.978928","1.25123","-174.306"
7682,0,"-685.698","-153.303","146.526","-0.775946","1.59223","-174.439"
7683,0,"-687.639","-153.362","146.36","-0.859481","0.790465","-174.328"
7684,0,"-689.958","-153.74","145.91","-1.1069","1.41194","-174.722"
7685,0,"-691.885","-154.142","146.083","-1.02767","1.19033","-174.824"
7686,0,"-694.015","-153.956","146.113","-0.93039","1.19959","-174.832"
7687,0,"-695.826","-153.404","146.803","-0.662134","1.3282","-174.748"
7688,0,"-698.004","-154","146.23","-1.02238","1.71882","-175.149"
7689,0,"-700.06","-154.333","145.991","-1.027","1.24923","-175.281"
7690,0,"-701.908","-154.402","146.245","-0.979241","1.1915","-175.308"
7691,0,"-703.895","-154.492","146.188","-0.915759","1.13778","-175.479"
7692,0,"-705.912","-154.077","146.552","-0.763506","1.37392","-175.413"
7693,0,"-707.963","-154.492","146.296","-0.786762","1.25708","-175.611"
7694,0,"-710.068","-154.664","146.195","-0.924804","1.01198","-175.729"
7695,0,"-712.312","-154.389","146.288","-0.927507","1.0622","-175.76"
7696,0,"-714.256","-154.435","146.214","-0.895213","1.11735","-175.941"
7697,0,"-716.231","-154.798","146.371","-0.907551","1.70064","-176.191"
7698,0,"-718.253","-154.834","146.443","-0.920158","1.64925","-176.339"
7699,0,"-720.233","-155.01","145.986","-0.992582","0.988043","-176.333"
7700,0,"-722.165","-155.175","146.418","-0.867297","1.3158","-176.534"
7701,0,"-724.261","-154.788","146.319","-0.752651","0.985413","-176.494"
7702,0,"-726.496","-155.084","146.01","-0.97335","1.76227","-176.837"
7703,0,"-728.198","-154.945","146.261","-0.82","1.21831","-176.773"
7704,0,"-730.504","-154.766","145.943","-0.988747","1.11106","-176.856"
7705,0,"-732.066","-155.002","146.608","-0.646864","0.813672","-176.883"
7706,0,"-734.392","-155.284","145.999","-0.932586","1.32882","-177.271"
7707,0,"-736.337","-155.216","146.198","-0.801919","1.46737","-177.377"
7708,0,"-738.572","-154.681","146.196","-0.856149","1.82184","-177.405"
7709,0,"-740.513","-154.94","145.934","-1.01288","1.58594","-177.588"
7710,0,"-742.426","-155.24","146.108","-0.888554","1.51005","-177.663"
7711,0,"-744.734","-155.204","145.947","-1.03621","1.35194","-177.776"
7712,0,"-746.625","-154.814","146.154","-0.889593","1.06641","-177.762"
7713,0,"-748.565","-154.9","146.526","-0.715119","1.42106","-177.971"
7714,0,"-750.49","-154.733","146.39","-0.715274","1.32624","-178.068"
7715,0,"-752.851","-155.221","145.861","-0.957881","1.52585","-178.405"
7716,0,"-754.861","-154.849","146.164","-0.950257","1.82773","-178.462"
7717,0,"-756.702","-154.935","145.972","-0.981234","1.05928","-178.404"
7718,0,"-758.311","-154.892","146.752","-0.564229","0.511075","-178.347"
7719,0,"-760.625","-154.749","146.26","-0.857282","1.22462","-178.597"
7720,0,"-762.918","-154.676","146.06","-0.998533","1.31732","-178.776"
7721,0,"-764.782","-154.674","146.261","-0.794934","1.50059","-178.941"
7722,0,"-766.783","-154.522","146.121","-0.921335","1.04263","-178.964"
7723,0,"-768.774","-154.355","146.229","-0.84101","1.45542","-179.117"
7724,0,"-770.642","-154.537","146.388","-0.741996","1.11215","-179.241"
7725,0,"-772.763","-154.331","146.208","-0.881643","1.40833","-179.388"
7726,0,"-774.673","-154.379","146.417","-0.650373","1.5166","-179.566"
7727,0,"-777.141","-153.909","145.965","-0.881847","1.13571","-179.518"
7728,0,"-779.049","-153.893","146.178","-0.639969","1.18969","-179.703"
7729,0,"-780.906","-154.007","146.399","-0.672622","1.13915","-179.815"
7730,0,"-783.062","-153.744","146.107","-0.85915","1.0754","-179.89"
7731,0,"-784.9","-153.577","146.291","-0.698657","1.16621","-180.105"
7732,0,"-786.86","-153.761","146.114","-0.906244","1.1919","-180.233"
7733,0,"-788.885","-153.646","146.181","-0.844071","0.965127","-180.307"
7734,0,"-790.856","-153.543","146.041","-0.836797","0.990167","-180.425"
7735,0,"-793.172","-153.537","145.858","-1.02436","1.14377","-180.565"
7736,0,"-795.021","-153.15","146.161","-0.860745","1.14763","-180.6"
7737,0,"-797.122","-152.905","146.226","-0.775111","1.01084","-180.662"
7738,0,"-799.123","-152.827","146.208","-0.813937","0.688852","-180.783"
7739,0,"-801.074","-152.907","146.085","-0.807218","1.01666","-181.042"
7740,0,"-803.162","-152.826","146.14","-0.789536","1.03427","-181.179"
7741,0,"-805.212","-152.658","146.025","-0.653822","1.14933","-181.368"
7742,0,"-807.405","-152.417","145.954","-0.888568","1.42443","-181.482"
7743,0,"-809.147","-152.389","146.172","-0.752554","0.706859","-181.42"
7744,0,"-811.182","-152.261","146.061","-0.731548","0.550178","-181.575"
7745,0,"-813.382","-151.943","145.919","-0.84671","0.831365","-181.718"
7746,0,"-815.483","-151.71","145.971","-0.869859","0.925702","-181.829"
7747,0,"-817.391","-151.79","145.941","-0.837742","0.951625","-181.999"
7748,0,"-819.387","-151.558","146.1","-0.830634","1.02534","-182.112"
7749,0,"-821.653","-150.759","145.844","-0.415552","1.32975","-182.504"
7750,0,"-823.516","-150.754","146.01","-0.35427","1.27266","-182.606"
7751,0,"-825.562","-150.651","145.951","-0.375617","1.22075","-182.762"
7752,0,"-827.713","-150.327","145.761","-0.392902","1.24736","-182.888"
7753,0,"-829.902","-150.28","145.584","-0.545919","1.37738","-183.137"
7754,0,"-831.716","-150.038","145.853","-0.435299","1.2007","-183.179"
7755,0,"-833.926","-149.683","145.83","-0.314319","1.24562","-183.261"
7756,0,"-835.901","-149.497","145.656","-0.322853","1.50435","-183.536"
7757,0,"-838.121","-149.801","145.503","0.467159","1.06636","-183.135"
7758,0,"-839.859","-149.839","145.876","0.637356","0.619472","-183.206"
7759,0,"-842.101","-149.284","145.586","0.47707","1.1728","-183.463"
7760,0,"-844.354","-148.993","145.594","0.406095","1.53268","-183.662"
7761,0,"-846.229","-148.994","145.489","0.37346","1.0186","-183.67"
7762,0,"-848.205","-148.774","145.463","0.4002","0.995524","-183.861"
7763,0,"-850.26","-148.332","145.691","0.388271","1.58348","-184.085"
7764,0,"-852.122","-148.256","145.7","0.379984","1.20978","-184.17"
7765,0,"-854.152","-147.916","145.721","0.436608","1.23519","-184.324"
7766,0,"-856.224","-147.774","145.778","0.34497","1.05356","-184.497"
7767,0,"-858.156","-147.33","145.687","0.28787","1.12396","-184.679"
7768,0,"-860.196","-147.155","145.783","0.242069","1.37602","-184.945"
7769,0,"-862.069","-146.768","145.887","0.138114","1.46738","-185.109"
7770,0,"-864.161","-146.296","145.768","-0.0424337","1.47717","-185.311"
7771,0,"-866.053","-146.144","145.967","0.011519","1.52552","-185.477"
7772,0,"-868.088","-145.753","145.804","-0.12758","1.25899","-185.611"
7773,0,"-870.213","-145.351","145.787","-0.238415","1.44722","-185.798"
7774,0,"-872.281","-145.103","145.89","-0.196108","1.07212","-185.846"
7775,0,"-874.313","-144.68","145.667","-0.319692","1.43994","-186.063"
7776,0,"-876.172","-144.642","145.926","-0.213812","1.62978","-186.28"
7777,0,"-878.212","-144.328","145.931","-0.21765","1.64333","-186.446"
7778,0,"-880.203","-143.978","145.889","-0.201346","1.35903","-186.544"
7779,0,"-882.146","-143.663","146.063","-0.113394","1.60657","-186.712"
7780,0,"-884.329","-143.161","145.785","-0.299005","1.58904","-186.85"
7781,0,"-886.255","-142.891","145.868","-0.221632","1.43043","-186.958"
7782,0,"-888.297","-142.736","145.665","-0.364218","1.21259","-187.105"
7783,0,"-890.367","-142.274","145.589","-0.398634","1.16252","-187.185"
7784,0,"-892.239","-141.974","145.831","-0.299668","0.91174","-187.309"
7785,0,"-894.313","-141.815","145.671","-0.40153","1.02656","-187.509"
7786,0,"-896.456","-141.688","145.326","-0.532443","0.680577","-187.669"
7787,0,"-898.65","-141.078","145.47","-0.568425","0.941616","-187.849"
7788,0,"-900.416","-140.912","145.44","-0.461119","0.595965","-187.969"
7789,0,"-902.58","-140.62","145.36","-0.664672","0.4657","-188.082"
7790,0,"-904.777","-140.15","145.036","-0.84417","0.464695","-188.306"
7791,0,"-906.678","-139.877","145.184","-0.755233","0.413711","-188.425"
7792,0,"-908.545","-139.649","145.255","-0.759237","-0.0496877","-188.455"
7793,0,"-910.514","-139.246","145.49","-0.658129","-0.157476","-188.561"
7794,0,"-912.681","-138.893","145.244","-0.800172","-0.65856","-188.606"
7795,0,"-914.635","-138.473","145.33","-0.804639","0.327374","-188.943"
7796,0,"-916.617","-138.07","145.196","-0.892832","0.246991","-189.08"
7797,0,"-918.581","-137.501","145.221","-0.76083","0.413919","-189.228"
7798,0,"-920.732","-137.149","145.141","-0.888837","0.500813","-189.412"
7799,0,"-922.687","-136.679","145.048","-0.939829","0.387993","-189.533"
7800,0,"-924.75","-136.196","144.948","-0.956947","0.451876","-189.632"
7801,0,"-926.506","-135.984","145.229","-0.836329","0.316221","-189.789"
7802,0,"-928.513","-135.502","144.918","-1.017","0.276763","-189.869"
7803,0,"-930.66","-134.743","144.855","-1.03442","0.388674","-189.987"
7804,0,"-932.37","-134.549","145.258","-0.939409","0.337073","-190.129"
7805,0,"-934.522","-134.037","144.937","-1.0976","0.332345","-190.219"
7806,0,"-936.847","-133.516","145.113","-0.949197","-0.017278","-190.525"
7807,0,"-938.722","-132.927","144.842","-1.11624","0.623952","-190.593"
7808,0,"-940.609","-132.614","144.803","-0.981325","0.45834","-190.676"
7809,0,"-942.574","-132.175","144.886","-1.03615","0.478176","-190.809"
7810,0,"-944.477","-131.696","145.05","-0.985947","0.536415","-190.918"
7811,0,"-946.79","-131.36","145.218","-0.797868","0.116201","-191.16"
7812,0,"-948.502","-130.574","145.089","-0.93693","0.768184","-191.177"
7813,0,"-950.455","-130.131","144.832","-1.11698","0.462215","-191.255"
7814,0,"-952.252","-129.488","145.054","-0.978523","0.60189","-191.284"
7815,0,"-954.066","-129.155","145.189","-0.840977","0.644413","-191.447"
7816,0,"-956.298","-128.575","145.014","-1.03317","0.349389","-191.682"
7817,0,"-957.799","-128.214","145.198","-0.92119","0.626855","-191.715"
7818,0,"-959.661","-127.891","145.138","-0.70501","0.699912","-191.749"
7819,0,"-961.719","-127.112","144.937","-1.07262","0.896292","-192.011"
7820,0,"-963.559","-127.016","144.934","-0.674846","0.821005","-191.95"
7821,0,"-965.191","-126.294","145.147","-0.988399","1.00935","-192.206"
7822,0,"-967.183","-125.787","144.887","-0.930191","0.721938","-192.206"
7823,0,"-968.971","-125.274","145.001","-1.04996","0.932186","-192.4"
7824,0,"-971.284","-125.123","144.915","-0.702407","0.274643","-192.461"
7825,0,"-972.937","-124.078","144.803","-1.14532","0.837038","-192.462"
7826,0,"-974.875","-123.441","144.595","-1.19462","0.962973","-192.535"
7827,0,"-976.518","-123.262","144.878","-1.07507","0.766859","-192.559"
7828,0,"-978.211","-122.824","144.933","-1.129","0.873071","-192.571"
7829,0,"-980.081","-122.322","144.895","-1.09043","0.900637","-192.624"
7830,0,"-982.1","-121.758","144.878","-1.09919","1.04162","-192.703"
7831,0,"-983.865","-121.376","144.917","-1.10385","0.87015","-192.689"
7832,0,"-985.679","-120.955","145.095","-1.05989","0.939674","-192.705"
7833,0,"-987.684","-120.325","144.885","-1.11924","1.064","-192.765"
7834,0,"-989.737","-119.882","144.719","-0.952209","1.03369","-192.678"
7835,0,"-991.561","-119.485","144.924","-0.953463","1.01167","-192.769"
7836,0,"-993.828","-118.689","144.465","-1.18094","1.17771","-192.731"
7837,0,"-995.358","-118.594","144.865","-0.965318","0.764454","-192.646"
7838,0,"-997.409","-118.042","144.744","-1.21177","1.13458","-192.775"
7839,0,"-999.346","-117.544","144.734","-1.23434","0.962295","-192.802"
7840,0,"-1001.53","-117.039","144.512","-0.955537","1.04398","-192.707"
7841,0,"-1003.35","-116.433","144.663","-1.22097","0.950943","-192.83"
7842,0,"-1005.39","-115.951","144.738","-1.22516","0.630783","-192.854"
7843,0,"-1007.36","-115.314","144.728","-1.22063","1.09055","-192.875"
7844,0,"-1009.5","-114.645","144.53","-1.30885","0.965461","-192.853"
7845,0,"-1011.69","-114.26","144.67","-1.19723","1.29418","-192.923"
7846,0,"-1014.16","-113.506","144.413","-1.13791","1.3518","-192.857"
7847,0,"-1016.19","-113.422","144.737","-0.902976","0.679117","-192.853"
7848,0,"-1018.03","-112.918","144.747","-0.813339","1.13972","-192.828"
7849,0,"-1020.23","-111.997","144.686","-1.20281","1.3386","-193.071"
7850,0,"-1022.37","-111.651","144.711","-0.892832","1.18666","-192.988"
7851,0,"-1024.57","-110.799","144.613","-1.31049","0.86886","-193.137"
7852,0,"-1026.71","-110.414","144.809","-0.987396","0.649137","-193.207"
7853,0,"-1028.82","-109.48","144.416","-1.18785","1.18516","-193.27"
7854,0,"-1030.79","-109.083","144.619","-1.23276","1.04487","-193.372"
7855,0,"-1033.16","-108.375","144.363","-1.39084","1.32501","-193.527"
7856,0,"-1035.12","-107.829","144.681","-1.26939","1.01176","-193.548"
7857,0,"-1036.87","-107.318","144.552","-1.31075","1.1882","-193.599"
7858,0,"-1038.93","-106.721","144.689","-1.31539","1.35659","-193.754"
7859,0,"-1040.82","-106.042","144.483","-1.37998","1.08889","-193.76"
7860,0,"-1042.78","-105.842","144.526","-0.799272","1.2314","-193.717"
7861,0,"-1044.9","-104.818","144.62","-1.34609","1.60821","-194.051"
7862,0,"-1046.83","-104.323","144.48","-1.17567","1.51576","-194.088"
7863,0,"-1049.06","-103.716","144.748","-1.21428","1.37079","-194.29"
7864,0,"-1050.97","-102.95","144.389","-1.28345","1.56899","-194.313"
7865,0,"-1052.82","-102.697","144.437","-0.932663","1.28176","-194.228"
7866,0,"-1054.68","-101.91","144.506","-1.02073","1.3757","-194.385"
7867,0,"-1056.87","-101.039","144.212","-1.2811","1.30198","-194.493"
7868,0,"-1058.79","-100.763","144.545","-1.04592","0.839316","-194.696"
7869,0,"-1060.48","-100.154","144.44","-1.20967","1.38966","-194.694"
7870,0,"-1062.56","-99.561","144.236","-0.931992","1.38608","-194.736"
7871,0,"-1064.52","-98.9662","144.134","-0.936321","1.42369","-194.84"
7872,0,"-1066.51","-98.3947","144.263","-0.843683","1.53335","-195.038"
7873,0,"-1068.39","-97.7881","144.181","-0.796912","1.61756","-195.067"
7874,0,"-1070.22","-97.2474","144.103","-0.691157","1.85389","-195.137"
7875,0,"-1072.13","-96.6479","144.23","-0.448531","1.2479","-195.188"
7876,0,"-1074.04","-95.9272","144.225","-0.432436","1.29235","-195.197"
7877,0,"-1076.05","-95.3744","144.261","-0.314777","1.37582","-195.336"
7878,0,"-1078.07","-94.6013","143.892","-0.529425","1.1984","-195.287"
7879,0,"-1079.98","-94.2356","144.188","-0.149157","1.11875","-195.519"
7880,0,"-1082","-93.4093","143.981","-0.208636","1.5156","-195.581"
7881,0,"-1083.83","-92.824","143.958","-0.16705","1.45674","-195.682"
7882,0,"-1085.87","-92.0248","143.87","-0.199233","1.31312","-195.778"
7883,0,"-1087.71","-91.4277","143.848","-0.187264","1.46975","-195.837"
7884,0,"-1089.63","-90.8715","143.929","0.00315687","1.21472","-195.96"
7885,0,"-1091.51","-90.1615","144.036","-0.11665","1.55924","-196.046"
7886,0,"-1093.39","-89.4721","144.038","-0.01546","1.54401","-196.186"
7887,0,"-1095.33","-88.7793","143.92","-0.0904129","1.75104","-196.235"
7888,0,"-1097.27","-88.1376","144.097","-0.0227748","1.37193","-196.356"
7889,0,"-1099.25","-87.2961","143.879","-0.167459","1.44321","-196.399"
7890,0,"-1101.14","-86.59","144.044","-0.0606074","1.4744","-196.504"
7891,0,"-1103.41","-85.642","143.796","-0.178501","1.76971","-196.708"
7892,0,"-1105.16","-85.0068","143.723","-0.198684","1.5446","-196.749"
7893,0,"-1107.18","-84.4685","144.061","-0.108517","1.16315","-196.947"
7894,0,"-1108.85","-83.6362","143.868","-0.110611","1.70426","-197.003"
7895,0,"-1110.9","-82.9808","143.903","-0.116339","1.42349","-197.15"
7896,0,"-1112.77","-82.2074","144.013","-0.263607","1.79013","-197.309"
7897,0,"-1114.73","-81.538","144.022","-0.0809597","1.67694","-197.447"
7898,0,"-1116.59","-80.342","144.176","-1.14341","2.05525","-197.73"
7899,0,"-1118.49","-79.662","144.34","-1.03271","2.10166","-197.92"
7900,0,"-1120.36","-78.7865","144.177","-1.08076","2.4705","-198.013"
7901,0,"-1122.49","-77.8998","143.957","-1.26238","2.54427","-198.183"
7902,0,"-1123.7","-78.0803","144.927","-0.0312824","1.73366","-198.677"
7903,0,"-1125.81","-77.2382","144.885","-0.139676","1.94016","-198.972"
7904,0,"-1127.89","-76.5083","144.955","-0.150048","1.33457","-199.183"
7905,0,"-1129.4","-75.6736","144.955","-0.0625587","2.24351","-199.264"
7906,0,"-1131.4","-74.9302","144.991","0.0332918","1.8654","-199.47"
7907,0,"-1133.07","-73.9848","144.845","-0.365754","2.18374","-199.62"
7908,0,"-1134.95","-73.3081","145.083","-0.312643","2.08886","-199.919"
7909,0,"-1136.85","-72.5298","145.212","-0.348802","1.99754","-200.152"
7910,0,"-1138.72","-71.6084","145.314","-0.432065","2.00059","-200.409"
7911,0,"-1140.29","-70.7715","145.207","-0.51658","2.52805","-200.491"
7912,0,"-1142.22","-69.8878","144.993","-0.744216","2.34988","-200.614"
7913,0,"-1144.01","-69.2713","145.091","-0.509752","2.29031","-200.648"
7914,0,"-1146.06","-68.5563","145.198","-0.479429","1.91917","-200.825"
7915,0,"-1147.91","-67.5707","145.328","-0.634857","1.70204","-201.038"
7916,0,"-1149.59","-66.6479","145.156","-0.698421","2.10335","-201.037"
7917,0,"-1151.4","-66.0118","145.395","-0.620957","1.9543","-201.274"
7918,0,"-1153.11","-65.1852","145.25","-0.703143","1.98021","-201.308"
7919,0,"-1154.96","-64.4623","145.387","-0.6236","2.00632","-201.432"
7920,0,"-1156.88","-63.5903","145.343","-0.619304","2.22163","-201.574"
7921,0,"-1159","-63.1202","145.506","-0.566773","1.29003","-201.828"
7922,0,"-1160.61","-62.119","145.354","-0.616135","2.07025","-201.821"
7923,0,"-1162.81","-61.1671","145.369","-0.622079","1.72772","-202.088"
7924,0,"-1164.33","-60.4089","145.269","-0.676183","1.9398","-202.018"
7925,0,"-1166.32","-59.6035","145.404","-0.613398","1.60829","-202.228"
7926,0,"-1168.12","-58.7782","145.32","-0.635281","1.7659","-202.347"
7927,0,"-1169.9","-58.0778","145.481","-0.591993","1.64647","-202.443"
7928,0,"-1171.71","-57.2356","145.445","-0.563757","1.93957","-202.531"
7929,0,"-1173.66","-56.2792","145.348","-0.558767","1.9315","-202.642"
7930,0,"-1175.47","-55.5579","145.516","-0.476609","1.86108","-202.797"
7931,0,"-1177.64","-54.8868","145.726","-0.432457","1.11546","-203.042"
7932,0,"-1179.42","-53.8353","145.555","-0.558246","1.2651","-203.131"
7933,0,"-1181.05","-52.8372","145.408","-0.566718","1.81019","-203.193"
7934,0,"-1182.77","-51.9952","145.253","-0.652456","1.81561","-203.196"
7935,0,"-1184.57","-51.1229","145.253","-0.596592","2.09839","-203.423"
7936,0,"-1186.31","-50.5583","145.598","-0.463078","1.55219","-203.515"
7937,0,"-1187.99","-49.6576","145.397","-0.446093","2.01461","-203.571"
7938,0,"-1189.92","-49.0658","145.738","-0.369507","1.29894","-203.823"
7939,0,"-1191.4","-47.975","145.473","-0.459743","1.88671","-203.737"
7940,0,"-1193.04","-47.2446","145.516","-0.432527","2.13981","-203.811"
7941,0,"-1195.11","-46.398","145.653","-0.425625","1.54145","-204.03"
7942,0,"-1196.82","-45.3915","145.545","-0.497898","1.72746","-204.026"
7943,0,"-1198.94","-44.424","145.462","-0.529638","1.46508","-204.076"
7944,0,"-1201.11","-43.5418","145.641","-0.470753","1.12127","-204.297"
7945,0,"-1203","-42.4543","145.408","-0.426818","1.83107","-204.273"
7946,0,"-1204.95","-41.4119","145.564","-0.40086","1.93333","-204.308"
7947,0,"-1207.08","-40.585","145.698","-0.334448","1.70071","-204.46"
7948,0,"-1209.15","-39.5818","145.726","-0.335737","1.66835","-204.414"
7949,0,"-1211.09","-38.5888","145.602","-0.354646","1.81716","-204.412"
7950,0,"-1213.49","-37.7308","145.771","-0.216888","1.30044","-204.572"
7951,0,"-1215.11","-36.643","145.442","-0.426354","1.72969","-204.438"
7952,0,"-1217.03","-35.7188","145.587","-0.31082","1.96188","-204.437"
7953,0,"-1219.27","-34.7754","145.637","-0.330423","1.40184","-204.513"
7954,0,"-1221.27","-33.8536","145.727","-0.267976","1.43951","-204.518"
7955,0,"-1223.11","-32.8648","145.67","-0.327893","1.71734","-204.486"
7956,0,"-1225.34","-32.1874","145.953","-0.207573","1.01689","-204.63"
7957,0,"-1227.39","-30.9644","145.639","-0.304107","1.54825","-204.626"
7958,0,"-1228.83","-29.9581","145.499","-0.360682","1.89519","-204.403"
7959,0,"-1230.9","-29.0335","145.538","-0.328649","1.8914","-204.487"
7960,0,"-1233.07","-27.9174","145.36","-0.391093","2.17513","-204.583"
7961,0,"-1234.87","-27.1647","145.521","-0.358915","1.79087","-204.513"
7962,0,"-1236.8","-26.4895","145.784","-0.180718","1.44202","-204.526"
7963,0,"-1239.01","-25.5603","145.869","-0.227017","1.09464","-204.647"
7964,0,"-1240.49","-24.5013","145.753","-0.167636","1.8208","-204.421"
7965,0,"-1242.52","-23.5427","145.628","-0.253328","1.74648","-204.405"
7966,0,"-1244.76","-22.5197","145.613","-0.333365","1.67515","-204.418"
7967,0,"-1247","-21.8117","145.902","-0.207608","1.09173","-204.41"
7968,0,"-1248.83","-20.6525","145.705","-0.189276","1.67953","-204.201"
7969,0,"-1251.37","-19.7773","145.924","-0.160567","1.10524","-204.246"
7970,0,"-1253.23","-18.6739","145.792","-0.0851","1.74087","-204.095"
7971,0,"-1255.47","-17.6094","145.795","-0.0836001","1.81438","-204.049"
7972,0,"-1257.79","-16.5352","145.73","-0.143983","1.5872","-204.025"
7973,0,"-1260.24","-15.774","145.909","-0.0985064","1.03221","-204.029"
7974,0,"-1262.33","-14.4542","145.604","-0.12137","1.89445","-203.874"
7975,0,"-1264.72","-13.783","145.953","-0.0792229","1.11652","-203.846"
7976,0,"-1266.6","-12.6839","145.82","-0.101177","1.7198","-203.609"
7977,0,"-1269.05","-11.8033","145.892","-0.119914","1.30399","-203.585"
7978,0,"-1271.04","-10.7762","145.792","-0.0978383","1.75424","-203.434"
7979,0,"-1273.36","-9.84209","145.773","-0.1422","1.34399","-203.315"
7980,0,"-1275.42","-8.80185","145.635","-0.171918","1.46463","-203.169"
7981,0,"-1277.92","-7.97815","145.995","-0.0175682","1.01782","-203.117"
7982,0,"-1279.86","-7.14134","145.935","0.00756424","1.10395","-203.066"
7983,0,"-1281.9","-6.20452","145.994","-0.122676","1.2925","-202.982"
7984,0,"-1283.88","-5.21462","145.754","0.0282368","1.64681","-202.831"
7985,0,"-1285.95","-4.39894","145.819","0.0054616","1.44189","-202.758"
7986,0,"-1288.41","-3.44907","145.737","-0.0871249","1.10983","-202.801"
7987,0,"-1289.89","-2.64895","145.597","-0.118211","1.51982","-202.428"
7988,0,"-1291.92","-1.95722","145.723","-0.0382817","1.24449","-202.404"
7989,0,"-1293.97","-1.26804","145.78","-0.0786852","1.03012","-202.394"
7990,0,"-1295.34","-0.426157","145.679","-0.0599255","1.54197","-202.231"
7991,0,"-1297.08","0.244679","145.719","0.0368278","1.59578","-202.162"
7992,0,"-1298.86","1.09455","145.642","-0.0419526","1.51567","-202.052"
7993,0,"-1300.62","1.86924","145.492","-0.111857","1.68617","-202.028"
7994,0,"-1302.11","2.0789","145.821","-0.0488203","1.01251","-202.144"
7995,0,"-1303.37","2.84823","145.605","-0.0285033","1.58205","-202.006"
7996,0,"-1305","3.44479","145.628","0.0472408","1.56075","-201.945"
7997,0,"-1306.67","4.08634","145.733","-0.0163811","1.36266","-202.021"
7998,0,"-1308.24","4.90204","145.503","-0.106203","1.74363","-202.034"
7999,0,"-1309.88","5.46076","145.767","0.0213187","1.18808","-202.085"
8000,0,"-1311.46","6.47832","145.498","-0.0759659","1.88232","-202.09"
8001,0,"-1312.96","6.98578","145.662","-0.0246126","1.64585","-202.053"
8002,0,"-1314.9","7.484","145.867","0.0448459","1.02668","-202.172"
8003,0,"-1316.21","8.38403","145.698","-0.00654333","1.68168","-202.032"
8004,0,"-1318.09","9.16203","145.68","-0.10483","1.40648","-202.073"
8005,0,"-1319.9","10.0317","145.557","-0.178269","1.42655","-202.021"
8006,0,"-1321.59","10.7991","145.583","-0.0728504","1.49986","-202.028"
8007,0,"-1323.62","11.8023","145.456","-0.0686696","1.63907","-202.151"
8008,0,"-1325.31","12.538","145.495","-0.0656229","1.42623","-202.07"
8009,0,"-1326.95","13.1666","145.736","0.0165849","1.26832","-202.225"
8010,0,"-1328.79","14.1127","145.56","-0.0549449","1.65165","-202.28"
8011,0,"-1330.52","14.7213","145.784","0.03939","1.36815","-202.276"
8012,0,"-1332.55","15.4088","145.912","0.0123846","0.819067","-202.421"
8013,0,"-1334.35","16.6324","145.568","-0.0806501","1.8575","-202.36"
8014,0,"-1336.24","17.126","145.799","0.0214791","1.32007","-202.315"
8015,0,"-1338.21","18.198","145.555","-0.100856","1.49952","-202.253"
8016,0,"-1340.48","19.0669","145.677","0.0575385","1.3314","-202.36"
8017,0,"-1342.37","20.0382","145.596","0.0343734","1.4157","-202.29"
8018,0,"-1344.61","20.8201","145.731","0.0654324","0.940791","-202.347"
8019,0,"-1346.71","22.0434","145.591","0.0489371","1.34721","-202.18"
8020,0,"-1348.91","22.8254","145.755","0.0706289","1.02982","-202.215"
8021,0,"-1351.06","23.692","145.733","0.0483302","1.06252","-202.22"
8022,0,"-1353.26","24.6615","145.645","0.0518317","1.27246","-202.211"
8023,0,"-1355.37","25.5819","145.555","0.0353143","1.42116","-202.115"
8024,0,"-1357.87","26.6491","145.542","0.0329861","1.4799","-202.279"
8025,0,"-1359.75","27.4669","145.605","0.134007","1.37695","-202.017"
8026,0,"-1361.92","28.2079","145.766","0.142619","0.844399","-201.994"
8027,0,"-1364.08","29.3509","145.344","0.00395089","1.44059","-201.872"
8028,0,"-1365.87","30.0488","145.608","0.0834267","1.2754","-201.768"
8029,0,"-1367.96","30.8866","145.618","0.131097","1.23013","-201.705"
8030,0,"-1370.18","31.7969","145.493","0.0199739","1.25752","-201.629"
8031,0,"-1372.36","32.3547","145.828","0.144765","0.653553","-201.751"
8032,0,"-1374.14","33.3155","145.536","0.0765323","1.27277","-201.566"
8033,0,"-1376.31","34.1403","145.663","0.114583","1.04981","-201.578"
8034,0,"-1378.34","34.9909","145.589","0.0249954","0.907177","-201.456"
8035,0,"-1380.4","35.8519","145.564","0.10105","0.890165","-201.372"
8036,0,"-1382.71","37.0859","145.252","-0.0302994","1.47812","-201.368"
8037,0,"-1384.66","37.741","145.352","0.0755281","1.32993","-201.28"
8038,0,"-1386.52","38.3498","145.528","0.0784783","1.03609","-201.293"
8039,0,"-1388.33","39.1672","145.458","0.17831","1.27952","-201.114"
8040,0,"-1390.3","39.864","145.601","0.208399","1.12057","-201.196"
8041,0,"-1392.31","40.6156","145.387","0.21343","1.20209","-200.994"
8042,0,"-1394.33","41.4976","145.493","0.127119","1.11891","-201.146"
8043,0,"-1395.91","42.3545","145.454","0.118642","1.2202","-201.106"
8044,0,"-1397.76","42.9009","145.438","0.204778","1.1827","-201.053"
8045,0,"-1399.66","43.8867","145.314","-0.0418683","0.963995","-201.132"
8046,0,"-1401.5","44.6332","145.349","0.0492813","1.18708","-201.144"
8047,0,"-1403.37","45.2944","145.414","0.10264","1.06694","-201.192"
8048,0,"-1405.17","46.1596","145.366","0.0372646","1.21902","-201.226"
8049,0,"-1407.15","46.9075","145.353","0.105831","1.3613","-201.292"
8050,0,"-1409.05","47.5283","145.513","0.14146","1.02423","-201.352"
8051,0,"-1410.74","48.4163","145.421","0.153338","1.2719","-201.339"
8052,0,"-1412.93","49.1446","145.524","0.155877","0.692113","-201.448"
8053,0,"-1414.42","50.1656","145.399","-0.00673503","1.21115","-201.413"
8054,0,"-1416.4","50.9249","145.35","0.0308915","0.949964","-201.421"
8055,0,"-1418.28","51.8026","145.21","-0.0657246","1.00622","-201.439"
8056,0,"-1420.07","52.5324","145.363","0.0847582","1.10111","-201.467"
8057,0,"-1422.13","53.15","145.458","0.13701","0.808202","-201.654"
8058,0,"-1423.82","54.0086","145.275","0.101436","1.15748","-201.639"
8059,0,"-1425.63","54.797","145.334","0.0856531","1.06365","-201.666"
8060,0,"-1427.52","55.6367","145.276","0.09632","1.26202","-201.689"
8061,0,"-1429.55","56.3846","145.34","0.126507","0.92429","-201.789"
8062,0,"-1431.11","57.2184","145.188","-0.08855","1.06962","-201.694"
8063,0,"-1433.01","57.9617","145.309","0.00269854","1.14823","-201.683"
8064,0,"-1435.43","58.66","145.466","0.063639","0.246912","-201.806"
8065,0,"-1436.99","59.6284","145.172","-0.0401511","1.0302","-201.697"
8066,0,"-1438.84","60.2842","145.363","0.0476374","0.87063","-201.741"
8067,0,"-1440.68","61.0353","145.409","0.0868515","0.748116","-201.733"
8068,0,"-1442.48","61.8138","145.197","0.0223211","0.995255","-201.683"
8069,0,"-1444.52","62.6229","145.132","0.0560458","1.01765","-201.609"
8070,0,"-1446.61","63.5925","145.051","0.0046094","1.34041","-201.71"
8071,0,"-1448.74","64.0839","145.29","0.0819335","0.647102","-201.769"
8072,0,"-1450.29","64.998","145.142","0.0568004","1.12855","-201.544"
8073,0,"-1452.58","65.8136","145.154","-0.0410532","0.901707","-201.657"
8074,0,"-1454.16","66.5689","145.144","0.00434284","1.1107","-201.447"
8075,0,"-1456.04","67.2998","145.158","0.0309595","1.03111","-201.384"
8076,0,"-1458.14","68.1531","145.142","-0.0228915","0.862602","-201.333"
8077,0,"-1460.16","68.9897","145.112","-0.0110873","1.01641","-201.275"
8078,0,"-1462.05","69.543","145.055","-0.00769468","0.946459","-201.292"
8079,0,"-1464","70.3044","145.109","0.0238543","0.959384","-201.248"
8080,0,"-1465.9","71.0961","145.095","0.0465617","0.975004","-201.163"
8081,0,"-1468.07","71.7942","145.181","0.0460781","0.726901","-201.188"
8082,0,"-1469.94","72.7475","144.972","0.0420082","1.10208","-201.087"
8083,0,"-1472.09","73.5936","145.089","0.0646607","1.07375","-201.121"
8084,0,"-1473.95","74.2401","145.136","0.0820882","0.97639","-201.067"
8085,0,"-1476.17","75.0607","145.108","0.087737","0.875544","-201.026"
8086,0,"-1478.08","75.9824","144.957","0.0199989","0.977428","-200.923"
8087,0,"-1479.86","76.6822","145.033","0.054399","1.02623","-200.913"
8088,0,"-1482.09","77.2504","145.171","0.0970142","0.3183","-201.004"
8089,0,"-1483.88","78.2589","144.93","0.048393","0.958539","-200.939"
8090,0,"-1485.87","78.9887","144.965","0.0500009","0.800025","-200.969"
8091,0,"-1487.74","79.7744","144.948","0.0423014","0.985617","-200.983"
8092,0,"-1489.68","80.5841","144.93","0.0567577","0.950232","-201.019"
8093,0,"-1491.65","81.4308","144.921","0.102953","1.0425","-201.014"
8094,0,"-1493.79","82.3796","144.778","0.0276885","1.24635","-201.116"
8095,0,"-1495.57","82.965","144.833","-0.000563573","0.775814","-201.096"
8096,0,"-1497.34","83.7486","144.813","0.0231632","1.03568","-201.145"
8097,0,"-1499.32","84.5354","144.939","0.109775","0.842889","-201.195"
8098,0,"-1501.22","85.5195","144.897","-0.212086","0.954057","-201.284"
8099,0,"-1503.21","86.2297","144.871","0.0598778","0.672097","-201.311"
8100,0,"-1504.88","87.0474","144.79","0.0290195","0.991054","-201.3"
8101,0,"-1506.81","87.795","144.812","0.0566009","0.951038","-201.408"
8102,0,"-1508.57","88.5943","144.821","0.063747","0.910354","-201.428"
8103,0,"-1510.7","89.4801","144.622","-0.0167996","0.994575","-201.525"
8104,0,"-1512.82","90.1251","144.914","0.09115","0.529716","-201.751"
8105,0,"-1514.36","91.0762","144.742","0.00402345","0.943769","-201.642"
8106,0,"-1516.74","92.0475","144.672","-0.00757693","1.05538","-201.862"
8107,0,"-1518.24","92.7872","144.76","0.0203822","0.91815","-201.764"
8108,0,"-1520.14","93.5882","144.771","0.027304","0.896434","-201.857"
8109,0,"-1522.09","94.4525","144.687","0.0100992","0.915861","-201.93"
8110,0,"-1524.03","95.3484","144.576","-0.0591552","0.825123","-201.981"
8111,0,"-1526.01","96.1162","144.657","0.0109217","0.801982","-202.094"
8112,0,"-1527.76","96.9181","144.647","0.017595","0.980927","-202.157"
8113,0,"-1529.99","97.7465","144.626","0.0241046","0.834206","-202.362"
8114,0,"-1531.63","98.6135","144.593","-0.00217211","1.03752","-202.384"
8115,0,"-1533.77","99.6349","144.565","-0.00888735","1.16603","-202.549"
8116,0,"-1535.54","100.422","144.482","0.0212337","1.29493","-202.582"
8117,0,"-1537.34","101.063","144.766","0.10405","0.544254","-202.641"
8118,0,"-1539.1","102.113","144.67","0.101247","0.926193","-202.668"
8119,0,"-1540.91","102.922","144.657","0.0227681","0.992878","-202.787"
8120,0,"-1543.09","103.611","144.769","0.115731","0.363881","-202.965"
8121,0,"-1544.8","104.707","144.477","-0.0262982","0.808995","-202.892"
8122,0,"-1546.81","105.396","144.67","0.064775","0.521024","-203.064"
8123,0,"-1548.66","106.462","144.48","-0.00310291","1.00327","-203.181"
8124,0,"-1550.52","107.292","144.553","0.0219947","0.767519","-203.289"
8125,0,"-1552.34","108.202","144.543","0.083172","1.03101","-203.324"
8126,0,"-1554.64","109.112","144.666","0.0677728","0.572382","-203.597"
8127,0,"-1555.9","110.008","144.521","0.0834187","0.867895","-203.445"
8128,0,"-1557.97","110.734","144.727","0.165609","0.388787","-203.593"
8129,0,"-1559.76","111.69","144.61","0.0777494","0.481805","-203.649"
8130,0,"-1561.49","112.673","144.444","-0.0058151","0.904598","-203.692"
8131,0,"-1563.4","113.59","144.432","0.0212467","0.932515","-203.748"
8132,0,"-1565.25","114.44","144.447","0.0339497","0.921089","-203.811"
8133,0,"-1567.27","115.141","144.647","0.0827998","0.210225","-203.994"
8134,0,"-1568.86","116.176","144.358","-0.0280558","0.853925","-203.949"
8135,0,"-1570.74","116.916","144.533","0.081656","0.340663","-204.044"
8136,0,"-1572.56","118.05","144.385","-0.00703734","0.814114","-203.981"
8137,0,"-1574.79","118.874","144.325","-0.0556355","0.701393","-204.215"
8138,0,"-1576.24","119.704","144.323","0.0103256","0.977201","-204.107"
8139,0,"-1577.95","120.489","144.336","0.00534017","1.00401","-204.088"
8140,0,"-1580.25","121.169","144.613","-0.025259","0.0820869","-204.291"
8141,0,"-1581.83","122.28","144.245","-0.0519046","0.942641","-204.085"
8142,0,"-1583.79","122.882","144.531","0.0452703","0.333374","-204.146"
8143,0,"-1585.54","123.788","144.47","0.0462926","0.467336","-204.13"
8144,0,"-1587.27","124.739","144.271","-0.0648581","0.832885","-204.063"
8145,0,"-1589.24","125.668","144.218","-0.0214644","0.791874","-204.042"
8146,0,"-1591.23","126.576","144.163","-0.0799566","0.82652","-203.995"
8147,0,"-1593.54","127","144.501","-0.0454157","-0.384653","-204.191"
8148,0,"-1595.05","128.138","143.985","-0.235948","0.675942","-204.035"
8149,0,"-1597.31","129.265","144.335","0.00789485","0.66667","-204.19"
8150,0,"-1599.07","130.106","144.31","-0.0248754","0.900842","-204.033"
8151,0,"-1601.31","130.94","144.337","-0.0477656","0.401356","-204.098"
8152,0,"-1603.02","132.033","144.229","-0.0442885","0.894774","-203.976"
8153,0,"-1604.97","132.947","144.195","-0.0513123","0.870378","-203.96"
8154,0,"-1607.05","133.903","144.188","-0.0377715","0.839339","-203.983"
8155,0,"-1609.05","134.837","144.11","-0.0445883","1.04059","-204.028"
8156,0,"-1611.12","135.516","144.292","0.0341119","0.436433","-204.024"
8157,0,"-1612.78","136.453","144.062","-0.098775","0.835581","-203.971"
8158,0,"-1614.78","137.523","144.054","-0.117401","0.911551","-203.91"
8159,0,"-1616.57","138.366","144.236","0.0116975","0.991447","-203.941"
8160,0,"-1618.72","139.369","144.087","-0.0488543","1.04726","-204.064"
8161,0,"-1620.79","140.254","144.055","-0.10877","1.12205","-204.161"
8162,0,"-1622.54","141.102","144.143","-0.0273739","0.981343","-204.124"
8163,0,"-1624.67","141.897","144.351","0.0889238","0.477895","-204.278"
8164,0,"-1626.41","142.984","144.095","-0.00389582","0.960094","-204.232"
8165,0,"-1628.31","143.96","144.07","0.000334524","0.9787","-204.28"
8166,0,"-1630.24","144.894","144.02","-0.0208822","0.986453","-204.311"
8167,0,"-1632.3","145.546","144.289","0.0203525","0.355154","-204.514"
8168,0,"-1633.97","146.737","144.072","-0.0197033","0.993906","-204.434"
8169,0,"-1636","147.461","144.257","0.0278345","0.515763","-204.627"
8170,0,"-1637.93","148.446","144.17","0.00655073","0.453118","-204.688"
8171,0,"-1639.56","149.409","144.059","0.0357735","0.829303","-204.72"
8172,0,"-1641.62","150.521","143.845","-0.0534498","1.17074","-204.893"
8173,0,"-1643.12","151.259","144.004","-0.00102673","1.00569","-204.894"
8174,0,"-1644.97","152.188","143.988","0.0141748","0.976865","-204.987"
8175,0,"-1646.97","153.093","143.902","-0.0244783","0.990995","-205.092"
8176,0,"-1648.77","154.048","144.014","-0.0265662","0.894143","-205.184"
8177,0,"-1650.6","154.968","144.048","-0.0196121","0.91191","-205.282"
8178,0,"-1652.49","155.935","143.955","0.0169015","0.993233","-205.38"
8179,0,"-1654.34","156.87","143.988","-0.0256654","0.892094","-205.424"
8180,0,"-1656.44","157.516","144.266","0.00597895","-0.0207999","-205.676"
8181,0,"-1657.94","158.716","143.977","-0.00455409","0.890332","-205.634"
8182,0,"-1660.02","159.365","144.198","0.0279618","0.186947","-205.857"
8183,0,"-1661.91","160.542","143.998","-0.0306738","0.665743","-205.971"
8184,0,"-1663.5","161.605","144.003","0.0135664","0.743491","-205.965"
8185,0,"-1665.24","162.671","143.822","-0.0500504","1.01248","-206.017"
8186,0,"-1667.15","163.559","143.951","-0.0435762","0.57181","-206.189"
8187,0,"-1668.93","164.41","144.04","0.0504719","0.420243","-206.25"
8188,0,"-1670.63","165.357","143.817","0.043652","0.606924","-206.307"
8189,0,"-1672.52","166.48","143.718","0.105453","1.12036","-206.459"
8190,0,"-1674.26","167.438","143.811","-0.0587162","0.94953","-206.525"
8191,0,"-1676.19","168.276","143.967","-0.0203433","0.622625","-206.674"
8192,0,"-1677.79","169.427","143.763","-0.0267563","1.0437","-206.732"
8193,0,"-1679.85","170.159","144.035","-0.0715844","0.221766","-206.942"
8194,0,"-1681.84","171.592","143.645","-0.071842","1.3436","-207.111"
8195,0,"-1683.41","172.252","143.915","0.00881413","0.633802","-207.119"
8196,0,"-1685.01","173.354","143.759","-0.0375341","0.953522","-207.129"
8197,0,"-1687.04","174.203","143.972","0.00199623","0.589633","-207.3"
8198,0,"-1688.77","175.569","143.675","-0.0693022","0.897683","-207.246"
8199,0,"-1690.66","176.218","144.001","-0.0118854","0.257856","-207.474"
8200,0,"-1692.44","177.518","143.63","-0.106107","1.08425","-207.602"
8201,0,"-1694.13","178.257","143.823","-0.017263","0.60926","-207.664"
8202,0,"-1695.82","179.297","143.8","-0.0225773","0.607653","-207.703"
8203,0,"-1697.79","180.289","143.866","-0.0133967","0.338825","-207.851"
8204,0,"-1699.53","181.237","143.85","-0.0155924","0.263428","-207.922"
8205,0,"-1701.05","182.384","143.742","-0.047854","0.809402","-207.93"
8206,0,"-1702.94","183.4","143.633","-0.164421","1.0187","-208.153"
8207,0,"-1704.47","184.166","143.746","-0.0585352","0.83933","-208.077"
8208,0,"-1706.55","185.016","143.938","-0.0489252","0.236941","-208.184"
8209,0,"-1708.13","186.174","143.685","-0.0844584","0.595388","-208.123"
8210,0,"-1710.21","186.862","143.992","-0.00734842","-0.129438","-208.26"
8211,0,"-1711.91","188.132","143.773","-0.0800395","0.405778","-208.117"
8212,0,"-1713.54","189.245","143.66","-0.112028","0.644513","-208.119"
8213,0,"-1715.38","190.286","143.617","-0.134055","0.764257","-208.121"
8214,0,"-1717.37","191.21","143.745","-0.125566","0.405968","-208.094"
8215,0,"-1719.29","192.077","143.898","-0.0740205","0.0254469","-208.217"
8216,0,"-1720.94","193.317","143.633","-0.117344","0.632866","-208.116"
8217,0,"-1722.97","194.109","143.773","-0.134397","0.177449","-208.171"
8218,0,"-1724.75","195.415","143.641","-0.0687504","0.822717","-208.083"
8219,0,"-1726.78","196.135","143.781","-0.0915185","0.128803","-208.174"
8220,0,"-1728.8","197.417","143.521","-0.0842314","0.871856","-208.239"
8221,0,"-1730.56","198.252","143.723","-0.0333596","0.349758","-208.125"
8222,0,"-1732.3","199.255","143.746","-0.0054047","0.462742","-208.108"
8223,0,"-1734.19","200.323","143.6","-0.0818476","0.593496","-208.058"
8224,0,"-1736.02","201.298","143.599","-0.0996293","0.622185","-208.051"
8225,0,"-1737.95","202.553","143.476","-0.108648","0.836259","-207.997"
8226,0,"-1740.27","203.312","143.77","-0.121848","-0.0491104","-208.141"
8227,0,"-1741.65","204.485","143.497","-0.0858004","0.701642","-208.006"
8228,0,"-1743.8","205.352","143.716","0.0538127","0.247552","-208.066"
8229,0,"-1745.64","206.616","143.419","-0.0207662","0.783596","-208.027"
8230,0,"-1747.78","207.452","143.696","-0.0223005","0.149424","-208.152"
8231,0,"-1749.28","208.582","143.588","0.0425296","0.601045","-208.034"
8232,0,"-1751.64","209.729","143.595","0.0182718","0.725878","-208.285"
8233,0,"-1753.2","210.671","143.487","-0.0299446","0.737885","-208.146"
8234,0,"-1755.28","211.883","143.363","-0.029787","0.78264","-208.222"
8235,0,"-1756.98","213.008","143.375","0.067237","1.06594","-208.232"
8236,0,"-1758.98","213.915","143.501","0.137896","0.545004","-208.306"
8237,0,"-1761.11","215.191","143.445","-0.0661631","0.504574","-208.438"
8238,0,"-1762.75","216.195","143.499","0.0264488","0.767264","-208.469"
8239,0,"-1764.39","217.352","143.363","-0.0155906","0.948035","-208.463"
8240,0,"-1766.3","218.494","143.321","-0.0382423","0.933475","-208.496"
8241,0,"-1768.01","219.447","143.368","0.00426914","0.936754","-208.616"
8242,0,"-1769.76","220.454","143.32","-0.0225137","0.979871","-208.694"
8243,0,"-1771.52","221.454","143.367","0.0219193","0.937504","-208.788"
8244,0,"-1773.37","222.507","143.341","0.0885376","0.921593","-208.849"
8245,0,"-1775.59","223.782","143.169","0.00470558","1.16628","-209.107"
8246,0,"-1776.89","224.528","143.425","0.0878765","0.771659","-209.026"
8247,0,"-1778.95","225.267","143.578","0.0824435","-0.0802523","-209.23"
8248,0,"-1780.49","226.597","143.362","0.182522","0.733265","-209.234"
8249,0,"-1782.32","227.574","143.448","0.247024","0.271021","-209.33"
8250,0,"-1783.9","228.749","143.229","0.192073","0.690039","-209.35"
8251,0,"-1785.9","229.464","143.487","0.538111","-0.111943","-209.492"
8252,0,"-1787.73","230.425","143.417","0.563033","-0.247761","-209.555"
8253,0,"-1789.25","231.639","143.405","0.63244","0.0480191","-209.589"
8254,0,"-1790.87","232.818","143.194","0.731622","0.322167","-209.632"
8255,0,"-1792.54","233.893","143.168","0.774181","0.327277","-209.698"
8256,0,"-1794.43","234.968","143.105","0.652035","0.463627","-209.898"
8257,0,"-1796.48","235.896","143.094","0.787718","0.106354","-210.054"
8258,0,"-1798.08","236.956","143.246","0.910341","-0.0382386","-210.072"
8259,0,"-1799.75","238.01","143.069","0.923834","0.270837","-210.15"
8260,0,"-1801.47","239.138","143.099","1.00671","0.294658","-210.182"
8261,0,"-1803.29","240.292","143.074","0.924984","0.146844","-210.314"
8262,0,"-1805.19","241.21","143.253","0.91959","-0.259396","-210.484"
8263,0,"-1806.88","242.974","143.277","0.00627819","0.711402","-210.664"
8264,0,"-1808.32","244.061","143.475","0.15943","0.858327","-210.709"
8265,0,"-1810.35","245.08","143.268","0.0641768","0.649528","-210.828"
8266,0,"-1812.41","245.883","143.453","0.0551725","-0.0506556","-211.072"
8267,0,"-1813.76","247.226","143.369","0.0866819","0.489342","-211.055"
8268,0,"-1815.84","248.254","143.389","-0.0134722","-0.133489","-211.175"
8269,0,"-1817.27","249.566","143.25","0.0814224","0.656073","-211.184"
8270,0,"-1819.44","250.679","143.376","0.0795344","0.29683","-211.528"
8271,0,"-1820.63","251.983","143.352","0.146728","0.767459","-211.409"
8272,0,"-1822.59","252.931","143.339","0.00512015","0.139627","-211.574"
8273,0,"-1824.12","254.039","143.304","0.0629986","0.451431","-211.597"
8274,0,"-1826.05","254.961","143.49","0.125623","-0.0307125","-211.784"
8275,0,"-1827.67","256.406","143.174","0.101865","0.719498","-211.818"
8276,0,"-1829.61","257.356","143.409","0.112185","-0.0223912","-211.965"
8277,0,"-1830.9","258.684","143.162","0.213719","0.885011","-211.905"
8278,0,"-1832.94","259.446","143.304","0.282508","0.0153557","-212.132"
8279,0,"-1834.18","260.609","143.196","0.421462","0.501094","-211.967"
8280,0,"-1836.04","261.738","143.222","0.52823","0.231285","-212.048"
8281,0,"-1837.73","262.942","142.925","0.568103","0.630573","-212.071"
8282,0,"-1839.24","263.987","142.907","0.699267","0.611876","-212.013"
8283,0,"-1841.13","264.657","143.243","0.866651","-0.258322","-212.077"
8284,0,"-1843.02","266.359","142.781","0.880493","0.706641","-212.044"
8285,0,"-1844.89","267.251","143.193","-0.149247","-0.22217","-212.285"
8286,0,"-1846.33","268.736","143.126","0.0737218","0.76141","-212.122"
8287,0,"-1848.16","270.01","142.961","0.0146543","1.15479","-212.126"
8288,0,"-1849.65","270.678","142.977","-0.138447","0.367114","-212.213"
8289,0,"-1851.57","271.759","143.461","0.113257","-0.0105128","-212.192"
8290,0,"-1853.46","273.006","143.246","0.00942638","0.15533","-212.217"
8291,0,"-1854.89","274.241","142.949","-0.152044","0.635677","-212.106"
8292,0,"-1856.63","275.379","143.018","-0.0227639","0.783717","-212.102"
8293,0,"-1858.46","276.578","143.069","-0.0315237","0.671893","-212.117"
8294,0,"-1860.3","277.369","143.384","0.0142482","-0.06385","-212.127"
8295,0,"-1861.77","278.646","143.02","-0.0618121","0.611824","-211.975"
8296,0,"-1863.08","279.791","143.156","0.0918138","1.04151","-211.92"
8297,0,"-1865.11","281.202","142.93","-0.0632953","1.10659","-211.928"
8298,0,"-1867.19","281.751","143.336","-0.0493051","-0.184849","-212.042"
8299,0,"-1869.26","282.965","143.245","0.00405665","0.0631417","-212.089"
8300,0,"-1870.69","283.919","143.22","-0.0358388","0.0229098","-211.987"
8301,0,"-1872.33","285.67","142.855","0.0497781","0.995554","-211.811"
8302,0,"-1874.21","286.639","142.699","-0.228982","0.718461","-211.891"
8303,0,"-1875.77","287.461","143.048","0.0291535","0.466767","-211.749"
8304,0,"-1877.35","288.496","143.005","0.163102","0.576414","-211.658"
8305,0,"-1879.02","289.64","142.731","-0.0499991","0.58958","-211.615"
8306,0,"-1880.86","290.64","142.952","0.220504","0.624788","-211.562"
8307,0,"-1882.55","291.556","142.658","0.24779","0.411207","-211.517"
8308,0,"-1884.09","292.531","142.588","0.336796","0.505993","-211.416"
8309,0,"-1885.75","293.607","142.711","0.532432","0.632642","-211.27"
8310,0,"-1887.35","294.515","142.633","0.511659","0.388393","-211.169"
8311,0,"-1889.19","295.76","142.608","0.552206","0.966883","-211.099"
8312,0,"-1890.98","296.748","142.635","0.69809","0.670886","-211.048"
8313,0,"-1892.38","297.591","142.45","0.523122","0.367815","-210.914"
8314,0,"-1894.4","298.868","143.043","-0.0187207","0.51317","-210.976"
8315,0,"-1896.01","299.807","143.012","-0.0466662","0.623483","-210.923"
8316,0,"-1897.81","300.741","142.752","-0.315673","0.255165","-210.859"
8317,0,"-1899.55","302.149","142.744","-0.142926","0.883552","-210.664"
8318,0,"-1901.12","303.213","142.813","-0.123723","0.94946","-210.593"
8319,0,"-1903.04","304.233","142.568","-0.270836","0.945403","-210.586"
8320,0,"-1904.7","304.96","142.923","-0.0644139","0.629453","-210.432"
8321,0,"-1906.41","305.991","142.72","-0.215639","0.492269","-210.305"
8322,0,"-1908.34","307.123","142.809","-0.0906212","1.04482","-210.312"
8323,0,"-1910.03","308.358","142.72","-0.037385","1.22408","-210.121"
8324,0,"-1911.67","308.967","142.115","-0.706792","0.267948","-210.044"
8325,0,"-1913.96","309.889","143.016","-0.143562","0.0593392","-210.073"
8326,0,"-1915.51","310.882","143.023","-0.0272155","0.12779","-209.879"
8327,0,"-1916.92","312.08","142.675","-0.194789","0.666073","-209.665"
8328,0,"-1918.85","313.193","142.752","-0.0197693","1.01886","-209.551"
8329,0,"-1920.56","314.174","142.395","-0.118667","1.08636","-209.453"
8330,0,"-1922.51","314.864","142.871","0.261376","0.454403","-209.362"
8331,0,"-1924.52","315.925","142.867","0.25785","0.226503","-209.212"
8332,0,"-1925.88","316.735","141.892","-0.38532","-0.0932606","-209.081"
8333,0,"-1927.67","317.784","141.809","-0.268179","-0.0492698","-208.991"
8334,0,"-1929.33","318.802","141.736","-0.292829","0.0256048","-208.847"
8335,0,"-1931.68","319.713","141.863","-0.279326","-0.571379","-208.954"
8336,0,"-1933.11","320.548","141.887","-0.115019","-0.54411","-208.66"
8337,0,"-1934.8","321.649","141.736","0.00439727","-0.156222","-208.463"
8338,0,"-1936.83","322.743","141.642","-0.00769041","0.158779","-208.38"
8339,0,"-1938.63","323.471","141.794","0.0830542","-0.123336","-208.251"
8340,0,"-1940.51","324.41","141.813","0.149211","-0.138879","-208.171"
8341,0,"-1942.35","325.624","141.738","-0.0565159","0.338131","-208.034"
8342,0,"-1944.15","326.649","141.514","0.117281","0.554987","-207.876"
8343,0,"-1946.24","327.924","142.141","-0.636316","0.047287","-207.95"
8344,0,"-1948.01","328.596","142.513","-0.337451","-0.105562","-207.81"
8345,0,"-1949.74","329.853","142.137","-0.596973","0.344402","-207.676"
8346,0,"-1951.82","330.964","142.358","-0.333035","0.595709","-207.496"
8347,0,"-1953.5","331.887","142.346","-0.289376","0.768622","-207.397"
8348,0,"-1955.67","332.618","142.507","-0.339862","0.244477","-207.456"
8349,0,"-1957.34","333.583","142.608","-0.177082","0.49707","-207.217"
8350,0,"-1959.08","334.544","142.225","-0.492096","0.434701","-207.097"
8351,0,"-1961.32","335.83","142.362","-0.230545","0.965347","-207.031"
8352,0,"-1962.97","336.694","142.536","-0.189863","1.0124","-206.806"
8353,0,"-1964.93","337.228","142.532","-0.270486","0.147903","-206.795"
8354,0,"-1966.72","338.386","142.551","-0.126151","0.829841","-206.634"
8355,0,"-1968.55","339.292","142.414","-0.291898","0.709952","-206.494"
8356,0,"-1970.51","340.26","142.564","-0.169218","0.585505","-206.372"
8357,0,"-1972.46","341.436","142.335","-0.154795","1.15592","-206.211"
8358,0,"-1974.22","342.088","142.29","-0.314591","0.684283","-206.129"
8359,0,"-1976.06","343.006","142.497","-0.113503","0.865861","-205.984"
8360,0,"-1977.96","343.787","142.378","-0.263233","0.492837","-205.887"
8361,0,"-1980.11","344.651","142.448","-0.310204","0.262916","-205.836"
8362,0,"-1981.75","345.627","142.535","-0.112072","0.898883","-205.672"
8363,0,"-1983.72","346.506","142.476","-0.132462","0.998047","-205.638"
8364,0,"-1985.78","347.521","142.331","-0.17178","1.23986","-205.631"
8365,0,"-1987.51","348.516","142.294","-0.148659","1.37213","-205.426"
8366,0,"-1989.37","349.061","142.276","-0.291066","0.910321","-205.28"
8367,0,"-1991.29","350","142.408","-0.123503","1.02647","-205.155"
8368,0,"-1993.27","351.002","142.221","-0.256389","0.848665","-204.975"
8369,0,"-1995.32","351.656","142.484","-0.130591","0.672858","-204.951"
8370,0,"-1997.24","352.76","142.351","-0.0719544","0.980617","-204.78"
8371,0,"-1998.99","353.482","142.429","-0.100863","0.963633","-204.653"
8372,0,"-2000.94","354.425","142.47","-0.0457709","1.05122","-204.551"
8373,0,"-2002.78","355.314","142.209","-0.21214","1.06732","-204.417"
8374,0,"-2004.7","356.078","142.316","-0.0955119","1.11084","-204.344"
8375,0,"-2006.73","356.655","142.574","-0.0657594","0.562166","-204.272"
8376,0,"-2008.6","357.699","142.368","-0.00608829","1.06026","-204.076"
8377,0,"-2010.8","358.679","142.369","-0.0844265","1.00026","-204.11"
8378,0,"-2012.52","359.479","142.077","-0.253247","1.04755","-203.962"
8379,0,"-2014.41","360.168","142.368","-0.058734","1.11565","-203.752"
8380,0,"-2016.31","361.096","142.308","-0.108321","1.14099","-203.627"
8381,0,"-2018.22","361.877","141.974","-0.336351","0.987959","-203.522"
8382,0,"-2020.24","362.623","142.316","-0.0682506","1.15769","-203.442"
8383,0,"-2022.16","363.235","142.488","-0.0507505","0.754399","-203.328"
8384,0,"-2024.15","364.378","142.256","-0.0300843","1.20272","-203.216"
8385,0,"-2026.06","365.176","142.267","-0.0057649","1.23419","-203.079"
8386,0,"-2027.99","365.733","142.187","-0.0987717","0.729532","-202.991"
8387,0,"-2030.09","366.644","142.275","-0.0237369","1.15008","-202.848"
8388,0,"-2032.15","367.637","142.185","-0.0532403","1.24053","-202.732"
8389,0,"-2034.02","368.373","142.174","-0.107692","1.24633","-202.569"
8390,0,"-2035.9","369.087","142.162","-0.0473348","1.15037","-202.449"
8391,0,"-2037.88","369.775","142.334","-0.0317342","0.992274","-202.359"
8392,0,"-2039.73","370.535","142.223","-0.0746877","1.03411","-202.248"
8393,0,"-2041.62","371.395","142.241","-0.0824877","1.16021","-202.071"
8394,0,"-2043.47","372.134","142.225","-0.035096","1.12844","-201.956"
8395,0,"-2045.48","372.946","142.26","-0.00201899","1.30899","-201.858"
8396,0,"-2047.42","373.748","142.159","0.0166525","1.37923","-201.696"
8397,0,"-2049.36","374.406","142.181","-0.0139385","1.3277","-201.588"
8398,0,"-2051.21","375.224","142.081","0.0323918","1.46894","-201.443"
8399,0,"-2053.32","375.955","142.043","0.0727065","1.51788","-201.324"
8400,0,"-2055.32","377.108","141.745","0.0165498","2.15732","-201.148"
8401,0,"-2057.63","378.241","141.475","-0.263125","2.66522","-201.102"
8402,0,"-2059.12","378.877","141.536","-0.171163","2.84863","-200.869"
8403,0,"-2061.01","379.663","141.557","-0.141605","3.05036","-200.69"
8404,0,"-2063.03","380.601","141.41","-0.213291","3.35405","-200.525"
8405,0,"-2065.01","381.319","141.355","-0.23732","3.5592","-200.404"
8406,0,"-2066.9","382.145","141.201","-0.259726","3.88059","-200.264"
8407,0,"-2068.85","382.825","141.29","-0.246551","3.63848","-200.11"
8408,0,"-2071","383.692","141.352","-0.17485","3.39471","-199.928"
8409,0,"-2072.9","384.363","141.123","-0.130468","3.75686","-199.804"
8410,0,"-2074.77","385.037","141.058","-0.14308","3.77441","-199.696"
8411,0,"-2077.03","385.787","141.019","-0.0890716","4.01244","-199.664"
8412,0,"-2079.06","386.061","141.108","0.072973","3.62347","-199.626"
8413,0,"-2080.62","386.99","140.964","0.142207","3.90438","-199.256"
8414,0,"-2082.65","387.709","140.956","0.096456","4.02559","-199.153"
8415,0,"-2084.56","388.195","140.983","0.338977","3.81361","-199.001"
8416,0,"-2086.54","388.888","140.842","0.347623","3.83579","-198.812"
8417,0,"-2088.56","389.573","140.891","0.435009","3.68795","-198.65"
8418,0,"-2090.71","390.365","140.715","0.425477","3.94604","-198.5"
8419,0,"-2092.51","390.889","140.826","0.514428","3.7963","-198.376"
8420,0,"-2094.64","391.522","140.792","0.501116","3.88319","-198.284"
8421,0,"-2096.84","392.196","140.613","0.442318","4.00316","-198.215"
8422,0,"-2098.86","392.956","141.08","-0.332983","3.75973","-198.309"
8423,0,"-2100.56","393.702","141.095","-0.239011","3.75832","-198.057"
8424,0,"-2102.6","394.317","140.945","-0.347662","4.00268","-197.968"
8425,0,"-2104.53","395.03","140.89","-0.346456","3.99054","-197.775"
8426,0,"-2106.35","395.605","141.158","-0.192697","3.40246","-197.609"
8427,0,"-2108.4","396.212","140.903","-0.298019","3.77324","-197.468"
8428,0,"-2110.34","396.791","140.935","-0.310376","3.92632","-197.415"
8429,0,"-2112.28","397.488","141.063","-0.276691","3.62477","-197.281"
8430,0,"-2114.31","398.06","140.995","-0.237106","3.90981","-197.163"
8431,0,"-2116.35","398.616","140.976","-0.323426","3.78774","-197.069"
8432,0,"-2118.46","399.266","140.857","-0.376464","3.97414","-196.915"
8433,0,"-2120.46","399.861","140.91","-0.299396","3.91549","-196.758"
8434,0,"-2122.56","400.502","140.849","-0.31379","4.01944","-196.655"
8435,0,"-2124.77","401.188","140.659","-0.442323","3.94697","-196.544"
8436,0,"-2126.49","401.538","140.799","-0.365952","3.83168","-196.367"
8437,0,"-2128.45","402.13","140.747","-0.28359","3.79925","-196.272"
8438,0,"-2130.54","402.567","140.565","-0.387575","3.83457","-196.153"
8439,0,"-2132.46","403.017","140.584","-0.203137","3.59331","-195.897"
8440,0,"-2134.47","403.515","140.595","-0.0564722","3.55964","-195.73"
8441,0,"-2136.5","404.056","140.34","-0.172631","3.21582","-195.686"
8442,0,"-2138.58","404.504","140.117","-0.255963","3.18965","-195.616"
8443,0,"-2140.66","405.029","139.969","-0.231956","3.09913","-195.456"
8444,0,"-2142.55","405.483","140.008","-0.139219","2.66687","-195.239"
8445,0,"-2144.56","405.935","139.78","-0.337561","2.78839","-195.17"
8446,0,"-2146.68","406.024","139.63","-0.0417163","2.67495","-194.859"
8447,0,"-2148.46","406.803","139.89","-0.121061","2.42011","-194.868"
8448,0,"-2150.28","407.838","140.627","0.369182","3.72843","-194.737"
8449,0,"-2152.46","408.153","140.683","0.782245","3.30068","-194.355"
8450,0,"-2154.5","408.898","140.662","0.424292","3.67657","-194.5"
8451,0,"-2156.39","409.382","140.64","0.555241","3.63429","-194.376"
8452,0,"-2158.62","410.102","140.428","0.447662","3.90464","-194.305"
8453,0,"-2160.83","410.812","140.489","0.303255","4.07936","-194.187"
8454,0,"-2162.65","411.046","140.464","0.424753","3.73128","-193.98"
8455,0,"-2164.4","411.438","140.483","0.461357","3.72073","-193.85"
8456,0,"-2166.48","411.776","140.499","0.606022","3.68548","-193.563"
8457,0,"-2168.6","412.09","140.393","0.690359","3.63183","-193.326"
8458,0,"-2170.5","412.62","140.5","0.612095","3.59453","-193.318"
8459,0,"-2172.44","413.279","140.5","0.470419","3.77203","-193.375"
8460,0,"-2174.5","413.7","140.489","0.481005","3.61397","-193.133"
8461,0,"-2176.52","414.311","140.617","0.386634","3.56612","-193.113"
8462,0,"-2178.83","414.703","140.422","0.534061","3.81144","-192.963"
8463,0,"-2180.91","415.239","140.415","0.405606","3.90543","-192.899"
8464,0,"-2182.89","415.44","140.584","0.679448","3.44797","-192.6"
8465,0,"-2184.84","415.974","140.526","0.525938","3.71635","-192.557"
8466,0,"-2186.85","416.473","140.589","0.337332","3.58519","-192.523"
8467,0,"-2188.85","416.953","140.823","0.748618","2.73304","-192.098"
8468,0,"-2191.21","417.302","140.493","0.702257","3.24326","-191.861"
8469,0,"-2193.36","417.545","140.293","0.817914","3.31067","-191.573"
8470,0,"-2195.28","418.041","140.294","0.722033","3.27016","-191.612"
8471,0,"-2197.58","418.441","140.19","0.815182","3.5705","-191.347"
8472,0,"-2199.49","418.758","140.171","0.751163","3.58036","-191.227"
8473,0,"-2201.56","419.095","140.146","0.772914","3.54919","-191.084"
8474,0,"-2203.57","419.411","140.27","0.928508","3.48299","-190.899"
8475,0,"-2205.64","419.781","140.199","0.848104","3.48379","-190.757"
8476,0,"-2207.63","420.208","140.398","0.632964","3.28695","-190.725"
8477,0,"-2209.78","420.35","140.231","0.904018","3.32812","-190.633"
8478,0,"-2211.63","420.899","140.085","0.795792","3.52649","-190.412"
8479,0,"-2213.7","421.42","140.21","0.827864","3.15461","-190.23"
8480,0,"-2215.77","421.868","140.048","0.732282","3.53503","-190.227"
8481,0,"-2218.11","422.337","139.921","0.598841","3.69173","-190.151"
8482,0,"-2219.99","422.558","139.951","0.776302","3.30268","-189.863"
8483,0,"-2222.02","422.812","139.979","0.734605","3.36246","-189.69"
8484,0,"-2224.17","423.148","139.928","0.782267","3.41675","-189.605"
8485,0,"-2226.09","423.46","140.005","0.800018","3.37455","-189.461"
8486,0,"-2228.1","423.834","140.134","0.617507","3.47354","-189.45"
8487,0,"-2230.28","424.219","139.992","0.769808","3.53508","-189.289"
8488,0,"-2232.23","424.583","139.932","0.69202","3.44651","-189.116"
8489,0,"-2234.54","424.928","139.981","0.764971","3.64164","-189.039"
8490,0,"-2236.46","425.17","139.936","0.764019","3.37175","-188.808"
8491,0,"-2238.71","425.524","139.899","0.60915","3.36539","-188.807"
8492,0,"-2240.59","425.766","140.904","1.36075","4.46712","-188.601"
8493,0,"-2242.57","426.059","140.931","1.36787","4.46213","-188.481"
8494,0,"-2244.71","426.492","140.989","1.35566","4.17125","-188.317"
8495,0,"-2246.94","426.839","140.792","1.30026","4.52415","-188.218"
8496,0,"-2248.93","427.142","141.052","1.39718","4.13732","-188.09"
8497,0,"-2251.18","427.222","140.936","1.35521","4.44853","-188.032"
8498,0,"-2253.31","427.581","140.866","1.32452","4.4149","-187.914"
8499,0,"-2255.25","427.68","141.029","1.45845","4.18156","-187.708"
8500,0,"-2257.35","427.907","140.92","1.37625","4.26555","-187.587"
8501,0,"-2259.44","428.154","140.83","1.34358","4.03551","-187.451"
8502,0,"-2261.6","428.573","140.841","1.36789","4.07875","-187.306"
8503,0,"-2263.58","428.869","140.952","1.41606","4.03132","-187.194"
8504,0,"-2265.75","429.274","140.777","1.04985","4.49845","-187.134"
8505,0,"-2267.8","429.501","140.98","1.35912","4.01272","-186.977"
8506,0,"-2270.04","429.748","140.664","1.21936","4.46718","-186.958"
8507,0,"-2271.9","429.751","140.74","1.33072","4.5175","-186.726"
8508,0,"-2273.92","430.002","141.034","1.45038","3.82436","-186.544"
8509,0,"-2276.19","430.136","140.646","1.2449","4.45987","-186.547"
8510,0,"-2278.15","430.504","140.643","1.21622","4.46231","-186.396"
8511,0,"-2280.39","430.887","140.657","1.23605","4.18753","-186.145"
8512,0,"-2282.44","431.25","140.678","1.0593","4.35226","-186.132"
8513,0,"-2284.9","431.455","140.527","1.04976","4.44957","-186.152"
8514,0,"-2286.65","431.581","140.56","0.833877","4.52613","-186.01"
8515,0,"-2288.67","431.76","140.427","0.853261","4.13731","-185.82"
8516,0,"-2290.94","431.991","140.422","0.924683","4.18876","-185.665"
8517,0,"-2293.12","432.127","140.407","0.933503","4.15797","-185.493"
8518,0,"-2295","432.679","140.467","0.434578","4.06662","-185.523"
8519,0,"-2296.98","432.898","140.064","0.533776","3.62293","-185.322"
8520,0,"-2299.19","433.11","140.29","0.413319","4.1285","-185.357"
8521,0,"-2301.16","433.255","140.221","0.574151","3.95028","-185.147"
8522,0,"-2303.23","433.384","140.239","0.400569","3.74774","-185.03"
8523,0,"-2305.27","433.47","140.154","0.52897","3.92624","-184.898"
8524,0,"-2307.5","433.839","139.921","0.373513","3.77715","-184.734"
8525,0,"-2309.49","433.929","140.232","0.550534","3.33871","-184.607"
8526,0,"-2311.46","434.064","140.082","0.460963","3.88299","-184.54"
8527,0,"-2313.6","434.225","140.149","0.523471","4.01983","-184.468"
8528,0,"-2315.96","434.389","139.882","0.550771","3.91526","-184.246"
8529,0,"-2317.91","434.453","139.921","0.528771","3.96457","-184.156"
8530,0,"-2320.07","434.752","139.819","0.280817","3.55365","-184.015"
8531,0,"-2322.05","434.975","139.804","0.373041","3.51811","-183.825"
8532,0,"-2324.21","435.053","140.075","0.192609","3.91026","-183.851"
8533,0,"-2326.01","435.118","139.967","0.327767","3.73175","-183.728"
8534,0,"-2328.1","435.331","139.796","0.246563","3.61403","-183.583"
8535,0,"-2330.49","435.463","139.704","0.3642","3.87957","-183.483"
8536,0,"-2332.59","435.681","139.631","0.235053","3.34773","-183.297"
8537,0,"-2334.49","435.738","139.699","0.179879","3.57324","-183.166"
8538,0,"-2336.47","435.784","139.656","0.166059","3.59744","-183.074"
8539,0,"-2338.53","435.782","139.848","0.356854","3.57855","-182.995"
8540,0,"-2340.62","435.856","139.715","-0.00938989","3.38575","-182.917"
8541,0,"-2342.62","435.873","139.961","0.319166","3.77749","-182.784"
8542,0,"-2344.84","436.146","139.654","0.101222","3.66221","-182.708"
8543,0,"-2347.16","436.268","139.616","0.122105","3.83657","-182.622"
8544,0,"-2349.28","436.345","139.406","0.200908","3.49742","-182.275"
8545,0,"-2351.05","436.37","139.748","0.200884","3.39244","-182.267"
8546,0,"-2353.08","436.391","139.547","0.0625212","3.45152","-182.18"
8547,0,"-2355.14","436.386","139.719","0.227451","3.7407","-182.083"
8548,0,"-2357.29","436.453","139.639","0.0935151","3.2398","-181.969"
8549,0,"-2359.35","436.572","139.628","0.0566603","3.48178","-181.817"
8550,0,"-2361.85","436.878","139.409","-0.051507","3.56695","-181.693"
8551,0,"-2363.76","436.777","139.414","0.119859","3.45049","-181.579"
8552,0,"-2365.57","436.78","139.494","0.0545262","3.42281","-181.445"
8553,0,"-2367.7","436.773","139.475","0.0533404","3.25724","-181.306"
8554,0,"-2369.8","436.86","139.431","0.066864","3.45083","-181.173"
8555,0,"-2371.89","436.988","139.5","0.0817212","3.54584","-181.032"
8556,0,"-2373.82","437.262","139.629","0.130275","3.0419","-180.717"
8557,0,"-2375.86","436.971","139.419","-0.000580547","3.47769","-180.908"
8558,0,"-2378.35","437.069","139.228","-0.198202","3.86444","-180.843"
8559,0,"-2379.95","436.962","139.396","-0.00420653","3.33527","-180.595"
8560,0,"-2381.98","436.922","139.38","0.0182264","3.33038","-180.47"
8561,0,"-2384.06","436.942","139.334","-0.0291043","3.34077","-180.333"
8562,0,"-2386.18","437.077","139.456","0.0401635","3.18876","-180.241"
8563,0,"-2388.29","436.907","139.458","-0.242252","3.18848","-180.211"
8564,0,"-2390.29","436.888","139.314","-0.0305509","3.27944","-179.984"
8565,0,"-2392.58","436.832","139.337","-0.0280044","3.23443","-179.958"
8566,0,"-2394.62","437.024","139.163","-0.183016","3.50917","-179.799"
8567,0,"-2396.53","436.89","139.24","-0.0617424","3.36467","-179.583"
8568,0,"-2398.62","436.616","139.535","0.128921","2.64932","-179.536"
8569,0,"-2400.82","436.729","139.267","-0.276244","3.18285","-179.425"
8570,0,"-2402.81","436.811","139.241","-0.0448346","3.25128","-179.274"
8571,0,"-2404.96","436.523","139.298","-0.0524701","3.00883","-179.241"
8572,0,"-2406.93","436.778","139.178","-0.103481","3.44438","-179.012"
8573,0,"-2409.06","436.523","139.337","-0.0599926","3.08099","-178.993"
8574,0,"-2411.17","436.525","139.298","0.0200508","2.77447","-178.731"
8575,0,"-2413.02","436.747","139.214","-0.0897915","3.30059","-178.504"
8576,0,"-2415.25","436.099","139.422","0.011021","2.74144","-178.608"
8577,0,"-2417.18","436.379","139.195","-0.0593804","3.12601","-178.362"
8578,0,"-2419.22","436.29","139.063","-0.175514","3.42835","-178.285"
8579,0,"-2421.56","436.498","139.147","-0.248783","3.27994","-178.14"
8580,0,"-2423.66","436.389","139.04","-0.165548","3.19043","-177.938"
8581,0,"-2425.5","436.061","139.077","-0.118037","3.25496","-177.838"
8582,0,"-2427.67","435.972","139.021","-0.183665","3.41642","-177.752"
8583,0,"-2429.65","435.909","139.15","-0.103574","3.16349","-177.622"
8584,0,"-2431.68","435.778","139.042","-0.133473","3.21128","-177.505"
8585,0,"-2433.89","435.625","138.833","-0.174935","3.4966","-177.375"
8586,0,"-2436.37","435.902","138.873","-0.259147","3.32728","-177.273"
8587,0,"-2437.92","435.577","139","-0.26607","3.19789","-177.095"
8588,0,"-2439.88","435.414","139","-0.456322","3.32906","-177.045"
8589,0,"-2441.99","435.095","138.982","-0.117777","3.18087","-176.807"
8590,0,"-2444.23","435.024","138.971","-0.266551","3.18128","-176.786"
8591,0,"-2446.18","434.933","139.163","-0.015216","2.81868","-176.574"
8592,0,"-2448.25","434.78","138.97","-0.154293","3.08761","-176.479"
8593,0,"-2450.51","434.749","139.014","-0.0720107","3.08887","-176.334"
8594,0,"-2452.6","434.728","139.138","-0.0310728","2.78577","-176.198"
8595,0,"-2454.66","434.397","138.982","-0.137784","2.85262","-176.018"
8596,0,"-2456.55","434.263","138.954","-0.12958","3.05893","-175.95"
8597,0,"-2458.76","434.127","139.12","-0.0613748","2.72355","-175.75"
8598,0,"-2460.97","434.026","138.901","-0.172047","3.08741","-175.751"
8599,0,"-2462.92","433.838","138.916","-0.178748","3.10185","-175.629"
8600,0,"-2464.83","433.905","139.18","-0.144705","2.75639","-175.368"
8601,0,"-2466.88","433.373","138.943","-0.078731","2.94219","-175.257"
8602,0,"-2469.14","433.052","138.996","-0.105643","2.76788","-175.295"
8603,0,"-2471.11","433.158","138.967","-0.115","2.69613","-175.002"
8604,0,"-2473.09","432.91","138.889","-0.217804","2.81345","-174.906"
8605,0,"-2475.27","432.647","138.684","-0.273281","3.21597","-174.828"
8606,0,"-2477.63","432.647","138.79","-0.228662","3.00758","-174.723"
8607,0,"-2479.42","431.99","138.929","-0.0895497","2.71765","-174.658"
8608,0,"-2481.51","431.695","138.721","-0.217794","3.03888","-174.565"
8609,0,"-2483.53","431.77","138.652","-0.236335","3.15739","-174.261"
8610,0,"-2485.88","431.072","138.972","-0.0334904","2.46934","-174.396"
8611,0,"-2487.8","431.353","138.716","-0.200956","2.97788","-174.09"
8612,0,"-2489.93","430.69","139.024","-0.0458981","2.43418","-174.15"
8613,0,"-2492.07","430.851","138.887","-0.214109","2.71139","-173.929"
8614,0,"-2494.1","430.849","138.782","-0.200444","2.76971","-173.633"
8615,0,"-2496.08","429.827","139.037","0.0131404","2.213","-173.765"
8616,0,"-2497.95","430.359","138.791","-0.180926","2.69609","-173.282"
8617,0,"-2500.08","429.369","139.071","0.0852926","2.03211","-173.424"
8618,0,"-2502.35","429.026","138.924","-0.078442","2.24051","-173.409"
8619,0,"-2504.26","429.523","138.774","-0.377732","2.73274","-173.053"
8620,0,"-2506.52","428.582","138.773","-0.155466","2.4585","-173.149"
8621,0,"-2508.26","428.76","138.627","-0.235073","2.83158","-172.764"
8622,0,"-2510.38","427.887","139.043","0.0753852","2.16379","-172.852"
8623,0,"-2512.54","428.054","138.839","-0.0925697","2.33098","-172.55"
8624,0,"-2514.68","427.402","138.914","-0.0382622","2.13023","-172.492"
8625,0,"-2516.89","427.287","138.877","-0.0443638","2.20105","-172.372"
8626,0,"-2518.84","427.377","138.777","-0.164142","2.57703","-172.164"
8627,0,"-2520.9","426.135","138.982","0.0580397","1.79036","-172.26"
8628,0,"-2522.98","426.676","138.56","-0.230161","2.75419","-171.833"
8629,0,"-2524.93","425.782","138.772","-0.0808741","2.14225","-171.924"
8630,0,"-2526.92","425.565","138.983","-0.0794338","1.94364","-171.751"
8631,0,"-2529.26","425.463","138.648","-0.165373","2.40774","-171.594"
8632,0,"-2531.2","424.484","139.088","0.125195","1.60755","-171.631"
8633,0,"-2532.91","424.845","138.831","-0.0296859","2.11317","-171.19"
8634,0,"-2535.18","424.132","139.062","0.143551","1.70229","-171.273"
8635,0,"-2537.19","423.643","138.931","0.106517","1.86538","-171.16"
8636,0,"-2539.29","423.305","138.896","0.0519652","1.95721","-171.037"
8637,0,"-2541.36","423.135","139.133","0.0903442","1.49842","-170.891"
8638,0,"-2543.32","423.049","138.816","-0.0469004","2.09351","-170.658"
8639,0,"-2545.28","422.666","138.874","0.00231143","2.08196","-170.48"
8640,0,"-2547.49","422.172","139.022","0.149936","1.75875","-170.412"
8641,0,"-2549.53","421.95","138.75","-0.0621309","2.22614","-170.151"
8642,0,"-2551.62","421.594","138.827","-0.00244123","2.1","-170.046"
8643,0,"-2553.73","420.656","139.196","0.112189","1.48066","-170.169"
8644,0,"-2555.98","420.819","138.801","0.00350099","2.21433","-169.839"
8645,0,"-2558.04","420.203","138.812","0.0702244","1.95682","-169.769"
8646,0,"-2559.89","419.721","138.573","-0.110591","2.45844","-169.628"
8647,0,"-2561.91","419.447","138.724","-0.00433314","2.22501","-169.423"
8648,0,"-2564.11","419.333","138.829","0.0117147","2.26021","-169.233"
8649,0,"-2566.15","418.751","138.784","0.0492926","2.08425","-169.162"
8650,0,"-2568.28","418.019","138.81","0.130607","2.03915","-169.185"
8651,0,"-2570.25","417.941","138.817","0.159738","2.03677","-168.908"
8652,0,"-2572.14","417.708","138.728","0.164906","2.21276","-168.784"
8653,0,"-2574.13","417.169","138.647","0.206805","2.19425","-168.758"
8654,0,"-2575.91","416.811","138.732","0.174185","2.1195","-168.671"
8655,0,"-2577.88","416.49","138.773","0.394201","1.99375","-168.555"
8656,0,"-2580.1","416.103","138.458","0.397672","2.4775","-168.507"
8657,0,"-2581.97","415.88","138.618","0.631321","2.13993","-168.245"
8658,0,"-2583.94","415.163","138.538","0.613785","2.19771","-168.245"
8659,0,"-2585.95","414.803","138.591","0.736697","2.10343","-168.106"
8660,0,"-2587.89","414.216","138.552","0.718134","2.24893","-168.036"
8661,0,"-2590.13","414.037","138.759","0.675558","2.62088","-167.896"
8662,0,"-2592.02","413.595","138.915","0.954872","2.44293","-167.667"
8663,0,"-2594.1","413.299","138.572","0.67576","2.12553","-167.658"
8664,0,"-2596","412.48","138.674","0.827661","2.30336","-167.546"
8665,0,"-2598.02","412.019","138.637","0.871259","2.41577","-167.386"
8666,0,"-2600.11","411.553","138.579","0.8889","1.91647","-167.211"
8667,0,"-2602.13","410.983","138.354","0.726081","2.33281","-167.175"
8668,0,"-2604.27","410.845","138.643","0.853009","2.31742","-166.935"
8669,0,"-2606.13","410.044","138.524","0.608138","2.13854","-166.943"
8670,0,"-2608.24","409.607","138.264","0.609177","2.54286","-166.825"
8671,0,"-2610.27","409.107","138.602","0.874521","2.30823","-166.616"
8672,0,"-2612.38","408.699","138.359","0.674948","2.29536","-166.447"
8673,0,"-2614.34","407.827","138.496","0.80233","2.06693","-166.369"
8674,0,"-2616.37","407.418","138.669","0.889147","2.13235","-166.23"
8675,0,"-2618.36","407.145","138.457","0.85013","2.23326","-166.04"
8676,0,"-2620.59","406.306","138.521","0.833284","2.10168","-166.046"
8677,0,"-2622.52","405.886","138.755","0.976897","2.0814","-165.829"
8678,0,"-2624.44","405.06","138.484","0.884927","2.02626","-165.768"
8679,0,"-2626.52","404.698","138.618","0.891551","2.09253","-165.632"
8680,0,"-2628.83","403.745","138.802","0.827011","1.96793","-165.804"
8681,0,"-2630.72","403.428","138.618","0.917018","1.85113","-165.424"
8682,0,"-2632.57","402.88","138.617","0.988241","1.61101","-165.123"
8683,0,"-2634.67","401.786","138.79","1.09614","1.308","-165.282"
8684,0,"-2636.55","401.749","139.253","1.02597","1.94447","-165.103"
8685,0,"-2638.62","401.012","138.813","1.04026","1.85754","-165.004"
8686,0,"-2640.55","400.84","138.797","0.949479","2.39267","-164.695"
8687,0,"-2642.76","400.568","138.918","0.95706","2.70452","-164.466"
8688,0,"-2644.41","399.686","138.4","0.786843","2.14895","-164.427"
8689,0,"-2646.54","398.962","138.778","0.895181","2.54126","-164.331"
8690,0,"-2648.67","398.567","138.558","0.770611","2.40464","-164.155"
8691,0,"-2650.53","397.78","138.516","0.783207","2.16772","-164.051"
8692,0,"-2652.83","397.67","138.926","0.940754","2.54874","-163.745"
8693,0,"-2654.5","396.559","138.632","0.869508","2.10969","-163.778"
8694,0,"-2656.23","396.507","138.97","1.02106","2.05302","-163.402"
8695,0,"-2658.59","395.471","138.491","0.750911","2.26445","-163.589"
8696,0,"-2660.38","394.799","138.457","0.762675","2.21912","-163.419"
8697,0,"-2662.32","394.419","138.233","0.801808","1.18319","-163.148"
8698,0,"-2664.47","393.567","138.429","0.697677","2.27424","-163.224"
8699,0,"-2666.35","392.953","138.743","0.859368","2.25592","-162.989"
8700,0,"-2668.28","392.419","137.797","0.425032","1.90611","-162.919"
8701,0,"-2670.21","392.354","138.647","0.7904","2.31863","-162.434"
8702,0,"-2672.2","390.718","138.514","0.761555","2.28543","-162.704"
8703,0,"-2674.24","390.234","138.633","0.760183","2.01552","-162.495"
8704,0,"-2676.42","389.844","138.516","0.747343","2.15666","-162.33"
8705,0,"-2678.28","388.817","138.433","0.695664","1.80836","-162.296"
8706,0,"-2680.16","388.087","138.198","0.66893","1.76323","-162.136"
8707,0,"-2682.18","387.411","138.316","0.735136","1.75813","-161.984"
8708,0,"-2684.14","387.004","139.014","0.868096","2.19095","-161.886"
8709,0,"-2686.34","385.791","139.046","1.01818","1.87572","-161.987"
8710,0,"-2688.39","386.148","137.722","0.238941","1.8924","-161.579"
8711,0,"-2690.28","384.602","138.826","0.822009","2.4399","-161.569"
8712,0,"-2692.06","384.2","138.861","0.900525","2.29043","-161.322"
8713,0,"-2693.86","383.623","138.112","0.672989","1.32888","-161.133"
8714,0,"-2695.64","383.291","138.079","0.711894","1.2077","-160.837"
8715,0,"-2698.21","382.211","138.604","0.580212","3.01382","-161.016"
8716,0,"-2699.98","382.02","138.9","0.834394","2.57236","-160.577"
8717,0,"-2701.73","380.824","137.799","0.425026","1.58018","-160.709"
8718,0,"-2703.93","380.473","138.867","0.79217","2.63758","-160.435"
8719,0,"-2705.56","379.946","138.714","0.813421","2.06512","-160.111"
8720,0,"-2707.83","378.993","138.346","0.427366","2.2088","-160.287"
8721,0,"-2709.78","378.125","139.106","0.915613","2.55733","-160.062"
8722,0,"-2711.67","377.41","139.092","0.751399","2.68957","-159.95"
8723,0,"-2713.48","376.955","139.164","0.950889","2.49362","-159.619"
8724,0,"-2715.47","376.288","139.156","0.909701","2.60606","-159.465"
8725,0,"-2717.74","375.117","138.979","0.763902","2.73599","-159.568"
8726,0,"-2719.83","374.734","139.038","0.795235","2.68053","-159.325"
8727,0,"-2721.3","374.087","139.174","0.825181","2.3082","-159.085"
8728,0,"-2723.37","372.645","139.034","0.872495","2.37884","-159.204"
8729,0,"-2725.23","372.719","138.735","0.719309","2.45799","-158.717"
8730,0,"-2727.1","371.717","138.714","0.795502","2.03995","-158.606"
8731,0,"-2729.09","370.579","138.274","0.563798","2.07794","-158.76"
8732,0,"-2731.02","369.67","138.07","0.53635","1.67713","-158.611"
8733,0,"-2732.71","368.985","137.852","0.523395","1.1764","-158.366"
8734,0,"-2734.68","368.132","137.562","0.309477","1.11247","-158.353"
8735,0,"-2736.68","367.107","137.201","0.205933","0.503578","-158.304"
8736,0,"-2738.77","366.496","136.732","-0.0470579","0.69989","-158.133"
8737,0,"-2740.7","365.659","136.566","-0.0130015","0.444091","-157.988"
8738,0,"-2742.43","364.566","136.41","-0.0446984","0.292099","-157.906"
8739,0,"-2744.17","364.127","136.461","0.147201","-0.194083","-157.497"
8740,0,"-2746.24","362.842","136.325","0.0387292","-0.128525","-157.645"
8741,0,"-2747.95","362.284","136.35","0.115944","-0.344492","-157.283"
8742,0,"-2749.97","361.462","136.324","0.153691","-0.547007","-157.146"
8743,0,"-2751.97","360.358","135.979","-0.119488","-0.139988","-157.167"
8744,0,"-2753.78","360.057","136.265","0.00960786","0.0331216","-156.799"
8745,0,"-2755.7","358.863","136.103","-0.0157759","-0.191114","-156.802"
8746,0,"-2757.73","358.086","136.009","-0.0943234","-0.0499722","-156.728"
8747,0,"-2759.43","357.468","136.324","0.18524","-0.515682","-156.383"
8748,0,"-2761.46","356.685","136.082","-0.117418","-0.0720448","-156.297"
8749,0,"-2763.38","355.512","136.035","-0.114401","0.0269526","-156.317"
8750,0,"-2765.31","354.343","136.169","-0.103633","-0.290074","-156.33"
8751,0,"-2766.95","353.943","136.404","0.227259","-0.233869","-155.941"
8752,0,"-2769.13","352.523","136.301","0.0902888","-0.135745","-156.06"
8753,0,"-2771.37","351.847","135.971","-0.0496398","-0.134619","-155.875"
8754,0,"-2772.9","350.612","136.168","0.102553","-0.512491","-155.746"
8755,0,"-2774.86","349.693","136.061","0.07073","-0.38311","-155.67"
8756,0,"-2776.87","348.83","136.001","0.0236558","-0.408044","-155.5"
8757,0,"-2778.57","348.343","136.302","0.144172","-0.119704","-155.204"
8758,0,"-2780.5","347.611","135.995","0.063736","-0.210712","-154.925"
8759,0,"-2782.44","346.516","136.143","0.205892","-0.51864","-154.923"
8760,0,"-2784.28","345.818","136.049","-0.136533","0.122136","-154.79"
8761,0,"-2786.03","344.955","136.169","0.10178","0.0100329","-154.593"
8762,0,"-2787.96","343.773","136.007","0.178451","-0.522523","-154.405"
8763,0,"-2789.97","342.543","135.826","-0.0114298","-0.203356","-154.512"
8764,0,"-2792.04","341.658","135.912","-0.117045","-0.267751","-154.455"
8765,0,"-2793.72","340.702","136.252","0.271387","-0.382404","-154.304"
8766,0,"-2795.65","339.543","135.955","0.168335","-0.510826","-154.188"
8767,0,"-2797.4","338.678","136.099","0.341041","-0.688337","-153.945"
8768,0,"-2799.14","337.691","136.16","0.346631","-0.615216","-153.852"
8769,0,"-2801.12","336.968","136.119","0.289003","-0.530261","-153.658"
8770,0,"-2802.83","336.337","136.152","0.256075","-0.272769","-153.384"
8771,0,"-2805.03","334.85","135.761","-0.188513","0.0625033","-153.615"
8772,0,"-2806.6","334.13","135.836","0.122099","-0.306305","-153.195"
8773,0,"-2808.58","333.223","136.039","0.186002","-0.133602","-153.137"
8774,0,"-2810.46","331.816","136.063","0.359235","-0.56831","-153.143"
8775,0,"-2812.36","331.239","135.869","0.0955609","-0.314179","-152.905"
8776,0,"-2814.18","330.121","135.852","0.176825","-0.31403","-152.718"
8777,0,"-2816.14","328.681","136.098","0.312586","-0.646436","-152.817"
8778,0,"-2817.77","328.3","136.267","0.441339","-0.422472","-152.394"
8779,0,"-2819.62","326.98","136.267","0.489236","-0.615629","-152.38"
8780,0,"-2821.44","325.83","136.22","0.552119","-0.882031","-152.251"
8781,0,"-2823.45","324.839","136.157","0.24501","-0.425153","-152.301"
8782,0,"-2825.31","323.902","135.857","0.234754","-0.359508","-152.036"
8783,0,"-2827.26","322.734","135.935","0.254268","-0.397484","-151.986"
8784,0,"-2828.85","321.997","136.106","0.394703","-0.437247","-151.639"
8785,0,"-2831.05","320.674","135.724","0.0269045","0.103359","-151.778"
8786,0,"-2832.62","320.198","136.065","0.370004","-0.327543","-151.337"
8787,0,"-2834.59","318.678","136","0.108464","-0.260978","-151.501"
8788,0,"-2835.99","317.867","136.179","0.619133","-0.894958","-151.049"
8789,0,"-2838.32","316.314","136.057","0.398505","-0.591661","-151.227"
8790,0,"-2840.18","315.356","136.099","0.46213","-0.664265","-151.068"
8791,0,"-2841.73","314.363","136.062","0.39205","-0.598253","-150.905"
8792,0,"-2843.63","313.288","136.015","0.512639","-0.698538","-150.757"
8793,0,"-2845.41","312.526","136.124","0.620854","-0.855545","-150.386"
8794,0,"-2846.96","311.581","136.205","0.672947","-0.747493","-150.277"
8795,0,"-2849.15","310.219","136.255","0.608385","-0.463674","-150.478"
8796,0,"-2850.55","309.467","136.385","0.852889","-1.11723","-149.973"
8797,0,"-2852.77","308.057","136.134","0.431385","-0.397805","-150.194"
8798,0,"-2854.53","306.808","136.014","0.498829","-0.676278","-150.094"
8799,0,"-2855.93","306.036","136.112","0.72764","-0.801618","-149.747"
8800,0,"-2857.95","304.793","136.136","0.617586","-0.723917","-149.775"
8801,0,"-2859.51","303.945","136.262","0.727248","-0.83368","-149.451"
8802,0,"-2861.67","302.313","135.996","0.471402","-0.539168","-149.638"
8803,0,"-2863.37","301.412","136.136","0.479817","-0.376686","-149.469"
8804,0,"-2865.24","300.171","135.882","0.323125","-0.246941","-149.368"
8805,0,"-2867.01","299.253","136.232","0.589864","-0.471695","-149.202"
8806,0,"-2868.86","298.283","135.836","0.544216","-0.858488","-148.87"
8807,0,"-2870.38","297.421","135.956","0.663436","-1.04618","-148.572"
8808,0,"-2872.04","296.341","136.306","0.881238","-1.06936","-148.384"
8809,0,"-2874.45","294.904","135.935","0.578804","-0.741085","-148.561"
8810,0,"-2876.23","293.482","135.787","0.490358","-0.697329","-148.512"
8811,0,"-2877.82","292.427","135.971","0.641544","-0.717489","-148.385"
8812,0,"-2879.17","291.657","136.175","0.586303","-0.964919","-148.068"
8813,0,"-2881.13","290.294","136.165","0.638344","-0.516565","-148.117"
8814,0,"-2882.8","289.149","136.054","0.694205","-0.873182","-147.904"
8815,0,"-2884.61","287.958","135.999","0.748818","-1.04642","-147.816"
8816,0,"-2886.48","287.026","136.086","0.674003","-0.634281","-147.672"
8817,0,"-2888.08","285.467","135.897","0.676492","-0.776728","-147.678"
8818,0,"-2889.73","284.419","135.92","0.755792","-0.876393","-147.472"
8819,0,"-2891.32","283.887","136.346","0.948686","-1.06482","-147.037"
8820,0,"-2893.04","282.095","136.218","0.788226","-0.829413","-147.184"
8821,0,"-2894.56","281.319","136.191","0.824397","-0.99322","-146.772"
8822,0,"-2896.66","279.727","135.823","0.699042","-0.715344","-146.9"
8823,0,"-2898.28","278.556","135.772","0.735099","-0.769736","-146.789"
8824,0,"-2899.59","277.892","136.107","1.00816","-1.01031","-146.278"
8825,0,"-2901.43","276.392","136.314","1.04319","-0.999963","-146.356"
8826,0,"-2903.32","275.712","136.283","0.966805","-0.687109","-146.101"
8827,0,"-2905.3","274.042","136.08","0.724122","-0.570314","-146.182"
8828,0,"-2906.8","272.512","135.994","0.723209","-0.93929","-146.189"
8829,0,"-2908.14","271.756","136.196","1.11869","-1.17293","-145.651"
8830,0,"-2909.95","270.26","136.24","1.02821","-0.89275","-145.727"
8831,0,"-2911.99","269.167","135.999","0.865804","-0.82218","-145.666"
8832,0,"-2913.58","267.638","136.104","0.947042","-0.947098","-145.602"
8833,0,"-2915.37","266.608","136.04","0.769011","-0.912564","-145.438"
8834,0,"-2916.87","265.341","136.051","0.927946","-0.859851","-145.331"
8835,0,"-2918.53","264.295","136.085","0.767274","-0.733476","-145.187"
8836,0,"-2920.6","263.231","135.808","0.662049","-0.525263","-144.969"
8837,0,"-2922.22","261.851","135.973","0.815906","-0.754465","-144.881"
8838,0,"-2923.31","260.865","136.327","0.988607","-1.18755","-144.574"
8839,0,"-2925.4","259.167","135.878","0.767683","-0.782649","-144.725"
8840,0,"-2926.85","258.195","135.835","0.790609","-0.757679","-144.458"
8841,0,"-2928.57","256.926","135.92","0.831015","-0.69906","-144.344"
8842,0,"-2930.42","255.7","135.951","0.71119","-0.721949","-144.233"
8843,0,"-2931.9","254.257","135.919","0.842832","-0.83253","-144.066"
8844,0,"-2933.55","252.982","136.195","0.940737","-0.779379","-144.003"
8845,0,"-2934.85","251.906","136.032","1.05435","-1.14425","-143.633"
8846,0,"-2936.95","250.452","135.983","0.83707","-0.778255","-143.688"
8847,0,"-2938.62","249.204","135.849","0.707793","-0.645489","-143.606"
8848,0,"-2940.16","248.037","135.983","0.865015","-0.875066","-143.346"
8849,0,"-2941.78","246.588","135.896","0.540101","-0.712331","-143.402"
8850,0,"-2943.06","245.433","136.298","0.989967","-0.978685","-143.088"
8851,0,"-2944.87","243.997","136.09","0.940765","-1.03219","-142.978"
8852,0,"-2946.39","242.941","136.152","0.930473","-1.19596","-142.714"
8853,0,"-2948.47","241.428","135.84","0.657464","-0.723061","-142.789"
8854,0,"-2949.84","240.289","136.297","0.890883","-0.784857","-142.591"
8855,0,"-2951.51","239.005","136.086","0.809184","-1.03647","-142.436"
8856,0,"-2953.26","237.256","135.846","0.667723","-0.800774","-142.49"
8857,0,"-2954.81","236.331","135.942","0.815179","-0.994099","-142.183"
8858,0,"-2956.35","234.895","135.823","0.684922","-0.760714","-142.182"
8859,0,"-2957.78","233.93","136.073","0.927732","-1.04993","-141.78"
8860,0,"-2959.58","232.176","135.974","0.755181","-0.860904","-141.91"
8861,0,"-2961","230.971","136.039","0.840105","-1.08693","-141.712"
8862,0,"-2962.73","229.997","136.04","0.764168","-1.03747","-141.462"
8863,0,"-2964.13","228.171","135.843","0.711127","-0.956293","-141.549"
8864,0,"-2965.76","227.319","135.776","0.639622","-0.702288","-141.248"
8865,0,"-2967.43","225.742","135.896","0.772956","-0.896301","-141.248"
8866,0,"-2968.78","224.76","136.101","0.975692","-1.18951","-140.868"
8867,0,"-2970.57","222.997","135.922","0.838926","-1.03177","-140.963"
8868,0,"-2971.88","222.201","136.157","1.04426","-1.05084","-140.526"
8869,0,"-2973.8","220.328","135.934","0.835444","-0.981751","-140.69"
8870,0,"-2975.56","218.962","135.708","0.403026","-0.659155","-140.654"
8871,0,"-2976.54","217.913","136.003","0.952659","-1.12627","-140.192"
8872,0,"-2978.49","216.449","135.854","0.719202","-0.902815","-140.223"
8873,0,"-2980.22","214.962","135.884","0.557052","-0.776391","-140.233"
8874,0,"-2981.77","213.578","135.764","0.501592","-0.782387","-140.105"
8875,0,"-2983.39","212.542","135.764","0.751504","-0.966869","-139.737"
8876,0,"-2984.79","211.567","135.984","0.816109","-0.773989","-139.469"
8877,0,"-2986.08","209.953","136.09","1.10374","-1.39472","-139.294"
8878,0,"-2987.86","208.074","135.935","0.781429","-1.13153","-139.534"
8879,0,"-2989.43","206.842","135.952","0.789936","-0.770881","-139.367"
8880,0,"-2990.58","205.693","136.05","1.00995","-1.13893","-139.001"
8881,0,"-2992.65","204.026","135.55","0.5401","-0.761582","-139.079"
8882,0,"-2994.09","203.303","135.857","0.772212","-0.828192","-138.667"
8883,0,"-2995.71","201.31","135.618","0.677101","-0.880867","-138.757"
8884,0,"-2996.94","199.859","135.746","0.827012","-1.02125","-138.615"
8885,0,"-2998.71","198.422","135.986","0.831453","-0.9034","-138.562"
8886,0,"-3000.29","197.334","135.651","0.62564","-0.851533","-138.216"
8887,0,"-3001.66","195.732","135.693","0.766393","-1.09356","-138.131"
8888,0,"-3003.3","194.582","135.812","0.426416","-0.832881","-138.052"
8889,0,"-3004.8","192.735","135.691","0.64992","-0.960997","-137.976"
8890,0,"-3006.38","191.301","135.675","0.719646","-0.988213","-137.846"
8891,0,"-3007.36","190.306","135.958","0.957604","-1.11617","-137.482"
8892,0,"-3009.11","188.795","135.78","0.937572","-1.27254","-137.337"
8893,0,"-3010.9","187.313","135.481","0.586612","-0.847245","-137.289"
8894,0,"-3012.45","185.658","135.546","0.552138","-0.752496","-137.323"
8895,0,"-3013.9","184.222","135.551","0.635304","-0.936606","-137.137"
8896,0,"-3015.2","182.856","135.594","0.743949","-1.05981","-136.952"
8897,0,"-3016.8","181.712","135.78","0.730468","-0.819572","-136.757"
8898,0,"-3018.21","179.952","135.563","0.744149","-1.09296","-136.649"
8899,0,"-3019.59","178.596","135.513","0.753423","-1.13789","-136.354"
8900,0,"-3021.52","177.043","135.234","0.449735","-0.80204","-136.448"
8901,0,"-3022.95","175.674","135.527","0.492506","-1.10504","-136.331"
8902,0,"-3023.8","174.331","135.778","1.05955","-1.4167","-135.922"
8903,0,"-3025.75","172.484","135.584","0.157954","-1.23709","-136.2"
8904,0,"-3027.05","171.469","135.687","0.312086","-1.34458","-135.875"
8905,0,"-3028.76","169.632","135.549","0.120129","-1.18736","-135.925"
8906,0,"-3030.2","168.587","135.498","0.0410534","-0.993598","-135.622"
8907,0,"-3031.79","166.75","135.392","-0.0871658","-0.899209","-135.658"
8908,0,"-3032.91","165.589","135.543","0.218203","-1.24081","-135.326"
8909,0,"-3034.09","164.031","135.816","0.56471","-1.63153","-135.127"
8910,0,"-3035.68","162.34","135.615","0.309976","-1.39944","-135.128"
8911,0,"-3037.43","160.876","135.475","0.161775","-1.13945","-134.991"
8912,0,"-3038.67","159.264","135.62","0.40326","-1.31403","-134.915"
8913,0,"-3039.8","158.279","135.853","0.644477","-1.29659","-134.451"
8914,0,"-3041.49","156.302","135.662","0.385782","-1.31748","-134.546"
8915,0,"-3042.96","154.772","135.546","0.251693","-1.23534","-134.416"
8916,0,"-3044.45","153.237","135.684","0.534431","-1.34026","-134.28"
8917,0,"-3046.02","151.381","135.306","0.4794","-1.03126","-134.251"
8918,0,"-3047.52","150.131","135.293","0.26437","-0.929852","-134.082"
8919,0,"-3048.85","148.575","135.486","0.337503","-0.966944","-133.945"
8920,0,"-3049.9","147.217","135.862","0.833778","-1.22214","-133.659"
8921,0,"-3051.08","145.548","135.563","0.927863","-1.3457","-133.447"
8922,0,"-3052.94","144.136","135.538","0.383848","-0.930085","-133.468"
8923,0,"-3054.21","142.562","135.576","0.612294","-1.24693","-133.233"
8924,0,"-3055.82","140.688","135.351","0.562584","-1.01676","-133.25"
8925,0,"-3057.18","139.146","135.163","0.694056","-1.19238","-133.085"
8926,0,"-3058.42","138.389","135.425","0.974285","-1.20318","-132.605"
8927,0,"-3059.55","136.404","135.629","1.13799","-1.49661","-132.592"
8928,0,"-3061.12","134.599","135.43","0.883374","-1.28504","-132.564"
8929,0,"-3062.71","133.237","135.209","0.605049","-0.912003","-132.457"
8930,0,"-3064.11","131.617","135.201","0.655425","-1.01783","-132.348"
8931,0,"-3065.45","129.835","135.519","0.838639","-1.09186","-132.325"
8932,0,"-3066.37","128.571","135.483","0.861586","-1.22913","-131.96"
8933,0,"-3067.99","126.849","135.199","0.658415","-0.996112","-131.916"
8934,0,"-3069.4","125.438","135.058","0.660657","-1.1719","-131.708"
8935,0,"-3071.03","124.045","135.481","0.74295","-0.92453","-131.649"
8936,0,"-3072.39","121.8","135.123","0.597102","-1.00282","-131.701"
8937,0,"-3073.71","120.45","135.222","0.574874","-0.797822","-131.559"
8938,0,"-3075.01","118.92","135.298","0.750842","-1.11532","-131.325"
8939,0,"-3076.09","117.387","135.398","1.0522","-1.44727","-131.091"
8940,0,"-3077.4","116.029","135.425","0.865151","-1.25972","-130.836"
8941,0,"-3078.88","114.338","135.232","0.734429","-1.05286","-130.817"
8942,0,"-3079.9","112.847","135.529","1.08867","-1.23239","-130.618"
8943,0,"-3081.69","110.732","135.096","0.805401","-1.30723","-130.687"
8944,0,"-3082.99","109.148","135.203","0.656129","-1.23745","-130.53"
8945,0,"-3084.4","107.762","135.382","0.715234","-0.877398","-130.415"
8946,0,"-3085.68","106.328","135.195","0.762564","-1.09606","-130.084"
8947,0,"-3086.62","104.656","135.132","0.963904","-1.2929","-130.005"
8948,0,"-3088.32","102.518","135.186","0.659686","-1.09268","-130.026"
8949,0,"-3089.42","101.032","135.156","0.802912","-1.22609","-129.816"
8950,0,"-3090.74","99.4393","135.309","0.839823","-1.14182","-129.666"
8951,0,"-3092.38","97.9993","134.642","0.634884","-1.42132","-129.521"
8952,0,"-3093.58","96.0906","135.425","0.797521","-1.01727","-129.476"
8953,0,"-3094.79","94.352","135.371","0.638542","-0.928515","-129.4"
8954,0,"-3095.77","93.0319","135.107","0.666649","-0.950817","-129.12"
8955,0,"-3096.85","91.8922","135.176","0.988664","-1.36996","-128.824"
8956,0,"-3098.62","89.6478","135.1","0.598149","-1.04099","-128.942"
8957,0,"-3099.85","88.1291","135.311","0.620374","-1.03513","-128.773"
8958,0,"-3101.15","86.6297","134.905","0.649032","-1.22954","-128.572"
8959,0,"-3101.88","85.1484","135.206","1.18388","-1.56965","-128.374"
8960,0,"-3103.7","83.1606","134.91","0.680395","-1.1892","-128.375"
8961,0,"-3104.74","81.7303","134.957","0.632724","-1.21305","-128.184"
8962,0,"-3106.29","79.9621","135.091","0.474113","-0.902307","-128.125"
8963,0,"-3106.98","78.4785","135.42","1.0639","-1.29724","-127.742"
8964,0,"-3108.53","76.3265","135.186","0.844096","-1.21117","-127.854"
8965,0,"-3109.52","74.9813","134.929","0.871402","-1.48583","-127.582"
8966,0,"-3111.17","73.0355","135.202","0.631865","-1.11626","-127.611"
8967,0,"-3112.21","71.6722","135.116","0.872317","-1.21063","-127.301"
8968,0,"-3113.6","69.4085","134.759","0.73876","-1.38201","-127.427"
8969,0,"-3114.66","67.9667","134.835","0.877225","-1.49186","-127.234"
8970,0,"-3115.95","66.265","135.355","0.82046","-1.02445","-127.105"
8971,0,"-3116.96","65.1658","135.311","0.871158","-1.31654","-126.815"
8972,0,"-3118.42","62.8075","135.125","0.687978","-0.971656","-126.939"
8973,0,"-3119.36","61.5417","134.942","0.818622","-1.31259","-126.651"
8974,0,"-3120.95","59.4603","135.177","0.78417","-1.02463","-126.69"
8975,0,"-3121.75","58.3804","135.609","1.19676","-1.39234","-126.401"
8976,0,"-3123.34","56.2642","135.352","0.876248","-1.10889","-126.533"
8977,0,"-3123.69","54.8855","135.316","0.618657","-0.693327","-127.202"
8978,0,"-3124.6","53.8028","136.151","1.05726","-0.533445","-126.989"
8979,0,"-3126.66","51.355","135.607","0.553953","-0.279721","-127.106"
8980,0,"-3126.97","51.1133","136.079","0.456724","-0.680658","-126.513"
8981,0,"-3128.51","48.5912","135.387","0.18471","-0.712583","-126.879"
8982,0,"-3129.72","46.8349","135.97","0.510013","-0.653289","-126.792"
8983,0,"-3131.18","45.1071","135.7","0.304066","-0.696948","-126.849"
8984,0,"-3132.39","43.3038","135.783","0.302064","-0.519627","-126.851"
8985,0,"-3133.22","41.9579","135.679","0.561686","-1.14757","-126.647"
8986,0,"-3134.84","39.731","135.884","0.46678","-0.826762","-126.844"
8987,0,"-3135.66","38.6175","136.174","0.609891","-0.595966","-126.63"
8988,0,"-3137.46","36.4504","135.58","0.392284","-0.444942","-126.953"
8989,0,"-3138.68","34.9348","135.739","0.517051","-0.90825","-126.755"
8990,0,"-3139.66","33.2258","135.662","0.767494","-1.32376","-126.743"
8991,0,"-3141.41","30.9504","135.723","0.640121","-0.692777","-126.991"
8992,0,"-3141.81","30.8465","137.019","-0.198168","-0.145383","-127.084"
8993,0,"-3143.35","28.9376","137.127","-0.0161211","-0.179907","-127.202"
8994,0,"-3144.6","27.0991","136.896","-0.197905","-0.110506","-127.317"
8995,0,"-3145.95","25.4477","137.325","-0.0800901","-0.0766657","-127.195"
8996,0,"-3147.1","23.9128","137.001","-0.246028","-0.017709","-127.183"
8997,0,"-3147.4","23.1586","137.837","0.619507","-0.770779","-126.72"
8998,0,"-3148.67","21.3707","137.407","0.610115","-1.07949","-126.839"
8999,0,"-3150.31","19.4962","137.592","0.481005","-0.836653","-126.85"
9000,0,"-3151.61","17.8107","137.032","0.527664","-1.27895","-126.947"
9001,0,"-3152.81","15.9074","136.981","0.740002","-1.26844","-127.088"
9002,0,"-3154.2","14.1649","136.821","0.823195","-1.34972","-127.134"
9003,0,"-3155.95","12.2819","136.512","0.55335","-1.422","-127.046"
9004,0,"-3157.44","10.2242","136.566","0.931183","-1.70735","-127.149"
9005,0,"-3158.72","8.35657","136.589","0.887832","-1.49494","-127.301"
9006,0,"-3160.29","6.55276","136.129","0.884697","-1.52478","-127.338"
9007,0,"-3161.77","4.63682","136.027","0.89216","-1.61012","-127.425"
9008,0,"-3163.13","2.75302","136.112","1.09066","-1.71589","-127.539"
9009,0,"-3164.53","0.951816","136.327","1.07471","-1.565","-127.691"
9010,0,"-3166.13","-0.65329","135.563","0.804462","-1.72345","-127.649"
9011,0,"-3167.45","-2.56486","135.737","1.01745","-1.79279","-127.88"
9012,0,"-3168.88","-4.1819","135.811","0.958095","-1.491","-128.042"
9013,0,"-3170.05","-5.68818","135.622","0.867741","-1.847","-128.042"
9014,0,"-3171.89","-7.49171","135.245","0.543712","-1.43043","-128.123"
9015,0,"-3172.99","-9.43419","135.462","0.767493","-1.61215","-128.407"
9016,0,"-3173.9","-10.3986","136.112","1.19971","-1.85216","-128.401"
9017,0,"-3175.46","-12.0031","135.751","1.10842","-1.82556","-128.449"
9018,0,"-3176.87","-13.492","135.649","1.05338","-1.7668","-128.548"
9019,0,"-3177.87","-15.4774","135.834","1.18202","-2.09282","-128.798"
9020,0,"-3179.29","-16.9426","135.973","1.08087","-1.95968","-128.893"
9021,0,"-3180.93","-18.4618","135.422","1.00432","-2.06117","-128.87"
9022,0,"-3182.21","-20.1403","135.458","1.04713","-2.08292","-129.037"
9023,0,"-3183.54","-21.7615","136.357","1.20233","-1.52501","-129.264"
9024,0,"-3184.97","-23.6378","135.939","1.10518","-1.8595","-129.315"
9025,0,"-3186.44","-25.0658","135.666","0.981216","-1.73682","-129.5"
9026,0,"-3188.15","-26.7781","135.855","0.867828","-1.48509","-129.597"
9027,0,"-3189.44","-28.0248","136.219","0.877796","-1.13491","-129.694"
9028,0,"-3191.2","-30.096","135.688","0.787441","-1.21485","-129.975"
9029,0,"-3192.19","-31.4923","135.904","1.03906","-1.53143","-130.011"
9030,0,"-3194.22","-33.5038","135.351","0.480594","-0.958782","-130.381"
9031,0,"-3195.48","-34.783","135.67","0.546048","-0.869576","-130.535"
9032,0,"-3197.06","-36.491","135.782","0.560334","-0.953951","-130.423"
9033,0,"-3198.58","-38.7598","135.785","0.436633","-0.596861","-130.909"
9034,0,"-3199.18","-39.4273","135.804","0.568342","-0.908522","-130.801"
9035,0,"-3201.31","-41.3281","135.554","0.44453","-0.617282","-131.128"
9036,0,"-3202.64","-42.7566","135.341","0.385617","-0.77361","-131.197"
9037,0,"-3204.16","-44.7687","135.615","0.499542","-0.559637","-131.487"
9038,0,"-3205.52","-46.0037","135.922","0.42634","-0.412034","-131.555"
9039,0,"-3206.85","-47.2277","135.49","0.281308","-0.596769","-131.418"
9040,0,"-3208.51","-49.2571","135.237","0.268125","-0.713322","-131.847"
9041,0,"-3209.46","-50.3115","136.075","0.801059","-0.989152","-131.673"
9042,0,"-3211.07","-51.865","135.825","0.420277","-0.46376","-131.915"
9043,0,"-3212.73","-53.804","135.234","0.335792","-0.607034","-132.317"
9044,0,"-3214.05","-54.772","135.577","0.439257","-0.53294","-132.121"
9045,0,"-3215.69","-56.6286","135.301","0.139931","-0.334042","-132.529"
9046,0,"-3216.39","-57.3386","135.95","0.727803","-1.03694","-132.026"
9047,0,"-3217.7","-58.9139","135.746","0.681724","-0.896896","-132.372"
9048,0,"-3219.39","-60.3214","135.599","0.429067","-0.685785","-132.43"
9049,0,"-3220.94","-61.7638","135.452","0.447669","-0.524962","-132.614"
9050,0,"-3222.18","-63.2999","135.553","0.6035","-1.05091","-132.637"
9051,0,"-3223.46","-64.8359","136.026","0.898395","-1.22474","-132.725"
9052,0,"-3225.26","-66.4373","135.531","0.422351","-0.847203","-132.95"
9053,0,"-3226.92","-67.5395","135.45","0.297754","-0.386989","-132.94"
9054,0,"-3227.97","-69.1597","135.83","0.626765","-0.818698","-133.066"
9055,0,"-3229.11","-70.7021","135.739","0.905426","-1.12345","-133.325"
9056,0,"-3231","-72.0015","135.496","0.419139","-0.226859","-133.492"
9057,0,"-3232.52","-73.5613","135.722","0.562954","-0.586867","-133.55"
9058,0,"-3234.07","-74.9256","135.429","0.345439","-0.341761","-133.698"
9059,0,"-3235.32","-76.3172","135.553","0.494571","-0.79356","-133.735"
9060,0,"-3236.9","-77.8965","135.831","0.767836","-1.01581","-133.86"
9061,0,"-3238.35","-79.6301","135.576","0.614916","-0.985219","-134.093"
9062,0,"-3239.85","-80.6735","135.551","0.541476","-0.619846","-134.146"
9063,0,"-3241.58","-81.6565","135.612","0.306094","-0.0453718","-134.233"
9064,0,"-3242.75","-83.8789","135.743","0.54288","-0.645138","-134.429"
9065,0,"-3244","-85.0104","136.074","1.03341","-0.920121","-134.551"
9066,0,"-3245.86","-86.5199","135.53","0.45298","-0.613454","-134.677"
9067,0,"-3247.41","-87.9077","135.298","0.284476","-0.425475","-134.864"
9068,0,"-3248.74","-89.0656","135.605","0.53117","-0.466871","-134.895"
9069,0,"-3249.99","-90.7191","135.898","0.903595","-0.841153","-135.082"
9070,0,"-3251.47","-91.9037","135.829","0.82279","-0.731511","-135.146"
9071,0,"-3253.01","-93.4445","135.844","0.762267","-0.571405","-135.333"
9072,0,"-3254.78","-94.7313","135.48","0.318458","-0.377664","-135.373"
9073,0,"-3256.46","-95.9453","135.564","0.171466","0.0647606","-135.576"
9074,0,"-3257.68","-97.5758","135.749","0.795018","-0.718235","-135.66"
9075,0,"-3259.23","-99.0694","135.723","0.655034","-0.693644","-135.809"
9076,0,"-3260.78","-99.9446","135.64","0.478683","-0.0804412","-136.003"
9077,0,"-3262.24","-101.571","135.82","0.73386","-0.811903","-135.938"
9078,0,"-3263.91","-103.039","135.291","0.444993","-0.395925","-136.26"
9079,0,"-3265.2","-104.659","135.639","0.611662","-0.670415","-136.363"
9080,0,"-3266.37","-104.731","136.651","0.801154","0.314683","-136.555"
9081,0,"-3268.05","-106.599","136.561","0.58752","0.383344","-136.801"
9082,0,"-3269.78","-107.549","136.298","0.316424","0.731112","-136.808"
9083,0,"-3271.15","-108.571","136.43","0.665664","0.487689","-136.84"
9084,0,"-3272.59","-110.282","136.322","0.664974","0.502309","-137.185"
9085,0,"-3274.17","-111.491","136.488","0.666967","0.48702","-137.22"
9086,0,"-3275.55","-113.121","136.713","0.935037","0.183193","-137.409"
9087,0,"-3277.35","-114.778","136.446","0.470036","0.538514","-137.597"
9088,0,"-3278.77","-115.708","136.354","0.562889","0.423945","-137.619"
9089,0,"-3280.6","-116.941","136.398","0.521614","0.608738","-137.682"
9090,0,"-3281.9","-118.363","136.508","0.83047","0.0257739","-137.823"
9091,0,"-3283.35","-119.641","136.653","0.88869","0.090511","-137.92"
9092,0,"-3285.22","-120.994","136.278","0.493035","0.597425","-138.135"
9093,0,"-3286.82","-122.127","136.061","0.427499","0.849525","-138.252"
9094,0,"-3288.23","-123.813","136.206","0.761264","0.270286","-138.414"
9095,0,"-3289.8","-124.857","136.188","0.817253","0.0912983","-138.404"
9096,0,"-3291.48","-126.546","136.099","0.56336","0.0290116","-138.509"
9097,0,"-3293.05","-127.81","135.991","0.653956","-0.203747","-138.554"
9098,0,"-3294.94","-129.155","135.485","0.238579","0.343412","-138.743"
9099,0,"-3296.65","-130.232","135.46","0.173458","0.215939","-138.697"
9100,0,"-3297.97","-131.885","135.811","0.751824","-0.428942","-138.966"
9101,0,"-3299.78","-133.354","135.487","0.634286","-0.261985","-139.169"
9102,0,"-3301.15","-134.798","135.75","0.793894","-0.59654","-139.257"
9103,0,"-3303.07","-136.005","135.17","0.434519","-0.0347352","-139.429"
9104,0,"-3304.66","-137.359","135.273","0.363627","-0.15784","-139.523"
9105,0,"-3306.26","-138.662","135.36","0.416419","-0.332634","-139.567"
9106,0,"-3307.63","-139.719","135.598","0.796557","-0.438592","-139.723"
9107,0,"-3309.45","-141.204","135.292","0.431521","-0.374748","-139.868"
9108,0,"-3310.76","-142.228","135.31","0.776871","-0.809897","-139.969"
9109,0,"-3312.48","-143.521","134.922","0.519609","-0.429581","-140.263"
9110,0,"-3313.89","-144.695","135.435","0.858376","-0.645014","-140.261"
9111,0,"-3315.72","-145.999","135.294","0.593018","-0.235971","-140.417"
9112,0,"-3317.34","-147.266","135.144","0.536282","-0.172693","-140.612"
9113,0,"-3318.96","-148.544","135.386","0.410071","-0.338851","-140.606"
9114,0,"-3320.64","-149.951","135.195","0.403815","-0.282244","-140.829"
9115,0,"-3322.34","-151.043","135.097","0.245175","-0.202891","-140.906"
9116,0,"-3323.64","-152.233","135.405","0.586352","-0.711763","-140.977"
9117,0,"-3325.23","-153.274","135.353","0.731793","-0.490101","-141.121"
9118,0,"-3326.87","-154.533","135.35","0.67528","-0.535972","-141.263"
9119,0,"-3328.78","-155.64","135.291","0.399719","0.151501","-141.504"
9120,0,"-3330.05","-156.321","136.044","0.54564","0.834728","-141.805"
9121,0,"-3331.47","-157.353","136.29","0.812336","0.534969","-141.824"
9122,0,"-3333.38","-158.897","136.107","0.432269","0.589998","-141.967"
9123,0,"-3334.85","-160.001","135.932","0.602851","0.63171","-142.196"
9124,0,"-3336.56","-161.24","136.326","0.633114","0.395903","-142.142"
9125,0,"-3338.39","-162.423","135.993","0.376648","0.84322","-142.349"
9126,0,"-3339.76","-163.221","136.144","0.796862","0.592973","-142.42"
9127,0,"-3341.7","-164.644","136.105","0.497767","0.662835","-142.536"
9128,0,"-3343.22","-165.51","136.113","0.632852","0.581465","-142.567"
9129,0,"-3344.77","-166.782","135.819","0.674721","0.672185","-142.889"
9130,0,"-3346.66","-167.758","135.448","0.204278","1.07273","-142.923"
9131,0,"-3348.24","-169.109","135.766","0.255274","1.02775","-143.033"
9132,0,"-3349.92","-169.932","135.741","0.174453","1.14183","-143.017"
9133,0,"-3351.46","-170.935","135.912","0.190759","0.845223","-142.961"
9134,0,"-3353.11","-172.093","135.829","0.208314","0.905103","-143.123"
9135,0,"-3354.9","-173.206","135.517","-0.0219287","1.41084","-143.382"
9136,0,"-3356.6","-174.761","135.598","0.0327899","1.03442","-143.581"
9137,0,"-3358.08","-175.462","135.559","0.206063","1.10877","-143.607"
9138,0,"-3359.9","-176.548","135.438","0.0729959","1.36957","-143.713"
9139,0,"-3361.47","-177.653","135.552","0.218033","1.11942","-143.752"
9140,0,"-3363.35","-179.137","135.476","0.0142731","1.22829","-143.983"
9141,0,"-3365.33","-180.066","135.28","-0.16399","1.49792","-144.081"
9142,0,"-3366.67","-180.897","135.556","0.141428","1.00571","-144.046"
9143,0,"-3368.43","-182.991","135.656","0.387742","0.891901","-144.593"
9144,0,"-3370.18","-183.483","135.566","-0.0146398","0.983821","-144.254"
9145,0,"-3371.76","-184.597","135.532","0.219503","0.92724","-144.489"
9146,0,"-3373.57","-186.017","135.242","-0.121634","1.11423","-144.785"
9147,0,"-3375.3","-186.726","135.031","-0.205044","0.691126","-144.596"
9148,0,"-3376.92","-188.341","135.04","0.045573","0.895254","-144.999"
9149,0,"-3378.51","-189.432","134.873","-0.0301554","0.696841","-145.052"
9150,0,"-3380.24","-190.596","135.107","0.55646","-0.11959","-145.22"
9151,0,"-3382.38","-191.602","134.367","-0.385322","0.390047","-145.195"
9152,0,"-3383.89","-192.825","134.673","0.0549004","0.0795078","-145.3"
9153,0,"-3385.86","-193.624","134.3","-0.369708","0.845163","-145.413"
9154,0,"-3387.85","-194.877","134.131","-0.39424","0.72228","-145.585"
9155,0,"-3389.52","-196.347","134.463","-0.385954","0.437804","-145.679"
9156,0,"-3390.89","-197.063","134.398","-0.204877","0.134697","-145.601"
9157,0,"-3392.97","-198.19","134.344","-0.37021","0.180832","-145.697"
9158,0,"-3394.64","-199.397","134.053","-0.551463","0.376575","-145.995"
9159,0,"-3396.21","-200.507","134.527","0.196801","0.380625","-146.55"
9160,0,"-3398.04","-201.411","134.301","-0.207872","-0.049849","-146.22"
9161,0,"-3399.11","-201.128","135.392","-0.848225","1.44559","-146.753"
9162,0,"-3400.69","-202.295","135.839","-0.56819","1.07194","-146.798"
9163,0,"-3402.7","-203.425","135.388","-0.877839","1.31554","-146.958"
9164,0,"-3404.21","-204.239","135.377","-0.716423","1.69446","-147.185"
9165,0,"-3405.88","-205.336","135.613","-0.605251","0.857605","-147.084"
9166,0,"-3408","-206.973","135.558","-0.872213","1.06167","-147.457"
9167,0,"-3409.39","-207.259","135.281","-0.560752","0.500407","-147.322"
9168,0,"-3411.41","-208.754","135.32","-0.517975","0.765955","-147.702"
9169,0,"-3413.34","-209.656","135.234","-0.590897","1.018","-147.814"
9170,0,"-3414.6","-210.008","134.941","-0.191302","1.28804","-147.835"
9171,0,"-3416.61","-211.843","134.772","-0.382236","0.904363","-148.099"
9172,0,"-3418.22","-212.608","135.02","-0.124115","1.05163","-147.983"
9173,0,"-3420.06","-213.582","134.458","0.101746","1.38333","-148.287"
9174,0,"-3421.9","-214.079","135.01","-0.0919135","1.61121","-148.428"
9175,0,"-3423.73","-215.005","135.036","-0.0962058","1.21871","-148.533"
9176,0,"-3425.65","-216.383","134.968","0.147572","1.52404","-149.047"
9177,0,"-3427.29","-216.793","135.07","0.0802564","1.45322","-148.774"
9178,0,"-3429.18","-218.291","134.96","-0.0522139","1.78063","-149.113"
9179,0,"-3431.2","-219.33","134.943","-0.326617","1.60534","-149.114"
9180,0,"-3432.54","-220.067","134.911","0.158355","1.32995","-149.177"
9181,0,"-3434.75","-221.286","135.132","-0.21143","1.43703","-149.223"
9182,0,"-3436.65","-222.331","134.961","-0.386777","1.73152","-149.441"
9183,0,"-3438.27","-223.055","134.656","-0.0712331","1.71775","-149.703"
9184,0,"-3440.11","-224.231","134.688","-0.518732","1.44901","-149.707"
9185,0,"-3441.99","-225.686","134.949","-0.15506","1.10262","-149.992"
9186,0,"-3443.39","-225.847","135.04","0.118521","1.45214","-149.937"
9187,0,"-3445.2","-227.135","135.373","0.138338","0.850551","-149.981"
9188,0,"-3447.15","-227.907","134.778","-0.162427","1.95988","-150.305"
9189,0,"-3448.9","-228.712","134.744","-0.138648","1.49024","-150.316"
9190,0,"-3451.09","-229.929","134.901","-0.0882823","1.78543","-150.633"
9191,0,"-3452.51","-230.655","134.722","0.0909007","1.95959","-150.627"
9192,0,"-3454.28","-231.503","134.78","0.00322406","1.12469","-150.676"
9193,0,"-3456.22","-232.307","134.863","0.0102617","1.29953","-150.744"
9194,0,"-3457.94","-233.282","134.942","0.104051","1.26607","-150.894"
9195,0,"-3460.13","-234.648","134.536","-0.568532","1.41889","-151.07"
9196,0,"-3461.81","-235.335","134.325","-0.289215","1.51633","-151.271"
9197,0,"-3463.9","-236.387","134.823","-0.539342","1.99993","-151.371"
9198,0,"-3465.64","-237.351","134.738","-0.462208","1.69658","-151.454"
9199,0,"-3467.16","-237.854","135.064","0.164011","1.35859","-151.53"
9200,0,"-3469.23","-238.907","134.989","-0.275481","1.37527","-151.585"
9201,0,"-3470.87","-240.024","134.889","-0.00121284","1.1453","-151.982"
9202,0,"-3472.97","-240.895","134.569","-0.477935","1.68133","-152.114"
9203,0,"-3474.84","-241.923","134.824","-0.573548","1.66792","-152.31"
9204,0,"-3476.45","-242.392","134.571","-0.139173","1.5921","-152.433"
9205,0,"-3478.62","-243.882","134.743","-0.386374","1.41843","-152.62"
9206,0,"-3480.2","-243.889","134.699","-0.0329729","1.17173","-152.501"
9207,0,"-3482.18","-245.62","134.955","0.165507","1.20169","-153.012"
9208,0,"-3484.04","-245.953","134.378","-0.224261","1.236","-152.843"
9209,0,"-3486.19","-247.302","134.463","-0.257669","1.41658","-153.206"
9210,0,"-3487.93","-247.885","134.178","-0.372253","1.47415","-153.191"
9211,0,"-3489.88","-248.858","134.257","-0.282476","1.09408","-153.236"
9212,0,"-3491.79","-249.841","134.033","-0.443114","1.13347","-153.444"
9213,0,"-3493.38","-251.385","134.906","0.45237","-0.52011","-153.594"
9214,0,"-3495.33","-252.038","134.62","0.489962","-0.616926","-153.764"
9215,0,"-3497.44","-253.316","134.515","0.119417","-0.986541","-153.743"
9216,0,"-3499.3","-254.147","134.514","0.30985","-0.914044","-153.955"
9217,0,"-3501.24","-255.003","134.525","0.252521","-0.945939","-154.095"
9218,0,"-3503.17","-255.932","134.742","0.160091","-0.748386","-154.198"
9219,0,"-3504.88","-256.693","134.481","0.42998","-0.828321","-154.435"
9220,0,"-3507.05","-257.564","134.482","0.151657","-0.882774","-154.513"
9221,0,"-3508.89","-258.469","134.623","0.146852","-0.69056","-154.633"
9222,0,"-3510.58","-259.045","134.489","0.295222","-0.598532","-154.869"
9223,0,"-3512.72","-259.926","134.253","-0.0623411","-0.766541","-154.93"
9224,0,"-3514.53","-260.629","134.023","0.0923444","-0.640387","-155.155"
9225,0,"-3516.51","-261.43","133.969","-0.146294","-0.474107","-155.295"
9226,0,"-3518.39","-262.463","134.233","-0.135085","-0.348312","-155.436"
9227,0,"-3519.87","-262.806","134.349","0.379008","-0.988845","-155.48"
9228,0,"-3522.06","-263.765","134.681","0.265581","-0.865047","-155.645"
9229,0,"-3523.69","-264.406","134.296","0.378237","-1.0351","-155.774"
9230,0,"-3525.62","-265.252","134.58","0.508127","-0.817239","-155.982"
9231,0,"-3527.18","-265.163","135.595","0.611256","0.364192","-156.194"
9232,0,"-3528.98","-265.788","135.288","0.700615","0.158307","-156.393"
9233,0,"-3531.05","-266.643","135.599","0.788996","0.327273","-156.527"
9234,0,"-3532.87","-267.588","135.475","0.635448","0.0710966","-156.676"
9235,0,"-3534.74","-268.162","135.16","0.780519","0.0722791","-156.914"
9236,0,"-3536.71","-268.992","135.541","0.866587","0.449631","-157.065"
9237,0,"-3538.78","-269.568","135.262","0.717145","0.619135","-157.247"
9238,0,"-3540.77","-270.5","135.292","0.529494","0.477892","-157.282"
9239,0,"-3542.64","-271.182","134.941","0.30604","0.588547","-157.48"
9240,0,"-3544.55","-272.026","134.975","0.352264","0.742058","-157.708"
9241,0,"-3546.55","-272.784","135.815","0.533772","1.12774","-157.754"
9242,0,"-3548.29","-273.305","136.371","0.822668","1.72411","-157.983"
9243,0,"-3550.48","-274.414","136.409","0.461908","1.7487","-158.048"
9244,0,"-3552.29","-274.859","135.828","0.522662","2.03086","-158.384"
9245,0,"-3554.21","-275.509","136.179","0.677387","1.8749","-158.414"
9246,0,"-3556.33","-276.362","136.038","0.333373","2.23505","-158.616"
9247,0,"-3557.99","-276.736","135.843","0.505913","2.01516","-158.826"
9248,0,"-3560.37","-277.83","136.026","0.231761","2.0918","-158.822"
9249,0,"-3562.14","-278.394","135.802","0.388748","1.83279","-159.024"
9250,0,"-3564.01","-278.972","135.842","0.437776","1.52768","-159.11"
9251,0,"-3565.66","-279.521","136.387","0.642669","0.758457","-158.944"
9252,0,"-3567.4","-280.022","136.104","0.824748","0.757788","-159.175"
9253,0,"-3569.67","-280.851","136.06","0.599195","0.595538","-159.233"
9254,0,"-3571.41","-281.471","136.115","0.886461","0.736598","-159.455"
9255,0,"-3573.56","-282.476","136.067","0.626204","0.503924","-159.509"
9256,0,"-3575.66","-283.113","135.89","0.574224","0.448433","-159.649"
9257,0,"-3577.43","-283.677","135.893","0.883954","0.580355","-159.885"
9258,0,"-3579.6","-284.595","135.799","0.597267","0.268062","-159.942"
9259,0,"-3581.4","-285.064","135.593","0.826514","0.270068","-160.166"
9260,0,"-3583.55","-286.024","135.743","0.546068","0.345353","-160.274"
9261,0,"-3585.41","-286.634","135.473","0.383357","0.114449","-160.445"
9262,0,"-3587.35","-287.001","135.273","0.575418","0.46387","-160.662"
9263,0,"-3589.56","-287.782","135.185","0.281593","0.265195","-160.686"
9264,0,"-3591.46","-288.307","135.039","0.411839","0.685739","-160.997"
9265,0,"-3593.63","-289.008","134.855","0.049354","0.568855","-161.047"
9266,0,"-3595.35","-289.627","135.084","0.131127","0.358067","-161.175"
9267,0,"-3597.22","-290.091","134.873","0.360408","0.694514","-161.52"
9268,0,"-3599.15","-290.932","135.139","0.180975","0.451334","-161.496"
9269,0,"-3601.09","-291.448","134.906","0.326545","0.995624","-161.832"
9270,0,"-3603.33","-291.876","134.725","0.0474201","0.305198","-161.816"
9271,0,"-3605.22","-292.634","134.979","0.023608","1.13077","-162.025"
9272,0,"-3606.88","-293.047","134.909","0.470655","0.44714","-162.215"
9273,0,"-3609.14","-293.515","134.187","-0.202823","0.394343","-162.377"
9274,0,"-3610.77","-294.149","134.443","0.346276","0.191073","-162.493"
9275,0,"-3613.01","-294.876","134.648","0.00798968","0.294262","-162.548"
9276,0,"-3614.93","-295.207","134.542","-0.0530255","0.219805","-162.625"
9277,0,"-3616.69","-295.589","134.722","0.405942","0.399633","-162.916"
9278,0,"-3618.65","-296.495","134.779","0.0219413","0.527485","-162.991"
9279,0,"-3620.43","-296.559","134.333","0.228828","0.20947","-163.179"
9280,0,"-3622.97","-297.252","134.418","-0.194858","0.657655","-163.336"
9281,0,"-3624.56","-297.846","134.459","-0.139698","0.214124","-163.361"
9282,0,"-3626.57","-298.086","134.155","0.080629","0.487814","-163.64"
9283,0,"-3628.71","-298.766","134.656","-0.108815","0.689005","-163.681"
9284,0,"-3630.52","-299.131","134.284","0.139182","0.132742","-163.882"
9285,0,"-3632.74","-299.891","134.327","-0.209193","0.465039","-164.001"
9286,0,"-3634.53","-300.121","134.632","0.164253","0.225162","-164.082"
9287,0,"-3636.76","-300.565","134.251","-0.124304","0.297623","-164.282"
9288,0,"-3638.62","-301.206","134.29","-0.206988","-0.0586284","-164.374"
9289,0,"-3640.54","-301.548","134.244","0.0505368","0.4936","-164.704"
9290,0,"-3642.81","-302.075","134.232","-0.146354","0.0765906","-164.624"
9291,0,"-3644.65","-302.597","134.607","0.0596747","0.699185","-164.865"
9292,0,"-3646.63","-302.88","134.618","-0.146605","0.776158","-164.988"
9293,0,"-3648.6","-303.428","134.031","-0.317229","0.139927","-165.097"
9294,0,"-3650.32","-303.754","134.181","0.100017","0.367075","-165.35"
9295,0,"-3652.52","-304.231","134.276","-0.23855","0.271862","-165.346"
9296,0,"-3654.25","-304.366","134.763","0.186317","0.589596","-165.461"
9297,0,"-3656.2","-305.086","135.044","0.118132","0.289653","-165.516"
9298,0,"-3658.3","-305.403","134.177","-0.274523","0.157293","-165.745"
9299,0,"-3660.35","-305.555","133.915","-0.0313788","0.141565","-165.927"
9300,0,"-3662.47","-306.331","134.006","-0.378797","0.123079","-166.041"
9301,0,"-3664.39","-306.532","133.882","-0.216781","0.206885","-166.221"
9302,0,"-3666.52","-307.149","134.077","-0.385893","0.178904","-166.285"
9303,0,"-3668.55","-307.391","134.027","-0.391725","0.294148","-166.42"
9304,0,"-3670.35","-307.68","134.055","0.0234233","0.365626","-166.689"
9305,0,"-3672.59","-307.994","133.749","-0.507534","0.0508305","-166.592"
9306,0,"-3674.27","-308.178","134.082","0.104908","-0.00755301","-166.815"
9307,0,"-3676.62","-308.947","134","-0.3708","0.0772915","-166.907"
9308,0,"-3678.38","-309.189","134.566","-0.0628039","0.202227","-166.995"
9309,0,"-3680.37","-309.348","134.072","-0.0793998","0.489552","-167.295"
9310,0,"-3682.62","-310.016","133.953","-0.346587","0.0948127","-167.355"
9311,0,"-3684.41","-310.253","133.929","-0.123952","0.52035","-167.658"
9312,0,"-3686.43","-310.715","133.894","-0.459782","0.252823","-167.618"
9313,0,"-3688.41","-310.793","133.752","-0.269966","0.402336","-167.803"
9314,0,"-3690.19","-310.255","134.818","0.358156","1.78125","-168.145"
9315,0,"-3691.98","-310.727","134.807","0.152536","1.28407","-168.147"
9316,0,"-3694.1","-310.928","134.932","0.220963","1.69057","-168.372"
9317,0,"-3696.04","-311.288","135.046","0.224991","1.6304","-168.411"
9318,0,"-3698.09","-311.452","134.417","0.152776","1.40023","-168.584"
9319,0,"-3699.91","-311.954","134.874","0.364538","1.70531","-168.778"
9320,0,"-3701.8","-312.218","135.311","0.586965","1.57008","-168.847"
9321,0,"-3704.02","-312.39","134.368","0.124185","1.42028","-169.001"
9322,0,"-3706.1","-312.804","134.809","0.374396","1.66411","-169.17"
9323,0,"-3708.08","-313.239","134.825","0.189549","1.66194","-169.256"
9324,0,"-3709.92","-313.312","134.691","0.426413","1.0753","-169.345"
9325,0,"-3712.22","-313.729","134.803","0.196129","1.73535","-169.471"
9326,0,"-3714","-313.85","134.629","0.414023","1.74606","-169.706"
9327,0,"-3716.31","-314.404","134.655","0.113923","1.59636","-169.766"
9328,0,"-3718.21","-314.442","134.698","0.275311","1.84709","-169.998"
9329,0,"-3720.32","-314.719","134.381","0.0537647","1.37171","-170.005"
9330,0,"-3722.27","-315.068","134.603","-0.0799742","1.50033","-170.078"
9331,0,"-3724.21","-315.252","134.716","0.133276","1.63452","-170.285"
9332,0,"-3726.37","-315.53","134.495","-0.340141","1.21536","-170.306"
9333,0,"-3727.83","-315.656","135.308","0.654466","0.318223","-170.191"
9334,0,"-3729.91","-316.003","135.153","0.41863","0.174927","-170.259"
9335,0,"-3732.01","-316.177","135.14","0.367722","0.196686","-170.416"
9336,0,"-3733.92","-316.142","135.022","0.684292","0.260835","-170.675"
9337,0,"-3736.15","-316.591","135.167","0.141211","0.0450625","-170.725"
9338,0,"-3737.92","-316.711","135.004","0.651205","0.195567","-170.931"
9339,0,"-3740.13","-317.095","135.115","0.189495","0.208093","-170.918"
9340,0,"-3742.18","-317.331","135.043","0.396994","0.0764056","-171.089"
9341,0,"-3744.24","-317.577","134.726","0.313591","-0.116196","-171.238"
9342,0,"-3746.5","-318.034","134.73","0.0780675","-0.0116151","-171.287"
9343,0,"-3748.36","-318.064","134.438","0.316038","0.122932","-171.606"
9344,0,"-3750.76","-318.365","134.347","-0.202153","-0.0433532","-171.678"
9345,0,"-3752.33","-318.476","134.115","0.0473996","0.130709","-171.951"
9346,0,"-3754.39","-318.791","133.782","0.184012","0.111666","-172.157"
9347,0,"-3756.86","-319.222","133.8","-0.254482","0.309172","-172.214"
9348,0,"-3758.6","-319.453","133.671","0.192485","0.42476","-172.555"
9349,0,"-3760.03","-318.657","134.548","0.71203","1.1264","-172.708"
9350,0,"-3762.21","-318.782","134.329","0.292656","1.41203","-172.912"
9351,0,"-3763.99","-318.772","134.906","0.966547","0.326966","-172.764"
9352,0,"-3766","-318.816","134.821","0.635764","0.304985","-172.956"
9353,0,"-3768.02","-319.192","134.964","0.871324","0.374121","-173.036"
9354,0,"-3770.26","-319.538","135.027","0.476429","0.162263","-173.005"
9355,0,"-3772.19","-319.38","134.92","0.954605","0.351493","-173.303"
9356,0,"-3774.39","-319.79","135.21","0.576492","0.219761","-173.295"
9357,0,"-3776.24","-319.875","135.11","0.509663","0.275257","-173.392"
9358,0,"-3778.06","-319.978","135.229","0.648809","0.42077","-173.587"
9359,0,"-3780.13","-320.316","135.066","0.720976","0.23215","-173.608"
9360,0,"-3781.69","-320.342","134.928","1.412","0.42887","-173.799"
9361,0,"-3783.31","-321.001","135.197","1.51051","0.498753","-173.579"
9362,0,"-3785.3","-321.053","134.911","1.43288","0.200102","-173.756"
9363,0,"-3787.19","-321.093","135.029","1.80485","0.47428","-173.98"
9364,0,"-3789.41","-321.501","135.155","1.30599","0.168549","-173.903"
9365,0,"-3791.3","-321.146","134.675","1.76973","0.272267","-174.368"
9366,0,"-3793.38","-321.459","134.92","1.18271","0.358947","-174.373"
9367,0,"-3795.38","-321.402","134.715","1.70202","0.37615","-174.682"
9368,0,"-3797.54","-321.427","134.569","1.69685","0.76184","-174.913"
9369,0,"-3799.41","-321.575","135.128","1.80342","0.34104","-174.869"
9370,0,"-3802.46","-320.829","134.899","0.8797","0.273982","-175.407"
9371,0,"-3803.37","-321.422","135.151","1.95355","0.306264","-175.198"
9372,0,"-3805.92","-321.508","135.036","1.72242","0.264304","-175.317"
9373,0,"-3807.38","-321.527","134.825","1.70218","-0.00843906","-175.461"
9374,0,"-3809.79","-321.722","134.973","1.31556","0.0944802","-175.524"
9375,0,"-3811.4","-321.593","134.877","1.46018","0.100501","-175.728"
9376,0,"-3813.81","-321.806","134.926","1.14713","0.047331","-175.751"
9377,0,"-3815.54","-321.751","134.907","1.46085","0.0677629","-175.982"
9378,0,"-3817.66","-321.826","134.982","1.10476","0.0628015","-175.966"
9379,0,"-3819.93","-321.901","134.905","1.11635","0.0944709","-176.087"
9380,0,"-3821.64","-321.754","134.876","1.51826","0.285412","-176.359"
9381,0,"-3823.86","-321.941","134.801","1.03241","0.00189363","-176.357"
9382,0,"-3825.71","-321.732","134.759","1.5298","0.18854","-176.698"
9383,0,"-3828.21","-321.893","134.746","1.15723","0.0489952","-176.706"
9384,0,"-3830.78","-320.952","134.843","0.374011","0.707123","-177.164"
9385,0,"-3832.95","-321.202","134.596","0.71731","0.475695","-177.242"
9386,0,"-3835.01","-320.815","134.462","0.458197","0.788493","-177.338"
9387,0,"-3836.95","-321.178","134.696","0.772711","0.386967","-177.563"
9388,0,"-3839.43","-320.772","134.37","0.344002","0.917356","-177.68"
9389,0,"-3841.23","-321.068","134.636","0.53627","0.522495","-177.786"
9390,0,"-3843.42","-321.236","134.654","0.227416","0.548641","-177.853"
9391,0,"-3845.66","-321.306","134.502","0.112518","0.22502","-177.957"
9392,0,"-3847.45","-321.17","134.54","0.503301","0.416233","-178.226"
9393,0,"-3849.76","-321.67","134.571","0.0506457","0.22525","-178.272"
9394,0,"-3851.77","-321.653","134.677","0.510395","0.597391","-178.684"
9395,0,"-3854.15","-322.2","134.452","-0.504678","-0.167328","-178.566"
9396,0,"-3856.2","-322.37","134.021","-0.365449","-0.364098","-178.853"
9397,0,"-3858.3","-322.449","133.647","-0.282366","-0.53431","-179.145"
9398,0,"-3860.45","-322.8","133.413","-0.665952","-0.594881","-179.189"
9399,0,"-3862.58","-323.014","133.54","-0.207604","-0.534727","-179.627"
9400,0,"-3864.68","-323.062","133.719","-0.311114","-0.0645195","-179.836"
9401,0,"-3866.59","-323.124","133.403","-0.458683","-0.985324","-179.777"
9402,0,"-3868.74","-323.104","132.968","-0.548858","-1.03396","-180.024"
9403,0,"-3870.98","-323.072","133.002","-0.77884","-0.893096","-180.077"
9404,0,"-3873.08","-323.456","133.404","-1.21766","-0.8891","-180.113"
9405,0,"-3875.19","-323.235","133.208","-0.980993","-0.740949","-180.324"
9406,0,"-3877.13","-323.071","133.408","-0.502942","-0.612782","-180.558"
9407,0,"-3879.01","-322.793","132.597","-0.520074","-0.960856","-180.533"
9408,0,"-3881.38","-322.776","132.878","-0.95016","-0.992262","-180.76"
9409,0,"-3883.26","-322.378","132.99","-0.627329","-0.496249","-180.95"
9410,0,"-3885.33","-322.539","133.23","-0.825253","-0.593923","-180.978"
9411,0,"-3887.44","-322.331","133.267","-0.527577","-0.0710503","-181.27"
9412,0,"-3889.4","-322.283","133.07","-0.654377","0.315942","-181.456"
9413,0,"-3891.36","-321.588","132.616","-1.03648","-0.808796","-181.437"
9414,0,"-3893.4","-321.556","132.856","-0.602228","-0.557447","-181.6"
9415,0,"-3895.47","-321.969","133.307","-0.731313","-0.131287","-181.677"
9416,0,"-3897.43","-321.08","133.735","-2.14846","-0.391412","-182.071"
9417,0,"-3899.68","-321.263","134.21","-2.17857","0.176197","-182.159"
9418,0,"-3901.71","-321.007","133.645","-2.55836","-0.620496","-182.207"
9419,0,"-3903.79","-320.403","133.288","-2.38307","-0.491226","-182.383"
9420,0,"-3905.86","-320.743","133.561","-2.6099","-0.624586","-182.552"
9421,0,"-3907.76","-320.112","133.437","-2.40275","-0.375331","-182.695"
9422,0,"-3910.12","-320.663","134.232","-2.35019","-0.202666","-182.84"
9423,0,"-3911.8","-319.809","133.259","-2.4808","-0.433743","-182.97"
9424,0,"-3913.91","-319.671","133.268","-2.42993","-0.878916","-183.105"
9425,0,"-3915.97","-318.884","133.03","-2.48096","-0.466625","-183.273"
9426,0,"-3917.91","-319.084","133.156","-2.41899","-0.661323","-183.434"
9427,0,"-3919.95","-318.875","133.125","-2.60785","-0.449824","-183.448"
9428,0,"-3922.02","-318.692","133.165","-2.24601","-0.424841","-183.742"
9429,0,"-3924.06","-318.251","132.629","-2.54656","-0.690473","-183.81"
9430,0,"-3926.19","-318.025","132.609","-2.61127","-0.524528","-183.962"
9431,0,"-3928.12","-317.455","132.611","-2.10933","-0.597454","-184.15"
9432,0,"-3930.25","-317.519","132.881","-2.27971","-0.479333","-184.307"
9433,0,"-3932.29","-317.226","133.053","-2.3109","-0.077222","-184.533"
9434,0,"-3934.23","-316.725","132.594","-2.14587","-0.44735","-184.621"
9435,0,"-3936.21","-316.487","132.825","-1.84614","-0.0589226","-184.798"
9436,0,"-3937.9","-315.703","133.435","-1.45357","-1.29255","-184.587"
9437,0,"-3940.06","-315.614","133.438","-1.92515","-1.37717","-184.555"
9438,0,"-3942.07","-315.401","133.6","-1.71902","-1.14198","-184.704"
9439,0,"-3944.08","-314.981","133.303","-1.76081","-1.36141","-184.887"
9440,0,"-3946.17","-314.761","133.48","-1.53208","-1.04015","-185.017"
9441,0,"-3948.19","-314.706","133.919","-1.48024","-0.797765","-185.147"
9442,0,"-3950.25","-314.063","133.334","-1.69812","-1.09139","-185.311"
9443,0,"-3952.39","-313.771","133.572","-1.14989","-0.474054","-185.66"
9444,0,"-3954.29","-313.557","133.579","-1.28003","-0.58539","-185.666"
9445,0,"-3956.43","-313.069","133.389","-1.5871","-0.82855","-185.648"
9446,0,"-3958.67","-313.136","133.86","-1.15135","-0.161272","-185.995"
9447,0,"-3960.77","-312.695","133.397","-1.35975","-0.584733","-185.934"
9448,0,"-3962.92","-312.547","133.856","-0.786082","0.280055","-186.256"
9449,0,"-3965","-312.475","133.87","-1.17246","0.21083","-186.203"
9450,0,"-3967.01","-311.902","133.16","-0.964738","-0.015439","-186.337"
9451,0,"-3969.13","-311.83","133.574","-0.839124","0.600265","-186.417"
9452,0,"-3971.04","-311.536","133.286","-1.0292","0.471296","-186.582"
9453,0,"-3973.01","-311.041","132.831","-0.690107","0.254994","-186.733"
9454,0,"-3975.03","-310.707","133.043","-0.550385","0.353273","-186.895"
9455,0,"-3977.09","-310.436","132.825","-0.664849","0.559156","-186.975"
9456,0,"-3979.04","-310.289","133.312","-0.6378","0.799127","-187.192"
9457,0,"-3980.9","-309.292","133.486","-1.5694","1.22663","-187.449"
9458,0,"-3982.91","-309.074","132.987","-1.44691","0.658943","-187.634"
9459,0,"-3984.88","-308.632","133.549","-1.55004","1.39756","-187.616"
9460,0,"-3986.78","-308.293","133.404","-1.46206","1.22878","-187.768"
9461,0,"-3989.14","-308.387","133.563","-1.36457","1.17433","-187.91"
9462,0,"-3991.19","-308.219","133.88","-1.35845","1.51213","-187.996"
9463,0,"-3993.08","-307.064","133.068","-1.26298","1.18627","-188.09"
9464,0,"-3995.05","-307","133.51","-1.08807","1.59628","-188.175"
9465,0,"-3997.2","-306.651","133.674","-1.11614","1.84573","-188.386"
9466,0,"-3999.04","-306.095","133.131","-1.35157","1.23838","-188.268"
9467,0,"-4001.11","-305.886","133.756","-1.17937","1.96272","-188.367"
9468,0,"-4003.09","-305.463","133.188","-1.13867","1.46136","-188.531"
9469,0,"-4005.82","-304.758","133.099","-1.18325","1.50104","-188.475"
9470,0,"-4007.94","-304.487","133.094","-1.06888","1.53576","-188.542"
9471,0,"-4010.25","-304.121","132.847","-0.93991","1.59674","-188.612"
9472,0,"-4011.94","-303.787","132.945","-0.895872","1.40893","-188.493"
9473,0,"-4013.86","-303.146","132.58","-0.714559","1.35249","-188.737"
9474,0,"-4015.75","-303.205","132.859","-0.537688","1.44633","-188.637"
9475,0,"-4017.77","-302.915","132.742","-0.504954","1.0735","-188.654"
9476,0,"-4019.54","-302.305","132.253","-0.481065","0.945753","-188.677"
9477,0,"-4021.55","-302.038","132.712","-0.821143","1.07893","-188.71"
9478,0,"-4023.41","-301.906","133.003","-0.191562","1.68757","-188.844"
9479,0,"-4025.4","-301.57","132.661","-0.510174","1.16047","-188.783"
9480,0,"-4027.26","-301.529","133.212","-0.34983","1.61666","-188.829"
9481,0,"-4028.82","-300.702","133.215","-0.261992","1.40738","-188.925"
9482,0,"-4031.08","-300.583","132.666","-0.564594","0.89489","-188.734"
9483,0,"-4032.93","-300.365","133.165","-0.372526","1.63813","-188.775"
9484,0,"-4034.8","-299.563","132.592","-0.412223","0.77054","-188.724"
9485,0,"-4037.02","-299.719","132.876","-0.386818","1.65032","-188.752"
9486,0,"-4038.86","-299.247","132.649","-0.259501","1.52719","-188.78"
9487,0,"-4041.06","-298.814","132.585","-0.647188","0.373938","-188.674"
9488,0,"-4043.12","-298.401","132.191","-0.629639","1.0176","-188.612"
9489,0,"-4045.19","-297.717","131.712","-0.528805","0.607203","-188.585"
9490,0,"-4047.09","-297.225","131.673","-0.83801","0.15866","-188.501"
9491,0,"-4049.45","-296.889","131.654","-0.754053","0.155493","-188.404"
9492,0,"-4051.52","-296.801","131.9","-0.771437","0.656964","-188.473"
9493,0,"-4053.59","-296.549","131.835","-0.640408","0.632057","-188.439"
9494,0,"-4055.6","-295.89","131.714","-0.69819","0.51289","-188.347"
9495,0,"-4057.7","-296.085","132.269","-1.05553","0.916055","-188.359"
9496,0,"-4059.82","-295.534","131.544","-0.796203","0.443885","-188.235"
9497,0,"-4062.09","-295.465","132.11","-0.745215","1.11068","-188.247"
9498,0,"-4063.81","-295.189","132.23","-0.974099","0.843233","-188.134"
9499,0,"-4066.02","-294.748","131.869","-0.818463","0.78201","-188.086"
9500,0,"-4067.98","-294.618","132.399","-0.901837","1.1525","-188.085"
9501,0,"-4070.05","-294.088","131.679","-1.13458","0.475131","-187.903"
9502,0,"-4072.02","-293.802","132.181","-0.77458","0.932261","-187.865"
9503,0,"-4074.34","-293.389","131.398","-1.23888","0.0947308","-187.642"
9504,0,"-4076.22","-293","131.541","-0.967181","0.242919","-187.786"
9505,0,"-4078.49","-293.148","131.887","-0.918523","0.24346","-187.665"
9506,0,"-4080.71","-292.488","131.493","-1.04616","0.395797","-187.593"
9507,0,"-4082.57","-292.333","131.475","-1.06622","0.278469","-187.48"
9508,0,"-4084.67","-291.981","131.349","-1.28472","0.0494756","-187.433"
9509,0,"-4086.33","-291.613","135.144","-3.43563","0.623805","-186.867"
9510,0,"-4088.44","-291.266","135.315","-3.55173","0.743448","-186.843"
9511,0,"-4090.43","-290.827","134.933","-3.52273","0.376733","-186.745"
9512,0,"-4092.7","-290.947","135.638","-3.57575","0.554938","-186.852"
9513,0,"-4094.67","-290.223","135.055","-3.9523","0.53088","-186.7"
9514,0,"-4096.5","-290.221","135.222","-3.19991","1.0372","-186.682"
9515,0,"-4098.6","-289.989","135.072","-3.37683","0.126083","-186.606"
9516,0,"-4100.75","-289.536","134.989","-3.438","0.782368","-186.581"
9517,0,"-4101.24","-288.686","136.362","-1.16786","2.70323","-186.899"
9518,0,"-4103.65","-288.143","135.778","-1.55397","2.21885","-186.754"
9519,0,"-4105.38","-288.093","136.194","-1.47264","2.24785","-186.696"
9520,0,"-4107.55","-287.415","135.579","-1.41333","1.9279","-186.63"
9521,0,"-4109.62","-287.266","135.759","-1.65041","1.9532","-186.515"
9522,0,"-4111.64","-287.397","136.199","-1.20175","2.44036","-186.539"
9523,0,"-4113.64","-286.643","135.649","-0.947285","2.17523","-186.557"
9524,0,"-4115.65","-286.24","135.441","-0.456482","2.3297","-186.638"
9525,0,"-4117.61","-286.175","135.59","-0.183119","2.59883","-186.623"
9526,0,"-4119.76","-285.879","135.766","0.38903","3.15619","-186.597"
9527,0,"-4121.79","-285.668","135.523","0.960685","3.2402","-186.811"
9528,0,"-4124.03","-285.808","135.611","0.251986","3.29461","-186.422"
9529,0,"-4125.85","-285.381","135.467","1.19318","3.73489","-186.531"
9530,0,"-4128.08","-285.273","134.872","0.484841","3.16472","-186.249"
9531,0,"-4130.02","-285.167","135.595","1.62149","4.35481","-186.412"
9532,0,"-4132.05","-284.682","135.121","1.39321","4.11577","-186.405"
9533,0,"-4134.32","-284.858","136.637","-1.30694","2.7163","-185.638"
9534,0,"-4136.36","-284.428","136.694","-1.37474","3.09727","-185.537"
9535,0,"-4138.31","-284.276","135.934","-1.90617","2.12941","-185.466"
9536,0,"-4140.65","-283.896","135.817","-2.30311","1.9251","-185.286"
9537,0,"-4142.46","-283.759","135.607","-1.9424","2.01631","-185.207"
9538,0,"-4144.58","-283.857","135.582","-2.05043","1.45049","-185.114"
9539,0,"-4146.91","-283.708","135.628","-2.6635","1.70432","-184.874"
9540,0,"-4149.1","-283.353","135.202","-2.27098","1.577","-184.949"
9541,0,"-4150.85","-282.901","135.617","-1.92981","1.95082","-184.855"
9542,0,"-4152.9","-282.442","135.096","-2.42512","1.48503","-184.58"
9543,0,"-4154.99","-282.971","135.862","-1.93782","1.6672","-184.64"
9544,0,"-4157.19","-282.313","135.175","-2.44058","1.41435","-184.472"
9545,0,"-4159.06","-282.535","135.927","-1.77602","2.40294","-184.501"
9546,0,"-4161.03","-282.726","136.117","-1.85458","2.19582","-184.417"
9547,0,"-4163.53","-281.548","134.905","-2.37378","1.5993","-184.212"
9548,0,"-4166.12","-281.156","135.557","-1.73383","2.08481","-183.885"
9549,0,"-4168.41","-281.011","135.149","-2.44821","1.65481","-183.558"
9550,0,"-4170.63","-280.295","135.286","-2.06345","2.18293","-183.535"
9551,0,"-4172.28","-280.772","135.412","-1.75053","1.46254","-183.538"
9552,0,"-4174.45","-280.585","135.501","-1.88139","2.12208","-183.354"
9553,0,"-4176.73","-280.667","135.626","-2.26711","1.84891","-183.211"
9554,0,"-4178.95","-279.827","134.553","-2.36767","1.17855","-183.032"
9555,0,"-4180.76","-279.83","134.95","-2.29952","1.58193","-182.947"
9556,0,"-4183.22","-279.708","134.499","-2.61799","0.558321","-182.717"
9557,0,"-4185.44","-279.911","134.141","-2.806","0.37087","-182.665"
9558,0,"-4187.38","-280.073","134.093","-2.75724","0.167559","-182.635"
9559,0,"-4189.9","-279.705","133.067","-3.07575","-0.390245","-182.53"
9560,0,"-4192.26","-280.092","132.802","-3.79897","-0.827663","-182.244"
9561,0,"-4194.32","-280.405","132.167","-3.87505","-1.69088","-182.185"
9562,0,"-4196.48","-280.434","132.048","-3.68625","-1.47296","-182.112"
9563,0,"-4198.68","-280.495","131.489","-4.04583","-1.92213","-181.899"
9564,0,"-4200.91","-280.843","131.118","-4.05422","-2.53858","-181.88"
9565,0,"-4203.11","-280.713","130.985","-3.5548","-1.66134","-181.956"
9566,0,"-4205.29","-280.515","130.455","-3.44791","-2.19427","-181.777"
9567,0,"-4204.94","-278.45","136.612","0.214375","3.66757","-182.33"
9568,0,"-4207.05","-278.263","136.007","0.016209","3.33669","-182.171"
9569,0,"-4209.2","-278.374","136.703","0.587285","3.61521","-182.284"
9570,0,"-4211.56","-278.089","136.334","0.140655","3.80016","-182.26"
9571,0,"-4213.34","-278.046","136.575","0.736441","3.89677","-181.984"
9572,0,"-4215.13","-277.462","136.106","0.919294","4.02107","-181.924"
9573,0,"-4217.7","-277.393","135.76","0.524619","3.29273","-181.887"
9574,0,"-4219.38","-277.892","136.745","1.34826","4.02494","-181.899"
9575,0,"-4221.02","-277.391","136.188","1.58135","3.97701","-181.758"
9576,0,"-4223.76","-277.55","136.683","0.768574","3.63766","-181.627"
9577,0,"-4225.47","-277.143","136.663","0.972832","4.5947","-181.337"
9578,0,"-4227.15","-277.158","136.093","1.5314","3.85584","-181.43"
9579,0,"-4229.35","-277.171","136.112","1.18838","3.72848","-181.321"
9580,0,"-4231.24","-276.738","135.93","1.2935","3.66204","-181.157"
9581,0,"-4233.5","-276.454","135.392","1.05281","3.66205","-180.952"
9582,0,"-4235.38","-276.556","135.424","0.845019","3.38712","-180.849"
9583,0,"-4237.64","-276.413","135.215","0.967307","2.99667","-180.896"
9584,0,"-4239.68","-276.509","135.238","0.805896","3.17892","-180.649"
9585,0,"-4241.46","-276.897","134.664","1.34161","2.34325","-180.636"
9586,0,"-4244.28","-276.565","135.462","0.516251","3.46028","-180.552"
9587,0,"-4246.4","-276.852","135.77","0.539307","2.90969","-180.355"
9588,0,"-4248.3","-277.005","135.358","0.957249","2.68439","-180.339"
9589,0,"-4250.37","-276.913","135.22","1.08578","2.67508","-180.403"
9590,0,"-4252.61","-276.603","135.552","1.10412","3.07674","-180.206"
9591,0,"-4254.47","-276.772","135.541","1.23645","3.0101","-180.087"
9592,0,"-4257.63","-276.575","135.383","1.25374","3.14433","-180.464"
9593,0,"-4259.66","-276.451","135.382","1.11625","3.09593","-180.31"
9594,0,"-4261.81","-276.362","135.357","1.25726","3.35049","-180.325"
9595,0,"-4264.04","-276.4","135.119","1.07167","2.85414","-180.147"
9596,0,"-4266.09","-276.528","135.404","1.26821","3.00502","-180.114"
9597,0,"-4268.2","-276.546","135.266","1.41637","2.86041","-180.066"
9598,0,"-4270.56","-276.56","135.279","1.2517","3.04394","-179.97"
9599,0,"-4272.39","-276.497","135.121","1.15326","2.9826","-179.739"
9600,0,"-4274.62","-276.551","134.753","1.10454","2.37617","-179.75"
9601,0,"-4276.85","-276.578","135.038","1.09044","3.36516","-179.601"
9602,0,"-4279.17","-276.291","134.547","1.23772","3.41118","-179.619"
9603,0,"-4281.33","-276.409","133.571","0.746794","2.35043","-179.427"
9604,0,"-4283.26","-276.714","133.725","0.916497","1.47339","-179.314"
9605,0,"-4285.79","-276.169","132.7","0.77349","0.946489","-179.202"
9606,0,"-4287.6","-276.349","133.014","0.546723","1.14429","-179.075"
9607,0,"-4289.44","-276.535","132.964","0.804857","1.00468","-179.106"
9608,0,"-4291.53","-276.66","132.712","0.967929","1.00559","-179.147"
9609,0,"-4293.61","-276.508","132.901","0.713243","1.1422","-179.201"
9610,0,"-4295.71","-276.467","132.43","0.819131","0.753337","-178.988"
9611,0,"-4297.74","-276.558","132.83","0.824804","0.996871","-179.097"
9612,0,"-4299.96","-276.724","132.62","0.822762","1.00587","-179.008"
9613,0,"-4302.01","-276.332","132.405","0.782613","0.963682","-179.109"
9614,0,"-4303.9","-276.699","134.469","1.87921","2.66705","-179.175"
9615,0,"-4305.93","-276.492","134.287","1.77827","2.76036","-179.169"
9616,0,"-4308.34","-276.255","134.088","1.86528","2.89136","-179.352"
9617,0,"-4310.22","-276.338","134.167","1.74001","2.69033","-179.215"
9618,0,"-4312.27","-276.538","134.123","1.65409","1.89658","-179.203"
9619,0,"-4314.36","-276.258","134.418","1.93537","2.83646","-179.355"
9620,0,"-4316.39","-276.422","134.456","1.97085","2.78921","-179.259"
9621,0,"-4318.4","-276.229","133.975","1.88073","2.33566","-179.32"
9622,0,"-4320.57","-276.116","134.077","1.83662","2.47107","-179.326"
9623,0,"-4322.51","-276.13","134.44","2.13654","2.84597","-179.475"
9624,0,"-4324.58","-276.386","134.439","2.01908","2.84544","-179.522"
9625,0,"-4325.77","-277.959","138.36","3.0045","2.26964","-180.41"
9626,0,"-4327.68","-277.411","138.029","3.15255","2.77847","-180.473"
9627,0,"-4329.94","-277.238","137.724","2.66602","2.43355","-180.374"
9628,0,"-4331.85","-277.272","137.897","2.9309","2.75818","-180.543"
9629,0,"-4334.24","-277.204","137.71","2.78267","2.59539","-180.716"
9630,0,"-4336.2","-277.239","137.854","2.87367","2.67335","-180.724"
9631,0,"-4338.28","-277.081","137.597","2.69857","2.42377","-180.717"
9632,0,"-4340.52","-277.221","137.685","2.55442","1.97313","-180.957"
9633,0,"-4342.54","-276.962","137.624","2.51231","2.56538","-180.899"
9634,0,"-4344.42","-276.614","137.297","2.65202","2.38277","-181.006"
9635,0,"-4346.57","-277.055","137.655","2.64256","1.69268","-181.161"
9636,0,"-4348.58","-276.626","137.147","2.44494","2.08065","-181.266"
9637,0,"-4350.91","-276.192","136.981","2.35048","2.16533","-181.125"
9638,0,"-4352.72","-276.178","136.818","2.16627","1.82854","-181.23"
9639,0,"-4355.17","-276.036","136.585","1.53708","1.07798","-181.432"
9640,0,"-4357.01","-275.534","136.103","1.8374","1.24042","-181.397"
9641,0,"-4358.6","-275.55","136.592","2.77391","1.89826","-181.499"
9642,0,"-4361.23","-275.941","136.505","2.47312","-0.130679","-181.815"
9643,0,"-4363.05","-275.534","136.147","2.01788","0.935316","-181.771"
9644,0,"-4365.37","-275.353","136.045","1.27123","0.248369","-181.665"
9645,0,"-4367.57","-275.026","136.318","1.93199","0.236267","-181.981"
9646,0,"-4369.28","-275.227","136.311","1.89413","0.575967","-182.063"
9647,0,"-4371.12","-274.698","136.22","1.98283","1.18394","-182.095"
9648,0,"-4373.24","-274.499","136.063","1.68816","0.702349","-182.144"
9649,0,"-4375.41","-274.799","136.323","2.00945","0.348717","-182.359"
9650,0,"-4377.77","-274.546","136.198","0.92604","0.921618","-182.257"
9651,0,"-4379.49","-274.226","135.982","1.75106","1.09681","-182.403"
9652,0,"-4381.44","-274.158","136.167","2.11","0.667012","-182.707"
9653,0,"-4383.73","-273.737","135.479","1.48636","1.10598","-182.609"
9654,0,"-4385.76","-273.573","135.685","1.72432","1.659","-182.618"
9655,0,"-4388.01","-273.034","135.557","1.11991","1.84057","-182.76"
9656,0,"-4390.14","-273.217","135.648","0.161789","1.7066","-182.758"
9657,0,"-4391.84","-272.546","135.133","1.44145","2.39289","-183.13"
9658,0,"-4394.28","-271.79","134.835","0.842397","2.56178","-183.203"
9659,0,"-4396.47","-271.925","135.059","0.598397","2.07993","-183.239"
9660,0,"-4398.09","-271.549","134.66","1.05267","2.35651","-183.35"
9661,0,"-4400.38","-271.034","134.735","0.955581","2.43883","-183.475"
9662,0,"-4402.22","-270.818","134.461","0.781332","2.4019","-183.46"
9663,0,"-4404.57","-270.773","133.931","0.332006","2.19651","-183.586"
9664,0,"-4406.42","-270.225","134.169","0.674779","2.83389","-183.757"
9665,0,"-4408.56","-269.87","134.341","0.790531","2.68134","-183.82"
9666,0,"-4410.4","-270.288","134.519","0.911662","3.17972","-184.043"
9667,0,"-4412.84","-269.839","134.303","0.917061","3.08634","-184.298"
9668,0,"-4414.87","-269.701","134.706","0.282164","3.24925","-184.132"
9669,0,"-4416.99","-269.364","134.393","0.540294","2.65407","-184.387"
9670,0,"-4419.17","-269.513","134.251","0.543879","2.66519","-184.653"
9671,0,"-4421.69","-269.228","135.124","-0.49114","3.31235","-184.741"
9672,0,"-4423.83","-268.859","134.915","-0.191891","2.87733","-184.804"
9673,0,"-4426.02","-268.822","135","-0.205102","3.15369","-185.012"
9674,0,"-4427.9","-268.785","135","-0.177965","3.20317","-185.144"
9675,0,"-4429.92","-268.103","134.476","-0.539589","2.9794","-185.076"
9676,0,"-4432.35","-269.59","136.549","0.476658","0.232665","-185.782"
9677,0,"-4434.08","-268.652","135.674","0.3333","1.55437","-185.603"
9678,0,"-4436.26","-268.896","135.834","0.333318","0.641989","-185.757"
9679,0,"-4438.42","-267.964","135.698","0.178452","1.27332","-185.804"
9680,0,"-4440.38","-268.005","135.535","0.0636966","0.813738","-185.976"
9681,0,"-4442.38","-266.99","135.355","-0.239147","1.72695","-185.949"
9682,0,"-4444.62","-266.689","136.386","0.0568097","1.87422","-186.164"
9683,0,"-4446.59","-266.401","135.606","0.181932","1.8606","-186.228"
9684,0,"-4448.63","-266.168","135.18","0.0649191","1.38661","-186.454"
9685,0,"-4450.74","-265.745","135.292","-0.139053","2.01061","-186.577"
9686,0,"-4452.97","-265.277","135.472","0.240311","1.79092","-186.767"
9687,0,"-4454.84","-265.036","135.015","0.493948","2.09826","-186.798"
9688,0,"-4456.83","-264.545","134.962","0.572828","2.51475","-187.101"
9689,0,"-4458.86","-263.572","134.568","0.184749","2.67562","-187"
9690,0,"-4460.59","-263.721","135.113","1.04093","3.03377","-187.385"
9691,0,"-4462.82","-263.334","135.126","0.777449","3.52378","-187.519"
9692,0,"-4464.65","-263.071","134.739","0.781519","3.3455","-187.691"
9693,0,"-4466.85","-262.627","135.188","0.558934","3.55717","-187.603"
9694,0,"-4468.7","-261.987","134.857","0.632471","3.52412","-187.804"
9695,0,"-4470.64","-262.115","134.978","0.397657","3.73595","-187.858"
9696,0,"-4472.44","-261.423","134.371","0.674632","3.6274","-188.018"
9697,0,"-4474.64","-261.274","134.571","0.606683","3.05844","-188.215"
9698,0,"-4476.3","-260.793","134.685","0.778124","3.66635","-188.285"
9699,0,"-4478.17","-260.115","135.008","0.833881","4.19434","-188.358"
9700,0,"-4480.37","-259.953","134.57","0.387305","3.78497","-188.291"
9701,0,"-4482.18","-259.696","134.716","0.443771","3.879","-188.429"
9702,0,"-4484.06","-259.528","134.91","0.923367","3.91924","-188.636"
9703,0,"-4486.08","-259.156","134.536","0.764613","3.94279","-188.566"
9704,0,"-4488.06","-259.01","134.101","0.756029","3.54086","-188.659"
9705,0,"-4489.87","-258.685","133.932","0.563514","3.81371","-188.766"
9706,0,"-4492.37","-258.594","134.441","0.410252","3.96115","-188.675"
9707,0,"-4494.13","-258.2","134.161","1.12384","4.08223","-188.825"
9708,0,"-4496.2","-257.865","134.05","0.957438","4.17493","-188.75"
9709,0,"-4498.16","-257.554","134.453","1.41587","3.31613","-188.603"
9710,0,"-4500.3","-257.093","134.343","1.64641","3.50438","-188.511"
9711,0,"-4502.35","-256.451","135.045","0.133511","3.72799","-189.057"
9712,0,"-4504","-255.57","134.844","0.5112","3.96816","-189.245"
9713,0,"-4505.9","-255.246","134.724","0.607258","3.76644","-189.287"
9714,0,"-4508.2","-255.041","134.82","0.581358","3.64702","-189.335"
9715,0,"-4509.94","-254.503","134.898","0.55132","4.06811","-189.447"
9716,0,"-4512.34","-254.445","135.153","-0.438577","3.6757","-189.478"
9717,0,"-4513.46","-253.479","135.2","0.921907","4.33014","-189.419"
9718,0,"-4515.46","-253.339","134.998","0.717629","4.07519","-189.565"
9719,0,"-4517.39","-253.313","134.891","0.424275","3.50344","-189.452"
9720,0,"-4519.16","-252.85","134.747","0.66513","3.67526","-189.55"
9721,0,"-4521.25","-252.908","135.134","0.641065","3.06956","-189.615"
9722,0,"-4522.72","-252.201","134.797","0.36644","3.61884","-189.349"
9723,0,"-4524.98","-252.295","135.086","-0.78341","3.47991","-189.145"
9724,0,"-4526.29","-251.699","134.778","0.652693","3.83266","-189.416"
9725,0,"-4528.18","-251.275","134.614","0.368373","3.63439","-189.272"
9726,0,"-4529.96","-251.18","134.898","0.587814","3.75639","-189.281"
9727,0,"-4531.75","-251.141","134.994","-0.00410551","3.97429","-189.052"
9728,0,"-4533.88","-250.457","134.741","0.221328","4.04649","-189.006"
9729,0,"-4535.55","-250.423","134.682","0.549343","4.14614","-189.085"
9730,0,"-4537.86","-250.571","134.829","-0.901543","4.06238","-188.719"
9731,0,"-4539.4","-249.511","134.951","-0.0114393","4.76449","-188.793"
9732,0,"-4541.34","-249.722","134.11","0.158712","4.17318","-189.024"
9733,0,"-4543.17","-249.166","134.447","0.476393","4.86995","-188.819"
9734,0,"-4545.34","-249.214","134.363","0.334743","4.79186","-188.798"
9735,0,"-4547.57","-249.169","134.625","-0.255503","4.95828","-188.686"
9736,0,"-4549.17","-248.547","134.865","0.411249","3.56817","-188.231"
9737,0,"-4551.3","-248.387","135.087","0.258726","3.8758","-188.184"
9738,0,"-4553.2","-247.827","134.975","0.470996","3.12253","-188.139"
9739,0,"-4555.04","-247.516","134.849","0.527024","3.24833","-188.113"
9740,0,"-4557","-247.052","134.289","0.178459","3.11099","-187.875"
9741,0,"-4559.59","-246.791","134.668","-0.321959","3.26793","-187.755"
9742,0,"-4561.3","-246.843","134.821","0.463858","3.36035","-187.796"
9743,0,"-4563.28","-246.538","134.884","0.424484","3.2241","-187.709"
9744,0,"-4565.88","-246.446","135.316","-0.302116","3.54963","-187.372"
9745,0,"-4567.27","-245.734","134.602","0.390819","3.60806","-187.336"
9746,0,"-4569.68","-245.67","134.916","0.498356","3.26709","-187.334"
9747,0,"-4571.44","-245.267","134.979","0.651414","3.86951","-187.057"
9748,0,"-4573.73","-245.303","135.061","0.68238","3.48081","-187.055"
9749,0,"-4575.55","-245.473","135.067","0.549186","3.24849","-186.968"
9750,0,"-4577.49","-244.595","134.78","0.456828","3.45536","-186.647"
9751,0,"-4580.15","-245.089","135.455","-0.74136","2.98769","-186.392"
9752,0,"-4582.2","-244.482","135.47","-0.701886","3.96475","-186.079"
9753,0,"-4584.34","-244.562","135.187","-0.25358","3.05327","-186.24"
9754,0,"-4586.32","-246.036","136.265","-0.0621196","-0.398103","-186.157"
9755,0,"-4588.23","-244.873","136.143","0.0899347","1.57274","-185.959"
9756,0,"-4590.4","-245.911","136.533","0.251857","-0.249388","-186.101"
9757,0,"-4592.45","-245.223","136.101","0.0227435","0.874239","-185.838"
9758,0,"-4594.53","-245.462","136.416","0.0186795","-0.292766","-185.867"
9759,0,"-4596.45","-244.588","135.636","-0.133769","0.973049","-185.577"
9760,0,"-4598.55","-244.805","136.272","0.135793","0.857162","-185.458"
9761,0,"-4600.57","-244.831","136.056","0.464328","0.633855","-185.369"
9762,0,"-4602.81","-244.607","136.403","0.0526794","0.375929","-185.429"
9763,0,"-4605.08","-244.083","136.307","0.305344","0.822036","-185.099"
9764,0,"-4607.27","-244.012","136.466","0.210992","0.962284","-185.112"
9765,0,"-4609.19","-243.754","136.263","0.120391","0.824969","-184.978"
9766,0,"-4611.36","-244.442","136.983","0.705722","0.304035","-185.05"
9767,0,"-4613.52","-244.269","136.841","0.778504","-0.300655","-184.892"
9768,0,"-4615.62","-244.363","136.664","0.60479","-0.0505872","-184.757"
9769,0,"-4617.94","-243.563","136.403","0.709468","-0.103739","-184.858"
9770,0,"-4620.14","-243.492","136.264","0.861714","-0.62962","-184.846"
9771,0,"-4621.94","-244.049","137.087","1.67794","-0.131422","-185.008"
9772,0,"-4624.51","-243.182","136.477","1.13925","0.168541","-184.932"
9773,0,"-4626.79","-242.287","135.777","0.694631","0.644157","-184.72"
9774,0,"-4629.49","-242.844","137.067","0.98205","-0.101096","-184.967"
9775,0,"-4631.8","-242.792","136.713","0.381478","0.0766702","-184.971"
9776,0,"-4633.98","-242.655","136.91","0.559577","-0.00608168","-184.99"
9777,0,"-4636.32","-242.258","136.878","0.513856","-0.264474","-184.975"
9778,0,"-4638.42","-241.727","136.684","0.650822","0.527882","-185.009"
9779,0,"-4640.69","-241.679","137.231","0.461294","0.647273","-184.813"
9780,0,"-4642.72","-241.37","136.626","0.312109","0.159311","-185.015"
9781,0,"-4644.4","-241.496","136.989","0.983457","-0.438607","-184.982"
9782,0,"-4646.88","-241.21","137.502","1.12035","0.0718519","-185.133"
9783,0,"-4648.98","-240.935","136.864","0.778465","-0.052246","-185.021"
9784,0,"-4650.84","-240.58","136.607","0.879281","0.025561","-185.018"
9785,0,"-4652.61","-240.198","136.558","1.19254","0.445102","-185.115"
9786,0,"-4654.89","-240.185","136.926","1.07692","-0.0366707","-185.115"
9787,0,"-4656.72","-240.036","136.636","1.77161","0.074112","-185.151"
9788,0,"-4658.6","-239.37","135.683","1.38025","0.470657","-185.089"
9789,0,"-4660.67","-238.927","135.95","0.90321","0.615432","-184.922"
9790,0,"-4662.49","-239.65","136.751","1.81442","-0.38782","-185.25"
9791,0,"-4664.61","-239.081","136.493","1.79848","0.332665","-185.013"
9792,0,"-4666.77","-239.158","136.44","1.81583","-0.372488","-185.212"
9793,0,"-4668.67","-239.145","136.387","1.8556","-1.07921","-185.059"
9794,0,"-4670.63","-238.688","136.694","2.02555","-0.627003","-184.996"
9795,0,"-4672.71","-238.118","136.4","1.90827","0.253237","-184.974"
9796,0,"-4674.94","-238.306","136.41","2.00068","-0.130967","-185.047"
9797,0,"-4677.02","-238.072","136.268","1.89909","-0.02418","-184.924"
9798,0,"-4679.17","-237.826","136.851","2.18501","-0.0920023","-184.9"
9799,0,"-4681.67","-237.247","137.129","1.22884","0.533409","-184.68"
9800,0,"-4683.63","-237.491","136.12","1.41168","-0.664511","-184.699"
9801,0,"-4685.52","-237.483","136.387","2.01224","-0.469343","-184.757"
9802,0,"-4688.23","-236.776","136.707","1.13743","0.433734","-184.493"
9803,0,"-4689.68","-237.266","136.29","1.82207","-0.832162","-184.437"
9804,0,"-4692.04","-237.051","136.201","1.44843","-0.342676","-184.387"
9805,0,"-4693.94","-237.087","136.75","2.33298","-0.0954325","-184.488"
9806,0,"-4696.76","-236.307","136.052","1.02971","-0.508235","-184.327"
9807,0,"-4698.98","-237.287","137.467","0.622416","-0.697246","-184.029"
9808,0,"-4701.22","-236.444","136.983","0.708551","-0.0752838","-184.162"
9809,0,"-4703.19","-236.355","136.996","0.4335","0.264417","-183.855"
9810,0,"-4705.35","-236.046","137.534","0.590166","0.153333","-183.801"
9811,0,"-4707.36","-235.91","137.487","0.735611","0.486666","-183.835"
9812,0,"-4709.4","-236.198","137.106","0.506937","-0.0132392","-183.677"
9813,0,"-4711.27","-236.226","137.444","0.727429","-0.362823","-183.548"
9814,0,"-4713.45","-235.795","137.65","0.819431","0.329056","-183.624"
9815,0,"-4715.45","-235.919","137.457","1.30348","0.144528","-183.345"
9816,0,"-4717.49","-235.445","137.01","1.12433","1.22816","-183.17"
9817,0,"-4719.44","-235.563","136.913","1.3574","-0.174068","-183.386"
9818,0,"-4721.95","-235.606","138.184","1.12106","0.11942","-183.186"
9819,0,"-4723.88","-235.916","137.709","1.27479","0.171824","-183.341"
9820,0,"-4725.81","-235.324","136.609","1.0651","-0.198125","-182.976"
9821,0,"-4728.25","-235.217","138.131","1.09088","0.510695","-183.04"
9822,0,"-4730.28","-235.265","137.587","1.39787","0.1507","-182.877"
9823,0,"-4732.07","-235.19","137.199","1.48332","0.425616","-182.867"
9824,0,"-4734.42","-235.353","137.391","0.807654","0.0441092","-182.701"
9825,0,"-4736.68","-235.131","137.632","0.877889","-0.276746","-182.651"
9826,0,"-4738.61","-234.571","137.434","1.18272","1.34587","-182.548"
9827,0,"-4740.55","-234.854","137.06","0.592413","1.13814","-182.266"
9828,0,"-4742.68","-234.698","137.104","0.565184","0.796721","-182.281"
9829,0,"-4744.95","-235.039","137.734","0.859064","-0.265704","-182.333"
9830,0,"-4747.01","-234.804","137.794","1.1656","0.609206","-182.045"
9831,0,"-4749.21","-234.694","137.404","0.609749","0.478258","-181.959"
9832,0,"-4751.18","-235.016","137.682","1.06063","-0.313165","-181.933"
9833,0,"-4753.06","-235.292","137.87","1.35637","0.257344","-181.846"
9834,0,"-4755.31","-234.678","137.952","1.51315","0.202744","-181.723"
9835,0,"-4757.55","-234.736","137.692","1.1305","0.253465","-181.708"
9836,0,"-4759.67","-234.769","137.147","0.71895","-0.218386","-181.47"
9837,0,"-4761.58","-234.647","137.773","1.77814","0.00861064","-181.571"
9838,0,"-4763.7","-234.003","137.445","1.41541","1.3087","-181.359"
9839,0,"-4765.73","-234.775","137.257","1.56953","-0.423419","-181.384"
9840,0,"-4767.46","-234.532","137.061","2.0416","-0.32936","-181.24"
9841,0,"-4769.73","-234.182","137.149","2.17835","-0.0817563","-181.281"
9842,0,"-4771.72","-234.499","136.562","1.61229","-0.186337","-181.036"
9843,0,"-4773.68","-234.163","136.563","2.19101","-0.409781","-181.187"
9844,0,"-4775.54","-234.624","136.415","2.39205","-1.12837","-180.84"
9845,0,"-4777.86","-234.33","136.37","1.89176","-0.732812","-180.752"
9846,0,"-4779.77","-234.405","136.139","2.13268","-0.932369","-180.68"
9847,0,"-4782.08","-234.361","135.978","2.20485","-1.32559","-180.647"
9848,0,"-4784.07","-234.121","135.568","1.81065","-0.558235","-180.411"
9849,0,"-4786.2","-233.908","135.538","1.73812","-0.316278","-180.335"
9850,0,"-4788.1","-234.224","135.981","2.11631","-0.256301","-180.325"
9851,0,"-4790.27","-234.427","135.641","2.02852","-1.33472","-180.192"
9852,0,"-4792.5","-234.111","135.564","1.82518","-0.668825","-180.177"
9853,0,"-4794.7","-234.201","135.712","2.11716","-1.00974","-180.123"
9854,0,"-4796.5","-234.367","135.223","1.62934","-0.828467","-180.019"
9855,0,"-4798.83","-234.762","135.961","2.00244","-1.62747","-179.907"
9856,0,"-4800.76","-234.518","135.931","2.14537","-1.09863","-179.903"
9857,0,"-4802.8","-234.63","135.857","2.07615","-1.0813","-179.707"
9858,0,"-4804.92","-234.904","135.97","2.21137","-1.55917","-179.705"
9859,0,"-4807.18","-234.763","135.585","2.0995","-1.43812","-179.666"
9860,0,"-4809.18","-234.806","135.861","2.00614","-1.39629","-179.55"
9861,0,"-4811.54","-234.919","135.624","1.77855","-1.24599","-179.366"
9862,0,"-4813.47","-234.968","135.738","2.14107","-1.48008","-179.361"
9863,0,"-4815.28","-235.226","135.831","2.10691","-1.59426","-179.286"
9864,0,"-4817.43","-234.95","135.881","1.70269","-0.569923","-179.033"
9865,0,"-4819.72","-235.346","136.022","2.35763","-1.55952","-179.233"
9866,0,"-4821.89","-235.552","135.675","2.17519","-1.78005","-179.274"
9867,0,"-4823.98","-235.224","135.662","1.73459","-1.24511","-179.127"
9868,0,"-4825.89","-235.052","135.543","2.10259","-0.585659","-179.028"
9869,0,"-4828.19","-235.12","135.472","2.13316","-1.4246","-179.147"
9870,0,"-4830.12","-235.402","136.154","2.36033","-1.09922","-179.061"
9871,0,"-4832.2","-235.062","135.942","2.3209","-1.15307","-179.109"
9872,0,"-4834.23","-235.306","135.884","2.52329","-0.994036","-179.14"
9873,0,"-4836.22","-235.505","135.95","2.43694","-0.982999","-179.088"
9874,0,"-4838.18","-235.265","135.319","1.83679","-0.917827","-178.965"
9875,0,"-4840.58","-234.931","135.159","1.9367","-1.2029","-179.072"
9876,0,"-4842.62","-235.531","135.721","2.29786","-1.64161","-179.205"
9877,0,"-4844.62","-235.102","135.459","1.86656","-1.02866","-179.032"
9878,0,"-4846.61","-235.256","135.427","1.78989","-0.800627","-178.929"
9879,0,"-4848.8","-234.898","135.342","2.30441","-0.810674","-179.127"
9880,0,"-4850.9","-235.358","135.836","2.59115","-1.69253","-179.305"
9881,0,"-4853.09","-235.266","135.765","2.46538","-1.79725","-179.352"
9882,0,"-4855.03","-235.62","135.925","2.5233","-1.87499","-179.214"
9883,0,"-4857.3","-235.583","135.889","2.72395","-1.99581","-179.186"
9884,0,"-4859.26","-235.344","135.975","2.64785","-1.6688","-179.265"
9885,0,"-4861.28","-235.436","135.802","2.57694","-1.82541","-179.34"
9886,0,"-4862.99","-235.653","135.8","2.45249","-1.87538","-179.253"
9887,0,"-4865.21","-235.441","135.155","2.14021","-2.42493","-179.008"
9888,0,"-4867.15","-235.459","135.917","2.60182","-1.68395","-179.006"
9889,0,"-4869.37","-235.66","135.894","2.42444","-1.86291","-178.973"
9890,0,"-4871.55","-235.544","135.54","2.28146","-1.90169","-179.061"
9891,0,"-4873.38","-236.122","136.152","2.63694","-1.98422","-179.094"
9892,0,"-4875.51","-235.626","135.616","2.30984","-1.24921","-178.898"
9893,0,"-4877.72","-235.87","135.093","1.84383","-1.49345","-178.787"
9894,0,"-4879.82","-235.915","135.453","2.12907","-1.64202","-178.817"
9895,0,"-4881.8","-236.15","135.852","2.20077","-1.92096","-178.692"
9896,0,"-4884.09","-235.929","135.538","2.06496","-2.00201","-178.568"
9897,0,"-4886.04","-235.846","135.255","2.23504","-1.20612","-178.632"
9898,0,"-4888.2","-235.932","135.506","2.41489","-1.29478","-178.589"
9899,0,"-4890.14","-236.444","135.917","2.57269","-1.32272","-178.568"
9900,0,"-4892.29","-236.293","135.324","2.26182","-1.58451","-178.508"
9901,0,"-4894.29","-236.385","135.423","2.32063","-1.10351","-178.261"
9902,0,"-4896.22","-236.522","135.715","2.37447","-0.967103","-178.195"
9903,0,"-4898.63","-236.118","134.878","1.88276","-1.13319","-178.025"
9904,0,"-4900.54","-236.579","135.096","2.23034","-1.17805","-178.028"
9905,0,"-4902.56","-237.124","135.883","2.68282","-1.45625","-178.093"
9906,0,"-4904.59","-236.994","135.452","2.47322","-1.77013","-177.969"
9907,0,"-4906.76","-237.138","135.594","2.35017","-1.66316","-177.922"
9908,0,"-4908.72","-237.18","135.481","2.31541","-1.80646","-177.788"
9909,0,"-4910.91","-237.46","135.32","2.01536","-2.40866","-177.598"
9910,0,"-4912.8","-237.581","135.877","2.51169","-1.44945","-177.682"
9911,0,"-4914.9","-237.607","135.618","2.36804","-1.67013","-177.558"
9912,0,"-4916.99","-237.785","135.526","2.12212","-1.77789","-177.424"
9913,0,"-4918.9","-238.156","137.593","3.287","0.334239","-177.463"
9914,0,"-4920.98","-238.203","136.976","3.02971","-0.182428","-177.309"
9915,0,"-4923.05","-238.318","137.535","3.11146","4.79359e-06","-177.193"
9916,0,"-4925.19","-238.607","137.376","2.93292","-0.341986","-177.026"
9917,0,"-4927.09","-238.497","137.307","3.12956","0.0531774","-177.003"
9918,0,"-4929.3","-238.395","136.822","2.91674","0.139902","-176.916"
9919,0,"-4931.12","-238.831","137.083","2.6547","-0.0884824","-176.836"
9920,0,"-4933.32","-238.835","137.246","3.02278","0.308775","-176.794"
9921,0,"-4935.26","-239.197","137.133","3.00523","0.186228","-176.696"
9922,0,"-4937.42","-239.224","136.969","2.67594","0.343681","-176.501"
9923,0,"-4939.32","-239.327","137.127","2.92887","0.0875032","-176.442"
9924,0,"-4941.54","-239.865","137.011","2.98848","-0.463521","-176.374"
9925,0,"-4943.4","-239.853","137.353","3.10113","-0.0508827","-176.34"
9926,0,"-4945.36","-239.955","137.503","3.13663","0.0742729","-176.237"
9927,0,"-4947.48","-240.278","136.446","2.57905","0.0197533","-176.211"
9928,0,"-4950.15","-239.539","135.007","1.80639","-1.41891","-175.606"
9929,0,"-4952.25","-239.972","135.174","1.926","-1.59662","-175.618"
9930,0,"-4954.48","-239.65","135.779","2.1456","-1.00123","-175.333"
9931,0,"-4956.69","-240.32","135.123","1.76985","-1.41282","-175.252"
9932,0,"-4958.82","-240.258","135.055","2.17263","-1.6435","-175.265"
9933,0,"-4961.05","-240.067","135.062","2.1593","-1.10339","-175.336"
9934,0,"-4962.99","-240.221","135.468","2.39173","-1.41379","-175.211"
9935,0,"-4965.07","-240.552","135.296","2.25465","-1.41011","-175.148"
9936,0,"-4967.13","-240.568","135.502","2.34034","-1.19612","-175.095"
9937,0,"-4969.33","-240.805","135.334","2.30431","-1.90689","-175.024"
9938,0,"-4971.55","-241.248","134.856","2.12695","-1.78865","-175.097"
9939,0,"-4975.15","-243.015","136.998","-2.12232","-1.89994","-174"
9940,0,"-4977.52","-242.928","137.297","-2.5176","-1.61322","-173.843"
9941,0,"-4979.27","-243.285","137.266","-2.03973","-1.93459","-173.947"
9942,0,"-4981.33","-243.413","136.946","-1.7343","-2.09151","-173.984"
9943,0,"-4983.5","-243.43","137.16","-1.61665","-2.05919","-174.008"
9944,0,"-4985.3","-243.929","137.17","-1.60884","-1.6529","-174.102"
9945,0,"-4987.38","-243.968","136.661","-1.68916","-1.92665","-174.165"
9946,0,"-4989.65","-243.978","136.753","-2.16966","-1.97454","-174.074"
9947,0,"-4991.14","-245.119","139.984","-0.372031","1.10288","-174.347"
9948,0,"-4993.13","-245.012","139.986","-0.306848","1.10306","-174.306"
9949,0,"-4995.33","-245.414","139.23","-0.559019","-0.148167","-174.338"
9950,0,"-4997.42","-245.539","140.187","-0.561268","1.09445","-174.296"
9951,0,"-4999.56","-245.603","139.651","-0.687448","0.624591","-174.352"
9952,0,"-5001.6","-245.739","139.767","-0.659614","0.697294","-174.322"
9953,0,"-5003.67","-245.98","139.846","-1.15804","0.632309","-174.275"
9954,0,"-5005.88","-245.805","139.71","-1.10076","0.676616","-174.257"
9955,0,"-5007.8","-246.406","139.967","-0.607686","0.189797","-174.337"
9956,0,"-5009.72","-246.886","140.188","-0.490522","0.471696","-174.405"
9957,0,"-5011.75","-246.735","139.821","-0.468313","0.869793","-174.414"
9958,0,"-5013.7","-246.906","139.457","-0.62852","0.577954","-174.434"
9959,0,"-5015.82","-247.072","139.702","-0.693806","0.841062","-174.387"
9960,0,"-5017.95","-247.254","139.159","-1.09311","0.280286","-174.307"
9961,0,"-5020.26","-247.514","139.458","-1.53245","0.430982","-174.152"
9962,0,"-5021.76","-247.883","139.359","-0.970104","-0.0667843","-174.228"
9963,0,"-5023.71","-247.813","139.245","-0.826742","0.235268","-174.262"
9964,0,"-5025.69","-248.128","139.18","-0.832733","0.319705","-174.198"
9965,0,"-5027.95","-248.455","139.053","-1.2608","0.0983197","-174.053"
9966,0,"-5029.84","-248.627","138.903","-1.2108","0.121961","-174.042"
9967,0,"-5031.85","-248.705","138.346","-1.42914","-0.187155","-173.949"
9968,0,"-5033.87","-248.97","138.987","-1.3506","0.197111","-173.844"
9969,0,"-5036.03","-249.253","139.252","-1.16785","-0.266038","-173.755"
9970,0,"-5038.16","-249.353","138.322","-1.49399","-0.554572","-173.692"
9971,0,"-5040.18","-249.739","138.373","-1.50114","-0.693167","-173.579"
9972,0,"-5042.14","-249.749","137.351","-1.74085","-1.55636","-173.466"
9973,0,"-5044.13","-250.004","137.011","-1.9017","-1.79173","-173.452"
9974,0,"-5046.52","-249.948","136.728","-2.29065","-1.98482","-173.442"
9975,0,"-5048.33","-249.921","135.928","-1.64913","-2.76097","-173.349"
9976,0,"-5050.28","-249.893","135.498","-1.58136","-2.69246","-173.332"
9977,0,"-5052.19","-250.267","135.546","-1.40162","-2.64149","-173.342"
9978,0,"-5054.15","-250.6","135.147","-1.60925","-3.5645","-173.133"
9979,0,"-5056.3","-250.784","134.775","-1.74451","-3.33576","-173.128"
9980,0,"-5058.61","-250.939","134.722","-1.74828","-3.33149","-173.058"
9981,0,"-5060.76","-251.025","134.48","-1.80659","-3.47032","-172.98"
9982,0,"-5062.93","-251.279","134.459","-1.56127","-3.89579","-173.004"
9983,0,"-5064.84","-251.51","134.373","-1.53848","-3.68602","-172.972"
9984,0,"-5067.29","-251.177","134.332","-1.33429","-3.29248","-172.981"
9985,0,"-5069.18","-251.903","134.756","-1.2262","-3.40592","-173.066"
9986,0,"-5071.1","-251.964","134.077","-1.26101","-3.54951","-173.178"
9987,0,"-5073.49","-251.835","134.418","-1.64454","-3.28667","-173.188"
9988,0,"-5076.36","-251.348","134.386","-0.386204","-2.75015","-173.572"
9989,0,"-5079.64","-253.885","138.134","-1.7951","2.22769","-173.514"
9990,0,"-5081.97","-253.808","138.515","-1.54902","3.38005","-173.614"
9991,0,"-5083.87","-254.39","138.774","-1.57439","3.55205","-173.666"
9992,0,"-5085.9","-254.562","138.558","-1.50471","2.81617","-173.68"
9993,0,"-5088.2","-254.464","137.999","-1.58824","3.1819","-173.928"
9994,0,"-5090.24","-254.743","138.654","-1.4273","3.80315","-173.934"
9995,0,"-5092.28","-254.93","138.071","-1.62803","2.82608","-173.914"
9996,0,"-5094.19","-255.008","137.606","-1.6953","2.01497","-173.858"
9997,0,"-5096.19","-255.231","138.212","-1.25408","2.40437","-173.952"
9998,0,"-5098.14","-255.26","138.531","-0.734862","2.79517","-174.082"
9999,0,"-5100.31","-255.34","137.759","-0.525557","1.19472","-174.103"
10000,0,"-5102.35","-255.104","137.777","-0.635848","1.31939","-174.281"
10001,0,"-5104.01","-256.555","140.079","-0.981494","2.19654","-173.753"
10002,0,"-5106.1","-256.584","139.874","-0.989347","1.70803","-173.692"
10003,0,"-5108.09","-256.874","139.967","-0.936865","1.50879","-173.72"
10004,0,"-5109.85","-256.999","139.755","-0.922249","1.28072","-173.792"
10005,0,"-5112.03","-257.147","140.194","-0.638303","1.28867","-173.83"
10006,0,"-5114.02","-257.583","140.145","-0.692433","0.80098","-173.918"
10007,0,"-5115.8","-258.123","140.773","-0.468096","0.863416","-174.027"
10008,0,"-5118.08","-257.657","139.784","-0.940565","0.946484","-174.026"
10009,0,"-5120.19","-257.825","140.099","-0.867327","1.11072","-174.046"
10010,0,"-5122.06","-258.009","140.203","-0.724547","1.34905","-174.186"
10011,0,"-5124.23","-258.022","139.662","-0.927867","0.920292","-174.195"
10012,0,"-5126.26","-257.998","139.518","-0.834893","0.930042","-174.34"
10013,0,"-5128.29","-258.559","139.644","-0.673623","-0.0921422","-174.529"
10014,0,"-5130.44","-258.159","138.476","-0.71479","-0.0422438","-174.636"
10015,0,"-5132.67","-257.834","137.951","-0.562093","-0.252264","-174.773"
10016,0,"-5134.59","-257.612","138.583","0.367569","0.786765","-175.094"
10017,0,"-5136.49","-257.297","137.876","0.66962","0.395611","-175.257"
10018,0,"-5138.71","-256.898","136.79","0.886181","-0.263507","-175.386"
10019,0,"-5140.38","-257.287","137.252","1.6022","-0.663797","-175.627"
10020,0,"-5142.44","-256.668","136.572","1.44787","-0.330765","-175.936"
10021,0,"-5144.45","-256.535","136.087","1.59385","-0.633826","-175.971"
10022,0,"-5146.4","-257.077","135.861","1.8869","-0.716994","-176.023"
10023,0,"-5148.33","-257.172","135.827","2.01125","-0.698836","-176.093"
10024,0,"-5150.52","-256.855","135.423","2.03274","-0.946221","-176.102"
10025,0,"-5152.44","-257.146","135.84","2.37857","-1.2328","-176.259"
10026,0,"-5154.52","-257.226","135.437","2.28531","-0.984379","-176.417"
10027,0,"-5156.6","-257.206","135.213","2.21305","-1.39842","-176.476"
10028,0,"-5158.6","-256.901","135.168","2.49776","-0.908197","-176.658"
10029,0,"-5160.55","-257.253","135.858","2.5346","-0.383055","-176.772"
10030,0,"-5162.85","-257.149","135.458","2.22838","-0.75563","-176.768"
10031,0,"-5164.78","-257.397","135.622","2.34181","-0.806463","-176.827"
10032,0,"-5166.77","-257.617","135.945","2.5194","-0.566098","-177.005"
10033,0,"-5168.95","-257.548","135.673","2.43685","-0.730902","-177.047"
10034,0,"-5170.94","-257.573","136.097","2.65951","-0.643829","-177.297"
10035,0,"-5173.21","-257.681","136.341","2.7968","0.0173288","-177.302"
10036,0,"-5175","-258.164","136.439","2.73605","-0.0582541","-177.505"
10037,0,"-5177.01","-258.379","136.635","2.85435","-0.329366","-177.614"
10038,0,"-5178.93","-258.694","136.908","2.97572","0.225045","-177.832"
10039,0,"-5181.57","-257.791","135.655","2.42269","-0.700721","-177.584"
10040,0,"-5183.9","-257.592","135.373","2.2681","-0.87436","-177.618"
10041,0,"-5185.85","-257.734","135.733","2.42711","-0.663193","-177.86"
10042,0,"-5188.01","-257.787","135.77","2.46839","-0.974174","-177.847"
10043,0,"-5190.05","-257.816","135.658","2.48521","-1.57447","-177.888"
10044,0,"-5192.11","-257.994","135.809","2.44712","-0.606078","-178.089"
10045,0,"-5194.07","-257.926","135.597","2.37363","-0.810112","-178.181"
10046,0,"-5196.09","-258.015","135.467","2.29334","-0.971133","-178.226"
10047,0,"-5198.06","-258.046","135.484","2.36682","-0.783659","-178.347"
10048,0,"-5199.86","-258.357","135.924","2.47006","-0.564371","-178.602"
10049,0,"-5202.04","-258.366","135.885","2.59343","-0.799157","-178.66"
10050,0,"-5203.97","-258.726","136.317","2.75936","-0.964317","-178.767"
10051,0,"-5206.01","-258.656","136.543","2.86539","-0.0872851","-178.975"
10052,0,"-5207.98","-258.841","136.677","2.88981","0.00551466","-179.099"
10053,0,"-5210.01","-258.845","136.762","2.97963","0.211527","-179.265"
10054,0,"-5211.98","-259.088","137.019","3.10285","0.473389","-179.414"
10055,0,"-5214.07","-258.984","136.856","3.02684","0.170855","-179.535"
10056,0,"-5216.11","-258.914","137.236","3.1921","0.519207","-179.617"
10057,0,"-5218.5","-258.566","136.477","2.79905","-0.147456","-179.565"
10058,0,"-5220.16","-258.969","137.224","3.18273","0.493336","-179.904"
10059,0,"-5222.14","-259.143","137.373","3.30011","0.457786","-179.956"
10060,0,"-5224.16","-259.092","137.278","3.20088","0.56162","-180.094"
10061,0,"-5226.47","-258.684","136.549","2.89381","0.0840929","-180.047"
10062,0,"-5228.16","-259.085","137.312","3.20448","0.611864","-180.344"
10063,0,"-5230.27","-258.844","137.294","3.27512","0.657863","-180.389"
10064,0,"-5232.29","-259.033","137.365","3.2577","0.507779","-180.484"
10065,0,"-5234.44","-258.95","137.37","3.29011","0.624742","-180.589"
10066,0,"-5236.41","-258.852","137.352","3.22839","0.61266","-180.668"
10067,0,"-5238.54","-258.88","137.358","3.26565","-0.0297376","-180.787"
10068,0,"-5240.59","-258.915","137.489","3.34107","-0.24602","-180.93"
10069,0,"-5242.84","-258.559","137.143","3.11325","0.278412","-181.116"
10070,0,"-5244.87","-258.555","137.348","3.19297","0.484291","-181.198"
10071,0,"-5246.96","-258.388","137.245","3.17941","0.474491","-181.211"
10072,0,"-5248.87","-258.338","137.35","3.11795","0.550602","-181.313"
10073,0,"-5250.93","-258.128","137.131","3.10847","0.432775","-181.403"
10074,0,"-5252.91","-258.364","137.505","3.3239","-0.306459","-181.568"
10075,0,"-5254.93","-258.124","137.236","3.18262","-0.0157297","-181.71"
10076,0,"-5257.11","-258.074","137.112","3.03669","0.190734","-181.781"
10077,0,"-5259.18","-257.449","137.095","2.99082","0.376732","-181.963"
10078,0,"-5261.21","-257.646","137.139","3.03015","0.430317","-182.011"
10079,0,"-5263.19","-257.468","137.172","3.09611","0.510074","-182.059"
10080,0,"-5265.28","-257.376","137.186","3.11596","0.438605","-182.127"
10081,0,"-5268.69","-259.087","138.743","-1.59106","-0.260652","-180.917"
10082,0,"-5270.71","-259.016","138.635","-1.60006","-0.304092","-181.022"
10083,0,"-5272.97","-258.584","138.511","-1.59285","-0.432288","-181.079"
10084,0,"-5275.01","-258.328","138.706","-1.66202","-0.208905","-181.169"
10085,0,"-5276.91","-258.47","139.139","-1.259","-0.312506","-181.353"
10086,0,"-5278.89","-258.58","138.928","-1.32087","-0.778814","-181.477"
10087,0,"-5280.79","-258.413","138.92","-1.13306","-1.12544","-181.623"
10088,0,"-5282.87","-259.503","140.783","-0.108148","6.13097","-183.153"
10089,0,"-5284.93","-259.351","140.665","0.0952044","6.25134","-183.426"
10090,0,"-5287","-258.994","140.408","0.41762","6.53005","-183.732"
10091,0,"-5289.23","-258.684","140.365","0.627659","6.93035","-184.058"
10092,0,"-5291.27","-258.192","140.147","1.1146","7.11163","-184.328"
10093,0,"-5293.35","-258.241","140.347","1.63868","6.23596","-184.65"
10094,0,"-5295.51","-257.313","139.874","1.81712","8.11339","-184.887"
10095,0,"-5297.51","-257.146","139.18","2.05707","7.87722","-185.384"
10096,0,"-5299.14","-258.603","140.92","-0.253409","5.77028","-184.026"
10097,0,"-5301.36","-258.334","140.843","-0.284585","6.24893","-184.152"
10098,0,"-5303.42","-257.924","140.78","-0.264478","6.31634","-184.194"
10099,0,"-5305.35","-257.879","141.259","-0.261941","5.97319","-184.237"
10100,0,"-5307.48","-257.227","140.575","-0.610481","5.60758","-184.232"
10101,0,"-5309.26","-257.237","140.71","-0.331276","5.42398","-184.367"
10102,0,"-5311.2","-256.92","140.57","-0.251067","5.15207","-184.454"
10103,0,"-5313.29","-256.613","140.624","-0.183783","4.97342","-184.58"
10104,0,"-5315.1","-256.077","140.209","0.223282","4.20487","-184.639"
10105,0,"-5317.12","-255.416","139.962","0.655391","3.46143","-184.709"
10106,0,"-5319.25","-255.298","140.27","0.232896","1.34708","-184.645"
10107,0,"-5321.45","-253.829","139.473","0.220152","2.51187","-184.922"
10108,0,"-5323.35","-253.608","138.935","0.413605","1.69771","-184.919"
10109,0,"-5325.27","-253.517","138.327","0.60983","0.976363","-184.994"
10110,0,"-5327.33","-252.987","138.165","0.887867","0.920358","-185.099"
10111,0,"-5329.23","-252.656","138.143","1.03005","0.851467","-185.228"
10112,0,"-5331.38","-251.836","137.343","0.801369","0.203998","-185.227"
10113,0,"-5333.09","-252.112","137.763","1.11011","0.0765257","-185.44"
10114,0,"-5335.12","-251.617","137.548","1.14517","0.0155805","-185.586"
10115,0,"-5337.29","-251.223","137.52","0.842036","-0.0141275","-185.781"
10116,0,"-5339.15","-250.936","137.229","1.08643","-0.163361","-185.764"
10117,0,"-5341.16","-250.475","137.336","1.08318","0.201058","-185.78"
10118,0,"-5342.97","-250.396","137.687","1.3742","-0.492757","-185.873"
10119,0,"-5345.17","-250.101","137.333","1.18381","-1.75373","-185.871"
10120,0,"-5346.96","-250.254","137.188","1.11929","-0.414993","-186.188"
10121,0,"-5348.86","-250.013","137.452","1.23773","-0.156176","-186.326"
10122,0,"-5350.93","-249.575","137.246","1.15535","-0.205726","-186.375"
10123,0,"-5352.98","-249.002","137.249","1.0471","-0.0738318","-186.421"
10124,0,"-5355.05","-248.852","137.398","1.13259","-0.0427128","-186.515"
10125,0,"-5356.88","-248.679","137.337","1.00417","-0.186206","-186.602"
10126,0,"-5358.7","-248.82","137.406","1.10204","-0.388618","-186.728"
10127,0,"-5360.6","-248.749","137.42","1.1073","-0.34402","-186.813"
10128,0,"-5362.76","-248.275","137.065","0.935321","-0.595334","-186.834"
10129,0,"-5364.81","-247.927","136.996","0.84395","-0.602129","-186.831"
10130,0,"-5366.69","-247.701","137.314","1.13158","-0.340817","-186.926"
10131,0,"-5368.83","-247.037","137.034","0.827523","-0.472741","-186.88"
10132,0,"-5370.84","-247.089","137.455","1.2321","-1.40639","-186.909"
10133,0,"-5372.94","-246.958","137.484","1.30917","-1.21336","-186.985"
10134,0,"-5374.88","-246.49","137.41","1.50814","-0.107801","-187.049"
10135,0,"-5376.82","-246.243","137.052","1.52048","-0.438759","-187.091"
10136,0,"-5378.92","-245.562","136.682","1.39934","-0.648266","-187.116"
10137,0,"-5380.83","-245.106","136.98","1.86633","-0.229158","-187.164"
10138,0,"-5382.88","-244.847","136.767","1.82776","-0.358773","-187.254"
10139,0,"-5384.85","-245.067","136.832","2.36436","-0.398847","-187.121"
10140,0,"-5386.78","-244.955","136.81","2.5813","-0.474572","-187.212"
10141,0,"-5388.89","-244.369","136.439","2.47141","-0.567376","-187.139"
10142,0,"-5390.86","-244.09","136.573","2.59741","-0.654297","-187.161"
10143,0,"-5392.89","-243.538","136.448","2.6562","-0.622515","-187.123"
10144,0,"-5394.86","-243.576","136.725","2.83528","-0.486195","-187.171"
10145,0,"-5396.82","-243.61","136.817","2.96927","-0.392347","-187.22"
10146,0,"-5398.83","-243.358","136.953","3.00363","-0.590956","-187.175"
10147,0,"-5401.83","-242.764","137.306","1.08089","-1.53605","-186.969"
10148,0,"-5403.8","-242.527","137.444","1.0633","-1.09646","-186.999"
10149,0,"-5405.96","-242.144","136.964","0.894799","-0.649246","-186.999"
10150,0,"-5408","-241.772","137.231","0.901203","-0.420889","-186.993"
10151,0,"-5409.98","-241.775","137.465","1.24393","-0.0926153","-186.984"
10152,0,"-5412.12","-241.449","137.878","1.11053","0.265231","-187.063"
10153,0,"-5414.33","-241.305","137.433","0.784117","-0.164041","-187.103"
10154,0,"-5416.72","-240.663","136.471","0.51486","-1.13566","-186.627"
10155,0,"-5418.61","-240.639","137.01","0.907545","-0.894793","-186.684"
10156,0,"-5420.71","-240.756","137.258","0.939545","-0.606228","-186.699"
10157,0,"-5422.72","-240.735","137.325","1.11476","-0.485015","-186.713"
10158,0,"-5424.98","-240.256","137.018","0.899612","-0.644458","-186.554"
10159,0,"-5426.91","-240.128","137.357","1.13685","-0.242383","-186.553"
10160,0,"-5429.04","-239.773","137.382","0.897057","-0.258831","-186.518"
10161,0,"-5431.16","-239.29","137.23","0.800303","-0.891138","-186.401"
10162,0,"-5433.22","-239.122","137.357","0.77659","-1.13945","-186.306"
10163,0,"-5435.22","-239.359","137.263","1.01712","-0.678753","-186.225"
10164,0,"-5437.33","-239.02","137.386","1.03621","-0.681907","-186.06"
10165,0,"-5439.3","-238.512","137.751","1.36355","0.126497","-186.02"
10166,0,"-5441.47","-238.35","137.276","0.944104","-0.708935","-185.873"
10167,0,"-5443.68","-238.063","136.925","0.842631","-0.559293","-185.84"
10168,0,"-5445.86","-238.018","137.031","0.726542","-0.583614","-185.746"
10169,0,"-5447.88","-237.798","137.118","0.897207","-0.519684","-185.701"
10170,0,"-5449.95","-237.714","137.196","0.864282","-0.591732","-185.636"
10171,0,"-5452.24","-236.929","136.394","0.547234","-1.19111","-185.325"
10172,0,"-5454.28","-236.903","136.78","0.724978","-0.875918","-185.292"
10173,0,"-5456.22","-236.825","137.02","0.88303","-0.574338","-185.218"
10174,0,"-5458.26","-236.81","137.709","1.2285","0.0933084","-185.199"
10175,0,"-5460.38","-236.632","137.541","1.18249","-0.0417744","-185.145"
10176,0,"-5462.23","-236.402","137.865","1.30843","0.292488","-185.04"
10177,0,"-5464.28","-236.52","137.875","1.50561","-0.199685","-185.045"
10178,0,"-5466.19","-236.226","137.905","1.4702","0.0918608","-184.853"
10179,0,"-5468.33","-235.848","137.754","1.44569","0.299594","-184.774"
10180,0,"-5470.49","-235.613","137.224","1.23937","-0.243606","-184.672"
10181,0,"-5472.35","-235.842","137.395","1.57866","-0.112658","-184.622"
10182,0,"-5474.32","-235.629","137.429","1.80716","0.0612864","-184.644"
10183,0,"-5476.84","-235.317","137.195","0.902347","-0.281498","-184.24"
10184,0,"-5478.6","-235.274","137.618","1.38573","0.174935","-184.359"
10185,0,"-5480.7","-235.405","137.882","1.22931","-0.450865","-184.116"
10186,0,"-5482.77","-235.367","137.607","1.04419","-0.026875","-184.051"
10187,0,"-5484.84","-235.21","137.662","1.09318","-0.170232","-183.927"
10188,0,"-5487.02","-234.839","137.43","0.907676","-0.226062","-183.808"
10189,0,"-5489.13","-234.596","137.612","0.809186","-0.093156","-183.797"
10190,0,"-5491.18","-234.286","137.572","1.00787","0.0687038","-183.53"
10191,0,"-5493.08","-234.863","137.696","1.01564","-0.0391212","-183.486"
10192,0,"-5495.19","-234.54","137.356","0.795175","-0.300004","-183.322"
10193,0,"-5497.24","-234.412","137.569","0.926882","-0.442236","-183.219"
10194,0,"-5499.35","-234.274","137.704","1.06329","-0.64295","-183.133"
10195,0,"-5501.24","-234.419","137.933","1.17009","-0.124479","-183.073"
10196,0,"-5503.32","-234.192","137.835","0.971927","-0.0660842","-183.121"
10197,0,"-5505.32","-233.998","137.891","0.680758","0.037834","-183.095"
10198,0,"-5507.32","-234.174","137.694","1.02228","0.0108241","-182.782"
10199,0,"-5509.46","-234.109","137.739","1.01075","0.0761849","-182.67"
10200,0,"-5509.86","-237.867","144.002","0.399805","3.77994","-182.093"
10201,0,"-5512.01","-237.692","143.935","0.384016","3.52728","-181.986"
10202,0,"-5514.29","-237.668","142.688","-0.192056","2.36467","-181.826"
10203,0,"-5516.02","-238.178","143.194","-0.101086","2.48708","-181.785"
10204,0,"-5518.42","-238.144","143.452","-1.36252","2.39041","-181.442"
10205,0,"-5520.57","-237.424","142.615","-0.774033","2.10349","-181.332"
10206,0,"-5522.22","-237.61","142.895","-0.199716","2.44807","-181.351"
10207,0,"-5524.27","-237.531","142.924","-0.14523","2.60616","-181.301"
10208,0,"-5526.14","-237.477","142.918","0.0945217","2.64436","-181.324"
10209,0,"-5528.07","-237.884","143.243","0.653863","1.65622","-181.419"
10210,0,"-5530.54","-237.197","142.781","0.929293","0.913227","-181.292"
10211,0,"-5532.96","-236.278","141.969","0.373666","2.10818","-181.224"
10212,0,"-5534.78","-236.008","141.894","0.832715","2.5542","-181.407"
10213,0,"-5536.71","-235.696","141.181","1.61332","2.31147","-181.303"
10214,0,"-5538.88","-235.059","140.301","1.79145","2.03961","-181.261"
10215,0,"-5541.08","-234.756","139.789","2.06516","1.65744","-181.185"
10216,0,"-5543.28","-234.215","139.196","2.32997","1.47316","-181.129"
10217,0,"-5545.31","-233.997","138.915","2.49312","1.27067","-181.014"
10218,0,"-5547.41","-233.576","138.289","2.42371","0.718233","-180.824"
10219,0,"-5549.37","-233.406","138.183","2.35547","0.794927","-180.9"
10220,0,"-5551.41","-233.593","137.813","2.56375","0.443862","-180.61"
10221,0,"-5553.43","-233.059","138.008","2.68724","0.956882","-180.416"
10222,0,"-5555.43","-232.896","137.973","2.79869","0.897809","-180.322"
10223,0,"-5557.26","-233.219","137.447","2.81638","0.354523","-180.34"
10224,0,"-5559.81","-232.777","136.654","2.28956","-0.282832","-179.939"
10225,0,"-5561.39","-233.531","137.408","2.55911","0.222642","-179.999"
10226,0,"-5563.47","-233.1","137.193","2.3914","-0.584049","-179.899"
10227,0,"-5565.42","-233.195","137.043","2.20838","-0.051579","-179.808"
10228,0,"-5567.83","-233.015","136.595","2.1157","-0.530114","-179.382"
10229,0,"-5569.9","-233.069","136.644","2.11685","-0.369373","-179.297"
10230,0,"-5571.66","-233.219","137.248","2.38571","0.126894","-179.285"
10231,0,"-5573.42","-233.856","137.495","2.51555","0.250996","-179.282"
10232,0,"-5575.41","-234.019","137.495","2.52157","0.186424","-179.203"
10233,0,"-5577.87","-233.522","136.907","2.19634","-0.190124","-178.942"
10234,0,"-5579.81","-233.751","137.282","2.45904","-0.960422","-178.813"
10235,0,"-5582.62","-232.677","136.334","2.06502","-2.34356","-178.185"
10236,0,"-5584.69","-232.624","135.797","1.90844","-1.13295","-178.266"
10237,0,"-5586.72","-232.739","135.876","1.65976","-0.894514","-178.087"
10238,0,"-5588.87","-232.902","135.863","1.68567","-0.956442","-177.983"
10239,0,"-5590.77","-232.94","135.74","1.66661","-0.955168","-177.842"
10240,0,"-5592.9","-233.065","135.69","1.63957","-1.00632","-177.687"
10241,0,"-5594.83","-233.216","135.694","1.68689","-0.933229","-177.597"
10242,0,"-5596.89","-233.386","135.742","1.55978","-0.918052","-177.434"
10243,0,"-5598.68","-233.626","135.847","1.42534","-1.00873","-177.359"
10244,0,"-5600.11","-234.02","136.447","1.51282","-1.62767","-177.259"
10245,0,"-5601.63","-233.917","136.312","1.31186","-1.46538","-177.114"
10246,0,"-5603.18","-233.979","136.038","1.03117","-1.02652","-177.049"
10247,0,"-5604.7","-233.57","135.657","0.800986","-0.836233","-176.943"
10248,0,"-5606.37","-233.299","135.353","0.58557","-0.846739","-176.676"
10249,0,"-5608.59","-233.879","136.348","-1.01657","-1.29289","-176.438"
10250,0,"-5610.12","-234.16","136.414","-0.95375","-1.31994","-176.5"
10251,0,"-5612.08","-234.025","136.4","-1.14165","-1.10561","-176.367"
10252,0,"-5613.77","-234.505","136.448","-1.28893","-1.3016","-176.329"
10253,0,"-5615.28","-234.357","136.389","-1.29436","-1.28875","-176.29"
10254,0,"-5616.39","-234.606","136.466","-1.32382","-1.46014","-176.214"
10255,0,"-5617.39","-234.435","136.392","-1.33551","-1.47471","-176.125"
10256,0,"-5618.22","-234.463","136.414","-1.42233","-1.48011","-176.094"
10257,0,"-5618.65","-234.415","136.288","-1.35788","-1.48635","-176.038"
10258,0,"-5618.91","-234.538","136.472","-1.40795","-1.45033","-175.968"
10259,0,"-5619.24","-234.382","136.32","-1.42494","-1.34898","-175.929"
10260,0,"-5619.56","-234.224","136.205","-1.58354","-1.03383","-175.807"
10261,0,"-5619.9","-234.256","136.199","-1.54026","-1.22872","-175.837"
10262,0,"-5619.85","-233.729","135.924","-1.88391","-0.523743","-175.587"
10263,0,"-5619.88","-233.991","136.128","-1.65021","-0.995952","-175.736"
10264,0,"-5619.78","-233.491","135.733","-2.07929","-0.14997","-175.469"
10265,0,"-5619.9","-233.461","135.665","-2.04886","-0.179152","-175.506"
10266,0,"-5619.8","-233.338","135.614","-2.18331","0.100809","-175.4"
10267,0,"-5619.87","-233.929","136.004","-1.74766","-0.855933","-175.681"
10268,0,"-5619.52","-233.313","135.594","-2.166","0.0281621","-175.34"
10269,0,"-5619.62","-233.697","135.921","-1.82079","-0.690847","-175.587"
10270,0,"-5619.5","-233.76","135.91","-1.90356","-0.577524","-175.586"
10271,0,"-5619.38","-233.729","135.832","-1.88721","-0.556527","-175.611"
10272,0,"-5619.2","-233.687","135.827","-1.97895","-0.425381","-175.561"
10273,0,"-5619.09","-233.526","135.734","-1.99141","-0.300771","-175.544"
10274,0,"-5619.01","-233.704","135.879","-1.92715","-0.500681","-175.583"
10275,0,"-5618.89","-233.35","135.618","-2.07425","-0.103215","-175.442"
10276,0,"-5618.81","-233.545","135.788","-1.99462","-0.345293","-175.506"
10277,0,"-5618.73","-233.43","135.662","-2.064","-0.177434","-175.474"
10278,0,"-5618.65","-233.482","135.735","-2.04496","-0.269007","-175.48"
10279,0,"-5618.6","-233.393","135.656","-2.07819","-0.187495","-175.477"
10280,0,"-5618.36","-233.081","135.389","-2.34134","0.35512","-175.27"
10281,0,"-5618.32","-232.998","135.385","-2.33603","0.397159","-175.274"
10282,0,"-5618.25","-233.035","135.411","-2.33548","0.354777","-175.269"
10283,0,"-5618.23","-233.042","135.394","-2.32046","0.35669","-175.275"
10284,0,"-5618.19","-233.011","135.377","-2.34678","0.370552","-175.284"
10285,0,"-5618.13","-233.011","135.406","-2.32278","0.370608","-175.278"
10286,0,"-5618.07","-233.008","135.414","-2.33096","0.342234","-175.283"
10287,0,"-5618.07","-233.01","135.394","-2.33183","0.367882","-175.286"
10288,0,"-5618.01","-232.964","135.353","-2.3361","0.414733","-175.294"
10289,0,"-5617.97","-233.002","135.414","-2.33168","0.393419","-175.299"
10290,0,"-5617.94","-232.967","135.359","-2.32428","0.376369","-175.302"
10291,0,"-5617.92","-232.949","135.387","-2.32651","0.412227","-175.297"
10292,0,"-5617.9","-232.943","135.324","-2.33065","0.416416","-175.299"
10293,0,"-5617.86","-232.987","135.408","-2.34527","0.393595","-175.299"
10294,0,"-5617.82","-232.935","135.336","-2.33554","0.394915","-175.314"
10295,0,"-5617.81","-233.003","135.403","-2.34963","0.396789","-175.304"
10296,0,"-5617.8","-232.852","135.314","-2.44699","0.410704","-175.363"
10297,0,"-5617.76","-232.998","135.386","-2.35","0.390303","-175.309"
10298,0,"-5617.73","-232.954","135.315","-2.35285","0.407907","-175.317"
10299,0,"-5617.71","-233.005","135.401","-2.35303","0.373823","-175.313"
10300,0,"-5617.68","-232.899","135.294","-2.35305","0.414142","-175.321"
10301,0,"-5617.63","-232.971","135.447","-2.41213","0.389874","-175.343"
10302,0,"-5617.59","-232.938","135.335","-2.32441","0.39642","-175.33"
10303,0,"-5617.6","-232.9","135.437","-2.44172","0.416769","-175.367"
10304,0,"-5617.58","-232.837","135.338","-2.42395","0.421976","-175.38"
10305,0,"-5617.54","-232.97","135.407","-2.34277","0.38077","-175.335"
10306,0,"-5617.51","-232.836","135.337","-2.37605","0.412007","-175.362"
10307,0,"-5617.49","-232.984","135.4","-2.35339","0.393905","-175.338"
10308,0,"-5617.5","-232.846","135.279","-2.34128","0.429936","-175.356"
10309,0,"-5617.46","-232.952","135.404","-2.38247","0.412836","-175.357"
10310,0,"-5617.42","-232.832","135.328","-2.35375","0.423551","-175.365"
10311,0,"-5617.39","-232.956","135.436","-2.37736","0.381807","-175.373"
10312,0,"-5617.39","-232.848","135.285","-2.36366","0.440621","-175.373"
10313,0,"-5617.34","-232.978","135.396","-2.36708","0.406057","-175.357"
10314,0,"-5617.34","-232.879","135.314","-2.3203","0.42186","-175.366"
10315,0,"-5617.29","-232.974","135.375","-2.34356","0.381179","-175.353"
10316,0,"-5617.3","-232.87","135.276","-2.32083","0.417121","-175.367"
10317,0,"-5617.26","-232.986","135.382","-2.36321","0.389398","-175.364"
10318,0,"-5617.26","-232.863","135.31","-2.32459","0.41205","-175.368"
10319,0,"-5617.22","-232.978","135.366","-2.35516","0.369236","-175.356"
10320,0,"-5617.23","-232.884","135.292","-2.32143","0.390267","-175.369"
10321,0,"-5617.22","-232.948","135.376","-2.35083","0.403551","-175.347"
10322,0,"-5617.23","-232.855","135.296","-2.34332","0.434765","-175.367"
10323,0,"-5617.18","-232.915","135.376","-2.35057","0.403535","-175.361"
10324,0,"-5617.21","-232.878","135.283","-2.3202","0.420628","-175.37"
10325,0,"-5617.17","-232.929","135.361","-2.34335","0.399123","-175.351"
10326,0,"-5617.18","-232.884","135.308","-2.32085","0.385493","-175.369"
10327,0,"-5617.13","-232.915","135.38","-2.32706","0.391393","-175.362"
10328,0,"-5617.16","-232.865","135.304","-2.32335","0.420552","-175.368"
10329,0,"-5617.14","-232.933","135.338","-2.3428","0.3921","-175.358"
10330,0,"-5617.15","-232.852","135.338","-2.32043","0.407658","-175.362"
10331,0,"-5617.11","-232.938","135.343","-2.34591","0.393461","-175.369"
10332,0,"-5617.14","-232.875","135.299","-2.33086","0.419855","-175.379"
10333,0,"-5617.12","-232.934","135.326","-2.34611","0.395114","-175.372"
10334,0,"-5617.13","-232.886","135.329","-2.32434","0.420547","-175.374"
10335,0,"-5617.11","-232.882","135.308","-2.3493","0.391157","-175.361"
10336,0,"-5617.11","-232.892","135.343","-2.32299","0.433436","-175.381"
10337,0,"-5617.1","-232.917","135.321","-2.33612","0.39312","-175.376"
10338,0,"-5617.11","-232.957","135.35","-2.32485","0.398305","-175.376"
10339,0,"-5617.09","-232.886","135.336","-2.33587","0.410717","-175.376"
10340,0,"-5617.11","-232.921","135.339","-2.33313","0.412641","-175.368"
10341,0,"-5617.1","-232.886","135.294","-2.33011","0.413829","-175.381"
10342,0,"-5617.1","-232.894","135.356","-2.34258","0.439121","-175.372"
10343,0,"-5617.07","-232.868","135.308","-2.33826","0.415072","-175.368"
10344,0,"-5617.1","-232.908","135.346","-2.33557","0.421571","-175.371"
10345,0,"-5617.08","-232.874","135.287","-2.33606","0.406546","-175.37"
10346,0,"-5617.07","-232.912","135.396","-2.32521","0.411305","-175.375"
10347,0,"-5617.06","-232.847","135.304","-2.33512","0.448189","-175.39"
10348,0,"-5617.07","-232.929","135.363","-2.32432","0.394277","-175.375"
10349,0,"-5617.09","-232.845","135.289","-2.33001","0.434757","-175.387"
10350,0,"-5617.07","-232.924","135.372","-2.33373","0.403528","-175.375"
10351,0,"-5617.06","-232.842","135.273","-2.33175","0.434302","-175.374"
10352,0,"-5617.06","-232.93","135.366","-2.33451","0.398758","-175.37"
10353,0,"-5617.06","-232.869","135.273","-2.3275","0.406732","-175.381"
10354,0,"-5617.05","-232.945","135.382","-2.31789","0.40249","-175.379"
10355,0,"-5617.05","-232.846","135.29","-2.33296","0.42873","-175.375"
10356,0,"-5617.04","-232.933","135.367","-2.32851","0.384639","-175.374"
10357,0,"-5617.05","-232.876","135.292","-2.31752","0.406731","-175.387"
10358,0,"-5617.03","-232.954","135.387","-2.34121","0.418202","-175.375"
10359,0,"-5617.05","-232.848","135.294","-2.33245","0.428795","-175.384"
10360,0,"-5617.04","-232.918","135.381","-2.33013","0.392191","-175.367"
10361,0,"-5617.03","-232.898","135.294","-2.31484","0.391592","-175.388"
10362,0,"-5617.03","-232.95","135.37","-2.32939","0.383248","-175.383"
10363,0,"-5617.03","-232.842","135.297","-2.32074","0.408952","-175.372"
10364,0,"-5617.01","-232.963","135.369","-2.32603","0.376278","-175.374"
10365,0,"-5617.02","-232.871","135.268","-2.3247","0.401023","-175.388"
10366,0,"-5617.02","-232.959","135.377","-2.3294","0.375108","-175.374"
10367,0,"-5617.02","-232.853","135.306","-2.31785","0.412334","-175.388"
10368,0,"-5617.01","-232.893","135.358","-2.33847","0.405256","-175.374"
10369,0,"-5617.03","-232.85","135.282","-2.31383","0.419748","-175.389"
10370,0,"-5617","-232.938","135.374","-2.33365","0.388351","-175.378"
10371,0,"-5617.01","-232.834","135.312","-2.31228","0.417065","-175.387"
10372,0,"-5617.01","-232.935","135.349","-2.33899","0.375318","-175.382"
10373,0,"-5617.01","-232.872","135.317","-2.31031","0.40966","-175.394"
10374,0,"-5616.99","-232.925","135.349","-2.33971","0.393662","-175.382"
10375,0,"-5617.02","-232.873","135.304","-2.33658","0.427869","-175.389"
10376,0,"-5616.97","-232.92","135.352","-2.32796","0.396722","-175.389"
10377,0,"-5617","-232.896","135.29","-2.32924","0.396204","-175.393"
10378,0,"-5617","-232.925","135.326","-2.34847","0.394934","-175.392"
10379,0,"-5616.98","-232.906","135.33","-2.32234","0.399755","-175.381"
10380,0,"-5616.98","-232.885","135.301","-2.3456","0.420843","-175.383"
10381,0,"-5616.99","-232.89","135.322","-2.32559","0.41069","-175.381"
10382,0,"-5616.99","-232.923","135.323","-2.32078","0.398223","-175.384"
10383,0,"-5616.97","-232.862","135.347","-2.30815","0.400295","-175.385"
10384,0,"-5616.98","-232.892","135.33","-2.32001","0.406682","-175.378"
10385,0,"-5616.99","-232.908","135.345","-2.31392","0.399459","-175.388"
10386,0,"-5616.96","-232.894","135.297","-2.32797","0.400806","-175.388"
10387,0,"-5616.98","-232.914","135.343","-2.31662","0.409977","-175.385"
10388,0,"-5616.96","-232.872","135.29","-2.33418","0.42052","-175.39"
10389,0,"-5616.96","-232.903","135.359","-2.31488","0.417569","-175.393"
10390,0,"-5616.97","-232.86","135.289","-2.33563","0.421515","-175.385"
10391,0,"-5616.95","-232.884","135.374","-2.31352","0.414392","-175.38"
10392,0,"-5616.95","-232.876","135.297","-2.31751","0.396263","-175.396"
10393,0,"-5616.95","-232.921","135.376","-2.31281","0.405376","-175.386"
10394,0,"-5616.94","-232.89","135.3","-2.32496","0.409018","-175.389"
10395,0,"-5616.95","-232.928","135.373","-2.32588","0.405114","-175.391"
10396,0,"-5616.94","-232.789","135.293","-2.32747","0.453053","-175.383"
10397,0,"-5616.96","-232.931","135.375","-2.33804","0.399007","-175.387"
10398,0,"-5616.96","-232.892","135.293","-2.32177","0.388845","-175.395"
10399,0,"-5616.95","-232.91","135.372","-2.33249","0.390867","-175.389"
10400,0,"-5616.95","-232.859","135.265","-2.32033","0.40814","-175.387"
10401,0,"-5616.94","-232.93","135.365","-2.34396","0.397026","-175.385"
10402,0,"-5616.94","-232.838","135.274","-2.32888","0.418583","-175.396"
10403,0,"-5616.92","-232.918","135.378","-2.32783","0.394074","-175.39"
10404,0,"-5616.93","-232.86","135.262","-2.30722","0.391355","-175.398"
10405,0,"-5616.92","-232.924","135.388","-2.32309","0.407816","-175.39"
10406,0,"-5616.92","-232.872","135.262","-2.3186","0.40966","-175.401"
10407,0,"-5616.91","-232.912","135.379","-2.32393","0.398967","-175.389"
10408,0,"-5616.92","-232.834","135.26","-2.31841","0.398775","-175.385"
10409,0,"-5616.92","-232.929","135.381","-2.32025","0.399439","-175.388"
10410,0,"-5616.92","-232.84","135.286","-2.31344","0.404515","-175.393"
10411,0,"-5616.9","-232.959","135.393","-2.31284","0.395183","-175.395"
10412,0,"-5616.92","-232.823","135.286","-2.33681","0.421517","-175.388"
10413,0,"-5616.9","-232.963","135.386","-2.32438","0.397967","-175.394"
10414,0,"-5616.92","-232.851","135.277","-2.3268","0.438208","-175.401"
10415,0,"-5616.89","-232.928","135.369","-2.34645","0.402825","-175.374"
10416,0,"-5616.89","-232.894","135.288","-2.31491","0.400203","-175.401"
10417,0,"-5616.89","-232.94","135.378","-2.32396","0.399463","-175.402"
10418,0,"-5616.91","-232.857","135.288","-2.32776","0.422847","-175.395"
10419,0,"-5616.88","-232.914","135.391","-2.31312","0.416995","-175.402"
10420,0,"-5616.87","-232.853","135.318","-2.29928","0.407794","-175.399"
10421,0,"-5616.88","-232.923","135.329","-2.3225","0.381386","-175.397"
10422,0,"-5616.89","-232.857","135.303","-2.31569","0.432686","-175.395"
10423,0,"-5616.86","-232.874","135.367","-2.31314","0.420094","-175.391"
10424,0,"-5616.88","-232.853","135.294","-2.30871","0.407786","-175.401"
10425,0,"-5616.87","-232.91","135.321","-2.32827","0.411714","-175.405"
10426,0,"-5616.88","-232.875","135.313","-2.32076","0.421098","-175.398"
10427,0,"-5616.88","-232.887","135.312","-2.33121","0.423501","-175.392"
10428,0,"-5616.87","-232.87","135.305","-2.30903","0.415685","-175.397"
10429,0,"-5616.84","-232.884","135.336","-2.32321","0.384245","-175.403"
10430,0,"-5616.86","-232.859","135.313","-2.31289","0.406725","-175.395"
10431,0,"-5616.84","-232.874","135.344","-2.32887","0.414224","-175.399"
10432,0,"-5616.86","-232.843","135.37","-2.29435","0.424548","-175.4"
10433,0,"-5616.83","-232.884","135.332","-2.30868","0.389064","-175.4"
10434,0,"-5616.84","-232.91","135.355","-2.32575","0.402656","-175.401"
10435,0,"-5616.84","-232.85","135.356","-2.32146","0.448715","-175.401"
10436,0,"-5616.84","-232.862","135.363","-2.31429","0.426986","-175.398"
10437,0,"-5616.84","-232.868","135.319","-2.31601","0.412247","-175.397"
10438,0,"-5616.84","-232.928","135.362","-2.31572","0.414987","-175.409"
10439,0,"-5616.83","-232.848","135.283","-2.3234","0.412855","-175.398"
10440,0,"-5616.83","-232.84","135.372","-2.30231","0.450541","-175.4"
10441,0,"-5616.82","-232.806","135.313","-2.31761","0.45032","-175.4"
10442,0,"-5616.82","-232.873","135.346","-2.32435","0.442984","-175.404"
10443,0,"-5616.82","-232.832","135.286","-2.33018","0.422109","-175.401"
10444,0,"-5616.81","-232.827","135.399","-2.30056","0.473229","-175.387"
10445,0,"-5616.81","-232.784","135.309","-2.29963","0.466987","-175.403"
10446,0,"-5616.81","-232.904","135.374","-2.31062","0.417685","-175.395"
10447,0,"-5616.8","-232.769","135.312","-2.30787","0.456614","-175.403"
10448,0,"-5616.8","-232.843","135.402","-2.28769","0.457882","-175.401"
10449,0,"-5616.8","-232.835","135.267","-2.31872","0.410199","-175.397"
10450,0,"-5616.78","-232.901","135.41","-2.29405","0.420613","-175.393"
10451,0,"-5616.78","-232.817","135.32","-2.2731","0.461536","-175.404"
10452,0,"-5616.77","-232.877","135.401","-2.30753","0.44389","-175.409"
10453,0,"-5616.79","-232.847","135.286","-2.32165","0.441558","-175.409"
10454,0,"-5616.76","-232.87","135.439","-2.29041","0.44786","-175.399"
10455,0,"-5616.78","-232.778","135.313","-2.2984","0.465505","-175.402"
10456,0,"-5616.75","-232.859","135.447","-2.29308","0.457759","-175.398"
10457,0,"-5616.77","-232.704","135.342","-2.28661","0.493796","-175.402"
10458,0,"-5616.76","-232.881","135.393","-2.29991","0.440601","-175.4"
10459,0,"-5616.77","-232.832","135.271","-2.31459","0.415626","-175.401"
10460,0,"-5616.75","-232.871","135.402","-2.29307","0.449545","-175.402"
10461,0,"-5616.75","-232.749","135.303","-2.28635","0.472954","-175.401"
10462,0,"-5616.74","-232.914","135.378","-2.30306","0.45256","-175.409"
10463,0,"-5616.74","-232.834","135.266","-2.30338","0.427394","-175.412"
10464,0,"-5616.74","-232.849","135.369","-2.29623","0.434261","-175.398"
10465,0,"-5616.73","-232.786","135.314","-2.29842","0.452347","-175.399"
10466,0,"-5616.7","-232.903","135.374","-2.30336","0.439033","-175.402"
10467,0,"-5616.72","-232.822","135.301","-2.29535","0.422097","-175.41"
10468,0,"-5616.67","-232.805","135.421","-2.28644","0.489896","-175.399"
10469,0,"-5616.7","-232.726","135.367","-2.25516","0.511657","-175.396"
10470,0,"-5616.69","-232.917","135.347","-2.31218","0.424842","-175.408"
10471,0,"-5616.69","-232.783","135.332","-2.28961","0.463227","-175.406"
10472,0,"-5616.68","-232.886","135.354","-2.31421","0.438831","-175.403"
10473,0,"-5616.68","-232.784","135.311","-2.30042","0.434877","-175.407"
10474,0,"-5616.66","-232.866","135.391","-2.29771","0.456697","-175.404"
10475,0,"-5616.67","-232.792","135.354","-2.28429","0.453281","-175.415"
10476,0,"-5616.65","-232.781","135.382","-2.28647","0.477034","-175.413"
10477,0,"-5616.66","-232.772","135.346","-2.28301","0.470187","-175.406"
10478,0,"-5616.65","-232.82","135.373","-2.30458","0.470489","-175.403"
10479,0,"-5616.64","-232.81","135.347","-2.26733","0.445533","-175.404"
10480,0,"-5616.6","-232.786","135.383","-2.27382","0.473992","-175.409"
10481,0,"-5616.62","-232.805","135.347","-2.29045","0.455255","-175.413"
10482,0,"-5616.58","-232.811","135.392","-2.27056","0.454724","-175.415"
10483,0,"-5616.59","-232.718","135.407","-2.26262","0.501481","-175.406"
10484,0,"-5616.58","-232.69","135.419","-2.23284","0.519703","-175.399"
10485,0,"-5616.58","-232.744","135.411","-2.24839","0.473695","-175.406"
10486,0,"-5616.54","-232.832","135.387","-2.26727","0.447842","-175.413"
10487,0,"-5616.58","-232.809","135.365","-2.27887","0.464257","-175.409"
10488,0,"-5616.54","-232.749","135.376","-2.24663","0.50007","-175.416"
10489,0,"-5616.55","-232.935","135.324","-2.30346","0.374003","-175.416"
10490,0,"-5616.5","-232.828","135.357","-2.28978","0.460496","-175.418"
10491,0,"-5616.54","-232.785","135.372","-2.26745","0.46948","-175.409"
10492,0,"-5616.49","-232.795","135.351","-2.26815","0.452619","-175.426"
10493,0,"-5616.48","-232.821","135.446","-2.23027","0.430004","-175.413"
10494,0,"-5616.46","-232.782","135.37","-2.25379","0.461719","-175.42"
10495,0,"-5616.46","-232.766","135.436","-2.24941","0.493009","-175.41"
10496,0,"-5616.41","-232.76","135.368","-2.23644","0.463032","-175.432"
10497,0,"-5616.43","-232.701","135.491","-2.2103","0.541391","-175.414"
10498,0,"-5616.4","-232.875","135.289","-2.27831","0.347892","-175.438"
10499,0,"-5616.39","-232.795","135.45","-2.23255","0.477612","-175.428"
10500,0,"-5616.38","-232.637","135.408","-2.2225","0.524566","-175.426"
10501,0,"-5616.36","-232.94","135.375","-2.26846","0.33264","-175.444"
10502,0,"-5616.34","-232.741","135.399","-2.22213","0.462628","-175.435"
10503,0,"-5616.33","-232.786","135.467","-2.22642","0.466052","-175.422"
10504,0,"-5616.31","-232.858","135.274","-2.26897","0.379238","-175.447"
10505,0,"-5616.27","-232.96","135.385","-2.26027","0.372381","-175.454"
10506,0,"-5616.26","-232.721","135.417","-2.20953","0.504953","-175.443"
10507,0,"-5616.22","-232.75","135.498","-2.19876","0.514634","-175.438"
10508,0,"-5616.2","-232.691","135.422","-2.20007","0.513867","-175.437"
10509,0,"-5616.18","-232.942","135.388","-2.26613","0.374364","-175.46"
10510,0,"-5616.15","-232.662","135.494","-2.17173","0.533009","-175.444"
10511,0,"-5616.13","-232.74","135.539","-2.18433","0.53718","-175.44"
10512,0,"-5616.13","-232.889","135.307","-2.25807","0.339084","-175.457"
10513,0,"-5616.08","-232.981","135.407","-2.24474","0.371547","-175.451"
10514,0,"-5616.1","-232.862","135.302","-2.25643","0.364231","-175.456"
10515,0,"-5616.08","-232.96","135.394","-2.25555","0.389028","-175.463"
10516,0,"-5616.07","-232.865","135.286","-2.26318","0.374387","-175.469"
10517,0,"-5616.24","-234.378","136.418","-1.42341","-1.52088","-176.05"
10518,0,"-5616.23","-234.366","136.345","-1.42236","-1.54599","-176.054"
10519,0,"-5616.21","-234.373","136.417","-1.42874","-1.50227","-176.044"
10520,0,"-5616.19","-234.33","136.35","-1.42048","-1.5649","-176.039"
10521,0,"-5616.15","-234.397","136.401","-1.42287","-1.53744","-176.043"
10522,0,"-5616.15","-234.332","136.354","-1.43216","-1.53778","-176.053"
10523,0,"-5616.11","-234.395","136.418","-1.42671","-1.50677","-176.042"
10524,0,"-5616.11","-234.027","136.56","-1.31742","-1.26715","-176.028"
10525,0,"-5616.08","-233.937","136.633","-1.29889","-1.12503","-176.024"
10526,0,"-5616.07","-234.345","136.405","-1.40621","-1.5191","-176.047"
10527,0,"-5616.06","-233.955","136.66","-1.30204","-1.14039","-176.031"
10528,0,"-5616.06","-234.36","136.34","-1.4291","-1.5325","-176.048"
10529,0,"-5616.03","-234.039","136.584","-1.32817","-1.20961","-176.032"
10530,0,"-5616.02","-234.386","136.414","-1.42923","-1.54398","-176.055"
10531,0,"-5616.02","-233.963","136.607","-1.31056","-1.15626","-176.024"
10532,0,"-5616.01","-234.032","136.66","-1.25087","-1.41971","-176.006"
10533,0,"-5616","-234","136.562","-1.3295","-1.18913","-176.029"
10534,0,"-5615.99","-233.998","136.634","-1.29984","-1.18454","-176.035"
10535,0,"-5615.98","-233.968","136.582","-1.31143","-1.14953","-176.024"
10536,0,"-5615.99","-234.025","136.58","-1.3219","-1.22835","-176.034"
10537,0,"-5615.98","-234.343","136.354","-1.43843","-1.49889","-176.046"
10538,0,"-5615.97","-234.396","136.481","-1.35413","-1.71263","-176.044"
10539,0,"-5615.98","-234.356","136.329","-1.44815","-1.50686","-176.054"
10540,0,"-5615.99","-233.968","136.614","-1.3013","-1.1813","-176.021"
10541,0,"-5615.95","-233.959","136.618","-1.27086","-1.35422","-176.024"
10542,0,"-5615.96","-234.422","136.42","-1.42547","-1.54783","-176.059"
10543,0,"-5615.96","-233.95","136.6","-1.29967","-1.2817","-176.017"
10544,0,"-5615.94","-233.981","136.648","-1.31319","-1.16712","-176.034"
10545,0,"-5615.95","-233.981","136.54","-1.33477","-1.19539","-176.031"
10546,0,"-5615.94","-233.969","136.683","-1.30815","-1.14169","-176.031"
10547,0,"-5615.92","-233.958","136.606","-1.27268","-1.33263","-176"
10548,0,"-5615.93","-233.996","136.637","-1.30956","-1.19634","-176.03"
10549,0,"-5615.92","-233.96","136.638","-1.25944","-1.33484","-176.013"
10550,0,"-5615.92","-234.406","136.486","-1.38229","-1.6689","-176.034"
10551,0,"-5615.95","-233.931","136.581","-1.29834","-1.16123","-176.032"
10552,0,"-5615.92","-234.059","136.638","-1.31614","-1.18855","-176.031"
10553,0,"-5615.93","-233.905","136.524","-1.33086","-1.14645","-176.025"
10554,0,"-5615.93","-233.924","136.62","-1.33956","-1.07314","-176.013"
10555,0,"-5615.92","-234.238","136.259","-1.48427","-1.37575","-176.026"
10556,0,"-5615.93","-234.041","136.607","-1.32402","-1.19607","-176.032"
10557,0,"-5615.92","-233.912","136.546","-1.29843","-1.17364","-176.032"
10558,0,"-5615.89","-234.059","136.637","-1.31954","-1.1985","-176.034"
10559,0,"-5615.9","-234.006","136.518","-1.33855","-1.22151","-176.036"
10560,0,"-5615.9","-234.016","136.599","-1.32951","-1.17644","-176.034"
10561,0,"-5615.91","-233.943","136.575","-1.28728","-1.26574","-176.023"
10562,0,"-5615.88","-233.98","136.678","-1.30006","-1.23598","-176.011"
10563,0,"-5615.91","-233.856","136.539","-1.34405","-1.0952","-176.02"
10564,0,"-5615.91","-233.877","136.558","-1.38574","-1.02886","-175.991"
10565,0,"-5615.92","-233.661","136.452","-1.40171","-0.885446","-175.971"
10566,0,"-5615.89","-233.65","136.415","-1.50365","-0.719304","-175.93"
10567,0,"-5615.89","-233.426","136.27","-1.56796","-0.543354","-175.868"
10568,0,"-5615.85","-233.371","136.14","-1.70607","-0.355252","-175.801"
10569,0,"-5615.91","-233.967","136.596","-1.26946","-1.35223","-176.025"
10570,0,"-5615.88","-233.953","136.671","-1.3209","-1.10439","-176.037"
10571,0,"-5615.9","-233.917","136.626","-1.29152","-1.13294","-176.032"
10572,0,"-5615.86","-234.004","136.743","-1.23313","-1.4343","-176.009"
10573,0,"-5615.88","-233.952","136.598","-1.27441","-1.31525","-176.014"
10574,0,"-5615.87","-233.993","136.565","-1.35411","-1.12241","-176.03"
10575,0,"-5615.89","-233.92","136.558","-1.32861","-1.13968","-176.025"
10576,0,"-5615.89","-233.887","136.502","-1.39041","-1.03411","-175.989"
10577,0,"-5615.91","-233.798","136.411","-1.42484","-0.985441","-175.977"
10578,0,"-5615.87","-233.61","136.402","-1.49365","-0.75833","-175.927"
10579,0,"-5615.87","-233.443","136.273","-1.57199","-0.586216","-175.864"
10580,0,"-5615.84","-233.689","135.888","-1.7908","-0.648262","-175.822"
10581,0,"-5615.83","-233.123","136.006","-1.73444","-0.258766","-175.734"
10582,0,"-5615.77","-232.932","135.953","-1.84688","0.0311355","-175.645"
10583,0,"-5615.77","-232.922","135.847","-1.91471","0.145532","-175.635"
10584,0,"-5615.74","-232.742","135.822","-1.91748","0.207019","-175.581"
10585,0,"-5615.88","-234.073","136.548","-1.33353","-1.27643","-176.038"
10586,0,"-5615.86","-234.001","136.582","-1.34216","-1.15922","-176.036"
10587,0,"-5615.87","-233.941","136.731","-1.22707","-1.31954","-176.016"
10588,0,"-5615.84","-234.03","136.623","-1.28171","-1.39716","-176.016"
10589,0,"-5615.86","-233.96","136.722","-1.23449","-1.40155","-176.005"
10590,0,"-5615.86","-233.904","136.592","-1.32343","-1.10231","-176.024"
10591,0,"-5615.89","-233.889","136.591","-1.34191","-1.07318","-176.018"
10592,0,"-5615.86","-233.847","136.492","-1.38249","-1.03555","-176.003"
10593,0,"-5615.89","-233.743","136.49","-1.41074","-0.920574","-175.971"
10594,0,"-5615.85","-233.629","136.346","-1.50533","-0.765165","-175.931"
10595,0,"-5615.81","-233.512","136.399","-1.49584","-0.792253","-175.859"
10596,0,"-5615.81","-233.219","136.186","-1.61954","-0.482751","-175.78"
10597,0,"-5615.81","-233.024","136.163","-1.66565","-0.324659","-175.709"
10598,0,"-5615.77","-232.947","135.996","-1.75981","-0.127983","-175.672"
10599,0,"-5615.73","-232.84","135.886","-1.92727","0.251559","-175.608"
10600,0,"-5615.75","-232.81","135.845","-1.88897","0.0675376","-175.601"
10601,0,"-5615.69","-232.673","135.799","-1.97855","0.300258","-175.516"
10602,0,"-5615.66","-232.692","135.653","-2.04664","0.441416","-175.527"
10603,0,"-5615.69","-233.034","135.455","-2.19151","0.24688","-175.538"
10604,0,"-5615.67","-232.688","135.669","-2.03707","0.446389","-175.538"
10605,0,"-5615.66","-232.615","135.653","-2.10069","0.449962","-175.46"
10606,0,"-5615.65","-232.568","135.682","-2.0395","0.550148","-175.502"
10607,0,"-5615.62","-232.482","135.71","-2.09417","0.619776","-175.433"
10608,0,"-5615.61","-232.586","135.59","-2.11833","0.612988","-175.486"
10609,0,"-5615.62","-232.59","135.697","-2.05876","0.434494","-175.47"
10610,0,"-5615.61","-232.406","135.708","-2.03537","0.547282","-175.437"
10611,0,"-5615.62","-232.502","135.762","-2.04836","0.504113","-175.445"
10612,0,"-5615.63","-232.545","135.613","-2.08161","0.479681","-175.467"
10613,0,"-5615.64","-232.61","135.653","-2.09746","0.52337","-175.467"
10614,0,"-5615.65","-232.666","135.622","-2.07246","0.496159","-175.517"
10615,0,"-5615.6","-232.534","135.679","-2.11439","0.707366","-175.468"
10616,0,"-5615.65","-232.59","135.651","-2.07145","0.553725","-175.502"
10617,0,"-5615.63","-232.547","135.684","-2.08234","0.635208","-175.48"
10618,0,"-5615.71","-233.059","135.407","-2.16325","0.136564","-175.564"
10619,0,"-5615.61","-232.419","135.713","-2.07095","0.624515","-175.429"
10620,0,"-5615.63","-232.586","135.626","-2.10101","0.570743","-175.491"
10621,0,"-5615.59","-232.479","135.653","-2.09232","0.5727","-175.431"
10622,0,"-5615.64","-232.576","135.709","-2.01994","0.388494","-175.496"
10623,0,"-5615.6","-232.615","135.689","-2.08749","0.608765","-175.489"
10624,0,"-5615.64","-232.543","135.682","-2.04258","0.4654","-175.477"
10625,0,"-5615.58","-232.555","135.614","-2.11074","0.550153","-175.438"
10626,0,"-5615.64","-232.604","135.656","-2.07292","0.546907","-175.504"
10627,0,"-5615.6","-232.552","135.646","-2.11208","0.679124","-175.455"
10628,0,"-5615.64","-232.627","135.676","-2.05893","0.538982","-175.512"
10629,0,"-5615.61","-232.505","135.638","-2.08179","0.535604","-175.446"
10630,0,"-5615.66","-232.441","135.701","-2.03853","0.418256","-175.435"
10631,0,"-5615.6","-232.578","135.663","-2.09185","0.618165","-175.485"
10632,0,"-5615.63","-232.463","135.674","-2.05404","0.495301","-175.44"
10633,0,"-5615.6","-232.427","135.649","-2.08566","0.580852","-175.43"
10634,0,"-5615.63","-232.474","135.724","-2.02855","0.471828","-175.46"
10635,0,"-5615.59","-232.594","135.615","-2.11784","0.577826","-175.478"
10636,0,"-5615.62","-232.54","135.675","-2.06436","0.48295","-175.466"
10637,0,"-5615.59","-232.509","135.645","-2.06115","0.536142","-175.46"
10638,0,"-5615.63","-232.552","135.694","-2.04623","0.48777","-175.481"
10639,0,"-5615.61","-232.648","135.621","-2.09233","0.556541","-175.503"
10640,0,"-5615.66","-232.593","135.756","-1.99613","0.420259","-175.515"
10641,0,"-5615.6","-232.419","135.646","-2.07944","0.547002","-175.419"
10642,0,"-5615.6","-232.632","135.612","-2.11501","0.588466","-175.477"
10643,0,"-5615.6","-232.495","135.635","-2.08818","0.534016","-175.448"
10644,0,"-5615.59","-232.579","135.641","-2.10919","0.644306","-175.468"
10645,0,"-5615.62","-232.575","135.676","-2.04408","0.567961","-175.521"
10646,0,"-5615.6","-232.567","135.648","-2.09632","0.61388","-175.487"
10647,0,"-5615.6","-232.524","135.625","-2.06099","0.415168","-175.46"
10648,0,"-5615.6","-232.62","135.662","-2.08382","0.573527","-175.481"
10649,0,"-5615.58","-232.547","135.607","-2.0792","0.520227","-175.481"
10650,0,"-5615.65","-232.613","135.72","-2.03519","0.401086","-175.506"
10651,0,"-5615.62","-232.539","135.711","-2.02477","0.442304","-175.508"
10652,0,"-5615.57","-232.558","135.642","-2.11347","0.653424","-175.468"
10653,0,"-5615.6","-232.514","135.605","-2.06871","0.521391","-175.463"
10654,0,"-5615.6","-232.594","135.645","-2.11257","0.619084","-175.474"
10655,0,"-5615.64","-232.64","135.657","-2.05195","0.461463","-175.522"
10656,0,"-5615.6","-232.462","135.68","-2.08245","0.616582","-175.432"
10657,0,"-5615.59","-232.587","135.558","-2.12116","0.57596","-175.473"
10658,0,"-5615.59","-232.511","135.675","-2.08226","0.518025","-175.442"
10659,0,"-5615.57","-232.614","135.636","-2.08168","0.534973","-175.505"
10660,0,"-5615.58","-232.513","135.641","-2.11646","0.565221","-175.442"
10661,0,"-5615.6","-232.531","135.656","-2.04979","0.539029","-175.492"
10662,0,"-5615.6","-232.585","135.673","-2.06194","0.440367","-175.487"
10663,0,"-5615.59","-232.425","135.717","-2.03589","0.524172","-175.458"
10664,0,"-5615.59","-232.576","135.679","-2.07865","0.569936","-175.473"
10665,0,"-5615.59","-232.471","135.613","-2.0715","0.423796","-175.443"
10666,0,"-5615.58","-232.478","135.643","-2.10425","0.55206","-175.438"
10667,0,"-5615.59","-232.5","135.661","-2.04924","0.498381","-175.466"
10668,0,"-5615.56","-232.541","135.617","-2.10892","0.50165","-175.435"
10669,0,"-5615.62","-232.574","135.634","-2.06768","0.447464","-175.487"
10670,0,"-5615.62","-232.575","135.708","-2.05429","0.578455","-175.52"
10671,0,"-5615.64","-233.074","135.454","-2.14429","0.112481","-175.573"
10672,0,"-5615.56","-232.532","135.75","-2.04551","0.643103","-175.493"
10673,0,"-5615.62","-232.62","135.634","-2.06512","0.47564","-175.513"
10674,0,"-5615.56","-232.478","135.631","-2.10811","0.634416","-175.454"
10675,0,"-5615.61","-232.584","135.723","-2.02721","0.426388","-175.507"
10676,0,"-5615.54","-232.48","135.635","-2.10249","0.520129","-175.425"
10677,0,"-5615.63","-232.582","135.649","-2.03966","0.334079","-175.474"
10678,0,"-5615.57","-232.637","135.642","-2.07196","0.412096","-175.47"
10679,0,"-5615.61","-232.615","135.755","-1.99248","0.3841","-175.513"
10680,0,"-5615.55","-232.598","135.577","-2.14561","0.607169","-175.464"
10681,0,"-5615.63","-232.575","135.682","-2.01804","0.340781","-175.483"
10682,0,"-5615.55","-232.535","135.646","-2.08111","0.501302","-175.448"
10683,0,"-5615.6","-232.619","135.724","-2.03256","0.496826","-175.53"
10684,0,"-5615.59","-232.65","135.704","-2.03296","0.431647","-175.517"
10685,0,"-5615.57","-232.494","135.653","-2.07728","0.535004","-175.45"
10686,0,"-5615.55","-232.547","135.618","-2.10582","0.648818","-175.478"
10687,0,"-5615.59","-232.717","135.658","-2.06754","0.437093","-175.527"
10688,0,"-5615.54","-232.873","135.392","-2.22508","0.3077","-175.472"
10689,0,"-5615.62","-232.633","135.674","-2.04909","0.36718","-175.502"
10690,0,"-5615.55","-232.581","135.548","-2.14018","0.612415","-175.475"
10691,0,"-5615.55","-232.614","135.597","-2.11897","0.60005","-175.473"
10692,0,"-5615.58","-232.54","135.652","-2.07542","0.462414","-175.459"
10693,0,"-5615.62","-232.652","135.681","-2.03938","0.359275","-175.502"
10694,0,"-5615.56","-232.474","135.6","-2.10666","0.563608","-175.444"
10695,0,"-5615.56","-232.55","135.648","-2.09969","0.516375","-175.433"
10696,0,"-5615.56","-232.525","135.676","-2.04342","0.473296","-175.48"
10697,0,"-5615.56","-232.519","135.673","-2.07347","0.475448","-175.446"
10698,0,"-5615.56","-232.561","135.619","-2.07448","0.472081","-175.466"
10699,0,"-5615.53","-232.521","135.641","-2.11001","0.560097","-175.444"
10700,0,"-5615.56","-232.627","135.619","-2.09576","0.562457","-175.494"
10701,0,"-5615.57","-232.572","135.644","-2.09573","0.547789","-175.468"
10702,0,"-5615.59","-232.608","135.635","-2.03984","0.422422","-175.512"
10703,0,"-5615.56","-232.572","135.749","-2.03296","0.460945","-175.471"
10704,0,"-5615.58","-232.55","135.723","-2.03185","0.600084","-175.513"
10705,0,"-5615.54","-232.583","135.615","-2.1083","0.575808","-175.477"
10706,0,"-5615.63","-232.725","135.628","-2.04352","0.30061","-175.528"
10707,0,"-5615.54","-232.471","135.668","-2.08794","0.617863","-175.441"
10708,0,"-5615.53","-232.567","135.576","-2.10432","0.478215","-175.463"
10709,0,"-5615.58","-232.686","135.671","-2.08203","0.525365","-175.517"
10710,0,"-5615.56","-232.553","135.643","-2.04143","0.472558","-175.5"
10711,0,"-5615.53","-232.652","135.598","-2.11456","0.480056","-175.468"
10712,0,"-5615.59","-232.661","135.678","-2.02811","0.43608","-175.55"
10713,0,"-5615.49","-232.528","135.664","-2.10668","0.710918","-175.465"
10714,0,"-5615.59","-232.609","135.64","-2.02992","0.338554","-175.502"
10715,0,"-5615.54","-232.554","135.707","-2.07253","0.483824","-175.458"
10716,0,"-5615.58","-232.553","135.711","-2.00075","0.365122","-175.497"
10717,0,"-5615.54","-232.597","135.664","-2.10416","0.634568","-175.469"
10718,0,"-5615.59","-232.682","135.655","-2.02747","0.415009","-175.55"
10719,0,"-5615.54","-232.546","135.663","-2.09337","0.5278","-175.448"
10720,0,"-5615.56","-232.567","135.632","-2.0809","0.529364","-175.477"
10721,0,"-5615.56","-232.686","135.689","-2.04875","0.416645","-175.511"
10722,0,"-5615.6","-232.617","135.613","-2.04851","0.327873","-175.489"
10723,0,"-5615.51","-232.606","135.66","-2.09258","0.4532","-175.462"
10724,0,"-5615.57","-232.667","135.619","-2.06257","0.459966","-175.527"
10725,0,"-5615.51","-232.612","135.66","-2.09032","0.57695","-175.476"
10726,0,"-5615.56","-232.618","135.653","-2.04299","0.370797","-175.5"
10727,0,"-5615.51","-232.566","135.686","-2.09138","0.639523","-175.49"
10728,0,"-5615.55","-232.535","135.651","-2.07279","0.483759","-175.463"
10729,0,"-5615.56","-232.56","135.629","-2.09117","0.486247","-175.469"
10730,0,"-5615.61","-232.747","135.63","-2.04644","0.294106","-175.528"
10731,0,"-5615.56","-232.72","135.659","-2.07078","0.468395","-175.525"
10732,0,"-5615.6","-232.564","135.659","-2.03549","0.404522","-175.492"
10733,0,"-5615.51","-232.608","135.648","-2.09792","0.597526","-175.481"
10734,0,"-5615.61","-232.712","135.675","-2.02447","0.337331","-175.541"
10735,0,"-5615.51","-232.594","135.556","-2.14345","0.559801","-175.453"
10736,0,"-5615.55","-232.584","135.668","-2.04716","0.470422","-175.492"
10737,0,"-5615.48","-232.594","135.593","-2.14328","0.614788","-175.455"
10738,0,"-5615.55","-232.609","135.678","-2.05131","0.46293","-175.501"
10739,0,"-5615.46","-232.593","135.591","-2.12342","0.652271","-175.458"
10740,0,"-5615.55","-232.554","135.691","-2.04821","0.413483","-175.476"
10741,0,"-5615.53","-232.652","135.7","-2.04883","0.527149","-175.524"
10742,0,"-5615.57","-232.698","135.653","-2.05724","0.454194","-175.524"
10743,0,"-5615.52","-232.579","135.578","-2.13002","0.505164","-175.456"
10744,0,"-5615.53","-232.624","135.618","-2.12132","0.575344","-175.479"
10745,0,"-5615.54","-232.537","135.717","-2.0333","0.423246","-175.483"
10746,0,"-5615.56","-232.633","135.645","-2.06859","0.540188","-175.516"
10747,0,"-5615.58","-232.671","135.66","-2.04026","0.396373","-175.525"
10748,0,"-5615.58","-232.746","135.702","-2.02967","0.320962","-175.542"
10749,0,"-5615.55","-232.646","135.656","-2.04979","0.414846","-175.509"
10750,0,"-5615.5","-232.526","135.634","-2.10178","0.560771","-175.452"
10751,0,"-5615.51","-232.678","135.598","-2.09006","0.524512","-175.509"
10752,0,"-5615.52","-232.591","135.628","-2.10513","0.533109","-175.476"
10753,0,"-5615.51","-232.624","135.603","-2.10132","0.514619","-175.486"
10754,0,"-5615.52","-232.577","135.623","-2.10656","0.609928","-175.474"
10755,0,"-5615.52","-232.566","135.597","-2.09063","0.51103","-175.465"
10756,0,"-5615.55","-232.692","135.716","-2.05235","0.523079","-175.537"
10757,0,"-5615.53","-232.61","135.581","-2.10866","0.597038","-175.489"
10758,0,"-5615.56","-232.689","135.652","-2.07772","0.497675","-175.52"
10759,0,"-5615.55","-232.634","135.62","-2.06725","0.505573","-175.503"
10760,0,"-5615.52","-232.59","135.662","-2.09502","0.495354","-175.469"
10761,0,"-5615.55","-232.639","135.695","-2.00706","0.350888","-175.523"
10762,0,"-5615.49","-232.612","135.585","-2.13612","0.552364","-175.457"
10763,0,"-5615.52","-232.648","135.593","-2.08175","0.441466","-175.489"
10764,0,"-5615.5","-232.507","135.682","-2.074","0.553582","-175.459"
10765,0,"-5615.52","-232.757","135.643","-2.0541","0.393296","-175.545"
10766,0,"-5615.5","-232.473","135.661","-2.08655","0.558688","-175.427"
10767,0,"-5615.52","-232.632","135.647","-2.06001","0.494005","-175.517"
10768,0,"-5615.54","-232.736","135.631","-2.09943","0.438155","-175.514"
10769,0,"-5615.51","-232.533","135.575","-2.09112","0.48774","-175.444"
10770,0,"-5615.51","-232.58","135.653","-2.09796","0.507389","-175.475"
10771,0,"-5615.56","-232.635","135.691","-1.9924","0.293682","-175.511"
10772,0,"-5615.49","-232.676","135.634","-2.1252","0.575288","-175.494"
10773,0,"-5615.57","-232.677","135.74","-1.9792","0.339537","-175.561"
10774,0,"-5615.5","-232.535","135.633","-2.10067","0.53347","-175.454"
10775,0,"-5615.54","-232.749","135.642","-2.04293","0.37454","-175.527"
10776,0,"-5615.47","-232.52","135.645","-2.10217","0.556417","-175.432"
10777,0,"-5615.54","-232.629","135.664","-2.05815","0.504399","-175.518"
10778,0,"-5615.52","-232.648","135.747","-2.00361","0.356415","-175.505"
10779,0,"-5615.53","-232.718","135.672","-2.04603","0.431313","-175.535"
10780,0,"-5615.53","-232.677","135.653","-2.07111","0.401036","-175.492"
10781,0,"-5615.57","-232.664","135.71","-2.02095","0.376971","-175.532"
10782,0,"-5615.57","-232.783","135.683","-2.03372","0.352589","-175.563"
10783,0,"-5615.57","-232.762","135.782","-1.9505","0.209584","-175.571"
10784,0,"-5615.46","-232.615","135.561","-2.13314","0.531203","-175.455"
10785,0,"-5615.54","-232.695","135.681","-2.03446","0.385731","-175.53"
10786,0,"-5615.5","-232.743","135.54","-2.13126","0.379795","-175.497"
10787,0,"-5615.5","-232.574","135.696","-2.03833","0.4732","-175.481"
10788,0,"-5615.53","-232.657","135.708","-2.00533","0.34787","-175.529"
10789,0,"-5615.55","-232.678","135.701","-2.02671","0.3508","-175.524"
10790,0,"-5615.5","-232.643","135.637","-2.06485","0.391533","-175.501"
10791,0,"-5615.57","-232.702","135.669","-2.02303","0.283312","-175.517"
10792,0,"-5615.5","-232.714","135.656","-2.06496","0.477883","-175.527"
10793,0,"-5615.53","-232.604","135.687","-2.04213","0.309808","-175.47"
10794,0,"-5615.54","-232.648","135.712","-2.00472","0.406339","-175.55"
10795,0,"-5615.5","-232.719","135.554","-2.14509","0.517582","-175.493"
10796,0,"-5615.46","-232.57","135.592","-2.12464","0.562077","-175.448"
10797,0,"-5615.52","-232.639","135.7","-2.05221","0.382864","-175.494"
10798,0,"-5615.47","-232.669","135.547","-2.13912","0.552331","-175.484"
10799,0,"-5615.51","-232.618","135.655","-2.08321","0.470021","-175.491"
10800,0,"-5615.51","-232.697","135.626","-2.0712","0.480252","-175.528"
10801,0,"-5615.51","-232.633","135.733","-2.04449","0.434325","-175.514"
10802,0,"-5615.49","-232.646","135.647","-2.02905","0.401673","-175.509"
10803,0,"-5615.48","-232.659","135.567","-2.15698","0.585988","-175.473"
10804,0,"-5615.47","-232.606","135.676","-2.0379","0.516142","-175.494"
10805,0,"-5615.5","-232.671","135.627","-2.1124","0.556063","-175.498"
10806,0,"-5615.5","-232.557","135.651","-2.03479","0.406002","-175.462"
10807,0,"-5615.53","-232.616","135.688","-2.0613","0.502171","-175.496"
10808,0,"-5615.53","-232.62","135.642","-2.05339","0.333001","-175.485"
10809,0,"-5615.48","-232.621","135.629","-2.1192","0.621494","-175.482"
10810,0,"-5615.49","-232.613","135.546","-2.11347","0.465353","-175.469"
10811,0,"-5615.48","-232.625","135.571","-2.16288","0.570189","-175.462"
10812,0,"-5615.5","-232.584","135.675","-2.02976","0.387661","-175.484"
10813,0,"-5615.45","-232.628","135.58","-2.14755","0.56572","-175.457"
10814,0,"-5615.52","-232.746","135.574","-2.08713","0.333584","-175.508"
10815,0,"-5615.5","-232.627","135.731","-2.02868","0.465824","-175.514"
10816,0,"-5615.5","-232.656","135.631","-2.05575","0.409272","-175.506"
10817,0,"-5615.47","-232.679","135.58","-2.13946","0.535064","-175.472"
10818,0,"-5615.53","-232.675","135.649","-2.01578","0.275861","-175.523"
10819,0,"-5615.51","-232.589","135.617","-2.09924","0.45218","-175.464"
10820,0,"-5615.58","-232.777","135.691","-1.99692","0.201886","-175.557"
10821,0,"-5615.52","-232.668","135.68","-2.06301","0.455195","-175.52"
10822,0,"-5615.55","-232.676","135.643","-2.02358","0.3437","-175.534"
10823,0,"-5615.5","-232.645","135.665","-2.07953","0.460524","-175.483"
10824,0,"-5615.53","-232.721","135.624","-2.05849","0.416498","-175.536"
10825,0,"-5615.5","-232.63","135.638","-2.09015","0.426916","-175.489"
10826,0,"-5615.51","-232.817","135.526","-2.12142","0.35037","-175.522"
10827,0,"-5615.44","-232.511","135.632","-2.10064","0.589034","-175.442"
10828,0,"-5615.49","-232.588","135.66","-2.05366","0.411049","-175.478"
10829,0,"-5615.47","-232.688","135.592","-2.11532","0.470199","-175.474"
10830,0,"-5615.5","-232.643","135.614","-2.07441","0.424573","-175.485"
10831,0,"-5615.49","-232.628","135.66","-2.07134","0.454197","-175.477"
10832,0,"-5615.5","-232.639","135.644","-2.06352","0.449033","-175.496"
10833,0,"-5615.48","-232.509","135.709","-2.04176","0.524333","-175.472"
10834,0,"-5615.51","-232.679","135.638","-2.05933","0.430817","-175.518"
10835,0,"-5615.46","-232.612","135.562","-2.13632","0.532462","-175.455"
10836,0,"-5615.52","-232.723","135.632","-2.0674","0.426235","-175.526"
10837,0,"-5615.48","-232.653","135.637","-2.08584","0.510252","-175.494"
10838,0,"-5615.51","-232.714","135.608","-2.08383","0.454364","-175.523"
10839,0,"-5615.48","-232.669","135.638","-2.0784","0.414498","-175.499"
10840,0,"-5615.51","-232.656","135.706","-2.01254","0.333694","-175.517"
10841,0,"-5615.46","-232.596","135.666","-2.06675","0.456074","-175.473"
10842,0,"-5615.56","-232.711","135.766","-1.97606","0.257125","-175.555"
10843,0,"-5615.44","-232.583","135.568","-2.12832","0.522085","-175.452"
10844,0,"-5615.52","-232.647","135.681","-2.03394","0.42003","-175.518"
10845,0,"-5615.46","-232.53","135.716","-2.0357","0.494548","-175.476"
10846,0,"-5615.5","-232.593","135.626","-2.08743","0.469513","-175.47"
10847,0,"-5615.47","-232.652","135.577","-2.09219","0.411072","-175.486"
10848,0,"-5615.51","-232.652","135.697","-2.05055","0.446419","-175.503"
10849,0,"-5615.47","-232.592","135.625","-2.0837","0.435634","-175.461"
10850,0,"-5615.45","-232.567","135.59","-2.13782","0.618364","-175.471"
10851,0,"-5615.45","-232.7","135.596","-2.09262","0.484584","-175.496"
10852,0,"-5615.46","-232.633","135.636","-2.11974","0.601605","-175.475"
10853,0,"-5615.46","-232.634","135.612","-2.08427","0.372746","-175.467"
10854,0,"-5615.5","-232.762","135.678","-2.0574","0.366803","-175.524"
10855,0,"-5615.48","-232.659","135.65","-2.03086","0.376338","-175.507"
10856,0,"-5615.44","-232.53","135.636","-2.10375","0.564487","-175.445"
10857,0,"-5615.48","-232.691","135.623","-2.07628","0.422864","-175.51"
10858,0,"-5615.5","-232.744","135.649","-2.07127","0.449451","-175.521"
10859,0,"-5615.46","-232.598","135.569","-2.10754","0.488936","-175.464"
10860,0,"-5615.45","-232.628","135.643","-2.1053","0.599799","-175.483"
10861,0,"-5615.49","-232.662","135.638","-2.03993","0.373664","-175.515"
10862,0,"-5615.48","-232.629","135.667","-2.05705","0.411712","-175.501"
10863,0,"-5615.51","-232.787","135.639","-2.03457","0.312528","-175.551"
10864,0,"-5615.43","-232.583","135.63","-2.09835","0.468309","-175.451"
10865,0,"-5615.48","-232.738","135.618","-2.07118","0.361625","-175.524"
10866,0,"-5615.43","-232.615","135.575","-2.14496","0.594354","-175.462"
10867,0,"-5615.45","-232.611","135.646","-2.05755","0.445503","-175.496"
10868,0,"-5615.49","-232.719","135.68","-2.0684","0.47219","-175.521"
10869,0,"-5615.5","-232.649","135.71","-2.01091","0.354566","-175.522"
10870,0,"-5615.43","-232.547","135.636","-2.10746","0.577666","-175.449"
10871,0,"-5615.53","-232.783","135.705","-1.99057","0.178151","-175.557"
10872,0,"-5615.45","-232.591","135.591","-2.13981","0.552325","-175.455"
10873,0,"-5615.52","-232.709","135.667","-2.04056","0.427205","-175.544"
10874,0,"-5615.43","-232.504","135.665","-2.09167","0.598366","-175.429"
10875,0,"-5615.51","-232.73","135.591","-2.06295","0.361954","-175.526"
10876,0,"-5615.44","-232.631","135.686","-2.07218","0.494714","-175.488"
10877,0,"-5615.5","-232.763","135.682","-2.02737","0.398106","-175.565"
10878,0,"-5615.45","-232.638","135.63","-2.09679","0.45797","-175.484"
10879,0,"-5615.52","-232.71","135.72","-1.97514","0.203231","-175.545"
10880,0,"-5615.42","-232.609","135.58","-2.14667","0.536062","-175.442"
10881,0,"-5615.46","-232.686","135.654","-2.03402","0.31891","-175.505"
10882,0,"-5615.45","-232.691","135.614","-2.09966","0.462004","-175.491"
10883,0,"-5615.46","-232.672","135.588","-2.06372","0.378025","-175.483"
10884,0,"-5615.41","-232.554","135.616","-2.12036","0.613086","-175.448"
10885,0,"-5615.54","-232.758","135.634","-2.03135","0.295804","-175.548"
10886,0,"-5615.43","-232.524","135.635","-2.11131","0.621837","-175.454"
10887,0,"-5615.53","-232.726","135.664","-2.00534","0.267857","-175.547"
10888,0,"-5615.42","-232.633","135.61","-2.1242","0.598121","-175.482"
10889,0,"-5615.5","-232.709","135.695","-2.01747","0.276348","-175.539"
10890,0,"-5615.44","-232.691","135.598","-2.109","0.453786","-175.499"
10891,0,"-5615.46","-232.61","135.637","-2.06551","0.422423","-175.488"
10892,0,"-5615.4","-232.589","135.622","-2.10335","0.527244","-175.454"
10893,0,"-5615.47","-232.607","135.646","-2.05824","0.451056","-175.493"
10894,0,"-5615.46","-232.723","135.639","-2.07795","0.485735","-175.519"
10895,0,"-5615.51","-232.676","135.723","-1.99327","0.299464","-175.536"
10896,0,"-5615.44","-232.585","135.671","-2.0817","0.508639","-175.474"
10897,0,"-5615.46","-232.625","135.605","-2.09594","0.56157","-175.494"
10898,0,"-5615.42","-232.525","135.665","-2.08297","0.516808","-175.444"
10899,0,"-5615.5","-232.662","135.679","-2.03458","0.472016","-175.523"
10900,0,"-5615.42","-232.559","135.601","-2.11729","0.597826","-175.457"
10901,0,"-5615.47","-232.667","135.591","-2.08115","0.341785","-175.483"
10902,0,"-5615.41","-232.522","135.602","-2.1118","0.597804","-175.45"
10903,0,"-5615.49","-232.644","135.731","-1.99058","0.388268","-175.535"
10904,0,"-5615.4","-232.598","135.574","-2.12712","0.499788","-175.45"
10905,0,"-5615.49","-232.736","135.705","-2.01189","0.332828","-175.539"
10906,0,"-5615.46","-232.691","135.715","-2.00213","0.298963","-175.521"
10907,0,"-5615.45","-232.62","135.608","-2.07975","0.424799","-175.462"
10908,0,"-5615.47","-232.751","135.612","-2.07785","0.366174","-175.523"
10909,0,"-5615.49","-232.769","135.635","-2.06674","0.352359","-175.543"
10910,0,"-5615.47","-232.602","135.634","-2.05078","0.474822","-175.484"
10911,0,"-5615.47","-232.677","135.626","-2.09516","0.494485","-175.506"
10912,0,"-5615.49","-232.619","135.729","-1.9852","0.295491","-175.501"
10913,0,"-5615.45","-232.533","135.743","-2.04634","0.479034","-175.466"
10914,0,"-5615.42","-232.625","135.603","-2.09675","0.506632","-175.479"
10915,0,"-5615.46","-232.639","135.698","-2.03918","0.429023","-175.51"
10916,0,"-5615.44","-232.654","135.573","-2.12135","0.471235","-175.485"
10917,0,"-5615.42","-232.633","135.605","-2.12827","0.524201","-175.471"
10918,0,"-5615.49","-232.733","135.725","-1.98002","0.284321","-175.568"
10919,0,"-5615.46","-232.714","135.656","-2.05506","0.37661","-175.517"
10920,0,"-5615.42","-232.645","135.57","-2.11751","0.532563","-175.466"
10921,0,"-5615.42","-232.644","135.586","-2.15236","0.610042","-175.474"
10922,0,"-5615.49","-232.731","135.683","-1.99346","0.231357","-175.544"
10923,0,"-5615.43","-232.622","135.626","-2.08643","0.436123","-175.454"
10924,0,"-5615.49","-232.655","135.703","-2.01049","0.364935","-175.526"
10925,0,"-5615.42","-232.55","135.617","-2.11168","0.597354","-175.45"
10926,0,"-5615.46","-232.676","135.602","-2.08994","0.451217","-175.499"
10927,0,"-5615.45","-232.747","135.605","-2.09892","0.487303","-175.515"
10928,0,"-5615.47","-232.694","135.654","-2.03505","0.364784","-175.532"
10929,0,"-5615.42","-232.72","135.625","-2.10909","0.496794","-175.494"
10930,0,"-5615.46","-232.581","135.669","-2.03134","0.468341","-175.502"
10931,0,"-5615.39","-232.607","135.569","-2.1362","0.521373","-175.447"
10932,0,"-5615.42","-232.614","135.612","-2.07816","0.477448","-175.478"
10933,0,"-5615.42","-232.694","135.673","-2.07096","0.508174","-175.514"
10934,0,"-5615.51","-232.703","135.77","-1.94559","0.175372","-175.542"
10935,0,"-5615.41","-232.65","135.575","-2.12212","0.490542","-175.486"
10936,0,"-5615.49","-232.719","135.686","-2.01722","0.324894","-175.536"
10937,0,"-5615.44","-232.569","135.71","-2.04802","0.486891","-175.474"
10938,0,"-5615.49","-232.682","135.707","-1.99707","0.314488","-175.534"
10939,0,"-5615.43","-232.631","135.616","-2.09868","0.479247","-175.481"
10940,0,"-5615.48","-232.683","135.653","-2.02867","0.273854","-175.51"
10941,0,"-5615.45","-232.733","135.678","-2.04426","0.408681","-175.529"
10942,0,"-5615.46","-232.684","135.727","-1.98948","0.293112","-175.528"
10943,0,"-5615.42","-232.686","135.577","-2.10742","0.51797","-175.507"
10944,0,"-5615.5","-232.768","135.781","-1.95395","0.240913","-175.595"
10945,0,"-5615.43","-232.673","135.704","-2.03852","0.521005","-175.519"
10946,0,"-5615.5","-232.856","135.734","-1.96487","0.145642","-175.593"
10947,0,"-5615.44","-232.69","135.619","-2.08691","0.422647","-175.505"
10948,0,"-5615.48","-232.684","135.625","-2.07301","0.403123","-175.497"
10949,0,"-5615.42","-232.687","135.645","-2.09756","0.507964","-175.506"
10950,0,"-5615.45","-232.588","135.618","-2.08199","0.467505","-175.464"
10951,0,"-5615.46","-232.651","135.7","-2.03627","0.350492","-175.501"
10952,0,"-5615.48","-232.748","135.671","-2.02276","0.297671","-175.543"
10953,0,"-5615.45","-232.691","135.673","-2.05997","0.384056","-175.51"
10954,0,"-5615.53","-232.858","135.728","-1.99301","0.158334","-175.584"
10955,0,"-5615.44","-232.732","135.629","-2.04892","0.391813","-175.54"
10956,0,"-5615.44","-232.758","135.578","-2.10701","0.397988","-175.516"
10957,0,"-5615.45","-232.767","135.752","-1.99479","0.241939","-175.553"
10958,0,"-5615.44","-232.725","135.596","-2.09651","0.446795","-175.52"
10959,0,"-5615.41","-232.533","135.675","-2.06127","0.539347","-175.471"
10960,0,"-5615.45","-232.706","135.781","-1.9848","0.346177","-175.546"
10961,0,"-5615.42","-232.583","135.595","-2.10694","0.468169","-175.457"
10962,0,"-5615.46","-232.729","135.67","-2.0532","0.410107","-175.536"
10963,0,"-5615.46","-232.657","135.62","-2.0646","0.44568","-175.511"
10964,0,"-5615.43","-232.635","135.619","-2.10343","0.449442","-175.476"
10965,0,"-5615.43","-232.684","135.598","-2.06794","0.41245","-175.505"
10966,0,"-5615.41","-232.664","135.65","-2.07648","0.451784","-175.481"
10967,0,"-5615.48","-232.791","135.679","-2.02362","0.247656","-175.547"
10968,0,"-5615.45","-232.664","135.685","-2.03497","0.447644","-175.509"
10969,0,"-5615.46","-232.79","135.634","-2.04605","0.318035","-175.551"
10970,0,"-5615.41","-232.575","135.756","-2.01742","0.45531","-175.49"
10971,0,"-5615.43","-232.661","135.62","-2.05903","0.513998","-175.526"
10972,0,"-5615.39","-232.603","135.604","-2.13171","0.630443","-175.456"
10973,0,"-5615.46","-232.722","135.662","-2.02215","0.305917","-175.525"
10974,0,"-5615.4","-232.596","135.605","-2.1261","0.551568","-175.447"
10975,0,"-5615.5","-232.728","135.664","-1.99672","0.327133","-175.559"
10976,0,"-5615.44","-232.7","135.623","-2.08838","0.455294","-175.507"
10977,0,"-5615.45","-232.683","135.6","-2.07184","0.389868","-175.494"
10978,0,"-5615.39","-232.581","135.673","-2.07667","0.589351","-175.487"
10979,0,"-5615.48","-232.715","135.687","-1.98356","0.277732","-175.553"
10980,0,"-5615.4","-232.703","135.673","-2.06731","0.37599","-175.493"
10981,0,"-5615.43","-232.764","135.678","-2.01181","0.267537","-175.533"
10982,0,"-5615.42","-232.711","135.68","-2.05353","0.397511","-175.505"
10983,0,"-5615.5","-232.869","135.7","-1.98818","0.219652","-175.601"
10984,0,"-5615.37","-232.658","135.563","-2.1531","0.535421","-175.454"
10985,0,"-5615.43","-232.606","135.65","-2.06564","0.404046","-175.483"
10986,0,"-5615.45","-232.613","135.76","-2.00065","0.353849","-175.508"
10987,0,"-5615.43","-232.594","135.651","-2.04665","0.467703","-175.494"
10988,0,"-5615.42","-232.611","135.668","-2.07837","0.502021","-175.486"
10989,0,"-5615.46","-232.673","135.717","-2.01381","0.375248","-175.522"
10990,0,"-5615.41","-232.643","135.667","-2.07183","0.486553","-175.492"
10991,0,"-5615.5","-232.765","135.673","-2.01528","0.258048","-175.544"
10992,0,"-5615.37","-232.59","135.585","-2.12308","0.530647","-175.445"
10993,0,"-5615.49","-232.789","135.781","-1.95244","0.154817","-175.585"
10994,0,"-5615.41","-232.72","135.63","-2.09349","0.487583","-175.505"
10995,0,"-5615.47","-232.796","135.648","-2.02538","0.308063","-175.556"
10996,0,"-5615.41","-232.67","135.659","-2.07619","0.461161","-175.503"
10997,0,"-5615.45","-232.651","135.642","-2.05646","0.405931","-175.496"
10998,0,"-5615.43","-232.729","135.71","-2.01556","0.35479","-175.546"
10999,0,"-5615.51","-232.652","135.721","-1.9646","0.260045","-175.533"
11000,0,"-5615.39","-232.65","135.626","-2.10167","0.453902","-175.471"
11001,0,"-5615.47","-232.708","135.622","-2.05362","0.357843","-175.523"
11002,0,"-5615.42","-232.719","135.629","-2.08356","0.459887","-175.513"
11003,0,"-5615.47","-232.712","135.732","-1.99365","0.364159","-175.55"
11004,0,"-5615.41","-232.656","135.654","-2.06855","0.45608","-175.504"
11005,0,"-5615.39","-232.587","135.717","-2.04934","0.543189","-175.482"
11006,0,"-5615.34","-232.585","135.6","-2.11281","0.56371","-175.455"
11007,0,"-5615.45","-232.768","135.626","-2.06638","0.344808","-175.534"
11008,0,"-5615.38","-232.668","135.66","-2.06207","0.456526","-175.497"
11009,0,"-5615.4","-232.726","135.605","-2.10496","0.484768","-175.51"
11010,0,"-5615.42","-232.734","135.69","-2.03111","0.366608","-175.553"
11011,0,"-5615.43","-232.75","135.562","-2.12786","0.468615","-175.508"
11012,0,"-5615.43","-232.694","135.694","-2.02343","0.321366","-175.521"
11013,0,"-5615.38","-232.591","135.616","-2.1215","0.626564","-175.471"
11014,0,"-5615.46","-232.708","135.666","-2.03281","0.406969","-175.541"
11015,0,"-5615.46","-232.704","135.666","-2.04559","0.393959","-175.538"
11016,0,"-5615.42","-232.601","135.627","-2.05844","0.424183","-175.483"
11017,0,"-5615.45","-232.79","135.624","-2.07709","0.388121","-175.551"
11018,0,"-5615.45","-232.692","135.735","-1.98167","0.245671","-175.533"
11019,0,"-5615.39","-232.729","135.564","-2.127","0.508247","-175.491"
11020,0,"-5615.46","-232.797","135.736","-1.96091","0.19341","-175.569"
11021,0,"-5615.38","-232.592","135.661","-2.0759","0.547356","-175.468"
11022,0,"-5615.4","-232.613","135.658","-2.06194","0.483654","-175.494"
11023,0,"-5615.38","-232.716","135.624","-2.10327","0.546484","-175.51"
11024,0,"-5615.46","-232.794","135.712","-1.9723","0.19726","-175.571"
11025,0,"-5615.4","-232.568","135.679","-2.08799","0.479486","-175.471"
11026,0,"-5615.41","-232.706","135.647","-2.04077","0.386077","-175.512"
11027,0,"-5615.39","-232.645","135.62","-2.10829","0.571541","-175.508"
11028,0,"-5615.5","-232.717","135.737","-1.96353","0.257185","-175.556"
11029,0,"-5615.36","-232.518","135.665","-2.10156","0.620389","-175.449"
11030,0,"-5615.42","-232.609","135.67","-2.02852","0.37241","-175.492"
11031,0,"-5615.39","-232.663","135.655","-2.07975","0.510608","-175.5"
11032,0,"-5615.47","-232.808","135.619","-2.01992","0.282947","-175.575"
11033,0,"-5615.4","-232.795","135.688","-2.05338","0.367787","-175.522"
11034,0,"-5615.44","-232.727","135.746","-1.96438","0.259796","-175.56"
11035,0,"-5615.4","-232.687","135.62","-2.07945","0.442814","-175.506"
11036,0,"-5615.45","-232.771","135.646","-2.02615","0.315362","-175.543"
11037,0,"-5615.39","-232.637","135.621","-2.11302","0.521606","-175.482"
11038,0,"-5615.46","-232.784","135.696","-2.0025","0.291583","-175.578"
11039,0,"-5615.4","-232.723","135.62","-2.10505","0.532518","-175.509"
11040,0,"-5615.48","-232.812","135.709","-1.97491","0.270911","-175.59"
11041,0,"-5615.37","-232.562","135.62","-2.12705","0.60878","-175.459"
11042,0,"-5615.42","-232.564","135.654","-2.04945","0.499182","-175.496"
11043,0,"-5615.35","-232.54","135.63","-2.10455","0.589878","-175.447"
11044,0,"-5615.46","-232.699","135.724","-1.98013","0.351336","-175.564"
11045,0,"-5615.38","-232.661","135.719","-2.03932","0.449884","-175.492"
11046,0,"-5615.45","-232.762","135.73","-1.98949","0.287587","-175.564"
11047,0,"-5615.37","-232.662","135.598","-2.10446","0.44812","-175.477"
11048,0,"-5615.47","-232.842","135.68","-2.00197","0.257794","-175.593"
11049,0,"-5615.4","-232.708","135.711","-2.04692","0.418464","-175.529"
11050,0,"-5615.38","-232.629","135.569","-2.122","0.467117","-175.464"
11051,0,"-5615.41","-232.591","135.697","-2.0422","0.464076","-175.497"
11052,0,"-5615.42","-232.601","135.618","-2.05682","0.415083","-175.487"
11053,0,"-5615.41","-232.683","135.68","-2.0629","0.422367","-175.499"
11054,0,"-5615.43","-232.678","135.718","-2.00608","0.325201","-175.526"
11055,0,"-5615.4","-232.712","135.611","-2.09279","0.447749","-175.515"
11056,0,"-5615.41","-232.69","135.654","-2.04045","0.438192","-175.522"
11057,0,"-5615.37","-232.624","135.66","-2.07708","0.507486","-175.491"
11058,0,"-5615.4","-232.658","135.652","-2.05827","0.3319","-175.482"
11059,0,"-5615.37","-232.691","135.638","-2.06066","0.458163","-175.509"
11060,0,"-5615.41","-232.646","135.613","-2.08586","0.428708","-175.487"
11061,0,"-5615.38","-232.679","135.616","-2.09057","0.482","-175.508"
11062,0,"-5615.38","-232.683","135.614","-2.08419","0.484299","-175.495"
11063,0,"-5615.42","-232.716","135.615","-2.07441","0.394661","-175.512"
11064,0,"-5615.41","-232.647","135.662","-2.06423","0.459372","-175.5"
11065,0,"-5615.43","-232.669","135.63","-2.0672","0.466708","-175.506"
11066,0,"-5615.41","-232.702","135.677","-2.0596","0.426973","-175.514"
11067,0,"-5615.41","-232.616","135.745","-1.98875","0.413474","-175.529"
11068,0,"-5615.37","-232.643","135.618","-2.09692","0.496686","-175.478"
11069,0,"-5615.41","-232.676","135.704","-1.99791","0.328272","-175.529"
11070,0,"-5615.39","-232.712","135.654","-2.08927","0.436892","-175.52"
11071,0,"-5615.4","-232.834","135.626","-2.06369","0.34398","-175.564"
11072,0,"-5615.37","-232.661","135.576","-2.11101","0.543346","-175.488"
11073,0,"-5615.42","-232.735","135.634","-2.05383","0.406691","-175.552"
11074,0,"-5615.36","-232.631","135.655","-2.07434","0.529072","-175.473"
11075,0,"-5615.46","-232.864","135.662","-2.00002","0.251435","-175.592"
11076,0,"-5615.41","-232.695","135.633","-2.06833","0.445319","-175.515"
11077,0,"-5615.41","-232.711","135.687","-2.02359","0.434841","-175.541"
11078,0,"-5615.4","-232.651","135.691","-2.0653","0.457291","-175.497"
11079,0,"-5615.43","-232.641","135.675","-2.00398","0.390418","-175.537"
11080,0,"-5615.38","-232.655","135.684","-2.06966","0.480072","-175.492"
11081,0,"-5615.4","-232.668","135.66","-2.02943","0.451611","-175.524"
11082,0,"-5615.4","-232.696","135.748","-2.00424","0.344303","-175.537"
11083,0,"-5615.43","-232.778","135.683","-1.98123","0.199504","-175.566"
11084,0,"-5615.32","-232.691","135.552","-2.1562","0.612575","-175.472"
11085,0,"-5615.43","-232.704","135.753","-1.9565","0.325243","-175.561"
11086,0,"-5615.35","-232.689","135.63","-2.10109","0.456336","-175.493"
11087,0,"-5615.38","-232.731","135.612","-2.06377","0.429106","-175.531"
11088,0,"-5615.39","-232.616","135.639","-2.08593","0.448034","-175.492"
11089,0,"-5615.38","-232.646","135.647","-2.03776","0.42927","-175.507"
11090,0,"-5615.39","-232.783","135.638","-2.09093","0.440901","-175.528"
11091,0,"-5615.43","-232.665","135.703","-1.99857","0.322465","-175.532"
11092,0,"-5615.39","-232.632","135.61","-2.09865","0.488594","-175.48"
11093,0,"-5615.4","-232.614","135.654","-2.05805","0.5377","-175.496"
11094,0,"-5615.4","-232.804","135.646","-2.07278","0.394528","-175.543"
11095,0,"-5615.44","-232.674","135.77","-1.94597","0.218172","-175.543"
11096,0,"-5615.37","-232.712","135.684","-2.04826","0.441319","-175.511"
11097,0,"-5615.35","-232.6","135.694","-2.02558","0.389898","-175.483"
11098,0,"-5615.37","-232.738","135.663","-2.07211","0.410408","-175.513"
11099,0,"-5615.44","-232.802","135.692","-2.00245","0.24548","-175.561"
11100,0,"-5615.37","-232.671","135.725","-2.02185","0.418487","-175.533"
11101,0,"-5615.4","-232.632","135.679","-2.02377","0.33193","-175.501"
11102,0,"-5615.34","-232.677","135.635","-2.0908","0.531326","-175.503"
11103,0,"-5615.43","-232.729","135.647","-2.04581","0.430373","-175.545"
11104,0,"-5615.38","-232.609","135.682","-2.04313","0.44235","-175.491"
11105,0,"-5615.42","-232.662","135.67","-2.03741","0.408459","-175.528"
11106,0,"-5615.4","-232.686","135.718","-2.0187","0.361769","-175.515"
11107,0,"-5615.39","-232.641","135.656","-2.05718","0.465214","-175.51"
11108,0,"-5615.4","-232.825","135.58","-2.08345","0.346159","-175.546"
11109,0,"-5615.44","-232.739","135.753","-1.97566","0.295149","-175.556"
11110,0,"-5615.38","-232.721","135.705","-2.00828","0.32939","-175.535"
11111,0,"-5615.35","-232.726","135.627","-2.08472","0.482168","-175.518"
11112,0,"-5615.43","-232.711","135.745","-1.96576","0.363198","-175.571"
11113,0,"-5615.37","-232.634","135.635","-2.08488","0.559646","-175.501"
11114,0,"-5615.4","-232.774","135.667","-2.0334","0.347541","-175.548"
11115,0,"-5615.34","-232.652","135.589","-2.12446","0.538569","-175.473"
11116,0,"-5615.37","-232.715","135.553","-2.09238","0.405561","-175.499"
11117,0,"-5615.37","-232.697","135.574","-2.13332","0.429884","-175.482"
11118,0,"-5615.42","-232.79","135.74","-1.95685","0.181678","-175.576"
11119,0,"-5615.35","-232.68","135.673","-2.08376","0.501296","-175.51"
11120,0,"-5615.39","-232.703","135.67","-2.0327","0.443501","-175.541"
11121,0,"-5615.34","-232.612","135.668","-2.07863","0.489902","-175.479"
11122,0,"-5615.37","-232.594","135.688","-2.03268","0.395133","-175.49"
11123,0,"-5615.34","-232.589","135.691","-2.06541","0.542683","-175.48"
11124,0,"-5615.38","-232.746","135.627","-2.02428","0.33475","-175.528"
11125,0,"-5615.39","-232.766","135.637","-2.07066","0.399331","-175.51"
11126,0,"-5615.43","-232.769","135.74","-1.93206","0.15028","-175.561"
11127,0,"-5615.33","-232.622","135.636","-2.10988","0.59423","-175.469"
11128,0,"-5615.41","-232.72","135.663","-2.01166","0.390484","-175.552"
11129,0,"-5615.34","-232.622","135.658","-2.08858","0.492898","-175.458"
11130,0,"-5615.41","-232.822","135.672","-2.00932","0.245342","-175.576"
11131,0,"-5615.35","-232.698","135.675","-2.09168","0.491832","-175.514"
11132,0,"-5615.45","-232.765","135.749","-1.93024","0.193462","-175.581"
11133,0,"-5615.35","-232.62","135.66","-2.09204","0.470527","-175.481"
11134,0,"-5615.43","-232.724","135.747","-1.9572","0.282174","-175.575"
11135,0,"-5615.33","-232.669","135.609","-2.12496","0.574611","-175.492"
11136,0,"-5615.41","-232.776","135.626","-2.02541","0.287534","-175.554"
11137,0,"-5615.33","-232.621","135.655","-2.10332","0.484236","-175.463"
11138,0,"-5615.39","-232.68","135.654","-2.03653","0.380121","-175.515"
11139,0,"-5615.3","-232.678","135.575","-2.14356","0.534202","-175.457"
11140,0,"-5615.42","-232.69","135.694","-2.00172","0.339457","-175.53"
11141,0,"-5615.37","-232.662","135.697","-2.05612","0.412747","-175.489"
11142,0,"-5615.39","-232.733","135.585","-2.06269","0.377825","-175.529"
11143,0,"-5615.36","-232.562","135.746","-2.03622","0.525476","-175.493"
11144,0,"-5615.44","-232.849","135.654","-1.99116","0.254347","-175.601"
11145,0,"-5615.37","-232.718","135.641","-2.05767","0.33775","-175.501"
11146,0,"-5615.38","-232.778","135.641","-2.02145","0.363888","-175.557"
11147,0,"-5615.34","-232.759","135.627","-2.09722","0.435269","-175.51"
11148,0,"-5615.43","-232.802","135.773","-1.92879","0.222403","-175.608"
11149,0,"-5615.36","-232.757","135.604","-2.08237","0.431334","-175.508"
11150,0,"-5615.39","-232.748","135.625","-2.05181","0.394237","-175.543"
11151,0,"-5615.34","-232.763","135.647","-2.07908","0.428893","-175.531"
11152,0,"-5615.41","-232.701","135.652","-2.02573","0.350988","-175.529"
11153,0,"-5615.37","-232.776","135.643","-2.05885","0.395881","-175.54"
11154,0,"-5615.37","-232.714","135.602","-2.08242","0.46346","-175.516"
11155,0,"-5615.36","-232.69","135.75","-2.00612","0.39293","-175.512"
11156,0,"-5615.41","-232.685","135.743","-1.98415","0.395318","-175.559"
11157,0,"-5615.36","-232.567","135.716","-2.02884","0.482787","-175.491"
11158,0,"-5615.32","-232.59","135.602","-2.12075","0.58723","-175.459"
11159,0,"-5615.33","-232.567","135.691","-2.03228","0.486373","-175.482"
11160,0,"-5615.38","-232.793","135.684","-2.04445","0.37475","-175.574"
11161,0,"-5615.37","-232.767","135.71","-2.00422","0.273835","-175.535"
11162,0,"-5615.36","-232.699","135.723","-2.01119","0.423895","-175.545"
11163,0,"-5615.36","-232.673","135.777","-1.97627","0.366568","-175.546"
11164,0,"-5615.37","-232.735","135.7","-2.02747","0.3521","-175.534"
11165,0,"-5615.36","-232.743","135.647","-2.04659","0.41501","-175.539"
11166,0,"-5615.38","-232.665","135.677","-2.05113","0.389276","-175.506"
11167,0,"-5615.38","-232.676","135.661","-2.02953","0.374468","-175.51"
11168,0,"-5615.37","-232.751","135.637","-2.0767","0.398107","-175.524"
11169,0,"-5615.39","-232.727","135.643","-2.02559","0.356555","-175.528"
11170,0,"-5615.34","-232.682","135.667","-2.06324","0.457628","-175.497"
11171,0,"-5615.42","-232.844","135.717","-1.97371","0.201677","-175.593"
11172,0,"-5615.38","-232.779","135.661","-2.03793","0.419234","-175.555"
11173,0,"-5615.35","-232.746","135.627","-2.02913","0.382069","-175.536"
11174,0,"-5615.35","-232.774","135.645","-2.07675","0.443093","-175.545"
11175,0,"-5615.34","-232.688","135.633","-2.05725","0.418877","-175.523"
11176,0,"-5615.35","-232.754","135.716","-2.04317","0.438663","-175.544"
11177,0,"-5615.36","-232.619","135.684","-2.01222","0.465131","-175.51"
11178,0,"-5615.3","-232.61","135.613","-2.13133","0.576723","-175.452"
11179,0,"-5615.4","-232.775","135.694","-1.98316","0.292139","-175.577"
11180,0,"-5615.35","-232.736","135.639","-2.09659","0.501085","-175.514"
11181,0,"-5615.43","-232.781","135.71","-1.95086","0.226886","-175.57"
11182,0,"-5615.33","-232.63","135.658","-2.09388","0.472838","-175.475"
11183,0,"-5615.41","-232.799","135.671","-2.00291","0.2618","-175.574"
11184,0,"-5615.32","-232.697","135.598","-2.11564","0.51177","-175.491"
11185,0,"-5615.38","-232.723","135.716","-1.98268","0.321841","-175.557"
11186,0,"-5615.35","-232.739","135.673","-2.0681","0.39329","-175.51"
11187,0,"-5615.37","-232.811","135.624","-2.01695","0.328","-175.568"
11188,0,"-5615.31","-232.726","135.578","-2.1356","0.55124","-175.493"
11189,0,"-5615.4","-232.709","135.757","-1.96365","0.209716","-175.538"
11190,0,"-5615.35","-232.81","135.675","-2.05115","0.316262","-175.535"
11191,0,"-5615.38","-232.828","135.624","-2.03529","0.316168","-175.569"
11192,0,"-5615.32","-232.751","135.676","-2.06557","0.494223","-175.533"
11193,0,"-5615.41","-232.768","135.719","-1.95628","0.289707","-175.573"
11194,0,"-5615.38","-232.784","135.67","-2.0561","0.447871","-175.544"
11195,0,"-5615.37","-232.705","135.632","-2.05279","0.409828","-175.53"
11196,0,"-5615.35","-232.734","135.652","-2.05053","0.446479","-175.532"
11197,0,"-5615.4","-232.773","135.686","-2.01178","0.329038","-175.563"
11198,0,"-5615.37","-232.781","135.742","-1.99369","0.294127","-175.556"
11199,0,"-5615.35","-232.68","135.696","-2.00662","0.400813","-175.531"
11200,0,"-5615.3","-232.805","135.629","-2.08733","0.431721","-175.529"
11201,0,"-5615.34","-232.712","135.652","-2.05686","0.424534","-175.525"
11202,0,"-5615.3","-232.587","135.651","-2.08585","0.469902","-175.464"
11203,0,"-5615.36","-232.693","135.737","-2.00364","0.379688","-175.539"
11204,0,"-5615.33","-232.734","135.632","-2.08132","0.441183","-175.53"
11205,0,"-5615.39","-232.789","135.617","-2.04733","0.325048","-175.555"
11206,0,"-5615.34","-232.684","135.656","-2.0626","0.424908","-175.498"
11207,0,"-5615.38","-232.811","135.653","-2.02896","0.268638","-175.558"
11208,0,"-5615.35","-232.805","135.623","-2.05467","0.309975","-175.533"
11209,0,"-5615.39","-232.752","135.704","-2.01471","0.38337","-175.569"
11210,0,"-5615.34","-232.736","135.673","-2.04019","0.44467","-175.544"
11211,0,"-5615.38","-232.8","135.673","-2.04678","0.341221","-175.553"
11212,0,"-5615.34","-232.725","135.703","-2.01724","0.35265","-175.529"
11213,0,"-5615.36","-232.762","135.648","-2.06055","0.389728","-175.531"
11214,0,"-5615.32","-232.706","135.625","-2.07729","0.486817","-175.516"
11215,0,"-5615.32","-232.709","135.676","-2.05572","0.489528","-175.523"
11216,0,"-5615.3","-232.679","135.621","-2.08963","0.519951","-175.493"
11217,0,"-5615.31","-232.692","135.673","-2.06886","0.540675","-175.518"
11218,0,"-5615.35","-232.676","135.657","-2.02789","0.476183","-175.542"
11219,0,"-5615.32","-232.661","135.649","-2.08206","0.510519","-175.495"
11220,0,"-5615.34","-232.776","135.654","-2.01778","0.34317","-175.544"
11221,0,"-5615.35","-232.772","135.691","-2.04465","0.417512","-175.559"
11222,0,"-5615.36","-232.76","135.726","-1.96966","0.34738","-175.569"
11223,0,"-5615.29","-232.616","135.604","-2.12132","0.481759","-175.428"
11224,0,"-5615.35","-232.672","135.722","-1.96807","0.3797","-175.56"
11225,0,"-5615.31","-232.672","135.665","-2.08503","0.487131","-175.49"
11226,0,"-5615.37","-232.748","135.748","-1.95222","0.219777","-175.552"
11227,0,"-5615.32","-232.738","135.66","-2.07554","0.427086","-175.516"
11228,0,"-5615.39","-232.843","135.705","-1.95883","0.104514","-175.589"
11229,0,"-5615.33","-232.778","135.651","-2.09219","0.407488","-175.535"
11230,0,"-5615.36","-232.698","135.63","-2.02149","0.37029","-175.532"
11231,0,"-5615.3","-232.638","135.652","-2.1152","0.607743","-175.491"
11232,0,"-5615.4","-232.792","135.684","-1.97353","0.308908","-175.598"
11233,0,"-5615.31","-232.769","135.65","-2.06612","0.473302","-175.521"
11234,0,"-5615.36","-232.666","135.602","-2.05454","0.489037","-175.515"
11235,0,"-5615.32","-232.683","135.656","-2.05942","0.509212","-175.502"
11236,0,"-5615.35","-232.749","135.606","-2.04969","0.380893","-175.554"
11237,0,"-5615.31","-232.727","135.632","-2.10285","0.491924","-175.491"
11238,0,"-5615.35","-232.759","135.648","-2.01661","0.295634","-175.54"
11239,0,"-5615.29","-232.688","135.602","-2.12202","0.554476","-175.488"
11240,0,"-5615.35","-232.702","135.656","-2.01263","0.310266","-175.523"
11241,0,"-5615.35","-232.857","135.631","-2.07317","0.363631","-175.559"
11242,0,"-5615.37","-232.754","135.636","-2.01963","0.353172","-175.549"
11243,0,"-5615.36","-232.753","135.746","-1.98882","0.372336","-175.548"
11244,0,"-5615.37","-232.728","135.6","-2.04584","0.382789","-175.544"
11245,0,"-5615.29","-232.678","135.68","-2.06003","0.474638","-175.507"
11246,0,"-5615.35","-232.678","135.676","-2.00712","0.368014","-175.522"
11247,0,"-5615.32","-232.668","135.673","-2.05633","0.39758","-175.511"
11248,0,"-5615.37","-232.768","135.689","-2.01157","0.295157","-175.565"
11249,0,"-5615.33","-232.778","135.624","-2.07063","0.388512","-175.52"
11250,0,"-5615.34","-232.684","135.708","-1.99976","0.365421","-175.547"
