Frame,Sub Frame,"Position - Limo_02",,,"Position - Limo_04",,,"Rotation (Helical) - Limo_02",,,"Rotation (Helical) - Limo_04",,
,,"TX","TY","TZ","TX","TY","TZ","RX","RY","RZ","RX","RY","RZ"
Frames,Frames,"mm","mm","mm","mm","mm","mm","°","°","°","°","°","°"
1,0,"-822.912","-864.101","144.799","87.0446","29.8339","141.16","0.825843","-1.63828","183.746","2.41151","-2.30289","183.297"
2,0,"-822.938","-864.13","144.789","87.0085","29.7432","141.211","0.824628","-1.61243","183.742","2.39325","-2.21112","183.28"
3,0,"-822.927","-864.128","144.799","87.0038","29.7582","141.191","0.827199","-1.60263","183.739","2.41234","-2.26113","183.26"
4,0,"-822.906","-864.065","144.794","87.0496","29.9856","141.098","0.827705","-1.63106","183.759","2.45726","-2.47502","183.335"
5,0,"-822.898","-864.081","144.79","86.9568","29.7083","141.162","0.812805","-1.62584","183.746","2.42118","-2.26253","183.247"
6,0,"-822.913","-864.122","144.805","87.0561","29.9867","141.119","0.813808","-1.6133","183.746","2.43969","-2.43892","183.335"
7,0,"-822.891","-864.103","144.782","86.9905","29.7967","141.198","0.836394","-1.67126","183.742","2.39028","-2.25573","183.288"
8,0,"-822.902","-864.088","144.784","86.9886","29.9665","141.084","0.840106","-1.64586","183.75","2.47724","-2.47159","183.323"
9,0,"-822.896","-864.116","144.797","87.0413","30.0103","141.1","0.832149","-1.62673","183.739","2.4559","-2.48068","183.334"
10,0,"-822.928","-864.121","144.802","87.0324","29.9592","141.099","0.827478","-1.64924","183.749","2.44912","-2.42482","183.331"
11,0,"-822.908","-864.095","144.8","86.96","29.6932","141.209","0.822583","-1.62971","183.747","2.40648","-2.21486","183.251"
12,0,"-822.919","-864.091","144.811","86.9558","29.6147","141.251","0.828556","-1.66451","183.761","2.37287","-2.09813","183.216"
13,0,"-822.911","-864.108","144.766","87.0324","29.8443","141.125","0.845844","-1.63842","183.742","2.43616","-2.37639","183.294"
14,0,"-822.927","-864.126","144.791","87.0181","29.7355","141.201","0.833318","-1.63597","183.741","2.37653","-2.21036","183.273"
15,0,"-822.901","-864.087","144.797","86.9878","29.7427","141.19","0.822877","-1.6408","183.745","2.41048","-2.28902","183.264"
16,0,"-822.918","-864.126","144.796","87.0142","29.8714","141.117","0.836578","-1.63989","183.737","2.4367","-2.39682","183.301"
17,0,"-822.929","-864.14","144.763","87.0427","29.956","141.113","0.857786","-1.63663","183.741","2.46126","-2.41188","183.313"
18,0,"-822.93","-864.124","144.822","87.0054","29.8421","141.182","0.818587","-1.61741","183.746","2.42214","-2.32632","183.304"
19,0,"-822.9","-864.102","144.783","87.0166","29.9349","141.092","0.858914","-1.70429","183.75","2.45794","-2.44988","183.33"
20,0,"-822.909","-864.11","144.786","87.0363","30.0179","141.077","0.8402","-1.65448","183.745","2.46427","-2.51136","183.331"
21,0,"-822.898","-864.106","144.796","87.0068","29.86","141.113","0.817564","-1.58932","183.747","2.45403","-2.42602","183.293"
22,0,"-822.912","-864.133","144.801","86.9918","29.7856","141.178","0.836702","-1.64675","183.74","2.41625","-2.29104","183.283"
23,0,"-822.902","-864.118","144.787","86.9869","29.7613","141.161","0.840784","-1.64395","183.732","2.43328","-2.27709","183.266"
24,0,"-822.915","-864.132","144.792","87.0071","29.7631","141.163","0.840643","-1.63266","183.738","2.4234","-2.27952","183.268"
25,0,"-822.907","-864.106","144.796","87.0537","29.98","141.092","0.845824","-1.67213","183.748","2.46908","-2.49317","183.333"
26,0,"-822.95","-864.171","144.781","87.001","29.7236","141.187","0.887139","-1.76323","183.702","2.40546","-2.23186","183.268"
27,0,"-823.054","-864.336","144.766","87.0086","29.7197","141.205","0.96537","-2.04561","183.573","2.40296","-2.20193","183.245"
28,0,"-822.797","-864.141","144.604","87.0263","29.8931","141.107","1.24819","-2.25286","183.668","2.44805","-2.41948","183.314"
29,0,"-822.8","-864.159","144.58","87.0129","29.7908","141.161","1.26244","-2.29976","183.668","2.40701","-2.26544","183.301"
30,0,"-822.797","-864.155","144.597","87.0405","29.9634","141.102","1.24032","-2.23185","183.662","2.44636","-2.41589","183.334"
31,0,"-822.781","-864.155","144.596","87.0416","29.9276","141.121","1.25642","-2.28219","183.665","2.44862","-2.43325","183.312"
32,0,"-822.792","-864.191","144.579","87.0854","29.9757","141.145","1.24213","-2.25599","183.653","2.40563","-2.34772","183.357"
33,0,"-822.763","-864.164","144.591","87.0394","29.7225","141.217","1.24072","-2.22017","183.66","2.34804","-2.14101","183.279"
34,0,"-822.769","-864.173","144.587","87.0682","30.0209","141.276","1.24957","-2.24166","183.66","2.33499","-2.18591","183.351"
35,0,"-822.769","-864.149","144.6","87.2792","30.0058","141.36","1.23179","-2.24039","183.675","2.69161","-1.97744","183.316"
36,0,"-822.783","-864.17","144.594","87.3972","29.8259","141.439","1.2544","-2.24353","183.667","2.80136","-1.75736","183.263"
37,0,"-822.804","-864.175","144.608","87.4797","30.1773","141.303","1.24209","-2.1952","183.67","2.87187","-2.10621","183.364"
38,0,"-822.791","-864.158","144.606","87.4556","29.9413","141.417","1.2239","-2.22214","183.678","2.81142","-1.80755","183.288"
39,0,"-822.804","-864.145","144.628","87.4162","29.963","141.416","1.20153","-2.19406","183.686","2.81567","-1.85816","183.301"
40,0,"-822.8","-864.116","144.624","87.4349","29.9266","141.423","1.15748","-2.10904","183.682","2.80649","-1.82623","183.28"
41,0,"-822.841","-864.136","144.642","87.4316","29.9246","141.417","1.14652","-2.11582","183.696","2.80428","-1.81269","183.288"
42,0,"-822.9","-864.185","144.688","87.415","29.9056","141.452","1.08245","-2.00984","183.688","2.79453","-1.77739","183.279"
43,0,"-823.141","-864.379","144.482","87.4457","30.0798","141.339","1.19192","-1.28282","183.731","2.86906","-2.03132","183.318"
44,0,"-823.207","-864.454","144.489","87.4231","30.145","141.318","1.18208","-1.34386","183.685","2.87562","-2.08914","183.349"
45,0,"-823.201","-864.498","144.43","87.417","30.1394","141.319","1.32633","-1.61352","183.633","2.87147","-2.07996","183.352"
46,0,"-823.021","-864.415","144.327","87.4164","30.0912","141.351","1.49157","-1.67136","183.691","2.85506","-2.03063","183.336"
47,0,"-823.015","-864.393","144.331","87.475","30.1752","141.306","1.50054","-1.66438","183.707","2.86667","-2.07875","183.37"
48,0,"-822.991","-864.372","144.309","87.4445","30.0984","141.336","1.48464","-1.66191","183.702","2.8483","-2.05255","183.342"
49,0,"-823.003","-864.354","144.326","87.4651","30.0931","141.324","1.47311","-1.66342","183.723","2.86412","-2.04187","183.335"
50,0,"-823.005","-864.387","144.306","87.4672","30.0805","141.31","1.5165","-1.70425","183.707","2.87607","-2.05512","183.335"
51,0,"-823.022","-864.386","144.332","87.5521","30.0757","141.157","1.47809","-1.65121","183.699","2.94803","-2.26377","183.334"
52,0,"-823.016","-864.403","144.296","87.6047","30.0613","141.047","1.5071","-1.65093","183.695","3.01181","-2.445","183.329"
53,0,"-823.044","-864.404","144.327","87.6148","29.9881","141.13","1.47406","-1.61347","183.711","2.93202","-2.25821","183.338"
54,0,"-823.024","-864.391","144.315","87.5965","29.8418","141.237","1.50514","-1.64772","183.7","2.90106","-2.005","183.283"
55,0,"-823.042","-864.392","144.32","87.6047","29.9983","141.136","1.52951","-1.67214","183.708","2.93555","-2.25473","183.347"
56,0,"-823.06","-864.387","144.343","87.6157","30.1023","141.055","1.51572","-1.63328","183.706","2.97081","-2.42272","183.362"
57,0,"-823.103","-864.423","144.373","87.6026","30.0352","141.142","1.52577","-1.61728","183.692","2.9547","-2.27186","183.324"
58,0,"-823.167","-864.437","144.409","87.6194","30.0566","141.12","1.53835","-1.56041","183.684","2.95207","-2.27887","183.333"
59,0,"-823.256","-864.438","144.461","87.591","30.0009","141.096","1.56622","-1.50899","183.675","2.96587","-2.29861","183.333"
60,0,"-823.335","-864.507","144.503","87.6342","30.048","141.117","1.59807","-1.44382","183.649","2.95573","-2.29352","183.337"
61,0,"-823.418","-864.493","144.565","87.6154","30.0409","141.098","1.63046","-1.3845","183.663","2.94449","-2.32706","183.353"
62,0,"-823.445","-864.505","144.605","87.6259","30.0509","141.11","1.63936","-1.26464","183.636","2.95844","-2.3089","183.35"
63,0,"-823.451","-864.535","144.621","87.5676","29.8533","141.221","1.65978","-1.10527","183.611","2.89154","-2.04937","183.297"
64,0,"-823.432","-864.541","144.599","87.6146","29.9809","141.135","1.71027","-1.03882","183.6","2.9452","-2.253","183.312"
65,0,"-823.534","-864.849","144.459","87.6216","29.8751","141.213","1.80137","-0.539386","183.51","2.87243","-2.03623","183.324"
66,0,"-823.546","-864.953","144.399","87.6238","30.0178","141.144","1.85503","-0.360564","183.465","2.94632","-2.26144","183.329"
67,0,"-823.792","-865.617","144.101","87.6192","29.8436","141.257","1.97775","0.632128","183.285","2.88768","-2.01066","183.276"
68,0,"-823.801","-865.633","144.083","87.6246","30.1002","141.111","2.01708","0.635449","183.267","2.95774","-2.32471","183.359"
69,0,"-823.848","-865.625","144.131","87.5756","29.8562","141.248","2.02046","0.651596","183.283","2.8835","-2.0079","183.299"
70,0,"-823.857","-865.634","144.151","87.5976","29.9956","141.159","2.02496","0.627307","183.278","2.93113","-2.23473","183.334"
71,0,"-823.888","-865.63","144.168","87.5827","30.0316","141.133","2.06249","0.528077","183.285","2.93679","-2.2554","183.336"
72,0,"-823.922","-865.606","144.188","87.5825","30.0168","141.164","2.10341","0.451353","183.3","2.91736","-2.22719","183.352"
73,0,"-823.963","-865.59","144.259","87.5702","30.0559","141.178","2.12344","0.300493","183.308","2.91829","-2.18417","183.358"
74,0,"-824.021","-865.547","144.294","87.5753","30.0205","141.172","2.18881","0.149193","183.33","2.93432","-2.15601","183.311"
75,0,"-824.093","-865.536","144.39","87.5586","30.11","141.202","2.18488","0.0229509","183.347","2.91679","-2.21046","183.357"
76,0,"-824.138","-865.471","144.436","87.5149","29.819","141.359","2.24588","-0.12403","183.372","2.81064","-1.82303","183.28"
77,0,"-824.183","-865.452","144.479","87.5649","30.0534","141.257","2.30076","-0.302138","183.385","2.89228","-2.08756","183.34"
78,0,"-824.228","-865.408","144.508","87.5767","30.0387","141.195","2.34345","-0.410891","183.401","2.90508","-2.18084","183.336"
79,0,"-824.256","-865.372","144.573","87.5727","30.0468","141.22","2.34579","-0.446791","183.434","2.91468","-2.18069","183.355"
80,0,"-824.297","-865.394","144.556","87.5785","30.0286","141.184","2.37468","-0.545172","183.41","2.92009","-2.15718","183.333"
81,0,"-824.301","-865.375","144.591","87.5081","30.1385","141.291","2.38313","-0.540312","183.426","2.88006","-2.10688","183.353"
82,0,"-824.302","-865.375","144.62","87.4944","30.0138","141.345","2.38063","-0.581836","183.424","2.83328","-1.95122","183.324"
83,0,"-824.305","-865.367","144.628","87.5647","30.0539","141.21","2.40549","-0.63457","183.424","2.91088","-2.18748","183.345"
84,0,"-824.301","-865.377","144.614","87.5568","30.0337","141.182","2.40892","-0.638893","183.421","2.91557","-2.2055","183.34"
85,0,"-824.292","-865.374","144.624","87.5899","30.0268","141.163","2.40769","-0.635657","183.423","2.92924","-2.23515","183.337"
86,0,"-824.31","-865.353","144.598","87.6015","29.869","141.244","2.43206","-0.650104","183.437","2.88991","-1.99907","183.292"
87,0,"-824.318","-865.331","144.609","87.5881","29.8292","141.251","2.42775","-0.653426","183.454","2.86284","-2.02136","183.309"
88,0,"-824.313","-865.361","144.618","87.5872","29.9217","141.148","2.41425","-0.656818","183.428","2.95276","-2.20829","183.293"
89,0,"-824.332","-865.389","144.614","87.6257","29.8911","141.254","2.41087","-0.63431","183.423","2.8848","-2.03342","183.299"
90,0,"-824.323","-865.354","144.618","87.5816","29.8007","141.24","2.4207","-0.653794","183.434","2.86211","-1.98519","183.302"
91,0,"-824.342","-865.362","144.632","87.6247","30.0133","141.139","2.41609","-0.649372","183.437","2.94126","-2.28916","183.349"
92,0,"-824.327","-865.343","144.616","87.6009","29.8866","141.196","2.41368","-0.660173","183.444","2.89355","-2.07335","183.319"
93,0,"-824.325","-865.369","144.609","87.6483","30.0957","141.112","2.41696","-0.651342","183.429","2.94817","-2.31268","183.37"
94,0,"-824.31","-865.354","144.617","87.6573","30.0475","141.091","2.4169","-0.656394","183.43","2.95573","-2.29693","183.343"
95,0,"-824.323","-865.366","144.618","87.6246","29.9923","141.112","2.39733","-0.625471","183.437","2.9472","-2.27364","183.317"
96,0,"-824.32","-865.365","144.622","87.5529","29.8428","141.262","2.39366","-0.641964","183.435","2.86292","-2.00624","183.294"
97,0,"-824.315","-865.366","144.623","87.6056","30.052","141.129","2.40466","-0.651198","183.422","2.91335","-2.30873","183.363"
98,0,"-824.31","-865.356","144.65","87.5878","29.9996","141.107","2.39085","-0.685482","183.437","2.90877","-2.29713","183.345"
99,0,"-824.305","-865.355","144.662","87.5451","29.9249","141.149","2.38876","-0.705281","183.432","2.86777","-2.23527","183.323"
100,0,"-824.292","-865.289","144.665","87.5646","30.0047","141.096","2.39154","-0.766077","183.452","2.85915","-2.30045","183.346"
101,0,"-824.281","-865.24","144.703","87.5038","29.9487","141.133","2.36474","-0.824847","183.467","2.78404","-2.28722","183.337"
102,0,"-824.263","-865.16","144.741","87.4649","29.8752","141.143","2.34764","-0.978625","183.501","2.70759","-2.21437","183.335"
103,0,"-824.231","-865.044","144.808","87.4491","29.7587","141.248","2.32044","-1.10268","183.541","2.58095","-1.99217","183.311"
104,0,"-824.208","-864.99","144.845","87.3909","29.864","141.11","2.29787","-1.29262","183.545","2.58954","-2.27832","183.344"
105,0,"-824.161","-864.869","144.905","87.3511","30.0335","141.078","2.2757","-1.4068","183.587","2.57307","-2.4196","183.401"
106,0,"-824.105","-864.773","144.938","87.2735","29.7034","141.229","2.24097","-1.49442","183.607","2.42243","-2.03887","183.325"
107,0,"-824.042","-864.689","144.951","87.2275","29.6917","141.214","2.25025","-1.59333","183.621","2.40671","-2.05474","183.319"
108,0,"-824.121","-864.856","144.831","87.2036","29.6749","141.256","2.32836","-1.34656","183.569","2.34694","-2.00237","183.324"
109,0,"-823.997","-864.722","144.896","87.2498","29.8756","141.096","2.26077","-1.54127","183.591","2.4338","-2.3552","183.368"
110,0,"-823.968","-864.724","144.902","87.2686","29.983","141.089","2.24047","-1.47395","183.586","2.43548","-2.41242","183.381"
111,0,"-824.316","-865.368","144.597","87.2257","29.9052","141.113","2.4297","-0.657326","183.429","2.3972","-2.33585","183.382"
112,0,"-824.308","-865.332","144.615","87.2421","29.9275","141.095","2.42045","-0.648941","183.454","2.38952","-2.40319","183.399"
113,0,"-824.318","-865.334","144.604","87.2014","29.5943","141.237","2.41584","-0.634234","183.446","2.30319","-1.95542","183.306"
114,0,"-824.322","-865.348","144.592","87.2329","29.847","141.131","2.43697","-0.66358","183.445","2.39552","-2.26843","183.357"
115,0,"-824.357","-865.343","144.623","87.2353","29.6847","141.225","2.39537","-0.616985","183.45","2.3119","-2.04916","183.327"
116,0,"-824.361","-865.371","144.629","87.2328","29.8178","141.106","2.37644","-0.621371","183.424","2.39002","-2.27367","183.359"
117,0,"-824.371","-865.365","144.635","87.2398","29.8782","141.094","2.35812","-0.604181","183.433","2.40717","-2.33946","183.371"
118,0,"-824.361","-865.353","144.668","87.232","29.8288","141.145","2.35382","-0.594988","183.443","2.38294","-2.27081","183.352"
119,0,"-824.331","-865.336","144.632","87.2372","29.9085","141.094","2.36965","-0.60427","183.442","2.39782","-2.34861","183.386"
120,0,"-824.336","-865.353","144.634","87.2293","29.8551","141.131","2.37307","-0.624261","183.438","2.37829","-2.27042","183.371"
121,0,"-824.312","-865.336","144.611","87.1974","29.6405","141.243","2.4091","-0.660483","183.445","2.30811","-2.01826","183.303"
122,0,"-824.314","-865.356","144.626","87.207","29.6817","141.246","2.39754","-0.650212","183.435","2.30546","-2.03389","183.331"
123,0,"-824.319","-865.346","144.62","87.2285","29.9405","141.086","2.42136","-0.642269","183.441","2.40428","-2.36255","183.394"
124,0,"-824.309","-865.352","144.634","87.2124","29.8509","141.149","2.40905","-0.652856","183.44","2.3829","-2.27662","183.364"
125,0,"-824.321","-865.353","144.622","87.2591","29.9061","141.119","2.39743","-0.632984","183.441","2.37595","-2.29545","183.372"
126,0,"-824.325","-865.378","144.621","87.2297","29.8719","141.117","2.41762","-0.655319","183.424","2.38563","-2.3383","183.373"
127,0,"-824.325","-865.364","144.645","87.1976","29.6569","141.26","2.39157","-0.594284","183.428","2.30531","-1.985","183.321"
128,0,"-824.319","-865.356","144.617","87.2046","29.6585","141.247","2.42316","-0.674042","183.442","2.30686","-2.02317","183.321"
129,0,"-824.303","-865.333","144.587","87.2628","29.8964","141.093","2.44518","-0.669479","183.439","2.38124","-2.30435","183.37"
130,0,"-824.313","-865.349","144.639","87.2437","29.8496","141.156","2.40685","-0.645644","183.431","2.378","-2.28401","183.366"
131,0,"-824.323","-865.369","144.613","87.2184","29.6722","141.225","2.4059","-0.644119","183.429","2.29576","-2.02119","183.342"
132,0,"-824.329","-865.365","144.63","87.1953","29.701","141.233","2.40331","-0.641581","183.431","2.33522","-2.08174","183.335"
133,0,"-824.328","-865.351","144.602","87.1947","29.7005","141.212","2.43394","-0.688201","183.436","2.32085","-2.05071","183.341"
134,0,"-824.331","-865.335","144.631","87.2075","29.8329","141.161","2.41179","-0.650877","183.454","2.36461","-2.23181","183.372"
135,0,"-824.32","-865.357","144.609","87.1908","29.9679","141.103","2.42264","-0.678319","183.429","2.40295","-2.35721","183.395"
136,0,"-824.299","-865.313","144.632","87.1945","29.7495","141.27","2.4087","-0.681153","183.447","2.30514","-2.00657","183.338"
137,0,"-824.285","-865.302","144.645","87.1411","29.7301","141.289","2.38812","-0.731757","183.442","2.28364","-1.96053","183.326"
138,0,"-824.277","-865.313","144.684","87.1505","29.6941","141.318","2.36237","-0.774813","183.438","2.27404","-1.90342","183.321"
139,0,"-824.272","-865.286","144.749","87.1684","29.9536","141.222","2.30186","-0.821163","183.445","2.3364","-2.21008","183.376"
140,0,"-824.255","-865.221","144.797","87.1382","29.7103","141.354","2.28867","-0.979237","183.459","2.24664","-1.90236","183.348"
141,0,"-824.236","-865.14","144.864","87.1462","29.9367","141.228","2.2109","-1.08049","183.469","2.33332","-2.14593","183.378"
142,0,"-824.235","-865.14","144.967","87.1158","29.721","141.371","2.14532","-1.17132","183.466","2.25579","-1.9148","183.326"
143,0,"-824.214","-865.029","145.031","87.1582","29.867","141.356","2.10066","-1.30468","183.495","2.27758","-1.91773","183.341"
144,0,"-824.214","-865.011","145.104","87.1029","29.9111","141.3","2.00668","-1.36211","183.492","2.31165","-2.08194","183.364"
145,0,"-824.222","-865.007","145.171","87.1458","29.994","141.266","1.90493","-1.3498","183.485","2.29837","-2.10671","183.408"
146,0,"-824.23","-864.996","145.24","87.1335","30.0286","141.289","1.83323","-1.36838","183.479","2.31534","-2.11981","183.394"
147,0,"-824.25","-865.012","145.293","87.1185","29.9729","141.309","1.74399","-1.30286","183.472","2.29241","-2.06193","183.379"
148,0,"-824.276","-865.023","145.312","87.1196","30.0492","141.288","1.72484","-1.32551","183.473","2.30966","-2.1673","183.404"
149,0,"-824.28","-864.979","145.359","87.0743","29.7886","141.367","1.66536","-1.37257","183.478","2.24501","-1.87214","183.335"
150,0,"-824.313","-865.015","145.413","87.0795","29.9106","141.311","1.61047","-1.36192","183.467","2.29674","-2.05125","183.378"
151,0,"-824.344","-864.991","145.423","87.1141","30.0417","141.276","1.59155","-1.34871","183.486","2.3165","-2.15875","183.413"
152,0,"-824.364","-864.994","145.481","87.1115","29.9295","141.316","1.5666","-1.38848","183.484","2.29608","-2.0689","183.386"
153,0,"-824.41","-865","145.462","87.1249","29.9304","141.283","1.55784","-1.40304","183.49","2.29928","-2.03059","183.368"
154,0,"-824.437","-864.997","145.531","87.1305","29.9562","141.295","1.52989","-1.43873","183.496","2.31206","-2.07507","183.37"
155,0,"-824.478","-865.021","145.56","87.1222","29.8687","141.284","1.52204","-1.48076","183.503","2.3015","-2.01963","183.334"
156,0,"-824.504","-865.003","145.593","87.1599","30.0158","141.282","1.51581","-1.55382","183.522","2.29369","-2.11744","183.409"
157,0,"-824.516","-864.991","145.594","87.0784","29.6647","141.385","1.51565","-1.61198","183.528","2.22966","-1.78803","183.309"
158,0,"-824.55","-864.988","145.655","87.1093","29.9212","141.298","1.49588","-1.62022","183.541","2.29876","-2.08508","183.387"
159,0,"-824.566","-864.974","145.661","87.1031","29.9252","141.288","1.50025","-1.65627","183.552","2.32465","-2.06722","183.377"
160,0,"-824.583","-865","145.688","87.113","30.026","141.288","1.49147","-1.65765","183.546","2.31148","-2.16362","183.415"
161,0,"-824.574","-864.974","145.663","87.1124","29.9886","141.283","1.50087","-1.70119","183.549","2.30511","-2.06295","183.396"
162,0,"-824.597","-865.015","145.677","87.0766","29.8641","141.327","1.49883","-1.67805","183.543","2.28886","-2.03448","183.365"
163,0,"-824.594","-865","145.689","87.1366","29.9509","141.317","1.5039","-1.70212","183.545","2.28923","-2.03417","183.376"
164,0,"-824.643","-865.017","145.648","87.0591","29.6773","141.396","1.5209","-1.57732","183.568","2.23622","-1.8012","183.302"
165,0,"-824.597","-864.992","145.662","87.1538","30.0564","141.243","1.49559","-1.72328","183.548","2.3211","-2.13471","183.392"
166,0,"-824.591","-864.967","145.692","87.0687","29.6585","141.426","1.5007","-1.72928","183.553","2.2339","-1.7628","183.301"
167,0,"-824.598","-864.986","145.694","87.1408","29.9282","141.291","1.48675","-1.68655","183.558","2.31864","-2.05493","183.357"
168,0,"-824.607","-864.984","145.699","87.1298","29.9711","141.308","1.49957","-1.69947","183.55","2.30453","-2.06454","183.401"
169,0,"-824.615","-865.001","145.693","87.0792","29.7347","141.387","1.49022","-1.72214","183.548","2.24292","-1.85623","183.319"
170,0,"-824.613","-864.992","145.698","87.061","29.7003","141.393","1.49701","-1.72058","183.548","2.21568","-1.84212","183.316"
171,0,"-824.61","-865.014","145.694","87.07","29.7143","141.41","1.49504","-1.68821","183.545","2.17598","-1.81477","183.333"
172,0,"-824.596","-864.987","145.7","87.1668","30.0126","141.299","1.49199","-1.72346","183.558","2.34044","-2.09306","183.387"
173,0,"-824.589","-864.981","145.68","87.4035","30.1285","141.288","1.48918","-1.69877","183.551","2.69548","-2.09517","183.374"
174,0,"-824.601","-865.009","145.685","87.4393","30.0698","141.311","1.50491","-1.72042","183.546","2.86182","-2.04273","183.326"
175,0,"-824.6","-864.968","145.709","87.4785","30.2088","141.307","1.48284","-1.71383","183.563","2.87295","-2.14222","183.378"
176,0,"-824.595","-864.981","145.697","87.4656","30.077","141.326","1.492","-1.73246","183.558","2.87683","-1.98662","183.316"
177,0,"-824.615","-864.966","145.688","87.4532","30.0956","141.307","1.47602","-1.67308","183.568","2.85961","-2.05179","183.339"
178,0,"-824.631","-864.99","145.72","87.4598","30.1076","141.326","1.45847","-1.62747","183.563","2.87355","-2.03345","183.325"
179,0,"-824.618","-864.976","145.723","87.4283","29.8402","141.445","1.45865","-1.63361","183.57","2.80109","-1.72639","183.257"
180,0,"-824.603","-864.953","145.726","87.4643","30.0563","141.313","1.43906","-1.61952","183.576","2.8562","-2.02205","183.326"
181,0,"-824.599","-864.936","145.742","87.4778","30.1253","141.312","1.3928","-1.55393","183.585","2.85906","-2.05508","183.358"
182,0,"-824.587","-864.917","145.77","87.4131","29.9023","141.41","1.36857","-1.50466","183.609","2.80779","-1.81605","183.283"
183,0,"-824.583","-864.9","145.775","87.4617","30.1754","141.325","1.32869","-1.43146","183.627","2.87179","-2.06944","183.345"
184,0,"-824.589","-864.894","145.799","87.4294","30.1772","141.342","1.29874","-1.37111","183.637","2.86725","-2.07804","183.353"
185,0,"-824.577","-864.881","145.808","87.3814","29.9201","141.453","1.30152","-1.34278","183.652","2.80578","-1.76004","183.249"
186,0,"-824.555","-864.857","145.81","87.3728","30.1323","141.374","1.28112","-1.3582","183.66","2.84221","-1.99867","183.326"
187,0,"-824.552","-864.841","145.835","87.3988","30.0919","141.345","1.27028","-1.34307","183.68","2.84933","-2.03584","183.347"
188,0,"-824.525","-864.816","145.849","87.3001","30.1448","141.411","1.26444","-1.30966","183.688","2.85263","-1.98336","183.326"
189,0,"-824.517","-864.829","145.834","87.2507","29.9303","141.513","1.25083","-1.31913","183.686","2.78154","-1.72068","183.245"
190,0,"-824.507","-864.82","145.839","87.2412","30.0283","141.502","1.2499","-1.3043","183.681","2.82403","-1.75112","183.242"
191,0,"-824.514","-864.809","145.862","87.2105","30.0854","141.529","1.24056","-1.30023","183.694","2.82457","-1.77231","183.257"
192,0,"-824.522","-864.801","145.834","87.1793","30.0721","141.57","1.2255","-1.24765","183.691","2.80279","-1.73905","183.241"
193,0,"-824.543","-864.806","145.845","87.1865","30.254","141.452","1.21633","-1.22967","183.696","2.86382","-1.97537","183.295"
194,0,"-824.557","-864.806","145.845","87.1343","30.0676","141.562","1.23649","-1.27574","183.693","2.81766","-1.72897","183.213"
195,0,"-824.592","-864.81","145.857","87.0958","30.102","141.606","1.21956","-1.18161","183.703","2.80977","-1.72166","183.234"
196,0,"-824.58","-864.8","145.852","87.0285","30.0789","141.593","1.22549","-1.26347","183.699","2.82365","-1.75583","183.225"
197,0,"-824.597","-864.813","145.839","87.3197","30.221","141.355","1.2218","-1.22062","183.695","2.88657","-2.0878","183.327"
198,0,"-824.576","-864.789","145.852","87.5117","30.0616","141.191","1.217","-1.26669","183.698","2.92281","-2.18626","183.328"
199,0,"-824.591","-864.816","145.843","87.572","30.0752","141.163","1.22622","-1.22021","183.699","2.94598","-2.29664","183.353"
200,0,"-824.568","-864.825","145.824","87.5848","29.9535","141.161","1.22506","-1.23011","183.683","2.93371","-2.17742","183.317"
201,0,"-824.546","-864.854","145.82","87.5978","29.889","141.192","1.21068","-1.17192","183.671","2.89681","-2.08904","183.317"
202,0,"-824.513","-864.878","145.815","87.6257","30.0936","141.1","1.20877","-1.14349","183.653","2.95076","-2.33303","183.361"
203,0,"-824.52","-864.922","145.809","87.6438","30.106","141.105","1.19856","-1.0503","183.637","2.96128","-2.31929","183.356"
204,0,"-824.473","-864.927","145.802","87.5918","29.8361","141.227","1.18758","-0.997921","183.625","2.88114","-2.02039","183.302"
205,0,"-824.467","-864.989","145.774","87.6205","30.0001","141.141","1.19944","-0.925751","183.6","2.95272","-2.24634","183.315"
206,0,"-824.451","-864.977","145.788","87.6472","30.0112","141.098","1.14853","-0.895838","183.6","2.94334","-2.27767","183.335"
207,0,"-824.451","-865.04","145.765","87.6073","29.8624","141.253","1.17448","-0.844777","183.577","2.86842","-2.02552","183.301"
208,0,"-824.43","-865.052","145.768","87.648","30.1051","141.106","1.15463","-0.836437","183.564","2.96782","-2.33209","183.364"
209,0,"-824.407","-865.048","145.722","87.5803","29.7861","141.266","1.18342","-0.791354","183.557","2.84853","-1.93906","183.288"
210,0,"-824.406","-865.056","145.692","87.6204","30.0504","141.117","1.17448","-0.727519","183.563","2.94278","-2.27029","183.342"
211,0,"-824.447","-865.118","145.772","87.5661","29.8329","141.265","1.14026","-0.773796","183.538","2.88499","-1.99711","183.283"
212,0,"-824.433","-865.135","145.787","87.6017","30","141.12","1.1322","-0.776554","183.533","2.94518","-2.28159","183.339"
213,0,"-824.449","-865.142","145.789","87.5718","29.8476","141.238","1.12648","-0.758575","183.538","2.85431","-2.0005","183.321"
214,0,"-824.439","-865.131","145.8","87.6099","30.1198","141.068","1.11648","-0.762271","183.551","2.9686","-2.39541","183.374"
215,0,"-824.424","-865.133","145.803","87.623","30.0551","141.124","1.13476","-0.817629","183.547","2.93178","-2.29795","183.365"
216,0,"-824.406","-865.13","145.807","87.6459","30.1124","141.084","1.12514","-0.823482","183.551","2.95067","-2.33747","183.375"
217,0,"-824.403","-865.116","145.807","87.6159","29.9575","141.121","1.13717","-0.86128","183.554","2.94958","-2.25287","183.31"
218,0,"-824.395","-865.12","145.804","87.6417","29.9988","141.146","1.135","-0.862155","183.558","2.93682","-2.20428","183.315"
219,0,"-824.408","-865.101","145.826","87.654","29.9603","141.148","1.13252","-0.859045","183.567","2.91486","-2.19438","183.325"
220,0,"-824.404","-865.084","145.811","87.6063","29.9674","141.137","1.15644","-0.900004","183.572","2.93485","-2.22461","183.337"
221,0,"-824.403","-865.049","145.797","87.6154","30.0214","141.138","1.1678","-0.899518","183.584","2.94999","-2.25867","183.329"
222,0,"-824.453","-865.067","145.845","87.6108","30.0713","141.107","1.12924","-0.934529","183.589","2.95059","-2.32818","183.36"
223,0,"-824.476","-865.079","145.842","87.5965","30.0115","141.143","1.15433","-0.936494","183.581","2.94883","-2.25253","183.322"
224,0,"-824.463","-865.047","145.866","87.5915","29.9701","141.16","1.14048","-0.949302","183.596","2.94583","-2.24174","183.318"
225,0,"-824.461","-865.031","145.834","87.6088","29.984","141.144","1.14783","-0.976993","183.602","2.93868","-2.16811","183.322"
226,0,"-824.454","-865.023","145.835","87.583","30.0531","141.094","1.14009","-0.957643","183.61","2.95447","-2.31607","183.357"
227,0,"-824.452","-864.999","145.843","87.5894","30.0047","141.149","1.17937","-1.0726","183.61","2.93124","-2.24266","183.345"
228,0,"-824.453","-865.001","145.85","87.5585","29.7866","141.248","1.17896","-1.07062","183.622","2.86347","-1.96791","183.279"
229,0,"-824.469","-864.98","145.843","87.602","29.9839","141.12","1.18354","-1.0628","183.62","2.93376","-2.25488","183.339"
230,0,"-824.477","-864.972","145.841","87.623","30.0685","141.088","1.18695","-1.10893","183.631","2.94667","-2.34441","183.364"
231,0,"-824.484","-864.975","145.842","87.6186","29.8983","141.153","1.18257","-1.07049","183.635","2.94568","-2.1664","183.284"
232,0,"-824.483","-864.953","145.839","87.6067","29.9793","141.154","1.21243","-1.13555","183.639","2.93499","-2.24009","183.327"
233,0,"-824.493","-864.925","145.833","87.6199","29.9487","141.132","1.19539","-1.12109","183.65","2.92718","-2.19725","183.323"
234,0,"-824.483","-864.903","145.827","87.6692","29.9769","141.134","1.21242","-1.16257","183.661","2.93225","-2.214","183.314"
235,0,"-824.49","-864.887","145.834","87.6045","29.9988","141.123","1.2161","-1.18389","183.665","2.95353","-2.28101","183.326"
236,0,"-824.477","-864.874","145.845","87.6126","29.8398","141.251","1.2129","-1.18309","183.67","2.86205","-1.9963","183.313"
237,0,"-824.483","-864.865","145.844","87.6356","30.0236","141.144","1.20264","-1.18506","183.676","2.93229","-2.23264","183.351"
238,0,"-824.489","-864.85","145.836","87.6029","29.8262","141.241","1.21597","-1.2106","183.678","2.86432","-1.96139","183.29"
239,0,"-824.496","-864.848","145.858","87.58","29.7959","141.255","1.2039","-1.19236","183.684","2.86877","-1.97458","183.287"
240,0,"-824.485","-864.847","145.847","87.621","30.0304","141.143","1.23565","-1.2573","183.686","2.92863","-2.25834","183.344"
241,0,"-824.478","-864.818","145.83","87.6456","30.047","141.127","1.23522","-1.24319","183.688","2.93797","-2.22306","183.346"
242,0,"-824.483","-864.818","145.847","87.6847","30.0967","141.138","1.21885","-1.26169","183.695","2.94356","-2.24558","183.334"
243,0,"-824.484","-864.818","145.849","87.6441","29.9529","141.137","1.21989","-1.25052","183.697","2.92956","-2.22144","183.313"
244,0,"-824.493","-864.827","145.843","87.614","29.8049","141.259","1.24346","-1.26914","183.687","2.86785","-1.97457","183.299"
245,0,"-824.487","-864.822","145.825","87.6518","29.9949","141.15","1.24083","-1.27656","183.689","2.92022","-2.2162","183.336"
246,0,"-824.495","-864.824","145.825","87.6266","29.8376","141.231","1.2427","-1.27484","183.69","2.86291","-2.00653","183.301"
247,0,"-824.498","-864.813","145.843","87.6245","29.9713","141.174","1.23671","-1.29189","183.693","2.91421","-2.166","183.327"
248,0,"-824.504","-864.807","145.852","87.5792","29.9658","141.173","1.24497","-1.2891","183.695","2.93385","-2.20814","183.327"
249,0,"-824.503","-864.82","145.843","87.5728","30.013","141.137","1.23638","-1.2713","183.693","2.93781","-2.25102","183.352"
250,0,"-824.509","-864.834","145.829","87.5918","30.0454","141.154","1.24726","-1.27711","183.69","2.92061","-2.21289","183.347"
251,0,"-824.48","-864.805","145.839","87.5435","29.8873","141.297","1.24592","-1.30088","183.693","2.86","-1.94197","183.309"
252,0,"-824.494","-864.821","145.849","87.564","30.0983","141.159","1.22148","-1.25302","183.7","2.93781","-2.26331","183.363"
253,0,"-824.491","-864.828","145.836","87.5478","30.0263","141.186","1.22662","-1.21971","183.693","2.91339","-2.16388","183.34"
254,0,"-824.492","-864.811","145.842","87.5496","30.0343","141.238","1.22713","-1.26654","183.697","2.88004","-2.12395","183.352"
255,0,"-824.5","-864.822","145.847","87.5161","29.9886","141.258","1.23211","-1.27875","183.695","2.88236","-2.04317","183.311"
256,0,"-824.506","-864.808","145.847","87.5006","30.0362","141.286","1.24774","-1.28538","183.695","2.88111","-2.0769","183.341"
257,0,"-824.502","-864.821","145.834","87.4994","30.0349","141.285","1.23414","-1.26608","183.688","2.86996","-2.0783","183.336"
258,0,"-824.514","-864.812","145.838","87.5017","30.0642","141.281","1.24893","-1.29002","183.694","2.86274","-2.06557","183.339"
259,0,"-824.524","-864.826","145.83","87.4356","29.9027","141.378","1.24047","-1.26852","183.691","2.82389","-1.85905","183.29"
260,0,"-824.532","-864.809","145.844","87.4787","30.0972","141.316","1.23069","-1.26629","183.696","2.85637","-2.06823","183.349"
261,0,"-824.51","-864.809","145.84","87.4756","30.1235","141.279","1.23184","-1.27085","183.693","2.87018","-2.09973","183.347"
262,0,"-824.528","-864.827","145.822","87.4616","30.1407","141.294","1.23101","-1.25446","183.691","2.86803","-2.07532","183.35"
263,0,"-824.519","-864.823","145.828","87.4438","30.1349","141.311","1.23746","-1.27465","183.693","2.86466","-2.0689","183.357"
264,0,"-824.539","-864.812","145.853","87.4012","29.8926","141.428","1.22568","-1.25977","183.697","2.81135","-1.78903","183.283"
265,0,"-824.524","-864.796","145.844","87.4293","30.105","141.312","1.23673","-1.29257","183.696","2.86863","-2.06889","183.341"
266,0,"-824.539","-864.798","145.837","87.4421","30.1419","141.317","1.25235","-1.31721","183.695","2.86045","-2.09264","183.354"
267,0,"-824.54","-864.8","145.85","87.4486","29.9143","141.422","1.24055","-1.31884","183.696","2.82534","-1.8038","183.271"
268,0,"-824.537","-864.805","145.836","87.4473","30.0727","141.333","1.23282","-1.2756","183.696","2.85872","-2.02809","183.345"
269,0,"-824.521","-864.789","145.845","87.4592","30.0717","141.32","1.23337","-1.28652","183.696","2.86099","-2.01216","183.335"
270,0,"-824.546","-864.815","145.823","87.4677","30.0786","141.325","1.23572","-1.25925","183.691","2.8702","-2.03002","183.312"
271,0,"-824.527","-864.798","145.834","87.4797","30.0895","141.306","1.23598","-1.29512","183.696","2.8617","-2.03076","183.347"
272,0,"-824.54","-864.797","145.845","87.4523","30.0635","141.335","1.22789","-1.25141","183.703","2.84943","-2.01834","183.333"
273,0,"-824.528","-864.801","145.842","87.4666","30.1126","141.319","1.23756","-1.27521","183.696","2.85564","-2.05794","183.349"
274,0,"-824.546","-864.813","145.832","87.471","30.1289","141.278","1.23303","-1.28658","183.692","2.86339","-2.06053","183.363"
275,0,"-824.547","-864.824","145.852","87.4713","30.1421","141.343","1.22301","-1.23592","183.698","2.87247","-2.03637","183.333"
276,0,"-824.534","-864.796","145.84","87.4442","30.0646","141.303","1.23629","-1.29778","183.689","2.85811","-2.01733","183.337"
277,0,"-824.52","-864.811","145.838","87.461","30.112","141.31","1.23711","-1.29229","183.696","2.86891","-2.03853","183.343"
278,0,"-824.52","-864.798","145.827","87.4598","30.1578","141.304","1.23519","-1.27499","183.699","2.85409","-2.07038","183.369"
279,0,"-824.512","-864.813","145.835","87.4134","29.8483","141.42","1.2317","-1.2769","183.695","2.82029","-1.76465","183.252"
280,0,"-824.529","-864.828","145.83","87.4869","30.1285","141.293","1.24468","-1.25112","183.686","2.87255","-2.04089","183.335"
281,0,"-824.533","-864.819","145.839","87.4674","30.2006","141.3","1.24038","-1.29306","183.693","2.88401","-2.1233","183.367"
282,0,"-824.544","-864.808","145.835","87.4698","30.1484","141.304","1.23858","-1.27645","183.693","2.86557","-2.07605","183.357"
283,0,"-824.567","-864.825","145.837","87.4479","30.0765","141.32","1.23194","-1.24006","183.696","2.85803","-2.05087","183.35"
284,0,"-824.575","-864.802","145.846","87.452","30.0892","141.314","1.22757","-1.23501","183.699","2.8739","-2.0428","183.327"
285,0,"-824.556","-864.808","145.87","87.4708","30.0094","141.357","1.22245","-1.27512","183.697","2.84699","-1.98278","183.314"
286,0,"-824.561","-864.819","145.825","87.4576","30.0789","141.306","1.23503","-1.27583","183.69","2.85763","-2.00127","183.326"
287,0,"-824.584","-864.798","145.84","87.4358","29.895","141.407","1.2305","-1.21256","183.706","2.81683","-1.84696","183.284"
288,0,"-824.56","-864.797","145.861","87.475","30.1569","141.296","1.2084","-1.23721","183.702","2.86831","-2.08549","183.351"
289,0,"-824.54","-864.8","145.839","87.4321","30.001","141.356","1.24162","-1.30827","183.69","2.82865","-1.96589","183.325"
290,0,"-824.551","-864.8","145.811","87.4275","30.106","141.282","1.25122","-1.30931","183.696","2.88193","-2.07138","183.343"
291,0,"-824.566","-864.818","145.847","87.4494","30.1548","141.298","1.226","-1.23641","183.698","2.87847","-2.10641","183.361"
292,0,"-824.556","-864.799","145.844","87.4595","30.1253","141.302","1.232","-1.30242","183.696","2.86799","-2.05391","183.354"
293,0,"-824.562","-864.812","145.848","87.4685","30.0564","141.318","1.23262","-1.26945","183.697","2.86153","-2.02197","183.342"
294,0,"-824.56","-864.795","145.834","87.4716","30.1075","141.313","1.23257","-1.28798","183.692","2.85947","-2.03544","183.354"
295,0,"-824.622","-864.857","145.787","87.458","30.0605","141.328","1.26867","-1.14615","183.704","2.88603","-2.0369","183.33"
296,0,"-824.571","-864.828","145.823","87.4697","30.0529","141.305","1.23651","-1.26548","183.683","2.86784","-2.04128","183.327"
297,0,"-824.562","-864.809","145.861","87.4314","29.8087","141.437","1.23416","-1.2715","183.695","2.78926","-1.78839","183.269"
298,0,"-824.559","-864.794","145.817","87.5034","30.082","141.291","1.23506","-1.29787","183.691","2.86485","-1.99789","183.338"
299,0,"-824.579","-864.816","145.84","87.4648","30.1245","141.33","1.24291","-1.25935","183.694","2.85975","-2.07574","183.354"
300,0,"-824.585","-864.803","145.854","87.4774","30.1777","141.266","1.21373","-1.24091","183.705","2.89231","-2.13426","183.351"
301,0,"-824.576","-864.813","145.841","87.4095","29.8808","141.44","1.23958","-1.29299","183.694","2.79726","-1.78308","183.29"
302,0,"-824.583","-864.827","145.815","87.4527","30.0466","141.296","1.24717","-1.2623","183.688","2.853","-1.98671","183.332"
303,0,"-824.58","-864.818","145.832","87.4042","30.0536","141.325","1.25735","-1.25943","183.698","2.86663","-2.0279","183.342"
304,0,"-824.57","-864.82","145.821","87.4401","30.1134","141.307","1.25034","-1.28426","183.697","2.87003","-2.05219","183.34"
305,0,"-824.554","-864.804","145.836","87.4444","30.0488","141.336","1.24151","-1.30518","183.69","2.84427","-2.02413","183.339"
306,0,"-824.552","-864.789","145.829","87.4631","30.1177","141.278","1.21823","-1.26202","183.693","2.87557","-2.08072","183.355"
307,0,"-824.573","-864.818","145.838","87.4331","30.0543","141.306","1.24528","-1.30482","183.696","2.86692","-2.03888","183.333"
308,0,"-824.559","-864.792","145.835","87.4435","30.0902","141.298","1.24186","-1.3026","183.696","2.86727","-2.05789","183.344"
309,0,"-824.567","-864.792","145.862","87.4507","29.942","141.438","1.22689","-1.28143","183.692","2.81938","-1.82819","183.284"
310,0,"-824.581","-864.797","145.83","87.4761","30.0245","141.313","1.24736","-1.3008","183.693","2.86482","-1.97125","183.319"
311,0,"-824.58","-864.819","145.839","87.435","29.9855","141.353","1.24593","-1.27211","183.692","2.8436","-1.96418","183.324"
312,0,"-824.566","-864.793","145.867","87.4561","30.0445","141.323","1.2043","-1.23985","183.703","2.87316","-2.01616","183.327"
313,0,"-824.558","-864.808","145.849","87.4786","30.1266","141.305","1.2389","-1.2815","183.693","2.87036","-2.08755","183.359"
314,0,"-824.555","-864.808","145.809","87.4443","30.08","141.302","1.23231","-1.26859","183.69","2.86837","-2.0496","183.333"
315,0,"-824.559","-864.818","145.823","87.4341","29.9875","141.328","1.2401","-1.26388","183.692","2.83392","-1.97778","183.318"
316,0,"-824.58","-864.835","145.819","87.4638","30.1352","141.282","1.25628","-1.25288","183.696","2.86762","-2.07613","183.354"
317,0,"-824.569","-864.806","145.844","87.4486","30.1306","141.303","1.23343","-1.29042","183.695","2.87505","-2.10019","183.367"
318,0,"-824.569","-864.787","145.838","87.4119","29.8876","141.401","1.21519","-1.2802","183.702","2.80696","-1.80011","183.281"
319,0,"-824.571","-864.811","145.837","87.4526","30.0099","141.332","1.24276","-1.29624","183.694","2.86246","-1.94073","183.304"
320,0,"-824.572","-864.818","145.837","87.402","29.8515","141.404","1.23314","-1.26864","183.693","2.81154","-1.80993","183.278"
321,0,"-824.548","-864.798","145.841","87.4459","29.8755","141.406","1.24113","-1.29812","183.696","2.80658","-1.82953","183.287"
322,0,"-824.566","-864.832","145.808","87.4812","30.0902","141.292","1.2381","-1.24424","183.689","2.85206","-2.01404","183.35"
323,0,"-824.564","-864.814","145.825","87.4769","30.0895","141.309","1.25017","-1.29532","183.695","2.86578","-2.03392","183.353"
324,0,"-824.559","-864.81","145.848","87.448","30.0523","141.324","1.23928","-1.30075","183.701","2.85832","-2.04595","183.329"
325,0,"-824.578","-864.811","145.835","87.4491","30.0541","141.32","1.23457","-1.25931","183.696","2.86155","-2.03267","183.323"
326,0,"-824.582","-864.807","145.831","87.4616","30.0618","141.354","1.21748","-1.21901","183.702","2.85059","-1.96412","183.318"
327,0,"-824.593","-864.831","145.836","87.4458","30.0936","141.297","1.23479","-1.2302","183.702","2.88202","-2.07744","183.335"
328,0,"-824.621","-864.865","145.79","87.4461","30.0849","141.309","1.28656","-1.14911","183.704","2.866","-2.04128","183.347"
329,0,"-824.557","-864.815","145.838","87.4761","30.1226","141.322","1.24314","-1.27378","183.692","2.87998","-2.01514","183.32"
330,0,"-824.551","-864.803","145.834","87.4611","30.178","141.3","1.22864","-1.29612","183.698","2.89113","-2.108","183.349"
331,0,"-824.539","-864.795","145.843","87.4413","30.0765","141.337","1.21766","-1.24405","183.7","2.85596","-2.04384","183.328"
332,0,"-824.541","-864.817","145.827","87.437","30.0519","141.3","1.23848","-1.28535","183.691","2.86605","-2.03963","183.341"
333,0,"-824.547","-864.806","145.841","87.4651","30.1248","141.337","1.2346","-1.2705","183.695","2.85688","-2.04697","183.351"
334,0,"-824.553","-864.831","145.817","87.4727","30.0944","141.3","1.23899","-1.25483","183.691","2.86464","-2.02822","183.347"
335,0,"-824.561","-864.819","145.817","87.468","30.0855","141.322","1.24511","-1.28871","183.697","2.84687","-2.01617","183.343"
336,0,"-824.563","-864.815","145.845","87.46","30.069","141.323","1.2183","-1.24613","183.692","2.87362","-2.04993","183.326"
337,0,"-824.555","-864.799","145.849","87.4657","30.0904","141.32","1.24858","-1.30627","183.693","2.85191","-2.02525","183.354"
338,0,"-824.57","-864.805","145.84","87.4673","30.0925","141.29","1.21029","-1.25567","183.709","2.86474","-2.07776","183.346"
339,0,"-824.549","-864.806","145.833","87.4345","29.8982","141.397","1.23312","-1.29676","183.698","2.80073","-1.83661","183.296"
340,0,"-824.544","-864.804","145.852","87.4569","30.0368","141.339","1.21406","-1.25099","183.699","2.85116","-2.0184","183.324"
341,0,"-824.537","-864.808","145.834","87.4634","30.1087","141.296","1.22837","-1.26198","183.702","2.87578","-2.0839","183.346"
342,0,"-824.54","-864.805","145.827","87.4261","29.9443","141.396","1.25378","-1.31278","183.695","2.81342","-1.82873","183.304"
343,0,"-824.529","-864.797","145.831","87.4683","30.1115","141.287","1.2456","-1.31637","183.698","2.85787","-2.03966","183.348"
344,0,"-824.556","-864.795","145.837","87.4573","30.0879","141.321","1.22843","-1.27394","183.7","2.8772","-2.02085","183.326"
345,0,"-824.549","-864.803","145.831","87.4403","30.0356","141.309","1.2452","-1.29965","183.7","2.86139","-2.03412","183.324"
346,0,"-824.603","-864.858","145.788","87.4611","30.1298","141.32","1.2624","-1.16854","183.701","2.85854","-2.08683","183.351"
347,0,"-824.565","-864.818","145.816","87.4139","29.8882","141.39","1.23626","-1.26071","183.695","2.81475","-1.82411","183.292"
348,0,"-824.562","-864.817","145.85","87.4527","30.0235","141.32","1.22806","-1.28678","183.695","2.85922","-2.0424","183.327"
349,0,"-824.556","-864.818","145.839","87.4011","29.8091","141.412","1.22476","-1.26361","183.696","2.80356","-1.78867","183.26"
350,0,"-824.618","-864.869","145.758","87.4717","30.0624","141.309","1.3023","-1.16043","183.698","2.87568","-2.04538","183.343"
351,0,"-824.565","-864.838","145.841","87.43","29.9561","141.325","1.21405","-1.26168","183.699","2.84817","-1.98035","183.31"
352,0,"-824.577","-864.817","145.843","87.4621","30.0286","141.297","1.21924","-1.26046","183.705","2.87621","-2.03835","183.329"
353,0,"-824.572","-864.84","145.83","87.4854","30.0418","141.28","1.24151","-1.30918","183.697","2.88142","-2.07836","183.348"
354,0,"-824.584","-864.847","145.819","87.4267","29.8878","141.324","1.25232","-1.30336","183.692","2.85996","-1.97802","183.302"
355,0,"-824.567","-864.814","145.824","87.483","29.9649","141.301","1.22753","-1.29517","183.696","2.84213","-2.03581","183.339"
356,0,"-824.596","-864.855","145.809","87.4497","29.9167","141.32","1.26013","-1.27734","183.692","2.8361","-2.00952","183.331"
357,0,"-824.599","-864.852","145.804","87.4561","29.7709","141.399","1.24497","-1.2617","183.698","2.80088","-1.80514","183.265"
358,0,"-824.61","-864.833","145.824","87.4936","29.7851","141.38","1.22719","-1.30434","183.698","2.78858","-1.85178","183.283"
359,0,"-824.642","-864.863","145.786","87.5079","29.8115","141.345","1.2555","-1.27693","183.696","2.78358","-1.85272","183.293"
360,0,"-824.756","-864.954","145.719","87.5497","29.996","141.283","1.31533","-1.05289","183.702","2.8486","-2.12677","183.361"
361,0,"-824.721","-864.869","145.768","87.5794","29.9944","141.22","1.27338","-1.24028","183.694","2.85674","-2.16453","183.358"
362,0,"-824.785","-864.866","145.769","87.6294","30.0657","141.212","1.23323","-1.1065","183.71","2.84923","-2.24602","183.377"
363,0,"-824.872","-864.91","145.706","87.5979","29.842","141.301","1.29228","-0.985565","183.727","2.79148","-1.99135","183.32"
364,0,"-824.809","-864.862","145.796","87.6685","30.0348","141.231","1.23453","-1.1516","183.709","2.85225","-2.21977","183.37"
365,0,"-824.778","-864.881","145.757","87.6683","29.9887","141.22","1.2678","-1.21559","183.695","2.84294","-2.16203","183.359"
366,0,"-824.742","-864.889","145.751","87.6604","29.767","141.318","1.27911","-1.22291","183.695","2.77902","-1.93089","183.295"
367,0,"-824.706","-864.888","145.736","87.707","29.7596","141.314","1.27518","-1.12165","183.718","2.7828","-1.91174","183.278"
368,0,"-824.62","-864.901","145.793","87.7494","30.0284","141.208","1.24195","-1.24975","183.701","2.87144","-2.20153","183.363"
369,0,"-824.52","-864.865","145.809","87.768","30.0446","141.206","1.23352","-1.3276","183.701","2.85777","-2.23544","183.363"
370,0,"-824.466","-864.881","145.815","87.7441","29.8084","141.35","1.23527","-1.31887","183.697","2.77013","-1.88857","183.311"
371,0,"-824.415","-864.871","145.793","87.7646","29.9149","141.302","1.23265","-1.29593","183.702","2.7968","-1.98583","183.322"
372,0,"-824.379","-864.864","145.818","87.7197","29.8014","141.347","1.23049","-1.32878","183.712","2.77666","-1.9135","183.313"
373,0,"-824.363","-864.888","145.807","87.7445","29.869","141.324","1.23945","-1.31298","183.706","2.80659","-1.94152","183.297"
374,0,"-824.347","-864.858","145.805","87.7167","29.8662","141.329","1.23951","-1.33633","183.706","2.79408","-1.95352","183.315"
375,0,"-824.354","-864.89","145.801","87.7168","29.8113","141.343","1.23355","-1.32762","183.701","2.78324","-1.88999","183.308"
376,0,"-824.379","-864.88","145.803","87.7259","29.9702","141.353","1.25018","-1.33649","183.7","2.79968","-1.95094","183.331"
377,0,"-824.415","-864.882","145.794","87.6499","29.9216","141.383","1.23756","-1.2834","183.698","2.77894","-1.90696","183.326"
378,0,"-824.434","-864.849","145.821","87.7623","30.0736","141.196","1.23025","-1.33544","183.701","2.89843","-2.23144","183.35"
379,0,"-824.464","-864.879","145.811","87.4642","29.7933","141.488","1.22712","-1.28871","183.693","2.75748","-1.68407","183.255"
380,0,"-824.489","-864.87","145.817","87.412","29.878","141.514","1.22626","-1.26023","183.69","2.77449","-1.66759","183.233"
381,0,"-824.501","-864.924","145.829","87.3422","30.1188","141.445","1.20179","-1.19819","183.665","2.84057","-1.96151","183.319"
382,0,"-824.502","-864.967","145.815","87.2405","29.9796","141.47","1.20369","-1.14927","183.643","2.81997","-1.82184","183.266"
383,0,"-824.462","-865.059","145.781","87.2505","30.2065","141.332","1.17736","-0.9807","183.597","2.87984","-2.08189","183.31"
384,0,"-824.415","-865.129","145.786","87.1534","30.1802","141.381","1.1472","-0.848056","183.555","2.85298","-2.11945","183.3"
385,0,"-824.211","-864.844","145.594","86.5185","29.7658","141.536","1.27243","-0.854678","183.612","2.77074","-1.79913","183.21"
386,0,"-824.278","-864.835","145.575","85.3212","29.5593","141.455","1.27684","-0.832129","183.6","2.88197","-2.05107","183.12"
387,0,"-824.573","-864.855","145.543","84.0262","29.1255","141.537","1.31667","-0.592435","183.638","2.51036","-1.53034","183.034"
388,0,"-825.331","-865.109","145.418","82.5418","29.5535","141.561","1.41278","-0.131631","183.613","2.54174","-1.78479","183.289"
389,0,"-826.214","-864.961","145.7","80.942","30.1024","141.435","1.28503","-0.83283","183.546","2.52653","-2.37773","183.382"
390,0,"-827.623","-864.951","145.748","78.9316","29.8583","141.466","1.31766","-0.940552","183.534","2.59992","-2.27623","183.344"
391,0,"-829.81","-865.178","145.266","76.6697","29.4157","141.683","1.38728","0.166528","183.552","2.52888","-1.78541","183.117"
392,0,"-831.761","-864.878","145.716","73.8355","29.0204","141.728","1.25532","-0.76394","183.505","2.65226","-1.67312","182.602"
393,0,"-834.425","-864.919","145.659","71.4681","29.2677","141.436","1.29377","-0.675781","183.547","2.81666","-1.35228","182.919"
394,0,"-837.341","-865.089","145.552","69.0758","28.3895","142.005","1.42983","-0.357029","183.475","2.48501","-0.982464","182.442"
395,0,"-840.163","-864.969","145.866","67.2403","29.1842","141.762","1.32095","-0.869459","183.414","2.52391","-1.69456","182.598"
396,0,"-843.242","-864.926","145.859","65.1048","29.8217","141.76","1.31169","-0.855873","183.365","2.6163","-2.10358","182.752"
397,0,"-846.621","-865.101","145.559","62.8547","29.5977","141.893","1.45795","-0.195292","183.353","2.49686","-1.66564","182.594"
398,0,"-849.568","-864.918","145.869","60.4988","29.0064","141.802","1.24999","-0.751021","183.243","2.5732","-1.99805","182.225"
399,0,"-852.684","-864.8","145.899","58.2992","28.9891","141.918","1.28957","-0.845399","183.212","2.4421","-1.546","182.087"
400,0,"-855.739","-864.81","145.973","56.164","29.2229","142.054","1.29374","-0.756207","183.168","2.36","-1.83012","182.034"
401,0,"-858.941","-865.031","145.673","54.1414","29.1973","142.057","1.46331","-0.0119864","183.114","2.40489","-1.81599","181.949"
402,0,"-861.733","-864.745","146.042","52.2892","29.3508","142.03","1.29692","-0.871233","183.014","2.34611","-1.80908","181.975"
403,0,"-864.698","-864.708","146.029","49.4464","29.5918","141.725","1.26601","-0.725104","182.945","2.55962","-1.53177","182.074"
404,0,"-867.675","-864.771","145.774","48.0073","29.4316","142.049","1.4975","-0.0702217","182.902","2.27948","-2.14374","181.709"
405,0,"-870.357","-864.469","146.122","45.9906","29.48","142.121","1.24658","-0.798378","182.803","2.24743","-2.10637","181.62"
406,0,"-873.173","-864.377","146.127","44.1393","29.7826","142.074","1.27634","-0.773573","182.725","2.19824","-2.17218","181.558"
407,0,"-876.206","-864.592","145.88","41.962","29.6594","142.101","1.50864","-0.107867","182.675","2.18563","-2.06352","181.431"
408,0,"-878.758","-864.169","146.247","40.0825","29.6684","142.078","1.27362","-0.78254","182.671","2.23005","-1.98645","181.332"
409,0,"-881.036","-864.216","145.885","38.1798","29.9361","142.103","0.833495","0.0904851","182.466","2.2859","-2.08779","181.292"
410,0,"-884.033","-864.384","145.591","33.2876","31.6102","141.251","1.05557","0.709975","182.38","1.31697","-1.93164","180.254"
411,0,"-886.643","-863.98","146.016","31.8875","32.0921","141.139","0.881658","-0.144286","182.32","2.103","-2.13321","180.491"
412,0,"-889.407","-863.726","146.077","29.684","31.5086","141.19","0.877477","-0.286859","182.271","2.08159","-1.96098","180.246"
413,0,"-892.659","-863.615","145.539","27.5277","31.4439","141.099","0.784113","0.746373","182.187","2.11734","-1.86486","180.089"
414,0,"-895.244","-863.366","146.003","25.4679","31.5855","141.106","0.637176","-0.256941","182.05","2.14891","-1.67605","180.049"
415,0,"-898.148","-863.322","145.979","23.399","31.6718","141.263","0.620689","-0.0754763","181.976","2.05039","-1.58869","179.832"
416,0,"-901.108","-863.187","145.843","21.5082","31.801","141.319","0.810194","0.208442","181.935","2.0559","-1.72556","179.72"
417,0,"-903.923","-862.885","146.06","19.4305","31.7456","141.209","0.531511","-0.285363","181.785","2.19175","-1.67314","179.625"
418,0,"-906.559","-862.637","145.922","17.1872","32.0017","141.226","1.02093","-0.516397","181.819","2.01077","-1.70547","179.432"
419,0,"-909.6","-862.563","145.774","15.3177","32.2221","141.143","1.2143","-0.160218","181.807","2.1229","-1.86165","179.401"
420,0,"-912.24","-862.211","146.034","12.9597","31.9499","141.391","0.993842","-0.748792","181.725","2.17402","-1.42892","179.129"
421,0,"-915.171","-862.189","146.053","10.8422","31.8531","141.48","1.15365","-0.580126","181.719","2.16923","-1.32034","178.901"
422,0,"-917.785","-862.029","145.704","9.10431","32.327","141.364","1.17334","-0.299007","181.598","2.10749","-1.78419","178.897"
423,0,"-920.482","-861.711","145.934","6.90248","32.6359","141.294","0.995308","-0.729758","181.49","2.14122","-1.79022","178.839"
424,0,"-923.393","-861.62","145.957","5.16903","32.5688","141.373","1.15379","-0.740098","181.437","2.08028","-1.81917","178.621"
425,0,"-926.251","-861.41","145.825","3.24494","32.6258","141.425","1.34796","-0.403254","181.417","2.01987","-1.92886","178.429"
426,0,"-928.829","-861.231","146.17","1.18692","32.7272","141.511","1.18114","-0.942718","181.322","2.04589","-1.87884","178.198"
427,0,"-931.476","-860.798","145.906","-0.703852","32.7734","141.551","0.945894","-1.47627","181.207","2.08182","-2.24829","178.107"
428,0,"-934.564","-860.747","145.615","-2.50486","33.1961","141.586","0.959298","-0.82806","181.244","2.0861","-2.62542","178.008"
429,0,"-937.079","-860.336","146.055","-4.6183","32.9372","141.718","0.955883","-1.65632","181.091","1.9144","-2.40983","177.829"
430,0,"-939.933","-860.045","146.173","-6.57547","33.0759","141.82","1.118","-1.95719","180.986","1.83789","-2.15715","177.669"
431,0,"-942.856","-860.144","145.985","-8.47811","33.4289","141.765","1.10855","-1.4199","180.915","1.89827","-2.52651","177.527"
432,0,"-945.615","-859.885","146.2","-10.4109","33.5538","141.738","0.988009","-1.65765","180.834","1.83615","-2.73415","177.381"
433,0,"-948.517","-859.563","146.133","-12.7676","33.7195","141.831","1.13497","-1.53127","180.832","1.81263","-2.39994","177.275"
434,0,"-951.387","-859.175","146.357","-14.5415","33.8277","141.977","1.13597","-2.05154","180.669","1.75193","-2.54564","177.105"
435,0,"-954.254","-859.083","146.445","-16.5295","34.1467","142.102","1.20666","-2.17095","180.547","1.7136","-2.34357","177.048"
436,0,"-957.126","-859.091","146.359","-18.6798","34.1684","142.071","1.00183","-1.67674","180.527","2.00752","-2.39581","176.802"
437,0,"-960.013","-858.699","146.441","-20.6679","34.9745","141.894","1.07346","-2.00545","180.414","1.90489","-2.6515","176.912"
438,0,"-962.874","-858.469","146.417","-22.7073","34.9216","142.245","1.07564","-1.80794","180.345","1.87595","-2.59118","176.681"
439,0,"-965.823","-858.188","146.622","-25.139","33.9895","142.639","1.05647","-2.09089","180.262","1.76916","-1.7316","176.196"
440,0,"-968.739","-858.121","146.598","-26.7014","34.9704","142.315","1.02528","-1.8388","180.24","1.95473","-2.41045","176.338"
441,0,"-971.548","-857.872","146.721","-28.6118","35.3558","142.51","1.01297","-2.04427","180.105","1.93729","-2.6925","176.208"
442,0,"-974.456","-857.414","146.815","-30.9013","35.7305","142.373","1.05127","-2.18361","180.031","1.96559","-2.43542","176.042"
443,0,"-977.421","-857.354","146.793","-32.5947","35.834","142.455","1.08211","-2.03009","179.983","2.1237","-2.3343","175.974"
444,0,"-980.188","-856.985","146.902","-34.4825","36.2349","142.717","1.09707","-2.20352","179.879","1.98277","-2.57923","175.846"
445,0,"-983.116","-857.105","146.94","-36.3148","36.3212","142.806","0.974101","-1.84118","179.866","2.04489","-2.49817","175.784"
446,0,"-985.916","-856.56","146.973","-38.4054","36.3223","142.623","1.1323","-2.05463","179.776","2.23064","-2.1574","175.71"
447,0,"-988.868","-856.201","147.053","-40.6023","37.1945","142.265","1.05744","-2.16791","179.656","2.60088","-2.3449","175.798"
448,0,"-991.806","-856.15","147.126","-42.3104","36.8071","142.872","1.02313","-2.07031","179.628","2.11709","-2.55046","175.483"
449,0,"-995.127","-855.241","147.076","-44.2143","36.9504","142.686","0.887705","-1.50653","179.364","2.26719","-2.42099","175.445"
450,0,"-997.774","-855.372","147.08","-46.0713","37.1756","142.825","1.00845","-1.87774","179.534","2.31236","-2.43392","175.415"
451,0,"-1000.65","-855.046","147.204","-47.8645","37.5278","142.971","1.03976","-2.02775","179.419","2.14979","-2.44977","175.457"
452,0,"-1003.66","-854.819","147.321","-49.8014","37.8099","143.066","1.02483","-2.09123","179.299","2.16444","-2.50149","175.463"
453,0,"-1006.65","-854.625","147.333","-51.6561","38.5349","143.003","0.950032","-1.91601","179.263","2.28955","-3.0635","175.518"
454,0,"-1009.76","-854.019","147.394","-53.6692","38.2462","143.27","0.852719","-1.74438","179.074","2.07242","-2.76321","175.375"
455,0,"-1012.45","-854.02","147.636","-55.5218","38.4225","143.279","1.01066","-2.052","179.08","2.07627","-2.93229","175.377"
456,0,"-1015.33","-853.745","147.743","-57.7047","38.2941","143.423","1.03301","-2.0439","178.974","2.06847","-2.51475","175.337"
457,0,"-1018.48","-853.161","147.894","-59.6653","38.9864","143.402","0.986306","-1.58415","178.781","2.03396","-2.64769","175.481"
458,0,"-1021.49","-853.04","147.899","-61.3692","39.2886","143.523","0.943412","-1.17079","178.774","1.97392","-2.89397","175.453"
459,0,"-1024.34","-852.628","148.038","-63.2341","39.6173","143.627","0.995902","-1.30575","178.7","2.07237","-2.79364","175.42"
460,0,"-1027.03","-852.707","148.112","-65.335","39.0878","143.923","1.17883","-1.58353","178.764","1.93252","-2.20139","175.228"
461,0,"-1030.09","-851.968","148.183","-67.1965","39.6207","143.941","1.04793","-1.21055","178.508","1.85004","-2.35035","175.329"
462,0,"-1032.9","-851.842","148.335","-69.0813","39.7013","144.098","1.10977","-0.944718","178.524","1.80803","-2.29594","175.305"
463,0,"-1035.95","-852.106","148.02","-71.2922","40.0229","144.108","1.18347","-0.729559","178.651","1.71881","-2.21719","175.395"
464,0,"-1038.77","-851.194","148.304","-73.1977","40.6194","143.98","1.17081","-1.01147","178.306","1.80921","-2.4783","175.474"
465,0,"-1041.57","-851.283","148.23","-75.3017","40.3903","144.107","1.19679","-1.14893","178.397","1.75916","-2.33979","175.402"
466,0,"-1044.75","-850.574","148.211","-77.3617","40.6865","144.349","1.32192","-0.787588","178.123","1.693","-2.1146","175.427"
467,0,"-1047.46","-850.164","148.356","-79.6475","40.7022","144.324","1.29377","-0.86807","178.055","1.71386","-2.27497","175.316"
468,0,"-1050.28","-849.792","148.492","-81.8495","41.1067","144.313","1.19546","-1.01359","177.945","1.68327","-2.14713","175.384"
469,0,"-1053.16","-849.505","148.482","-83.9323","41.5433","144.116","1.27786","-0.87917","177.912","1.80679","-2.40458","175.412"
470,0,"-1056.06","-849.402","148.406","-86.0951","41.3994","144.419","1.30234","-0.526235","177.818","1.66793","-2.14734","175.248"
471,0,"-1058.81","-848.848","148.516","-88.2922","41.5155","144.588","1.33127","-0.811827","177.763","1.65043","-1.94162","175.162"
472,0,"-1061.62","-848.492","148.598","-90.6319","41.7443","144.509","1.2637","-0.878516","177.678","1.70313","-2.04772","175.123"
473,0,"-1064.57","-848.115","148.49","-92.8569","41.8949","144.418","1.41827","-0.622286","177.611","1.75725","-2.13151","174.986"
474,0,"-1067.14","-847.6","148.742","-95","42.6665","144.396","1.24204","-0.914499","177.53","1.80001","-2.46374","175.095"
475,0,"-1070.13","-847.615","148.615","-97.3055","42.248","144.779","1.31555","-0.391906","177.524","1.58274","-1.85806","174.811"
476,0,"-1072.77","-847.118","148.865","-99.3907","42.4398","144.857","1.28296","-0.833202","177.419","1.56125","-1.62407","174.803"
477,0,"-1075.7","-846.672","148.765","-101.859","43.2077","144.375","1.20293","-0.664917","177.4","1.9057","-1.89948","174.905"
478,0,"-1078.6","-846.312","148.687","-103.639","43.6617","144.646","1.20286","-0.86943","177.27","1.65976","-1.78524","174.917"
479,0,"-1081.33","-845.884","148.915","-105.646","43.4343","144.809","1.25301","-0.979954","177.139","1.59719","-1.70154","174.714"
480,0,"-1084.21","-845.702","148.822","-107.754","43.4563","144.821","1.23162","-0.576971","177.123","1.59462","-1.71","174.548"
481,0,"-1087.03","-845.202","148.871","-109.865","43.5944","145.068","1.24224","-0.669374","177.029","1.49331","-1.32375","174.434"
482,0,"-1089.81","-844.904","148.897","-111.903","43.9689","145.184","1.24765","-0.588729","176.995","1.43594","-1.63324","174.349"
483,0,"-1092.58","-844.423","148.981","-114.095","44.1661","144.976","1.25291","-0.880595","176.843","1.55281","-1.46536","174.31"
484,0,"-1095.52","-844.068","149.01","-116.077","44.0857","145.073","1.26892","-0.768106","176.795","1.56867","-1.07621","174.075"
485,0,"-1098.28","-843.746","149.038","-118.152","44.6948","145.439","1.2781","-0.837016","176.69","1.29566","-1.38519","173.919"
486,0,"-1101.15","-843.248","149.095","-120.378","44.5259","145.005","1.23445","-0.845095","176.619","1.65138","-0.48322","173.908"
487,0,"-1103.98","-842.967","149.085","-122.281","44.7275","145.104","1.21121","-0.517254","176.659","1.50827","-0.780357","173.661"
488,0,"-1106.93","-842.654","149.026","-124.238","44.7094","145.306","1.17809","-0.382971","176.554","1.46169","-0.494965","173.47"
489,0,"-1109.72","-842.204","149.156","-126.332","44.6506","145.101","1.25769","-0.583891","176.428","1.66299","-0.159392","173.312"
490,0,"-1112.41","-841.659","149.232","-128.374","44.7648","145.108","1.23382","-0.781771","176.313","1.66291","-0.264998","173.152"
491,0,"-1115.24","-841.212","149.268","-130.92","44.7338","145.492","1.19788","-0.803154","176.228","1.54653","0.0939775","172.767"
492,0,"-1118.19","-840.888","149.19","-132.421","45.3184","145.086","1.46404","-0.549867","176.189","1.71339","-0.114801","172.916"
493,0,"-1120.87","-840.391","149.367","-134.397","45.5589","145.199","1.30548","-0.803614","176.044","1.70963","-0.103611","172.798"
494,0,"-1123.88","-840.096","149.211","-136.556","45.855","145.257","1.36976","-0.2954","176.074","1.65602","-0.0101951","172.662"
495,0,"-1126.61","-839.722","149.238","-138.549","46.2851","145.218","1.17276","-0.402643","176.045","1.72116","-0.228146","172.57"
496,0,"-1129.49","-839.242","149.283","-140.468","46.7179","145.357","1.24718","-0.0421245","175.958","1.66849","-0.0284473","172.531"
497,0,"-1132","-838.505","149.502","-142.518","47.0411","145.287","1.24029","-0.763249","175.822","1.72073","-0.260274","172.402"
498,0,"-1134.92","-838.176","149.442","-144.532","47.3249","145.296","1.1697","-0.827944","175.705","1.75358","-0.258104","172.304"
499,0,"-1137.73","-837.724","149.515","-146.9","48.0158","145.047","1.21872","-0.758348","175.648","1.79101","-0.0354809","172.323"
500,0,"-1140.39","-837.163","149.632","-148.497","48.9329","145.354","1.26228","-0.918634","175.56","1.74322","-0.966953","172.36"
501,0,"-1143.42","-836.927","149.414","-150.805","48.5206","145.437","1.35138","-0.401931","175.521","1.7818","-0.203815","172.007"
502,0,"-1146.04","-836.396","149.56","-152.844","48.8013","145.383","1.22658","-0.39395","175.496","1.7591","-0.324765","171.879"
503,0,"-1149.03","-836.182","149.361","-154.987","48.9508","145.646","1.0357","-0.635694","175.408","1.67216","0.049246","171.737"
504,0,"-1151.82","-835.428","149.647","-157.087","49.6462","145.252","1.35442","-0.654249","175.252","1.87805","-0.448267","171.735"
505,0,"-1154.4","-834.984","149.841","-158.935","49.9467","145.454","1.34383","-0.786965","175.181","1.82681","-0.464476","171.578"
506,0,"-1157.33","-834.461","149.747","-160.98","50.4571","145.634","1.24604","-0.772373","175.112","1.84777","-0.201402","171.503"
507,0,"-1160.13","-834.053","149.878","-162.929","50.7324","145.464","1.40116","-0.731574","175.034","1.81604","-0.591827","171.386"
508,0,"-1163.09","-833.721","149.588","-164.904","51.2188","145.48","1.14015","-0.633119","175.015","1.81916","-0.443863","171.332"
509,0,"-1166.09","-833.335","149.738","-167.058","51.6994","145.553","1.37949","-0.169292","174.954","1.82352","-0.516275","171.203"
510,0,"-1168.74","-832.897","149.699","-169.078","51.9962","145.539","1.15265","-0.451298","174.884","1.70613","-0.398311","171.083"
511,0,"-1171.3","-832.486","149.931","-170.932","52.398","145.665","1.3503","-0.886917","174.817","1.78818","-0.382124","171.029"
512,0,"-1174.14","-831.997","149.85","-173.177","52.9269","145.487","1.43449","-0.762211","174.767","1.89197","-0.461246","171.012"
513,0,"-1176.88","-831.402","150.003","-175.012","53.3082","145.701","1.39358","-0.950695","174.637","1.90935","-0.711965","170.78"
514,0,"-1179.96","-830.749","149.998","-176.986","53.7682","145.637","1.5055","-0.574322","174.446","1.95085","-0.848786","170.697"
515,0,"-1182.71","-830.184","149.849","-179.022","54.0881","145.736","1.25218","-0.730284","174.413","1.77419","-0.803523","170.596"
516,0,"-1185.57","-829.706","149.847","-181.051","54.2828","145.884","1.26333","-0.768457","174.367","1.78523","-0.495725","170.448"
517,0,"-1188.24","-829.1","149.952","-183.065","55.0286","145.831","1.21788","-0.79051","174.289","1.82809","-0.99497","170.386"
518,0,"-1191.31","-828.8","149.82","-185.218","55.5445","145.82","1.33772","-0.407762","174.229","1.77997","-0.924961","170.27"
519,0,"-1194","-828.254","149.96","-187.133","56.0213","145.893","1.15931","-0.549478","174.151","1.87214","-0.876685","170.193"
520,0,"-1196.73","-827.6","150.131","-189.19","56.4442","145.866","1.1992","-0.799161","174.045","1.86336","-1.0365","170.1"
521,0,"-1199.49","-827.029","150.133","-191.247","56.9512","146.026","1.2342","-0.808969","173.954","1.80167","-0.868336","170"
522,0,"-1202.23","-826.417","150.166","-193.355","57.4382","145.932","1.22951","-0.756976","173.9","1.91179","-1.2373","169.809"
523,0,"-1205.06","-825.944","150.26","-195.399","57.9308","145.889","1.25829","-0.781368","173.814","1.79442","-1.2036","169.7"
524,0,"-1207.79","-825.408","150.269","-197.348","58.3731","145.903","1.23365","-0.780648","173.705","1.88462","-1.20674","169.622"
525,0,"-1210.61","-824.971","150.256","-199.331","58.9328","145.899","1.20857","-0.568209","173.682","1.88385","-1.23646","169.511"
526,0,"-1213.29","-824.327","150.335","-201.831","59.9939","145.807","1.26793","-0.543936","173.604","2.00702","-1.91738","169.117"
527,0,"-1216.09","-823.76","150.39","-203.847","60.5214","145.637","1.25784","-0.707298","173.493","2.12066","-2.00456","169.049"
528,0,"-1219.15","-823.33","150.232","-205.837","61.3456","145.656","1.37356","-0.284194","173.496","2.1043","-1.81159","168.996"
529,0,"-1221.78","-822.542","150.366","-207.829","61.5569","145.817","1.2719","-0.701895","173.358","2.06542","-1.95575","168.802"
530,0,"-1224.63","-821.963","150.477","-209.885","62.2282","145.814","1.32329","-0.626974","173.281","2.1873","-2.01955","168.684"
531,0,"-1227.4","-821.416","150.413","-211.89","62.4487","145.976","1.34141","-0.600161","173.167","2.03206","-1.88472","168.591"
532,0,"-1230.22","-820.81","150.505","-213.89","62.8849","145.976","1.36861","-0.612594","173.097","2.04316","-1.94735","168.453"
533,0,"-1232.94","-820.177","150.583","-216.024","63.569","145.927","1.29977","-0.707402","173.019","2.10108","-1.64745","168.458"
534,0,"-1235.85","-819.684","150.553","-217.803","63.9217","145.946","1.28752","-0.533235","172.985","2.11268","-2.11192","168.205"
535,0,"-1238.57","-819.025","150.641","-219.625","64.7007","146.053","1.26638","-0.653458","172.854","2.19111","-2.21073","168.07"
536,0,"-1241.34","-818.397","150.74","-221.653","64.9996","146.007","1.29683","-0.760891","172.772","2.1576","-2.17514","167.931"
537,0,"-1244.14","-817.882","150.754","-223.626","65.6249","145.939","1.27858","-0.625278","172.705","2.21346","-2.26179","167.906"
538,0,"-1246.91","-817.223","150.843","-225.522","66.2574","146.317","1.31036","-0.689363","172.62","2.03304","-2.37974","167.784"
539,0,"-1249.72","-816.578","150.707","-227.45","66.6538","146.108","1.36082","-0.551131","172.552","2.10934","-2.453","167.6"
540,0,"-1252.48","-815.943","150.896","-229.369","67.2554","146.109","1.25618","-0.672325","172.444","2.01549","-2.48578","167.495"
541,0,"-1255.26","-815.348","151.016","-231.251","67.7376","146.248","1.34648","-0.798651","172.359","2.05376","-2.57349","167.412"
542,0,"-1257.99","-814.684","150.957","-233.276","68.213","146.187","1.32976","-0.605587","172.261","2.10865","-2.44666","167.315"
543,0,"-1260.7","-814.05","150.904","-235.08","68.8487","146.265","1.27399","-0.456226","172.182","2.05796","-2.34832","167.227"
544,0,"-1263.63","-813.356","151.033","-237.006","69.3328","146.304","1.40052","-0.49037","172.073","2.04257","-2.41644","167.126"
545,0,"-1266.27","-812.676","151.012","-238.961","69.9431","146.323","1.33198","-0.534499","172.045","2.11315","-2.27693","167.092"
546,0,"-1269.12","-812.103","151.183","-240.756","70.4494","146.446","1.35175","-0.695005","171.898","2.1701","-2.25367","166.904"
547,0,"-1271.81","-811.418","151.202","-242.634","71.0385","146.538","1.32499","-0.763166","171.79","2.14784","-2.19518","166.851"
548,0,"-1274.94","-810.867","151.12","-244.591","71.5295","146.722","1.4317","-0.36271","171.761","1.9305","-1.8167","166.784"
549,0,"-1277.34","-809.991","151.244","-246.449","72.0086","146.729","1.33379","-0.65867","171.621","2.0328","-1.92655","166.668"
550,0,"-1280.19","-809.387","151.434","-248.373","72.5211","146.655","1.38664","-0.716637","171.56","2.05039","-2.05103","166.549"
551,0,"-1282.92","-808.648","151.375","-250.318","73.084","146.676","1.36391","-0.628715","171.467","2.05061","-2.02751","166.459"
552,0,"-1285.65","-807.942","151.349","-252.271","73.8001","146.702","1.35294","-0.650573","171.346","1.94883","-2.06895","166.369"
553,0,"-1288.52","-807.305","151.532","-254.127","74.4505","146.754","1.36271","-0.678917","171.245","2.00983","-2.14688","166.249"
554,0,"-1291.18","-806.585","151.515","-256.074","74.9484","146.755","1.27305","-0.658539","171.162","2.11742","-2.09847","166.112"
555,0,"-1294.13","-805.939","151.387","-257.986","75.5883","146.831","1.40029","-0.417407","171.103","2.13491","-2.11377","165.978"
556,0,"-1296.87","-805.148","151.669","-259.869","76.2885","147.078","1.39173","-0.595268","170.993","2.02901","-2.40961","165.821"
557,0,"-1299.44","-804.391","151.517","-262.375","77.1902","146.663","1.32012","-0.526592","170.937","2.21548","-2.92654","165.425"
558,0,"-1302.31","-803.651","151.679","-264.336","77.8196","146.654","1.41257","-0.548769","170.792","2.20668","-2.92903","165.355"
559,0,"-1304.93","-802.939","151.607","-266.244","78.5717","146.765","1.37617","-0.556023","170.68","2.16208","-3.13573","165.283"
560,0,"-1307.66","-802.167","151.745","-268.179","79.0907","146.771","1.36357","-0.508609","170.597","2.17108","-2.95739","165.195"
561,0,"-1310.5","-801.42","151.686","-270.129","79.7947","146.683","1.46046","-0.386527","170.528","2.17917","-3.19862","165.005"
562,0,"-1313.13","-800.688","151.75","-271.919","80.4305","146.771","1.36015","-0.499271","170.428","2.18518","-3.15491","164.907"
563,0,"-1315.96","-799.871","151.908","-273.959","81.2366","146.845","1.41305","-0.486883","170.355","2.20654","-2.94503","164.806"
564,0,"-1318.73","-799.278","151.887","-275.657","81.8433","146.739","1.38803","-0.512769","170.235","2.24684","-3.12547","164.681"
565,0,"-1321.48","-798.598","151.972","-277.728","82.4522","147.036","1.37551","-0.596783","170.147","2.28159","-2.94788","164.494"
566,0,"-1324.23","-797.964","152.013","-279.644","83.0787","147.011","1.33563","-0.642059","170.043","2.21024","-3.11612","164.418"
567,0,"-1327.01","-797.18","152.088","-281.499","83.7443","147.06","1.37774","-0.424053","169.927","2.23069","-3.08162","164.315"
568,0,"-1329.84","-796.503","152.051","-283.43","84.6153","146.978","1.36012","-0.365142","169.875","2.30573","-3.27216","164.201"
569,0,"-1332.48","-795.551","152.255","-285.368","85.0854","147.015","1.38722","-0.416298","169.741","2.26157","-3.29741","164.054"
570,0,"-1335.24","-794.801","152.275","-287.195","85.8372","147.049","1.37876","-0.497608","169.662","2.28303","-3.27724","164.007"
571,0,"-1337.94","-794.023","152.287","-289.223","86.5014","147.083","1.37557","-0.38847","169.526","2.21107","-3.40869","163.838"
572,0,"-1340.86","-793.295","152.31","-291.04","87.0476","147.045","1.5435","-0.247187","169.426","2.2499","-3.36765","163.716"
573,0,"-1343.31","-792.395","152.456","-293.51","88.2917","146.709","1.41386","-0.352734","169.299","2.54145","-3.08832","163.879"
574,0,"-1346.07","-791.578","152.496","-295.473","89.1926","147.01","1.46889","-0.328645","169.239","2.44471","-3.34405","163.784"
575,0,"-1348.75","-790.749","152.499","-297.448","89.8457","146.801","1.48295","-0.260899","169.154","2.51867","-3.24125","163.675"
576,0,"-1351.46","-789.845","152.524","-299.343","90.6064","146.855","1.53345","-0.303783","169.087","2.63434","-3.28826","163.5"
577,0,"-1354.09","-789.033","152.568","-301.14","91.5784","146.903","1.52924","-0.227333","168.987","2.55374","-3.17742","163.493"
578,0,"-1356.98","-788.364","152.626","-303.141","92.0201","146.936","1.62913","-0.147384","168.85","2.57216","-3.29781","163.3"
579,0,"-1359.65","-787.678","152.663","-304.885","92.8635","146.917","1.46542","-0.374714","168.824","2.64921","-3.33477","163.163"
580,0,"-1362.34","-786.746","152.674","-306.805","93.5724","147.007","1.52747","-0.426015","168.685","2.54733","-3.02844","163.114"
581,0,"-1365.1","-786.151","152.666","-308.583","94.3773","146.928","1.48197","-0.30065","168.692","2.55523","-3.2546","163.005"
582,0,"-1367.77","-785.103","152.78","-310.349","95.1248","146.956","1.61606","-0.190511","168.519","2.57985","-3.43129","162.851"
583,0,"-1370.5","-784.321","152.733","-312.491","95.6973","147.012","1.55445","-0.390243","168.474","2.5917","-3.438","162.709"
584,0,"-1373.27","-783.378","152.787","-314.44","96.4341","147.067","1.57835","-0.333687","168.344","2.61375","-3.41302","162.589"
585,0,"-1375.93","-782.607","152.881","-316.317","97.1809","147.132","1.55644","-0.347506","168.245","2.64437","-3.43297","162.456"
586,0,"-1378.65","-781.708","152.929","-318.168","98.0048","147.137","1.54385","-0.379792","168.144","2.67932","-3.52431","162.418"
587,0,"-1381.31","-780.846","153.025","-320.091","98.7078","147.235","1.59988","-0.345265","168.004","2.64183","-3.45826","162.232"
588,0,"-1384.23","-780.161","152.947","-322.003","99.4672","147.151","1.66401","-0.194969","167.962","2.67617","-3.67491","162.066"
589,0,"-1386.79","-779.221","153.12","-323.801","100.306","147.333","1.59983","-0.369144","167.82","2.58058","-3.76662","162.019"
590,0,"-1389.51","-778.355","153.15","-325.684","101.012","147.282","1.5567","-0.282389","167.778","2.61807","-3.50282","161.897"
591,0,"-1392.2","-777.54","153.224","-327.595","102.102","147.238","1.62095","-0.266853","167.723","2.66061","-3.64647","161.842"
592,0,"-1394.89","-776.684","153.241","-329.644","102.737","147.407","1.64515","-0.254706","167.591","2.40195","-3.37055","161.665"
593,0,"-1397.5","-775.895","153.365","-331.288","103.362","147.449","1.63277","-0.32392","167.477","2.68326","-3.67577","161.522"
594,0,"-1400.2","-775.004","153.438","-333.115","104.135","147.422","1.62216","-0.278924","167.383","2.65692","-3.75935","161.427"
595,0,"-1402.86","-774.124","153.435","-335.089","104.873","147.416","1.65594","-0.369607","167.312","2.66506","-3.79929","161.284"
596,0,"-1405.6","-773.323","153.463","-336.943","105.678","147.362","1.58343","-0.356624","167.215","2.6598","-3.83315","161.208"
597,0,"-1408.34","-772.455","153.558","-338.781","104.243","147.945","1.59336","-0.34403","167.123","2.09157","-2.21936","160.211"
598,0,"-1411.09","-771.523","153.554","-340.694","104.905","147.891","1.61891","-0.31465","167.071","2.20489","-2.39596","160.048"
599,0,"-1413.86","-770.788","153.673","-342.547","105.59","147.83","1.52592","-0.454336","166.904","2.14118","-2.44956","159.986"
600,0,"-1416.61","-769.942","153.722","-344.427","106.676","147.758","1.53122","-0.388816","166.826","2.0498","-2.58631","159.836"
601,0,"-1419.23","-769.112","153.758","-346.3","107.221","147.959","1.54378","-0.423972","166.752","2.22098","-2.51917","159.644"
602,0,"-1422.04","-768.241","153.745","-348.269","108.098","148.167","1.63426","-0.393871","166.641","2.14139","-2.08237","159.524"
603,0,"-1424.59","-767.269","153.835","-350.032","108.773","148.25","1.58862","-0.428012","166.546","2.05815","-2.23931","159.372"
604,0,"-1427.28","-766.273","153.85","-352.059","109.517","148.34","1.62248","-0.377976","166.473","2.11202","-2.10244","159.183"
605,0,"-1429.87","-765.398","153.909","-353.642","110.239","148.347","1.63491","-0.458399","166.347","2.0442","-2.32973","159.083"
606,0,"-1432.6","-764.49","153.912","-355.381","110.632","148.485","1.59551","-0.272231","166.298","1.91337","-2.11593","158.853"
607,0,"-1435.35","-763.516","153.953","-357.271","111.292","148.592","1.63653","-0.390967","166.196","1.90041","-2.11469","158.672"
608,0,"-1438.06","-762.722","154.061","-359.024","111.898","148.739","1.6117","-0.527304","166.041","1.97092","-2.16549","158.692"
609,0,"-1440.79","-761.842","154.121","-360.781","113.064","148.656","1.56688","-0.465916","165.979","1.91853","-2.40537","158.297"
610,0,"-1443.51","-760.876","154.132","-362.758","113.637","148.756","1.5588","-0.45114","165.91","1.89006","-2.26689","158.101"
611,0,"-1446.17","-760.034","154.133","-364.597","114.452","148.797","1.56725","-0.467499","165.802","1.98361","-2.44061","158.125"
612,0,"-1448.79","-759.088","154.163","-366.271","115.254","148.896","1.57852","-0.479228","165.699","1.83489","-2.28518","157.849"
613,0,"-1451.39","-758.069","154.267","-368.277","115.961","149.078","1.64624","-0.426151","165.633","1.76492","-2.22898","157.672"
614,0,"-1453.95","-757.133","154.293","-370.178","116.58","149.376","1.66972","-0.472649","165.516","1.63596","-1.75996","157.469"
615,0,"-1456.64","-756.162","154.326","-371.835","117.61","149.068","1.70738","-0.39194","165.416","1.70285","-2.43029","157.396"
616,0,"-1459.26","-755.213","154.415","-373.89","118.094","149.33","1.70162","-0.538487","165.326","1.58638","-1.92466","157.203"
617,0,"-1461.91","-754.311","154.46","-375.59","119.197","149.199","1.67868","-0.534319","165.207","1.70843","-2.37837","157.101"
618,0,"-1464.64","-753.31","154.502","-377.567","119.743","149.557","1.64316","-0.558006","165.114","1.79256","-1.93422","156.867"
619,0,"-1467.37","-752.357","154.542","-379.889","120.97","149.435","1.67868","-0.533395","165.058","2.07883","-2.08628","157.168"
620,0,"-1470.04","-751.481","154.621","-381.17","121.761","149.281","1.65709","-0.572617","164.947","1.78719","-2.29907","156.719"
621,0,"-1472.63","-750.618","154.64","-382.999","122.623","149.329","1.70492","-0.484738","164.847","1.78937","-2.31497","156.63"
622,0,"-1475.17","-749.569","154.705","-385.067","123.44","149.504","1.70198","-0.466833","164.806","1.74673","-2.16521","156.445"
623,0,"-1477.78","-748.662","154.815","-386.832","124.488","149.439","1.66581","-0.446268","164.639","1.7906","-2.42317","156.373"
624,0,"-1480.4","-747.653","154.785","-389.012","125.078","149.767","1.73427","-0.455534","164.566","1.73479","-1.86526","156.191"
625,0,"-1482.96","-746.677","154.866","-390.956","126.056","149.734","1.65716","-0.430625","164.472","1.75591","-1.97299","156.007"
626,0,"-1485.59","-745.753","154.943","-392.649","127.009","149.835","1.6883","-0.503301","164.372","1.91934","-2.09114","155.881"
627,0,"-1488.19","-744.831","155.036","-394.483","128.03","149.9","1.69355","-0.525826","164.29","1.72591","-2.31913","155.847"
628,0,"-1490.85","-743.735","155.064","-396.412","128.865","149.931","1.67947","-0.41785","164.223","1.74295","-2.12212","155.682"
629,0,"-1493.5","-742.768","155.109","-398.096","129.883","150.008","1.66616","-0.47078","164.119","1.95512","-2.15643","155.514"
630,0,"-1496.14","-741.736","155.224","-400.106","130.066","150.333","1.68481","-0.484183","164.037","1.65523","-1.70654","155.29"
631,0,"-1498.79","-740.745","155.174","-401.688","131.356","150.017","1.72598","-0.360932","163.946","1.76467","-2.07569","155.242"
632,0,"-1501.43","-739.681","155.258","-403.75","131.822","150.227","1.70699","-0.506609","163.842","1.78151","-1.71465","154.937"
633,0,"-1504.03","-738.707","155.37","-405.558","132.806","150.14","1.67475","-0.479675","163.74","1.83496","-1.87277","154.764"
634,0,"-1506.75","-737.684","155.395","-407.73","133.355","150.418","1.74158","-0.57135","163.644","1.71411","-1.39106","154.548"
635,0,"-1509.36","-736.642","155.501","-409.905","134.581","150.706","1.68828","-0.530314","163.539","1.90446","-1.76115","154.677"
636,0,"-1512.06","-735.629","155.516","-411.644","135.417","150.726","1.72048","-0.500522","163.471","1.70498","-1.37608","154.283"
637,0,"-1514.69","-734.529","155.54","-413.732","136.528","150.546","1.75256","-0.554987","163.376","1.83351","-1.32051","154.161"
638,0,"-1517.32","-733.44","155.636","-415.527","137.27","150.828","1.78271","-0.480596","163.274","1.69148","-1.36936","153.909"
639,0,"-1519.89","-732.371","155.647","-417.405","138.342","151.215","1.75502","-0.455159","163.184","1.48122","-1.52803","153.717"
640,0,"-1522.62","-731.271","155.702","-419.398","138.624","151.262","1.73959","-0.541739","163.098","1.57834","-0.775414","153.482"
641,0,"-1525.3","-730.254","155.758","-421.249","140.042","151.129","1.74441","-0.547611","163.01","1.71613","-1.2141","153.325"
642,0,"-1527.84","-729.292","155.849","-423.205","140.698","151.364","1.73904","-0.426422","162.961","1.53596","-0.928131","153.168"
643,0,"-1530.51","-728.089","155.856","-424.929","141.702","151.36","1.75829","-0.465508","162.853","1.60868","-0.863571","153.02"
644,0,"-1533.19","-727.075","155.939","-426.751","142.457","151.467","1.78468","-0.532305","162.734","1.54752","-0.751151","152.84"
645,0,"-1535.79","-725.969","155.954","-428.515","143.409","151.469","1.80055","-0.501269","162.626","1.58906","-0.626609","152.726"
646,0,"-1538.41","-724.898","156.064","-430.337","144.258","151.461","1.77784","-0.575403","162.542","1.62102","-0.519768","152.564"
647,0,"-1541","-723.887","156.093","-432.057","145.363","151.387","1.77644","-0.552129","162.469","1.64598","-0.695711","152.451"
648,0,"-1543.43","-722.922","156.194","-433.825","146.398","151.432","1.73494","-0.556528","162.402","1.63293","-0.660803","152.329"
649,0,"-1545.73","-721.946","156.18","-435.686","147.47","151.489","1.74213","-0.586585","162.334","1.71576","-0.776923","152.176"
650,0,"-1547.78","-721.149","156.306","-437.463","148.25","151.534","1.71286","-0.633284","162.289","1.66487","-0.523663","152.044"
651,0,"-1549.44","-720.47","156.323","-439.406","149.19","151.826","1.71154","-0.587294","162.255","1.71766","-0.48811","152.025"
652,0,"-1550.86","-719.814","156.329","-441.059","150.363","151.85","1.73678","-0.516973","162.221","1.66252","-0.411831","151.769"
653,0,"-1552.01","-719.235","156.333","-442.882","151.4","151.589","1.74841","-0.549013","162.232","1.66213","-0.456343","151.665"
654,0,"-1552.83","-718.85","156.384","-444.791","152.259","151.669","1.78996","-0.578977","162.16","1.72351","-0.152348","151.554"
655,0,"-1553.43","-718.553","156.411","-446.567","153.863","151.379","1.78003","-0.565074","162.075","1.95538","-0.638889","151.457"
656,0,"-1553.96","-718.325","156.413","-448.346","154.343","151.773","1.79326","-0.572703","162.039","1.81439","-0.347574","151.24"
657,0,"-1554.53","-718.071","156.394","-449.975","155.636","151.525","1.79458","-0.554424","162.048","1.81744","-0.68284","151.174"
658,0,"-1555.04","-717.894","156.367","-451.839","156.465","151.684","1.82462","-0.492148","162.029","1.80811","-0.442371","151.024"
659,0,"-1555.26","-717.766","156.401","-453.578","157.639","151.646","1.79733","-0.541458","162.031","1.77177","-0.641728","150.933"
660,0,"-1555.42","-717.713","156.461","-455.243","158.829","151.808","1.79435","-0.436451","161.998","1.6793","-0.837821","150.809"
661,0,"-1555.86","-717.38","156.522","-457.131","159.62","152.021","1.85613","-0.423889","161.969","1.72232","-0.230828","150.703"
662,0,"-1556.6","-717.041","156.577","-458.95","160.606","152.086","1.91371","-0.386205","161.92","1.71021","-0.248567","150.598"
663,0,"-1557.76","-716.365","156.626","-460.662","161.91","151.961","1.93671","-0.448551","161.894","1.75434","-0.485292","150.465"
664,0,"-1559.33","-715.615","156.627","-463.343","163.427","151.751","1.92838","-0.399432","161.894","1.58593","0.00682331","150.602"
665,0,"-1561.39","-714.829","156.628","-465.056","164.674","151.48","1.89828","-0.344168","161.862","1.70875","-0.230173","150.472"
666,0,"-1563.85","-713.974","156.656","-466.903","165.47","151.621","1.86435","-0.498766","161.789","1.71201","0.0617665","150.341"
667,0,"-1566.38","-713.048","156.669","-468.572","166.922","151.507","1.83239","-0.472947","161.734","1.63741","-0.407355","150.272"
668,0,"-1569.01","-712.163","156.736","-470.383","167.879","151.542","1.82107","-0.304302","161.741","1.74294","-0.0940694","150.145"
669,0,"-1571.99","-710.87","156.799","-472.164","168.787","151.75","1.78402","-0.459429","161.627","1.70858","0.169171","150.016"
670,0,"-1575.07","-709.602","156.839","-473.994","169.954","151.85","1.83106","-0.512603","161.584","1.68373","-0.0498821","149.959"
671,0,"-1578.05","-708.402","156.951","-475.536","170.953","151.938","1.79366","-0.448845","161.521","1.69358","0.176586","149.79"
672,0,"-1581.08","-707.107","156.974","-477.241","172.09","151.956","1.74661","-0.452287","161.471","1.69306","0.0496773","149.654"
673,0,"-1584.28","-705.798","157.046","-478.989","173.09","152.089","1.79824","-0.466173","161.416","1.66106","0.144083","149.562"
674,0,"-1587.43","-704.506","157.073","-480.696","174.214","152.021","1.77548","-0.507432","161.313","1.68283","-0.187984","149.368"
675,0,"-1590.35","-703.239","157.127","-482.291","175.16","152.068","1.77667","-0.375208","161.278","1.68798","-0.102233","149.284"
676,0,"-1593.23","-701.925","157.223","-484.002","176.389","152.06","1.74828","-0.420584","161.155","1.73957","-0.146155","149.142"
677,0,"-1596.13","-700.641","157.28","-485.591","177.304","152.358","1.76609","-0.450814","161.079","1.76481","-0.136172","148.932"
678,0,"-1599.05","-699.363","157.354","-487.212","178.411","152.382","1.77748","-0.500491","160.992","1.73985","-0.15652","148.81"
679,0,"-1601.8","-698.23","157.377","-488.884","179.264","152.596","1.77846","-0.536429","160.892","1.71935","-0.0218041","148.691"
680,0,"-1604.33","-697.162","157.475","-490.448","180.515","152.708","1.73307","-0.375861","160.802","1.6637","-0.203176","148.583"
681,0,"-1607.12","-695.918","157.519","-492.198","181.381","152.893","1.804","-0.418984","160.724","1.67426","-0.060123","148.401"
682,0,"-1609.68","-694.768","157.602","-493.859","182.634","152.783","1.7863","-0.458144","160.661","1.59563","-0.326945","148.26"
683,0,"-1612.29","-693.534","157.668","-495.789","183.723","152.825","1.77923","-0.46855","160.595","1.7221","-0.156777","148.212"
684,0,"-1614.79","-692.411","157.776","-497.257","185.023","152.747","1.77528","-0.446727","160.516","1.73861","-0.503675","147.993"
685,0,"-1617.23","-691.298","157.802","-498.945","186.151","152.815","1.76127","-0.484836","160.432","1.74472","-0.405393","147.859"
686,0,"-1619.85","-690.09","157.831","-500.559","187.223","152.932","1.77282","-0.465094","160.352","1.75025","-0.238261","147.725"
687,0,"-1622.46","-688.922","157.92","-502.329","188.131","153.096","1.77899","-0.503304","160.262","1.59678","-0.101076","147.669"
688,0,"-1624.92","-687.792","157.972","-504.001","189.577","152.944","1.74714","-0.349752","160.191","1.73695","-0.28569","147.544"
689,0,"-1627.5","-686.484","157.996","-505.693","190.496","153.214","1.76883","-0.454004","160.149","1.64012","-0.11782","147.394"
690,0,"-1630.1","-685.376","158.088","-507.54","191.759","153.319","1.76703","-0.455923","160.015","1.55324","-0.0547345","147.383"
691,0,"-1632.67","-684.078","158.1","-509.258","193.021","153.342","1.79186","-0.495551","159.97","1.74832","-0.139242","147.166"
692,0,"-1635.26","-682.899","158.101","-511.294","194.692","152.651","1.79596","-0.3381","159.88","2.05325","-0.0848173","147.22"
693,0,"-1637.86","-681.773","158.266","-512.984","195.927","152.932","1.78195","-0.486653","159.73","2.01192","0.15419","147.161"
694,0,"-1640.58","-680.492","158.243","-514.715","197.072","152.753","1.75852","-0.358877","159.656","2.01938","-0.0286916","147.008"
695,0,"-1643.25","-679.255","158.29","-516.302","197.99","152.898","1.80703","-0.310151","159.584","2.02098","0.166055","146.912"
696,0,"-1645.75","-678.21","158.393","-518.361","199.322","152.888","1.72811","-0.329059","159.457","1.68654","0.259506","146.886"
697,0,"-1648.39","-676.826","158.506","-520.109","200.635","152.934","1.71244","-0.307134","159.397","1.70642","0.143104","146.737"
698,0,"-1650.98","-675.574","158.477","-521.713","201.857","153.015","1.759","-0.362283","159.266","1.74555","0.222163","146.632"
699,0,"-1653.65","-674.416","158.594","-523.411","203.108","153.002","1.69554","-0.304656","159.199","1.70013","0.0101738","146.551"
700,0,"-1656.14","-673.049","158.675","-525.133","204.295","152.894","1.69642","-0.340912","159.094","1.7958","0.0465275","146.445"
701,0,"-1658.58","-671.953","158.701","-526.814","205.761","152.878","1.64844","-0.211382","159.025","1.89347","0.0810266","146.274"
702,0,"-1661.21","-670.672","158.772","-528.202","206.346","153.12","1.67213","-0.298834","158.889","1.69514","0.328959","146.118"
703,0,"-1663.81","-669.331","158.812","-530.275","207.986","152.901","1.65843","-0.341984","158.799","2.13249","0.430682","146.195"
704,0,"-1666.29","-668.375","158.815","-532.141","209.404","152.713","1.66041","-0.143208","158.699","2.37921","0.366566","146.067"
705,0,"-1668.94","-666.898","158.936","-533.728","210.453","152.718","1.6195","-0.238785","158.611","2.42516","0.397073","145.929"
706,0,"-1671.48","-665.685","158.977","-535.731","211.989","152.719","1.67135","-0.137241","158.538","2.78471","0.500948","145.97"
707,0,"-1674.13","-664.371","159.038","-537.593","213.804","152.469","1.65568","-0.238677","158.399","2.8832","0.0353685","145.848"
708,0,"-1676.68","-663.04","159.075","-539.268","214.854","152.593","1.63623","-0.268234","158.331","3.00865","0.272401","145.816"
709,0,"-1679.2","-661.786","159.15","-541.08","216.136","152.629","1.60833","-0.220772","158.275","3.12046","0.331056","145.709"
710,0,"-1681.87","-660.548","159.187","-542.734","217.531","152.693","1.68207","-0.361531","158.184","3.16385","0.391709","145.62"
711,0,"-1684.38","-659.346","159.28","-544.332","218.801","152.701","1.63308","-0.247135","158.062","3.22329","0.423491","145.548"
712,0,"-1686.93","-658.02","159.303","-545.967","219.89","152.84","1.64148","-0.230548","157.975","3.30501","0.555608","145.441"
713,0,"-1689.47","-656.783","159.368","-547.608","221.332","152.706","1.63211","-0.268896","157.84","3.31173","0.429316","145.342"
714,0,"-1692.06","-655.579","159.453","-549.282","222.829","152.744","1.60203","-0.243742","157.772","3.33726","0.343103","145.234"
715,0,"-1694.74","-654.137","159.474","-550.867","223.984","152.826","1.59459","-0.337737","157.681","3.24083","0.246423","145.134"
716,0,"-1697.27","-652.895","159.535","-552.507","225.185","152.858","1.60421","-0.290417","157.585","3.23554","0.274558","145.026"
717,0,"-1699.79","-651.664","159.64","-554.238","226.538","152.977","1.58171","-0.255626","157.494","3.33276","0.300034","144.866"
718,0,"-1702.34","-650.245","159.671","-555.762","227.738","153.005","1.58219","-0.356277","157.407","3.27399","0.305782","144.783"
719,0,"-1705.02","-648.964","159.76","-557.39","228.949","153.065","1.57336","-0.384893","157.317","3.31777","0.401422","144.649"
720,0,"-1707.49","-647.692","159.738","-558.943","230.647","152.881","1.56133","-0.157031","157.265","3.32083","0.0730953","144.5"
721,0,"-1710.05","-646.332","159.826","-558.695","229.623","154.144","1.55706","-0.412392","157.172","1.17021","0.304778","143.527"
722,0,"-1712.36","-645.372","159.886","-560.377","230.97","154.13","1.52069","-0.0354793","157.111","1.17695","0.288162","143.376"
723,0,"-1714.95","-643.99","159.915","-561.969","232.325","154.243","1.52583","-0.095836","157.007","1.23679","0.204833","143.175"
724,0,"-1717.5","-642.612","159.913","-563.509","233.636","154.491","1.48194","-0.0812813","156.927","1.0245","0.100024","143.13"
725,0,"-1720.01","-641.331","160.001","-565.157","234.742","154.34","1.48649","-0.0618949","156.834","1.15255","0.254412","142.946"
726,0,"-1722.57","-639.895","160.043","-566.654","236.046","154.372","1.47828","-0.0743073","156.743","1.13704","0.23508","142.818"
727,0,"-1725.14","-638.597","160.163","-568.164","237.497","154.262","1.493","-0.0873668","156.647","1.1381","-0.0702204","142.684"
728,0,"-1727.6","-637.236","160.153","-569.824","238.501","154.444","1.53397","0.00611332","156.564","1.18596","0.285486","142.583"
729,0,"-1730.12","-635.855","160.259","-571.334","239.875","154.389","1.47181","-0.170079","156.466","1.12763","0.198987","142.47"
730,0,"-1732.63","-634.567","160.245","-572.952","241.163","154.497","1.5244","-0.00165598","156.374","1.16373","0.306657","142.291"
731,0,"-1735.18","-633.028","160.179","-574.504","242.494","154.521","1.56278","0.169126","156.277","1.20088","0.298647","142.169"
732,0,"-1737.63","-631.65","160.35","-576.053","243.729","154.599","1.46936","0.0170628","156.192","1.16076","0.340649","142.094"
733,0,"-1739.99","-630.244","160.486","-577.697","245.123","154.559","1.4252","-0.0819045","156.029","1.14038","0.296724","141.91"
734,0,"-1742.5","-628.818","160.45","-579.247","246.428","154.536","1.54403","-0.0692652","156.036","1.15614","0.227686","141.743"
735,0,"-1744.94","-627.515","160.483","-580.701","247.757","154.687","1.44016","-0.102031","155.822","1.11009","0.256726","141.659"
736,0,"-1747.31","-626.02","160.753","-582.301","249.028","154.796","1.33773","-0.423492","155.827","1.08852","0.317942","141.515"
737,0,"-1750","-624.555","160.564","-583.822","250.342","154.717","1.52587","-0.0647897","155.682","1.14099","0.241177","141.397"
738,0,"-1752.23","-623.209","160.776","-585.457","251.668","154.768","1.45898","-0.337363","155.56","1.18189","0.320285","141.266"
739,0,"-1754.86","-621.704","160.737","-586.872","252.897","154.818","1.42455","-0.16053","155.496","1.14482","0.34938","141.187"
740,0,"-1757.39","-620.334","160.714","-588.364","254.416","154.971","1.53223","-0.0753744","155.369","1.00322","0.100597","141.049"
741,0,"-1760.04","-618.793","160.725","-589.996","255.687","154.75","1.45351","-0.183614","155.357","1.14361","0.169539","140.858"
742,0,"-1762.43","-617.32","160.792","-591.43","257.072","154.842","1.47404","-0.0731948","155.257","1.22478","0.197405","140.753"
743,0,"-1765.12","-616.08","160.84","-592.965","258.378","154.935","1.52867","-0.150386","155.149","1.1856","0.274589","140.63"
744,0,"-1767.5","-614.608","160.83","-594.582","259.786","154.966","1.47445","-0.0817355","155.05","1.2039","0.247506","140.5"
745,0,"-1769.91","-613.091","160.873","-596.062","261.128","155.053","1.48918","0.0393124","155.006","1.20223","0.276413","140.438"
746,0,"-1772.44","-611.74","160.944","-597.743","262.529","155.175","1.51087","-0.0640711","154.865","1.16195","0.179301","140.328"
747,0,"-1774.92","-610.202","160.915","-599.402","264.139","155.147","1.52133","0.0892095","154.816","1.14793","-0.189365","140.232"
748,0,"-1777.45","-608.589","161.145","-601.103","265.579","155.546","1.40605","-0.277635","154.743","1.2279","0.00363886","140.18"
749,0,"-1779.89","-607.257","161.037","-602.798","266.894","155.701","1.46457","-0.0122938","154.56","1.06977","-0.177582","140.096"
750,0,"-1782.43","-605.74","161.184","-604.401","268.265","155.949","1.40537","-0.103965","154.563","1.04695","-0.246005","140.051"
751,0,"-1784.86","-604.314","161.267","-605.971","269.694","156.118","1.33918","-0.27956","154.417","1.02357","-0.378773","139.952"
752,0,"-1787.34","-602.907","161.262","-607.558","271.197","156.306","1.41291","-0.102745","154.327","1.00453","-0.472675","139.823"
753,0,"-1789.81","-601.371","161.296","-608.95","272.66","156.477","1.35662","-0.098262","154.297","0.766861","-0.642946","139.798"
754,0,"-1792.22","-600.011","161.378","-610.712","274.044","156.362","1.29975","-0.184625","154.132","0.940977","-0.522658","139.639"
755,0,"-1794.79","-598.56","161.371","-612.367","275.571","156.462","1.34486","-0.124031","154.082","1.01121","-0.644644","139.468"
756,0,"-1797.23","-596.98","161.466","-613.805","276.851","156.785","1.25084","-0.23504","154.028","0.817783","-0.472503","139.436"
757,0,"-1799.78","-595.565","161.435","-615.331","278.264","156.779","1.27045","-0.1554","153.917","0.781812","-0.699973","139.295"
758,0,"-1802.22","-593.976","161.5","-616.85","279.718","156.641","1.25872","-0.161255","153.86","0.788384","-0.88825","139.117"
759,0,"-1804.72","-592.533","161.516","-618.285","280.983","156.755","1.36955","-0.0904593","153.712","0.815503","-0.664501","138.997"
760,0,"-1807.07","-591.007","161.547","-619.843","282.5","156.741","1.36732","-0.0357795","153.637","0.80545","-0.715562","138.848"
761,0,"-1809.62","-589.294","161.667","-621.191","283.753","156.787","1.30227","-0.175336","153.668","0.836235","-0.659207","138.748"
762,0,"-1812.08","-588.005","161.641","-622.699","285.204","156.932","1.34166","0.000930523","153.465","0.888271","-0.43258","138.584"
763,0,"-1814.51","-586.494","161.744","-624.176","286.772","156.921","1.23845","-0.0594272","153.415","0.803411","-0.750406","138.447"
764,0,"-1816.97","-584.944","161.716","-625.553","287.939","156.848","1.36565","0.0243707","153.399","0.865877","-0.594042","138.352"
765,0,"-1819.42","-583.648","161.831","-626.94","289.371","156.802","1.17171","0.0618314","153.303","0.837876","-0.72593","138.166"
766,0,"-1821.79","-582.051","161.884","-627.008","289.87","155.459","1.30509","-0.0628148","153.209","1.17933","0.332913","137.556"
767,0,"-1824.15","-580.518","161.973","-628.496","291.244","155.465","1.19448","-0.179482","153.058","1.21974","0.302666","137.429"
768,0,"-1826.62","-578.998","162.055","-629.924","292.775","155.483","1.25317","-0.10595","152.987","1.23611","0.2194","137.268"
769,0,"-1828.93","-577.446","162.129","-631.238","294.062","155.563","1.19269","-0.097499","152.936","1.21479","0.307087","137.16"
770,0,"-1831.54","-576.027","162.012","-632.786","295.622","155.487","1.17963","0.0184202","152.871","1.26211","0.245841","137.027"
771,0,"-1833.98","-574.357","162.265","-634.192","297.432","155.36","1.11702","-0.319871","152.789","1.29244","0.0864474","136.869"
772,0,"-1836.27","-572.827","162.193","-635.535","298.466","155.572","1.21268","-0.0543394","152.684","1.2764","0.373112","136.752"
773,0,"-1838.71","-571.414","162.253","-636.984","300.104","155.862","1.18398","-0.103053","152.555","1.30919","0.201687","136.588"
774,0,"-1841.31","-569.797","162.315","-638.393","301.395","155.78","1.12768","-0.111979","152.589","1.22047","0.30036","136.46"
775,0,"-1843.63","-568.193","162.297","-639.791","302.787","155.886","1.19097","-0.134701","152.408","1.18497","0.169316","136.286"
776,0,"-1846.06","-566.709","162.374","-641.126","304.124","155.857","1.21602","-0.113031","152.298","1.21389","0.115834","136.119"
777,0,"-1848.45","-565.091","162.392","-642.574","305.524","155.981","1.13735","-0.080718","152.257","1.06573","0.190511","136.057"
778,0,"-1851.07","-563.658","162.449","-644.21","307.13","155.844","1.14005","-0.0353367","152.161","1.26245","0.348465","136.004"
779,0,"-1853.44","-562.102","162.392","-645.63","308.617","155.839","1.14799","-0.122834","152.045","1.24334","0.283673","135.8"
780,0,"-1856.06","-560.465","162.31","-646.942","310.188","156.032","1.29127","0.125138","152.018","1.09658","0.125358","135.69"
781,0,"-1858.6","-558.906","162.446","-648.369","311.679","156","1.16295","-0.0412086","151.954","1.2402","0.312631","135.563"
782,0,"-1860.82","-557.345","162.584","-649.715","312.923","155.955","1.07444","-0.138391","151.802","1.20046","0.282981","135.453"
783,0,"-1863.35","-555.758","162.454","-651.062","314.665","155.799","1.21494","-0.0402245","151.704","1.20055","-0.0108915","135.278"
784,0,"-1865.88","-554.082","162.609","-652.475","316.025","156.018","0.984368","-0.175547","151.718","1.4083","0.249883","135.175"
785,0,"-1868.08","-552.61","162.618","-653.835","317.402","155.989","1.07399","-0.150716","151.534","1.21979","0.264603","135.047"
786,0,"-1870.5","-550.925","162.608","-655.184","318.944","155.996","1.02686","-0.0672439","151.464","1.1901","0.108514","134.918"
787,0,"-1872.94","-549.313","162.789","-656.663","320.579","156.535","0.979796","-0.152595","151.379","1.07984","0.344416","134.803"
788,0,"-1875.46","-547.709","162.692","-658.145","321.997","156.144","1.01236","0.129216","151.337","1.20448","0.232242","134.622"
789,0,"-1877.77","-546.084","162.744","-659.407","323.326","156.177","0.972622","-0.199806","151.169","1.18697","0.282089","134.564"
790,0,"-1880.24","-544.55","162.833","-660.793","324.821","156.246","0.994233","-0.0404148","151.139","1.20567","0.314317","134.39"
791,0,"-1882.63","-543.031","162.839","-662.206","326.381","156.236","0.983839","-0.155473","150.994","1.18458","0.214617","134.26"
792,0,"-1885.13","-541.419","162.883","-663.501","327.806","156.252","0.998812","-0.0950702","150.989","1.20733","0.20358","134.133"
793,0,"-1887.4","-539.753","162.932","-664.869","329.33","156.295","0.964868","-0.13731","150.859","1.2249","0.297945","133.991"
794,0,"-1889.83","-538.226","162.955","-666.178","330.863","156.411","0.948704","-0.260618","150.766","1.11631","0.156314","133.882"
795,0,"-1892.4","-536.599","162.928","-667.564","332.297","156.328","1.04638","0.0213503","150.719","1.16559","0.252678","133.755"
796,0,"-1894.71","-534.977","162.874","-669.01","333.908","156.384","1.06769","-0.0325325","150.596","1.23713","0.202806","133.571"
797,0,"-1897.08","-533.357","163.081","-670.407","335.4","156.385","0.923521","-0.206811","150.513","1.16477","0.155488","133.436"
798,0,"-1899.41","-531.736","163.082","-671.707","336.912","156.435","0.907303","-0.194023","150.422","1.17398","0.173318","133.346"
799,0,"-1901.89","-530.104","163.026","-673.101","338.433","156.446","1.04236","-0.0545605","150.338","1.20321","0.176688","133.193"
800,0,"-1904.16","-528.469","163.194","-674.451","340.088","156.398","0.901594","-0.186947","150.257","1.22166","0.150366","133.062"
801,0,"-1906.48","-526.789","163.08","-675.756","341.479","156.423","0.991056","-0.00283654","150.225","1.2107","0.201386","132.967"
802,0,"-1908.87","-525.197","163.222","-677.048","343.023","156.489","0.923054","-0.153249","150.093","1.18694","0.218525","132.817"
803,0,"-1911.33","-523.481","163.222","-678.302","344.555","156.567","0.864175","-0.0721283","150.083","1.10856","0.220886","132.703"
804,0,"-1913.61","-521.922","163.284","-679.691","346.201","156.547","0.9107","-0.169471","149.892","1.18604","0.182393","132.546"
805,0,"-1916.09","-520.352","163.251","-681.073","347.792","156.575","0.893453","0.068923","149.922","1.19332","0.198717","132.414"
806,0,"-1918.31","-518.666","163.322","-682.377","349.294","156.58","0.959061","-0.0300372","149.709","1.18268","0.161787","132.266"
807,0,"-1920.53","-516.947","163.415","-683.684","350.926","156.619","0.937133","-0.134073","149.658","1.30848","0.0203752","132.132"
808,0,"-1923.12","-515.38","163.385","-685.03","352.389","156.769","0.907214","-0.00374364","149.679","1.13613","0.16096","132.046"
809,0,"-1925.2","-513.544","163.398","-686.285","354.034","156.58","0.92884","-0.150086","149.546","1.20719","0.000353982","131.864"
810,0,"-1927.69","-512.055","163.285","-687.531","355.385","156.732","0.959806","0.0802074","149.438","1.08717","0.186976","131.794"
811,0,"-1929.99","-510.257","163.431","-688.873","357.003","156.764","0.943924","-0.0422719","149.328","1.18102","0.194362","131.624"
812,0,"-1932.15","-508.587","163.497","-690.193","358.712","156.696","0.959995","-0.171313","149.217","1.15703","0.112382","131.513"
813,0,"-1934.79","-507.037","163.331","-691.483","360.15","156.839","1.01981","0.168691","149.2","1.23629","0.243422","131.368"
814,0,"-1936.87","-505.294","163.469","-692.728","361.782","156.788","0.983678","-0.0688023","149.054","1.1802","0.122599","131.219"
815,0,"-1939.26","-503.683","163.559","-693.987","363.486","156.944","0.909568","-0.0313393","148.981","1.02425","0.0633652","131.137"
816,0,"-1941.59","-502.011","163.555","-695.275","364.72","156.857","1.00644","-0.0784408","148.864","0.977708","0.281774","131.069"
817,0,"-1943.86","-500.089","163.628","-696.624","366.478","156.805","0.929454","-0.188863","148.869","1.16729","0.0472039","130.84"
818,0,"-1946.36","-498.704","163.539","-697.821","367.857","156.929","0.889866","0.0634663","148.79","1.19763","0.2094","130.746"
819,0,"-1948.42","-497.055","163.84","-699.112","369.7","157.033","0.976657","-0.278514","148.655","1.32887","0.0360617","130.568"
820,0,"-1950.66","-495.268","163.745","-700.385","371.077","156.994","0.940569","-0.162939","148.553","1.07206","0.234115","130.479"
821,0,"-1952.87","-493.652","163.726","-701.634","372.685","156.953","0.981972","-0.202515","148.434","1.04947","0.221559","130.345"
822,0,"-1955.15","-491.782","163.77","-702.873","374.449","157.125","0.9799","-0.0374562","148.411","1.17722","0.288177","130.18"
823,0,"-1957.47","-490.156","163.844","-704.12","375.964","157.156","0.890107","-0.402153","148.327","1.11414","0.197618","130.081"
824,0,"-1959.69","-488.571","163.933","-705.449","377.6","157.127","0.98643","-0.191601","148.222","1.12026","0.190129","129.943"
825,0,"-1962.18","-486.714","163.779","-706.699","379.165","157.145","1.0113","-0.0994004","148.19","1.08582","0.219264","129.817"
826,0,"-1964.52","-485.03","163.889","-708.019","380.857","157.17","0.880961","-0.254175","148.07","1.22359","0.138282","129.648"
827,0,"-1966.89","-483.542","163.972","-709.221","382.384","157.201","1.01531","-0.112721","147.949","1.18727","0.162258","129.53"
828,0,"-1969.14","-481.688","163.962","-710.51","384.048","157.392","0.915435","-0.207638","147.851","1.19377","0.393791","129.419"
829,0,"-1971.43","-480.022","164.098","-711.745","385.542","157.233","0.863854","-0.182284","147.816","1.05049","0.250959","129.31"
830,0,"-1973.65","-478.296","164.102","-712.836","387.283","157.385","0.982875","-0.264511","147.713","0.854625","0.132869","129.17"
831,0,"-1975.9","-476.542","164.016","-714.13","388.846","157.378","1.08834","-0.21238","147.632","1.13398","0.16696","129.034"
832,0,"-1978.03","-474.804","164.356","-715.327","390.397","157.424","0.957814","-0.428329","147.578","1.1307","0.195548","128.861"
833,0,"-1980.2","-473.036","164.142","-716.493","391.861","157.273","0.971078","-0.177468","147.424","0.985731","0.251854","128.768"
834,0,"-1982.48","-471.299","164.136","-717.759","393.574","157.45","1.00772","-0.121383","147.353","0.992585","0.520612","128.64"
835,0,"-1984.75","-469.555","164.341","-718.761","395.2","157.384","0.983112","-0.351209","147.327","1.18272","0.166967","128.28"
836,0,"-1987","-467.805","164.255","-719.926","397.13","157.515","0.910877","-0.376527","147.199","1.32431","0.0297139","128.06"
837,0,"-1989.55","-466.125","164.174","-721.303","398.498","157.707","1.01293","0.142888","147.193","0.841565","0.263612","128.288"
838,0,"-1991.65","-464.191","164.5","-722.519","400.12","157.496","0.94237","-0.398464","147.151","1.08131","0.200849","127.993"
839,0,"-1993.83","-462.609","164.381","-723.527","401.74","157.576","1.06059","-0.25845","146.972","1.16039","0.150752","127.763"
840,0,"-1996.16","-460.947","164.457","-724.7","403.481","157.653","1.04153","-0.00412849","146.947","1.1782","0.219438","127.638"
841,0,"-1998.26","-459.017","164.487","-725.892","405.128","157.61","1.04784","-0.317685","146.763","1.15519","0.16378","127.509"
842,0,"-2000.36","-457.237","164.435","-727.106","406.838","157.631","1.03994","-0.220962","146.644","1.24815","0.134335","127.317"
843,0,"-2002.66","-455.438","164.604","-728.204","408.403","157.651","1.01291","-0.190024","146.623","1.22123","0.225714","127.252"
844,0,"-2004.86","-453.731","164.625","-729.328","410.101","157.718","0.951485","-0.466833","146.528","1.14598","0.159341","127.11"
845,0,"-2007.03","-451.947","164.531","-730.514","411.783","157.775","1.00051","-0.132449","146.389","1.11232","0.146141","126.99"
846,0,"-2009.37","-450.21","164.592","-731.754","413.462","157.617","1.0447","-0.141256","146.403","1.09448","0.111606","126.869"
847,0,"-2011.52","-448.507","164.846","-733.008","414.944","157.741","1.09518","-0.436126","146.277","1.04118","0.260497","126.798"
848,0,"-2013.65","-446.76","164.759","-733.981","416.673","157.876","1.20584","-0.240887","146.205","1.20041","0.218919","126.577"
849,0,"-2015.96","-444.997","164.779","-735.154","418.34","157.815","1.09482","-0.425316","146.145","1.1836","0.225518","126.469"
850,0,"-2018.12","-443.016","164.956","-736.323","420.075","157.965","1.0948","-0.412667","146.033","1.19129","0.413211","126.382"
851,0,"-2020.26","-441.255","164.886","-737.431","421.818","157.953","1.12385","-0.315894","145.902","1.11211","0.172347","126.237"
852,0,"-2022.51","-439.554","165.004","-738.63","423.462","157.874","1.08728","-0.419384","145.832","1.15772","0.213154","126.08"
853,0,"-2024.65","-437.616","164.929","-739.743","425.195","157.932","1.0542","-0.302873","145.712","1.2196","0.244932","125.943"
854,0,"-2026.96","-436.014","164.856","-740.926","426.885","157.954","1.16438","-0.119248","145.736","1.20514","0.192299","125.775"
855,0,"-2029.01","-434.26","164.948","-742.06","428.576","157.955","1.11968","-0.373957","145.553","1.22451","0.203313","125.702"
856,0,"-2031.25","-432.27","165.155","-743.101","430.21","158.079","1.19684","-0.37318","145.512","1.17009","0.256001","125.57"
857,0,"-2033.42","-430.455","165.3","-744.199","431.923","158.273","1.15391","-0.604667","145.444","1.03707","0.149422","125.436"
858,0,"-2035.47","-428.68","165.2","-745.488","433.723","158.099","1.19399","-0.362255","145.289","1.21164","0.124285","125.293"
859,0,"-2037.7","-426.83","165.183","-746.406","435.175","158.161","1.22296","-0.333187","145.254","1.12761","0.218145","125.19"
860,0,"-2039.82","-425.121","165.189","-747.508","436.912","158.15","1.17359","-0.337092","145.109","1.16253","0.215924","125.032"
861,0,"-2042.06","-423.294","165.325","-748.587","438.709","158.154","1.25907","-0.340747","145.053","1.12389","0.0693524","124.894"
862,0,"-2044.24","-421.48","165.316","-749.714","440.237","158.128","1.26599","-0.334998","144.951","1.20664","0.234757","124.748"
863,0,"-2046.43","-419.531","165.45","-750.926","441.975","158.239","1.08701","-0.617588","144.913","1.37272","0.156392","124.697"
864,0,"-2048.48","-417.666","165.474","-751.903","443.931","158.335","1.34541","-0.368172","144.86","1.17789","0.104868","124.466"
865,0,"-2050.68","-415.924","165.487","-753.017","445.4","158.324","1.28395","-0.462824","144.707","1.14362","0.204702","124.391"
866,0,"-2052.73","-414.154","165.517","-754.169","447.139","158.344","1.26653","-0.435995","144.632","1.13584","0.168602","124.241"
867,0,"-2054.97","-412.16","165.415","-755.369","449.004","158.504","1.30284","-0.277925","144.57","1.18003","0.3166","124.106"
868,0,"-2057.02","-410.307","165.529","-756.443","450.759","158.533","1.21096","-0.512588","144.42","1.22583","0.123539","124.033"
869,0,"-2059.19","-408.471","165.531","-757.595","452.501","158.598","1.26015","-0.447736","144.359","1.14747","-0.000446285","123.916"
870,0,"-2061.36","-406.813","165.676","-758.867","454.323","158.745","1.33927","-0.37066","144.323","1.14697","0.00859592","123.823"
871,0,"-2063.47","-404.77","165.597","-760.046","456.231","158.944","1.25166","-0.512322","144.147","1.03136","-0.183913","123.716"
872,0,"-2065.44","-402.584","165.217","-761.164","457.829","159.1","1.0075","-1.04486","143.947","1.07704","-0.180494","123.655"
873,0,"-2067.65","-400.774","165.428","-762.396","459.726","159.328","0.873681","-1.24728","143.859","1.04856","-0.207229","123.565"
874,0,"-2069.78","-399.019","165.447","-763.544","461.442","159.388","0.990491","-1.09978","143.758","0.996406","-0.336724","123.465"
875,0,"-2071.91","-397.178","165.471","-763.717","462.719","158.571","0.995497","-1.11483","143.692","1.18491","0.233838","123.062"
876,0,"-2074","-395.295","165.48","-764.705","464.371","158.576","1.00171","-1.15152","143.614","1.18556","0.248487","122.926"
877,0,"-2075.93","-393.576","165.593","-765.682","466.355","158.862","0.881861","-1.03618","143.481","1.01586","0.0999278","122.794"
878,0,"-2078.06","-391.823","165.637","-766.812","467.801","158.678","0.999304","-0.990831","143.368","1.19687","0.236984","122.64"
879,0,"-2080.23","-389.952","165.532","-767.89","469.588","158.72","0.998632","-0.873437","143.298","1.12919","0.241938","122.5"
880,0,"-2082.47","-387.903","165.484","-768.909","471.426","158.774","1.0153","-0.914337","143.274","1.1104","0.207767","122.353"
881,0,"-2084.35","-386.406","165.579","-769.872","473.072","158.822","0.911156","-0.89657","143.012","1.08165","0.152436","122.223"
882,0,"-2086.42","-384.517","165.635","-770.894","474.767","158.893","0.88988","-0.832029","142.985","1.0372","0.201648","122.1"
883,0,"-2088.51","-382.69","165.657","-771.906","476.46","159.03","0.88066","-0.836434","142.892","0.920777","0.248789","121.99"
884,0,"-2090.6","-380.684","165.847","-772.895","478.209","159.239","0.80243","-1.10123","142.849","0.867293","0.302395","121.787"
885,0,"-2092.68","-378.735","165.729","-773.907","479.921","159.25","0.940489","-0.927817","142.747","0.787675","0.167885","121.668"
886,0,"-2094.75","-376.96","165.797","-774.924","481.642","159.478","0.93645","-0.873303","142.66","0.635853","0.107014","121.498"
887,0,"-2096.74","-375.093","165.841","-776.011","483.46","159.744","0.8977","-0.772422","142.539","0.463471","0.00498865","121.314"
888,0,"-2098.93","-373.166","165.851","-777.04","485.07","159.94","0.931319","-0.827282","142.505","0.294111","-0.000247451","121.217"
889,0,"-2100.87","-371.399","165.9","-778.079","486.89","160.212","0.910408","-0.94528","142.356","0.154819","-0.0867786","121.09"
890,0,"-2102.74","-369.563","165.904","-779.058","488.768","160.549","0.952878","-0.837847","142.289","-0.0786276","-0.265125","121.026"
891,0,"-2104.69","-367.77","166.051","-780.203","490.46","160.459","1.00282","-0.762947","142.185","0.0308998","-0.234847","120.886"
892,0,"-2106.85","-365.854","166.061","-781.282","492.321","160.595","0.938434","-0.90394","142.158","0.0294909","-0.2999","120.774"
893,0,"-2108.92","-363.95","165.979","-782.297","494.122","160.723","1.01609","-0.733657","142.102","0.037802","-0.388437","120.654"
894,0,"-2111.1","-362.233","166.014","-783.316","495.947","160.957","0.997083","-0.734278","141.987","0.0417028","-0.177002","120.603"
895,0,"-2113.11","-360.415","166.175","-784.361","497.757","160.864","0.964865","-0.724557","142.022","0.0875784","-0.420985","120.52"
896,0,"-2115.2","-358.584","166.11","-785.382","499.618","160.971","0.996388","-0.699033","141.999","0.132709","-0.501365","120.414"
897,0,"-2117.42","-356.799","166.148","-786.36","501.389","161.069","0.977353","-0.76228","141.941","0.123213","-0.566134","120.309"
898,0,"-2119.48","-354.827","166.121","-787.352","503.139","161.093","1.02682","-0.732205","141.909","0.183962","-0.575277","120.215"
899,0,"-2121.6","-352.969","166.363","-788.408","504.955","161.192","0.916607","-0.864966","141.875","0.166368","-0.566274","120.114"
900,0,"-2123.86","-351.114","166.222","-789.536","507.04","160.934","1.036","-0.694161","141.841","0.431084","-0.619875","120.009"
901,0,"-2126.05","-349.149","166.293","-790.246","508.554","161.243","1.00831","-0.786012","141.83","0.135777","-0.683129","119.856"
902,0,"-2128.16","-347.304","166.358","-791.149","510.357","161.337","1.0343","-0.667788","141.696","0.131227","-0.723128","119.737"
903,0,"-2130.18","-345.338","166.438","-792.01","512.393","161.607","1.03855","-0.668569","141.639","-0.0286934","-0.847169","119.574"
904,0,"-2132.34","-343.338","166.575","-792.903","514.041","161.408","0.985092","-0.776919","141.576","0.164165","-0.638628","119.5"
905,0,"-2134.52","-341.336","166.648","-793.813","515.927","161.368","0.921203","-0.82759","141.525","0.206161","-0.639525","119.367"
906,0,"-2136.65","-339.38","166.52","-794.717","517.729","161.346","1.0626","-0.721565","141.432","0.21066","-0.666956","119.226"
907,0,"-2138.7","-337.462","166.56","-795.665","519.544","161.438","1.04283","-0.667968","141.273","0.189716","-0.712443","119.09"
908,0,"-2140.83","-335.464","166.657","-796.598","521.376","161.53","1.04327","-0.690565","141.253","0.132164","-0.740424","118.97"
909,0,"-2142.99","-333.408","166.74","-797.529","523.249","161.665","1.00824","-0.848227","141.171","0.157714","-0.649047","118.827"
910,0,"-2145.2","-331.558","166.691","-798.575","525.248","161.287","0.994235","-0.790172","141.106","0.53534","-0.709025","118.726"
911,0,"-2147.02","-329.528","166.772","-799.2","526.689","161.665","1.03102","-0.685693","140.986","0.0742232","-0.770298","118.601"
912,0,"-2149.12","-327.605","166.808","-800.091","528.588","161.628","1.01184","-0.737179","140.874","0.0906676","-0.784851","118.478"
913,0,"-2151.28","-325.565","166.882","-801.025","530.486","161.618","0.959172","-0.758262","140.842","0.0913886","-0.873981","118.274"
914,0,"-2153.34","-323.493","166.956","-801.721","532.154","161.696","0.958103","-0.917381","140.74","0.117706","-0.813579","118.209"
915,0,"-2155.34","-321.639","167.005","-802.604","534.02","161.737","1.06272","-0.644152","140.649","0.131843","-0.802968","118.094"
916,0,"-2157.37","-319.652","166.933","-803.444","535.868","161.699","1.00879","-0.692324","140.579","0.102007","-0.857404","117.95"
917,0,"-2159.5","-317.719","167.023","-804.321","537.627","161.782","1.12339","-0.594245","140.462","0.115531","-0.789688","117.848"
918,0,"-2161.56","-315.696","167.011","-805.23","539.46","161.811","1.02407","-0.75399","140.353","0.0844346","-0.823872","117.685"
919,0,"-2163.58","-313.65","167.124","-806.153","541.36","161.724","1.05825","-0.761871","140.282","0.191351","-0.795949","117.565"
920,0,"-2165.52","-311.765","167.169","-807.16","543.37","161.524","1.02782","-0.697132","140.247","0.44127","-0.770448","117.427"
921,0,"-2167.55","-309.66","167.183","-807.724","545.317","162.274","1.03493","-0.601817","140.156","-0.127554","-0.931876","117.352"
922,0,"-2169.62","-307.713","167.207","-808.645","547.039","161.956","0.979106","-0.916997","140.065","0.0291433","-0.905494","117.194"
923,0,"-2171.67","-305.764","167.23","-809.463","549.09","162.119","1.04224","-0.679931","139.944","0.141139","-1.06943","117.01"
924,0,"-2173.73","-303.81","167.306","-810.226","550.651","162.057","1.05048","-0.736708","139.868","0.0405828","-0.901254","116.929"
925,0,"-2175.74","-301.795","167.325","-811.166","552.654","162.206","1.02381","-0.696972","139.799","0.190552","-0.556651","116.792"
926,0,"-2177.76","-299.689","167.413","-811.902","554.442","162.076","1.08531","-0.589257","139.776","0.0661184","-0.888725","116.664"
927,0,"-2179.8","-297.753","167.411","-812.681","556.204","162.031","1.12374","-0.65009","139.615","0.00984931","-0.91354","116.56"
928,0,"-2181.76","-295.649","167.57","-813.504","558.073","162.139","1.02376","-0.694419","139.575","0.0417152","-0.965024","116.436"
929,0,"-2183.81","-293.552","167.664","-814.345","560.007","162.247","0.927387","-0.872418","139.574","0.141092","-1.06067","116.264"
930,0,"-2185.88","-291.709","167.563","-815.124","561.828","162.026","1.04636","-0.734858","139.453","0.0842012","-1.02848","116.159"
931,0,"-2187.83","-289.751","167.656","-815.92","563.702","162.092","1.06071","-0.739201","139.379","0.0475034","-1.05202","116.038"
932,0,"-2189.8","-287.76","167.748","-816.658","565.497","162.19","1.04621","-0.755796","139.307","0.0264787","-0.961026","115.94"
933,0,"-2191.86","-285.573","167.817","-817.452","567.439","162.176","0.970874","-0.809322","139.259","-0.0531988","-1.04616","115.792"
934,0,"-2193.91","-283.542","167.768","-818.223","569.32","162.193","1.04677","-0.70736","139.227","0.0104807","-1.03867","115.664"
935,0,"-2196","-281.673","167.853","-819.022","571.244","162.254","1.08857","-0.706982","139.159","0.0834841","-1.02169","115.509"
936,0,"-2197.86","-279.724","167.919","-819.799","573.06","162.352","1.07764","-0.70604","139.073","0.0453087","-0.99665","115.426"
937,0,"-2199.84","-277.588","167.925","-820.75","574.953","162.246","1.1375","-0.548266","139.087","0.143924","-1.00558","115.27"
938,0,"-2201.95","-275.524","168.116","-821.484","576.865","162.305","0.930932","-0.858052","138.979","-0.103382","-1.20936","115.14"
939,0,"-2203.98","-273.542","167.993","-822.179","578.664","162.465","1.07113","-0.671585","138.919","-0.0818235","-1.1328","115.036"
940,0,"-2205.87","-271.667","168.059","-822.982","580.687","162.552","1.04453","-0.721186","138.825","-0.0612779","-1.12488","114.944"
941,0,"-2207.75","-269.735","168.138","-823.676","582.549","162.675","1.02619","-0.766503","138.749","-0.12622","-1.07711","114.811"
942,0,"-2209.75","-267.607","168.192","-824.353","584.286","162.541","1.09196","-0.580322","138.836","-0.0282388","-1.11575","114.689"
943,0,"-2211.99","-265.755","168.391","-825.006","586.175","162.578","0.98657","-0.879172","138.749","0.0843937","-1.18219","114.549"
944,0,"-2214.13","-263.645","168.267","-825.67","587.801","162.469","1.02369","-0.765233","138.679","0.177642","-1.13341","114.421"
945,0,"-2216.22","-261.681","168.33","-826.668","589.664","162.18","1.0874","-0.726869","138.662","0.53837","-1.02025","114.238"
946,0,"-2218.27","-259.642","168.309","-827.063","591.575","162.948","1.00365","-0.621881","138.631","-0.155526","-1.02007","114.179"
947,0,"-2220.36","-257.448","168.412","-827.765","593.067","162.771","0.960614","-0.892833","138.681","-0.148441","-1.21637","114.081"
948,0,"-2222.56","-255.644","168.476","-828.456","594.751","162.774","1.08517","-0.698108","138.613","-0.129249","-1.1856","113.927"
949,0,"-2224.64","-253.622","168.448","-829.16","596.657","162.844","1.02982","-0.70943","138.604","-0.0165575","-1.34294","113.763"
950,0,"-2226.72","-251.61","168.505","-830.057","598.364","162.709","1.09713","-0.555178","138.604","0.234914","-1.14414","113.675"
951,0,"-2228.83","-249.445","168.655","-830.609","600.144","162.966","0.941867","-0.726575","138.577","0.137196","-1.07427","113.624"
952,0,"-2230.98","-247.353","168.556","-831.14","601.875","163.126","1.05004","-0.58656","138.663","0.00121985","-1.35275","113.622"
953,0,"-2233.17","-245.192","168.568","-831.993","603.491","162.835","1.00554","-0.746827","138.519","0.29639","-1.19421","113.586"
954,0,"-2235.36","-243.191","168.689","-832.755","605.18","162.811","1.11635","-0.564853","138.533","0.299986","-1.22975","113.566"
955,0,"-2237.42","-241.096","168.735","-833.563","606.861","162.701","1.07675","-0.629356","138.492","0.399078","-1.2096","113.514"
956,0,"-2239.53","-238.982","168.894","-834.007","608.583","162.991","0.931013","-0.813724","138.475","0.0877844","-1.43584","113.496"
957,0,"-2241.6","-236.767","168.785","-834.666","610.228","163.053","1.0671","-0.619744","138.471","0.105884","-1.3767","113.495"
958,0,"-2243.73","-234.779","168.846","-835.322","611.956","163.131","1.02255","-0.750818","138.393","0.0860309","-1.32172","113.492"
959,0,"-2245.77","-232.64","168.883","-836.042","613.753","163.184","1.05794","-0.495619","138.341","0.0609475","-1.35294","113.485"
960,0,"-2247.91","-230.683","169.081","-836.795","615.628","163.255","1.01183","-0.679274","138.295","0.0669192","-1.33825","113.49"
961,0,"-2249.86","-228.786","169.02","-837.595","617.428","163.163","1.07735","-0.592866","138.276","0.0984859","-1.33593","113.46"
962,0,"-2251.78","-226.56","168.881","-838.387","619.286","163.132","1.07893","-0.738763","138.133","0.106305","-1.28284","113.47"
963,0,"-2253.81","-224.688","169.029","-839.192","621.232","163.188","1.07716","-0.625338","138.189","0.101834","-1.31623","113.466"
964,0,"-2255.75","-222.724","169.2","-839.984","623.106","163.204","1.08533","-0.509831","138.213","0.112051","-1.36555","113.459"
965,0,"-2257.85","-220.75","169.208","-840.697","624.907","163.266","0.943626","-0.727221","138.141","0.109683","-1.30894","113.477"
966,0,"-2259.88","-218.754","169.198","-841.486","626.77","163.311","1.03529","-0.585925","138.085","0.0708299","-1.3348","113.435"
967,0,"-2261.96","-216.613","169.276","-841.118","629.242","162.873","1.01476","-0.619898","138.141","-0.24691","-2.23781","113.685"
968,0,"-2263.94","-214.735","169.241","-842.101","630.977","163.012","1.085","-0.517348","138.07","-0.193818","-1.98522","113.688"
969,0,"-2265.87","-212.501","169.339","-842.889","632.944","163.022","0.998238","-0.747976","137.999","-0.162157","-1.94833","113.664"
970,0,"-2268.07","-210.676","169.402","-843.59","634.916","163.002","1.04499","-0.515961","138.022","-0.147145","-1.93817","113.715"
971,0,"-2270.15","-208.637","169.404","-844.496","637.006","163.031","1.04514","-0.534083","138.013","-0.153589","-1.99533","113.717"
972,0,"-2272.29","-206.401","169.421","-845.388","639.036","163.064","1.08409","-0.394651","138.075","-0.172363","-2.06446","113.661"
973,0,"-2274.37","-204.357","169.424","-846.06","641.068","163.025","1.0053","-0.468681","137.938","-0.261114","-2.24313","113.651"
974,0,"-2276.45","-202.172","169.464","-846.896","642.895","163.177","0.949452","-0.683698","137.884","-0.185613","-1.99978","113.666"
975,0,"-2278.39","-200.066","169.466","-847.782","645.018","163.197","0.977625","-0.605343","137.779","-0.147264","-1.97421","113.569"
976,0,"-2280.55","-197.97","169.53","-847.315","646.905","162.29","1.03588","-0.450357","137.871","-0.0454071","-1.41819","113.269"
977,0,"-2282.67","-195.797","169.634","-848.147","649.006","162.356","1.07683","-0.402676","137.858","-0.100503","-1.44513","113.197"
978,0,"-2284.61","-193.576","169.652","-849.238","650.956","161.997","0.931249","-0.710012","137.699","0.263581","-1.1974","113.061"
979,0,"-2286.7","-191.556","169.596","-849.947","653.143","162.291","1.04766","-0.370501","137.778","0.126285","-1.212","113.034"
980,0,"-2288.69","-189.54","169.716","-850.729","655.34","162.294","1.00871","-0.518226","137.72","0.00256986","-1.37263","112.999"
981,0,"-2290.67","-187.349","169.723","-851.38","657.701","162.562","1.05809","-0.338014","137.652","-0.181014","-1.55209","112.96"
982,0,"-2292.51","-185.401","169.863","-852.308","659.623","162.453","1.13565","-0.460389","137.603","-0.0666715","-1.39497","112.878"
983,0,"-2294.31","-183.517","170.146","-853.19","661.724","162.54","1.16529","-0.374775","137.577","-0.102247","-1.38868","112.819"
984,0,"-2296.05","-181.649","170.157","-854.086","664.014","162.756","1.23529","-0.289106","137.512","0.0141004","-1.24136","112.656"
985,0,"-2297.94","-179.468","170.075","-854.94","666.053","162.664","1.14367","-0.650963","137.359","-0.0918812","-1.51235","112.583"
986,0,"-2300.19","-177.591","170.072","-855.955","668.16","162.842","1.13619","-0.359736","137.494","-0.068616","-1.52039","112.493"
987,0,"-2302.3","-175.674","170.097","-856.635","670.288","163.131","1.06568","-0.449311","137.572","-0.239889","-1.74771","112.487"
988,0,"-2304.69","-173.704","170.22","-857.556","672.522","163.346","0.933473","-0.385745","137.643","-0.160962","-1.63905","112.396"
989,0,"-2306.83","-171.548","170.088","-858.252","674.671","163.249","1.07936","-0.339609","137.704","-0.293024","-2.01919","112.333"
990,0,"-2309","-169.43","170.076","-859.192","676.676","163.505","0.983638","-0.534517","137.665","-0.301992","-1.9556","112.251"
991,0,"-2310.97","-167.335","170.144","-860.074","678.792","163.666","0.907712","-0.648878","137.543","-0.389115","-2.09163","112.185"
992,0,"-2313.37","-165.481","170.351","-860.913","680.762","163.683","0.918474","-0.527662","137.771","-0.377829","-2.12396","112.089"
993,0,"-2315.56","-163.331","170.156","-862.711","682.295","162.932","0.918425","-0.504702","137.846","0.729495","-1.29752","111.754"
994,0,"-2317.7","-161.307","170.161","-863.455","684.119","162.967","0.961823","-0.399211","137.892","0.67185","-1.39714","111.661"
995,0,"-2319.99","-159.471","170.346","-864.089","685.9","163.058","1.03211","-0.26944","137.897","0.652352","-1.34067","111.534"
996,0,"-2322.18","-157.301","170.425","-864.759","687.874","163.012","0.896948","-0.481663","137.995","0.616443","-1.52269","111.444"
997,0,"-2324.32","-155.302","170.341","-865.52","689.576","163.044","0.869774","-0.568451","137.913","0.668442","-1.40836","111.377"
998,0,"-2326.58","-153.328","170.311","-866.11","691.301","163.029","0.916906","-0.471482","138.112","0.706288","-1.38853","111.318"
999,0,"-2328.78","-151.449","170.401","-866.697","692.979","163.118","0.945545","-0.232316","138.176","0.692958","-1.38274","111.304"
1000,0,"-2330.88","-149.513","170.56","-867.313","694.681","163.221","0.782888","-0.570735","138.161","0.689911","-1.31538","111.285"
1001,0,"-2333.21","-147.429","170.47","-868.019","696.311","163.249","0.898571","-0.435189","138.3","0.69595","-1.26564","111.249"
1002,0,"-2335.44","-145.641","170.534","-868.756","697.86","163.262","0.923999","-0.288406","138.357","0.729694","-1.19145","111.191"
1003,0,"-2337.61","-143.749","170.591","-869.506","699.413","163.269","0.971211","-0.0919211","138.413","0.810532","-1.11626","111.141"
1004,0,"-2339.74","-141.773","170.712","-870.266","700.991","163.297","0.881972","-0.153364","138.487","0.87711","-1.03155","111.113"
1005,0,"-2341.92","-139.837","170.805","-870.978","702.684","163.371","0.721147","-0.5057","138.565","0.892406","-0.906964","111.102"
1006,0,"-2344.21","-137.906","170.782","-871.689","704.386","163.436","0.955768","-0.287393","138.656","0.885502","-0.843388","111.123"
1007,0,"-2346.38","-136.111","170.838","-872.371","706.084","163.479","0.936977","-0.356699","138.684","0.894138","-0.824406","111.128"
1008,0,"-2348.59","-134.224","170.877","-873.051","707.66","163.537","0.821437","-0.28724","138.746","0.903427","-0.794128","111.149"
1009,0,"-2350.82","-132.289","170.91","-873.799","709.443","163.613","0.866016","-0.25729","138.832","0.90283","-0.792067","111.131"
1010,0,"-2353.05","-130.285","170.869","-874.537","711.239","163.533","0.887928","-0.261757","138.91","0.885664","-0.822713","111.107"
1011,0,"-2355.24","-128.415","170.926","-875.172","712.975","163.672","0.87748","-0.28622","138.961","0.873363","-0.792107","111.169"
1012,0,"-2357.48","-126.54","170.96","-875.961","714.838","163.652","0.827777","-0.180398","139.016","0.910308","-0.740833","111.191"
1013,0,"-2359.87","-124.623","171.225","-876.633","716.673","163.785","0.795517","-0.261617","139.181","0.899048","-0.699433","111.277"
1014,0,"-2362.09","-122.649","171.143","-877.373","718.569","163.778","0.76598","-0.323924","139.241","0.885485","-0.690378","111.335"
1015,0,"-2364.26","-120.757","170.934","-878.135","720.479","163.76","0.748358","-0.326339","139.202","0.897918","-0.693753","111.392"
1016,0,"-2366.55","-118.997","171.17","-878.972","722.358","163.71","0.867103","-0.0956181","139.329","0.899868","-0.789156","111.39"
1017,0,"-2368.82","-117.041","171.215","-879.635","724.188","163.853","0.845604","-0.128272","139.413","0.888821","-0.738995","111.489"
1018,0,"-2371.13","-115.016","171.238","-880.31","726.109","163.859","0.699303","-0.346459","139.514","0.849151","-0.739416","111.527"
1019,0,"-2373.23","-113.179","171.209","-881.075","727.982","163.919","0.791353","-0.437043","139.51","0.885118","-0.702407","111.577"
1020,0,"-2375.67","-111.339","171.15","-881.983","730.075","163.886","0.859787","0.0352284","139.661","0.89481","-0.817428","111.601"
1021,0,"-2377.87","-109.54","171.222","-882.723","731.952","163.989","0.767877","-0.0381186","139.739","0.87586","-0.618499","111.764"
1022,0,"-2380.11","-107.37","171.291","-883.548","733.869","163.895","0.66239","-0.319398","139.732","0.873271","-0.681195","111.769"
1023,0,"-2382.45","-105.608","171.279","-884.307","735.843","163.971","0.822986","0.045929","139.876","0.848617","-0.739242","111.852"
1024,0,"-2384.69","-103.895","171.347","-885.132","737.809","163.982","0.773458","-0.127747","139.954","0.877308","-0.741219","111.919"
1025,0,"-2386.99","-102.071","171.343","-885.778","739.622","164.175","0.825108","-0.0115537","140.039","0.863887","-0.635518","112.055"
1026,0,"-2389.22","-100.125","171.366","-886.519","741.475","164.184","0.703262","-0.188983","140.144","0.841735","-0.66042","112.149"
1027,0,"-2391.54","-98.2694","171.511","-887.366","743.223","164.177","0.658683","-0.295137","140.238","0.869108","-0.664894","112.2"
1028,0,"-2393.68","-96.4038","171.407","-888.217","745.067","164.127","0.671969","-0.193779","140.196","0.761675","-0.872455","112.163"
1029,0,"-2396.07","-94.7494","171.43","-887.831","747.137","164.202","0.79822","-0.00994615","140.369","0.290711","-1.52776","112.541"
1030,0,"-2398.33","-92.8956","171.418","-888.54","748.391","163.929","0.756485","-0.0230549","140.426","0.504066","-1.42141","112.596"
1031,0,"-2400.54","-90.9083","171.569","-888.95","749.443","163.993","0.683623","-0.193294","140.436","0.492445","-1.40981","112.646"
1032,0,"-2402.83","-89.1201","171.459","-889.197","750.283","164.023","0.736113","0.0140038","140.614","0.504058","-1.37716","112.691"
1033,0,"-2405.11","-87.4548","171.591","-889.472","751.07","164.048","0.731987","-0.0584536","140.612","0.522771","-1.36956","112.739"
1034,0,"-2407.44","-85.5813","171.636","-889.811","751.816","164.002","0.772925","0.0268383","140.684","0.510743","-1.42954","112.746"
1035,0,"-2409.68","-83.7301","171.686","-890.017","752.393","164.025","0.734082","-0.00429137","140.743","0.489943","-1.46156","112.786"
1036,0,"-2411.97","-81.8817","171.726","-890.149","752.864","164","0.67516","0.0105163","140.843","0.38733","-1.59905","112.821"
1037,0,"-2414.21","-80.2516","171.639","-890.188","753.246","164.07","0.708817","-0.0535357","140.888","0.311205","-1.66038","112.844"
1038,0,"-2416.48","-78.399","171.731","-890.213","753.522","164.174","0.73118","0.0310956","140.951","0.225924","-1.67758","112.89"
1039,0,"-2418.67","-76.6187","171.651","-890.15","753.75","164.272","0.729339","0.0188356","140.969","0.135147","-1.74982","112.916"
1040,0,"-2420.94","-74.7189","171.749","-890.119","753.898","164.38","0.685227","-0.107574","140.953","0.0137478","-1.81791","112.94"
1041,0,"-2423.35","-72.7885","171.819","-890.068","753.968","164.55","0.809862","0.0793709","141.133","-0.0723615","-1.80142","112.992"
1042,0,"-2425.7","-70.812","171.854","-890.026","754.07","164.597","0.57492","-0.0844759","141.166","-0.162405","-1.87151","113.007"
1043,0,"-2427.9","-69.0665","171.79","-889.988","754.155","164.658","0.757244","0.0407214","141.109","-0.226829","-1.91224","113.028"
1044,0,"-2430.18","-67.2166","171.817","-889.926","754.217","164.73","0.721175","0.078845","141.176","-0.289192","-1.94784","113.049"
1045,0,"-2432.43","-65.2728","171.924","-889.886","754.236","164.75","0.755268","0.22945","141.214","-0.319729","-1.97172","113.055"
1046,0,"-2434.75","-63.1921","171.963","-889.855","754.217","164.752","0.623727","-0.0704683","141.194","-0.346679","-1.98678","113.059"
1047,0,"-2436.95","-61.232","171.945","-889.83","754.206","164.775","0.760469","0.0609269","141.144","-0.360338","-2.00573","113.063"
1048,0,"-2439.04","-59.2509","172.014","-889.774","754.185","164.83","0.635458","0.0357668","141.164","-0.402152","-2.03718","113.074"
1049,0,"-2441.25","-57.4288","171.914","-889.752","754.136","164.837","0.645742","0.0938315","141.064","-0.404729","-2.04464","113.072"
1050,0,"-2443.45","-55.2172","172.071","-889.721","754.085","164.818","0.618225","-0.186596","140.971","-0.399593","-2.04157","113.067"
1051,0,"-2445.72","-53.2907","172.17","-889.712","754.04","164.819","0.612595","-0.0302316","141.037","-0.407039","-2.04554","113.061"
1052,0,"-2447.72","-51.3223","171.956","-889.699","754","164.819","0.708766","0.119831","141.01","-0.401005","-2.04192","113.06"
1053,0,"-2449.85","-49.5469","172.107","-889.669","754.031","164.764","0.685346","0.170362","140.907","-0.417295","-2.14192","113.034"
1054,0,"-2452.02","-47.43","172.006","-889.659","754.006","164.756","0.722081","0.160017","140.862","-0.426771","-2.13233","113.042"
1055,0,"-2454.2","-45.4671","172.07","-889.649","753.979","164.722","0.691483","0.148538","140.753","-0.427506","-2.15838","113.031"
1056,0,"-2456.24","-43.408","172.198","-889.651","753.964","164.749","0.545639","-0.16231","140.72","-0.423558","-2.13362","113.033"
1057,0,"-2458.36","-41.4103","172.096","-889.64","753.956","164.759","0.699344","0.185705","140.757","-0.425464","-2.14508","113.039"
1058,0,"-2460.45","-39.517","172.157","-889.651","753.969","164.728","0.683305","0.0575678","140.67","-0.43639","-2.16751","113.036"
1059,0,"-2462.53","-37.5213","172.191","-889.646","753.995","164.729","0.644514","-0.00410651","140.466","-0.433079","-2.16588","113.035"
1060,0,"-2464.61","-35.5731","172.2","-889.643","753.985","164.762","0.63094","0.0337723","140.418","-0.431276","-2.15225","113.042"
1061,0,"-2466.68","-33.5955","172.212","-889.646","754.005","164.744","0.739743","0.163648","140.473","-0.43279","-2.14434","113.04"
1062,0,"-2468.84","-31.5881","172.382","-889.659","753.999","164.757","0.545766","-0.091558","140.407","-0.427424","-2.13567","113.036"
1063,0,"-2470.77","-29.5003","172.228","-889.656","754.023","164.741","0.636386","-0.118502","140.185","-0.43156","-2.15095","113.037"
1064,0,"-2472.98","-27.7378","172.295","-889.669","753.947","164.809","0.686583","0.134914","140.237","-0.40632","-2.04239","113.07"
1065,0,"-2475.05","-25.7226","172.35","-889.661","753.936","164.803","0.692543","0.111324","140.177","-0.410941","-2.03826","113.064"
1066,0,"-2477.08","-23.5317","172.433","-889.661","753.997","164.759","0.579539","0.00975306","140.05","-0.425717","-2.13898","113.039"
1067,0,"-2479.19","-21.6101","172.49","-889.66","754.001","164.745","0.568426","-0.0184201","140.093","-0.426922","-2.14251","113.04"
1068,0,"-2481.31","-19.6181","172.381","-889.66","753.975","164.75","0.70262","0.255319","140.055","-0.428187","-2.15656","113.039"
1069,0,"-2483.38","-17.701","172.461","-889.645","753.979","164.734","0.677992","0.139312","139.93","-0.429467","-2.169","113.031"
1070,0,"-2485.39","-15.4285","172.409","-889.637","753.954","164.741","0.673542","0.0713562","139.866","-0.435398","-2.17072","113.032"
1071,0,"-2487.55","-13.5167","172.579","-889.623","753.96","164.719","0.615585","0.0879444","139.833","-0.432497","-2.17153","113.037"
1072,0,"-2489.52","-11.4106","172.601","-889.613","753.948","164.752","0.584301","-0.0660838","139.821","-0.429907","-2.1592","113.032"
1073,0,"-2491.61","-9.44809","172.502","-889.624","753.94","164.736","0.591036","0.0641649","139.657","-0.430176","-2.14777","113.035"
1074,0,"-2493.81","-7.32275","172.573","-889.641","753.888","164.824","0.666641","0.0772623","139.644","-0.411775","-2.04361","113.062"
1075,0,"-2495.98","-5.36486","172.584","-889.642","753.954","164.716","0.665076","0.0762745","139.581","-0.424865","-2.15832","113.037"
1076,0,"-2498.08","-3.26511","172.7","-889.657","753.96","164.766","0.561288","0.157749","139.601","-0.422563","-2.13885","113.033"
1077,0,"-2500.04","-1.12188","172.583","-889.634","753.979","164.751","0.629677","0.0624835","139.558","-0.435872","-2.16868","113.041"
1078,0,"-2502.14","0.77178","172.631","-889.632","753.968","164.746","0.581734","0.187893","139.427","-0.44052","-2.16167","113.039"
1079,0,"-2504.26","3.01686","172.604","-889.639","753.977","164.748","0.682137","0.226858","139.387","-0.425744","-2.12632","113.037"
1080,0,"-2506.22","5.05392","172.67","-889.624","753.957","164.74","0.57511","-0.127824","139.163","-0.437917","-2.16166","113.039"
1081,0,"-2508.42","7.03998","172.663","-889.625","753.953","164.739","0.666415","0.114247","139.266","-0.428573","-2.15338","113.034"
1082,0,"-2510.42","8.92795","172.737","-889.626","753.949","164.733","0.682361","0.171363","139.136","-0.430639","-2.15563","113.038"
1083,0,"-2512.33","11.0693","172.696","-889.632","753.96","164.727","0.651435","0.149192","139.085","-0.432121","-2.1617","113.035"
1084,0,"-2514.32","13.0032","172.834","-889.626","753.948","164.756","0.68259","0.0995365","139.017","-0.434371","-2.17036","113.038"
1085,0,"-2516.43","14.8712","172.87","-889.629","753.954","164.751","0.665923","0.0902892","139.071","-0.436996","-2.15209","113.032"
1086,0,"-2518.48","16.9018","172.717","-889.65","753.886","164.805","0.714483","0.186216","139.113","-0.415683","-2.05003","113.064"
1087,0,"-2520.52","18.838","172.833","-889.642","753.972","164.742","0.639536","-0.0217664","138.912","-0.433157","-2.15887","113.037"
1088,0,"-2522.65","20.8454","172.975","-889.631","753.975","164.742","0.568193","-0.0665011","139.06","-0.434511","-2.16322","113.033"
1089,0,"-2524.66","22.6042","172.961","-889.628","753.969","164.745","0.684093","0.237089","139.028","-0.443396","-2.16129","113.034"
1090,0,"-2526.71","24.5769","172.886","-889.63","753.983","164.748","0.636411","0.131022","138.979","-0.431471","-2.16606","113.026"
1091,0,"-2528.8","26.5321","172.887","-889.618","753.953","164.728","0.667244","0.191593","138.968","-0.425271","-2.1422","113.037"
1092,0,"-2530.92","28.5592","173.031","-889.616","753.958","164.729","0.697519","0.135423","138.988","-0.432533","-2.17587","113.033"
1093,0,"-2532.94","30.5552","173.08","-889.634","753.945","164.756","0.573691","-0.125258","139.036","-0.427924","-2.15223","113.034"
1094,0,"-2534.9","32.5972","173.054","-889.629","753.947","164.745","0.669509","-0.0972355","138.818","-0.443761","-2.16733","113.037"
1095,0,"-2537.07","34.584","172.893","-889.642","753.876","164.789","0.637043","-0.00180198","138.924","-0.412561","-2.04022","113.065"
1096,0,"-2539.18","36.284","173.037","-889.631","753.942","164.744","0.652556","0.115097","138.849","-0.433993","-2.16104","113.034"
1097,0,"-2541.15","38.2714","173.123","-889.634","753.951","164.737","0.584652","0.0544766","138.928","-0.429338","-2.14564","113.04"
1098,0,"-2543.21","40.2215","173.206","-889.614","753.946","164.714","0.658994","0.00654782","138.942","-0.433197","-2.16945","113.035"
1099,0,"-2545.27","41.9535","173.168","-889.615","753.951","164.735","0.748649","0.0748268","138.908","-0.434362","-2.15783","113.034"
1100,0,"-2547.46","43.7673","173.113","-889.635","753.965","164.746","0.686671","0.14506","138.94","-0.420002","-2.12536","113.034"
1101,0,"-2549.47","45.7645","173.012","-889.635","753.96","164.731","0.640973","0.0504201","138.904","-0.426443","-2.14761","113.037"
1102,0,"-2551.78","47.6521","173.281","-889.636","753.961","164.741","0.5932","0.0833119","139.078","-0.43678","-2.16459","113.036"
1103,0,"-2553.79","49.51","173.136","-889.645","753.894","164.815","0.547327","-0.0317572","139.006","-0.412772","-2.03768","113.062"
1104,0,"-2555.87","51.4572","173.097","-889.632","753.95","164.729","0.601753","0.0897485","139.054","-0.439818","-2.16276","113.032"
1105,0,"-2557.96","53.306","173.234","-889.635","753.871","164.821","0.659665","0.157858","139.004","-0.40093","-2.03687","113.064"
1106,0,"-2560.11","55.3559","173.133","-889.624","753.94","164.737","0.639741","0.210442","139.078","-0.432346","-2.16564","113.033"
1107,0,"-2562.34","57.3493","173.227","-889.623","753.942","164.728","0.581278","-0.00644898","139.219","-0.427601","-2.15571","113.042"
1108,0,"-2564.5","59.347","173.206","-889.61","753.957","164.725","0.502468","0.113054","139.071","-0.432189","-2.17597","113.036"
1109,0,"-2566.74","61.0057","173.273","-889.624","753.947","164.742","0.69107","0.273817","139.165","-0.4234","-2.16311","113.038"
1110,0,"-2568.89","63.1008","173.258","-889.622","753.946","164.747","0.653524","0.271834","139.235","-0.430114","-2.16189","113.032"
1111,0,"-2571.04","65.0924","173.317","-889.628","753.939","164.746","0.635696","0.0317794","139.231","-0.435423","-2.15143","113.04"
1112,0,"-2573.25","67.0637","173.354","-889.629","753.96","164.744","0.601362","0.0406491","139.141","-0.4356","-2.1655","113.034"
1113,0,"-2575.54","68.8082","173.352","-889.645","753.88","164.814","0.561367","0.100648","139.22","-0.406089","-2.04177","113.067"
1114,0,"-2577.74","70.8399","173.314","-889.633","753.955","164.733","0.636335","0.232013","139.294","-0.434243","-2.16173","113.035"
1115,0,"-2579.87","72.9452","173.293","-889.642","753.877","164.796","0.610246","0.134073","139.314","-0.410687","-2.04804","113.061"
1116,0,"-2582.17","74.8025","173.463","-889.625","753.947","164.722","0.636678","0.361314","139.29","-0.425217","-2.13983","113.04"
1117,0,"-2584.31","76.7634","173.429","-889.615","753.953","164.723","0.642784","0.270522","139.301","-0.429658","-2.17268","113.033"
1118,0,"-2586.39","78.8338","173.403","-889.614","753.948","164.724","0.551632","-0.0375901","139.239","-0.427946","-2.16447","113.032"
1119,0,"-2588.66","80.7196","173.478","-889.634","753.941","164.734","0.645117","0.179613","139.423","-0.429509","-2.14628","113.038"
1120,0,"-2590.91","82.7156","173.427","-889.617","753.937","164.746","0.643169","0.0424335","139.356","-0.437739","-2.16027","113.033"
1121,0,"-2593.18","84.6059","173.495","-889.624","753.944","164.727","0.692594","0.342547","139.42","-0.432765","-2.16793","113.038"
1122,0,"-2595.32","86.5876","173.456","-889.636","753.941","164.741","0.61457","0.0237419","139.392","-0.434172","-2.15022","113.032"
1123,0,"-2597.56","88.5556","173.455","-889.632","753.932","164.735","0.597227","0.156078","139.474","-0.440087","-2.16195","113.039"
1124,0,"-2599.72","90.3063","173.545","-889.622","753.958","164.737","0.617298","0.134735","139.438","-0.431036","-2.16186","113.031"
1125,0,"-2601.91","92.4905","173.551","-889.632","753.859","164.823","0.549498","-0.00599263","139.364","-0.419835","-2.04989","113.06"
1126,0,"-2604.19","94.2723","173.568","-889.635","753.945","164.73","0.702473","0.245458","139.534","-0.429644","-2.1587","113.035"
1127,0,"-2606.41","96.3086","173.531","-889.642","753.881","164.81","0.600472","0.196921","139.505","-0.402305","-2.04715","113.062"
1128,0,"-2608.57","98.3731","173.665","-889.632","753.952","164.721","0.461053","-0.000459506","139.464","-0.431756","-2.15761","113.038"
1129,0,"-2610.8","100.132","173.598","-889.629","753.952","164.738","0.587099","0.120823","139.494","-0.438402","-2.17568","113.037"
1130,0,"-2612.92","102.026","173.536","-889.621","753.946","164.75","0.548513","0.0883581","139.516","-0.428067","-2.13952","113.036"
1131,0,"-2615.13","103.977","173.582","-889.634","753.943","164.708","0.637149","0.259298","139.616","-0.44125","-2.17348","113.034"
1132,0,"-2617.38","105.925","173.805","-889.642","753.952","164.739","0.550197","0.1257","139.64","-0.429783","-2.15268","113.039"
1133,0,"-2619.82","107.874","173.809","-889.616","753.934","164.758","0.671904","0.245094","139.713","-0.433154","-2.14532","113.037"
1134,0,"-2622.17","109.883","173.645","-889.623","753.935","164.734","0.54547","0.16251","139.797","-0.43066","-2.15453","113.04"
1135,0,"-2624.49","112.024","173.632","-889.643","753.937","164.751","0.59932","0.0552085","139.819","-0.423596","-2.13472","113.035"
1136,0,"-2626.86","113.762","173.817","-889.627","753.937","164.735","0.526571","0.264039","139.966","-0.412589","-2.14055","113.037"
1137,0,"-2629.18","115.726","173.886","-889.643","753.864","164.805","0.501297","0.132644","140.025","-0.408081","-2.04273","113.064"
1138,0,"-2631.29","117.749","173.812","-889.631","753.947","164.743","0.573103","0.158975","139.932","-0.436863","-2.16526","113.035"
1139,0,"-2633.71","119.746","173.773","-889.632","753.961","164.717","0.640052","0.212804","140.043","-0.436347","-2.1825","113.031"
1140,0,"-2636.04","121.436","173.755","-889.63","753.944","164.704","0.588053","0.270758","140.11","-0.430787","-2.1517","113.036"
1141,0,"-2638.21","123.408","173.891","-889.624","753.96","164.727","0.518938","0.151023","140.137","-0.424363","-2.16234","113.031"
1142,0,"-2640.37","125.31","173.985","-889.612","753.935","164.734","0.500395","0.195315","140.238","-0.435598","-2.15482","113.036"
1143,0,"-2642.61","126.95","173.949","-889.622","753.943","164.707","0.650456","0.294596","140.23","-0.435073","-2.16102","113.035"
1144,0,"-2644.85","128.785","173.904","-889.619","753.932","164.725","0.608856","0.274659","140.302","-0.433688","-2.16056","113.035"
1145,0,"-2647","130.667","173.903","-889.586","753.893","164.749","0.570273","0.326655","140.311","-0.419597","-2.17332","113.025"
1146,0,"-2649.19","132.408","173.901","-889.632","753.925","164.734","0.628807","0.366788","140.395","-0.433674","-2.15615","113.034"
1147,0,"-2651.42","134.261","173.908","-889.649","753.868","164.803","0.634273","0.346944","140.46","-0.395977","-2.02686","113.061"
1148,0,"-2653.6","136.242","173.919","-889.626","753.925","164.756","0.647595","0.44084","140.533","-0.430232","-2.14752","113.041"
1149,0,"-2655.64","138.114","174.03","-889.621","753.941","164.726","0.570743","0.0130526","140.405","-0.429874","-2.17115","113.038"
1150,0,"-2658.18","139.975","174.005","-889.61","753.945","164.736","0.618489","0.461946","140.654","-0.433072","-2.16543","113.032"
1151,0,"-2660.44","141.648","174.008","-889.621","753.949","164.723","0.603944","0.359361","140.632","-0.432722","-2.16265","113.035"
1152,0,"-2662.73","143.734","174.018","-889.617","753.94","164.745","0.654288","0.418757","140.665","-0.430137","-2.14395","113.034"
1153,0,"-2664.81","145.44","174.009","-889.621","753.965","164.745","0.550481","0.262472","140.666","-0.436525","-2.15876","113.03"
1154,0,"-2667.12","147.382","173.995","-889.631","753.964","164.747","0.680962","0.419735","140.825","-0.430318","-2.15399","113.033"
1155,0,"-2669.5","149.189","174.15","-889.634","753.953","164.717","0.635455","0.390816","140.773","-0.43754","-2.16382","113.034"
1156,0,"-2671.84","151.002","174.122","-889.639","753.94","164.729","0.652231","0.399344","140.85","-0.427552","-2.16153","113.033"
1157,0,"-2674.13","152.9","174.137","-889.623","753.954","164.728","0.57042","0.357332","140.906","-0.436637","-2.16699","113.039"
1158,0,"-2676.27","154.953","174.241","-889.577","753.91","164.755","0.549285","0.331805","141.017","-0.387091","-2.18105","113.014"
1159,0,"-2678.47","156.923","174.088","-889.607","753.947","164.713","0.572488","0.290752","140.914","-0.431098","-2.17823","113.031"
1160,0,"-2680.94","158.521","174.094","-889.61","753.932","164.724","0.673491","0.445722","140.986","-0.433057","-2.14863","113.039"
1161,0,"-2683.22","160.425","174.199","-889.612","753.938","164.725","0.642371","0.396659","141.043","-0.429342","-2.15422","113.037"
1162,0,"-2685.43","162.435","174.186","-889.616","753.929","164.732","0.602148","0.284254","141.037","-0.440087","-2.1645","113.042"
1163,0,"-2687.6","164.27","174.339","-889.613","753.947","164.724","0.495857","0.109764","141.048","-0.43048","-2.1654","113.035"
1164,0,"-2690.02","166.003","174.278","-889.648","753.937","164.719","0.598322","0.435191","141.143","-0.432911","-2.15316","113.041"
1165,0,"-2692.19","167.934","174.293","-889.636","753.948","164.733","0.538184","0.281261","141.13","-0.431048","-2.15237","113.04"
1166,0,"-2694.47","169.786","174.286","-889.632","753.946","164.744","0.665901","0.374941","141.179","-0.42359","-2.14845","113.036"
1167,0,"-2696.8","171.46","174.326","-889.631","753.948","164.718","0.713481","0.434205","141.231","-0.426587","-2.15563","113.035"
1168,0,"-2699.05","173.351","174.31","-889.63","753.943","164.743","0.704664","0.43439","141.28","-0.419332","-2.13557","113.035"
1169,0,"-2701.32","175.212","174.352","-889.611","753.943","164.736","0.626432","0.442597","141.315","-0.426392","-2.14796","113.034"
1170,0,"-2703.64","176.961","174.448","-889.612","753.941","164.742","0.62926","0.468832","141.337","-0.436674","-2.14958","113.041"
1171,0,"-2706.04","178.809","174.541","-889.618","753.942","164.723","0.62771","0.475014","141.425","-0.431694","-2.16364","113.032"
1172,0,"-2708.17","180.899","174.306","-889.608","753.926","164.724","0.685658","0.484024","141.483","-0.435497","-2.16425","113.037"
1173,0,"-2710.32","182.785","174.377","-889.619","753.937","164.717","0.640852","0.234514","141.363","-0.427943","-2.15433","113.04"
1174,0,"-2712.81","184.453","174.67","-889.629","753.928","164.746","0.538651","0.308068","141.544","-0.439918","-2.1659","113.038"
1175,0,"-2715.01","186.218","174.515","-889.629","753.938","164.744","0.649946","0.402158","141.544","-0.427684","-2.14134","113.031"
1176,0,"-2717.28","188.247","174.429","-889.632","753.931","164.722","0.70124","0.357252","141.527","-0.438808","-2.16464","113.033"
1177,0,"-2719.52","190.144","174.49","-889.622","753.946","164.729","0.648226","0.383223","141.626","-0.436848","-2.16681","113.034"
1178,0,"-2721.81","191.679","174.579","-889.622","753.95","164.738","0.659784","0.48174","141.657","-0.42938","-2.15424","113.035"
1179,0,"-2724.09","193.665","174.611","-889.622","753.957","164.708","0.567426","0.272226","141.699","-0.431658","-2.15507","113.034"
1180,0,"-2726.39","195.548","174.566","-889.631","753.94","164.711","0.73262","0.538351","141.764","-0.443861","-2.15841","113.041"
1181,0,"-2728.73","197.351","174.624","-889.616","753.956","164.726","0.682598","0.486339","141.793","-0.435176","-2.16804","113.035"
1182,0,"-2731.01","199.135","174.654","-889.631","753.933","164.723","0.70422","0.506924","141.812","-0.435642","-2.15745","113.038"
1183,0,"-2733.3","200.921","174.567","-889.618","753.949","164.719","0.629263","0.321595","141.766","-0.446781","-2.17479","113.031"
1184,0,"-2735.52","202.566","174.668","-889.625","753.937","164.729","0.685345","0.444168","141.857","-0.430043","-2.1701","113.032"
1185,0,"-2737.87","204.467","174.764","-889.628","753.932","164.738","0.62918","0.641834","141.909","-0.423808","-2.13918","113.036"
1186,0,"-2740.07","206.397","174.777","-889.622","753.939","164.729","0.801411","0.543386","141.921","-0.441885","-2.16151","113.035"
1187,0,"-2742.22","208.39","174.75","-889.615","753.931","164.747","0.64361","0.157442","141.901","-0.427283","-2.13984","113.035"
1188,0,"-2744.73","209.85","174.762","-889.622","753.937","164.726","0.70302","0.456308","142.008","-0.431652","-2.15254","113.032"
1189,0,"-2746.97","211.653","174.796","-889.631","753.946","164.731","0.657091","0.385256","141.997","-0.433952","-2.1565","113.035"
1190,0,"-2749.28","213.585","174.955","-889.628","753.955","164.732","0.573187","0.127756","142.168","-0.440326","-2.17396","113.031"
1191,0,"-2751.6","215.415","174.845","-889.629","753.963","164.725","0.685781","0.614671","142.159","-0.434767","-2.1702","113.031"
1192,0,"-2753.87","217.15","174.88","-889.635","753.96","164.713","0.72591","0.520527","142.142","-0.432479","-2.17106","113.03"
1193,0,"-2756.18","218.881","174.834","-889.628","753.947","164.731","0.753401","0.584375","142.193","-0.425173","-2.15426","113.032"
1194,0,"-2758.48","220.769","174.9","-889.617","753.954","164.722","0.777712","0.445357","142.265","-0.434565","-2.17415","113.035"
1195,0,"-2760.82","222.553","174.866","-889.619","753.937","164.725","0.787562","0.475947","142.306","-0.43486","-2.15184","113.035"
1196,0,"-2763.14","224.256","174.915","-889.626","753.949","164.735","0.723795","0.424458","142.295","-0.42959","-2.1351","113.034"
1197,0,"-2765.6","226.054","174.953","-889.617","753.945","164.735","0.675063","0.411792","142.39","-0.425548","-2.1447","113.036"
1198,0,"-2767.79","227.937","174.962","-889.625","753.926","164.721","0.758238","0.458953","142.446","-0.430637","-2.16769","113.034"
1199,0,"-2770.06","229.652","175.056","-889.628","753.928","164.734","0.778582","0.551201","142.425","-0.431724","-2.1648","113.033"
1200,0,"-2772.46","231.623","174.893","-889.623","753.94","164.732","0.799711","0.59462","142.582","-0.433228","-2.15252","113.037"
1201,0,"-2774.79","233.471","175.073","-889.635","753.935","164.735","0.782376","0.432316","142.504","-0.424356","-2.14355","113.036"
1202,0,"-2777.17","235.062","175.124","-889.617","753.939","164.732","0.707583","0.37791","142.575","-0.432538","-2.16632","113.037"
1203,0,"-2779.35","236.845","175.075","-889.625","753.947","164.727","0.727787","0.446134","142.583","-0.429371","-2.16037","113.032"
1204,0,"-2781.62","238.915","174.998","-889.62","753.943","164.714","0.724776","0.216389","142.621","-0.437369","-2.16908","113.039"
1205,0,"-2784.09","240.537","175.257","-889.615","753.946","164.732","0.695504","0.35686","142.658","-0.434355","-2.16457","113.034"
1206,0,"-2786.32","242.24","175.156","-889.634","753.954","164.742","0.803953","0.44446","142.671","-0.417524","-2.12966","113.034"
1207,0,"-2788.64","243.874","175.172","-889.649","753.88","164.802","0.771832","0.43455","142.729","-0.399182","-2.02641","113.069"
1208,0,"-2790.93","245.809","175.174","-889.627","753.941","164.739","0.797311","0.455126","142.826","-0.418066","-2.12297","113.04"
1209,0,"-2793.35","247.442","175.117","-889.637","753.935","164.739","0.830878","0.538381","142.844","-0.426962","-2.14033","113.037"
1210,0,"-2795.76","249.194","175.283","-889.629","753.935","164.747","0.736847","0.507136","142.99","-0.426913","-2.13619","113.033"
1211,0,"-2798.07","250.806","175.305","-889.622","753.934","164.736","0.777706","0.422045","143.028","-0.419752","-2.13502","113.035"
1212,0,"-2800.39","252.732","175.37","-889.619","753.933","164.723","0.828831","0.574097","143.079","-0.432101","-2.14769","113.033"
1213,0,"-2802.74","254.347","175.403","-889.616","753.924","164.727","0.824468","0.406063","143.192","-0.429617","-2.15642","113.039"
1214,0,"-2805.17","256.009","175.284","-889.605","753.932","164.743","0.790118","0.349726","143.277","-0.428457","-2.1456","113.037"
1215,0,"-2807.45","257.565","175.479","-889.624","753.944","164.731","0.794767","0.534387","143.298","-0.431143","-2.15979","113.04"
1216,0,"-2809.82","259.175","175.35","-889.634","753.938","164.715","0.761237","0.69845","143.411","-0.449295","-2.1591","113.047"
1217,0,"-2812.29","260.842","175.318","-889.634","753.873","164.819","0.833087","0.459551","143.527","-0.413999","-2.0471","113.063"
1218,0,"-2814.44","262.68","175.526","-889.636","753.952","164.746","0.789361","0.489147","143.508","-0.428159","-2.14227","113.036"
1219,0,"-2816.75","264.268","175.626","-889.642","753.941","164.738","0.802683","0.57378","143.535","-0.438906","-2.15376","113.04"
1220,0,"-2819.07","265.983","175.575","-889.627","753.863","164.802","0.849341","0.500981","143.655","-0.416674","-2.03332","113.072"
1221,0,"-2821.48","267.743","175.537","-889.61","753.939","164.72","0.762119","0.311431","143.649","-0.431478","-2.17016","113.036"
1222,0,"-2823.98","269.531","175.519","-889.611","753.934","164.714","0.81935","0.455496","143.789","-0.43468","-2.15677","113.039"
1223,0,"-2826.4","271.031","175.627","-889.615","753.92","164.709","0.807206","0.527095","143.866","-0.44078","-2.16777","113.042"
1224,0,"-2828.68","272.874","175.595","-889.617","753.928","164.729","0.833925","0.468578","143.976","-0.434923","-2.14073","113.038"
1225,0,"-2831.02","274.662","175.635","-889.629","753.926","164.725","0.904211","0.417084","143.902","-0.44163","-2.16847","113.036"
1226,0,"-2833.58","276.249","175.709","-889.637","753.928","164.757","0.909887","0.592732","144.095","-0.433923","-2.13432","113.039"
1227,0,"-2836.12","277.795","175.758","-889.63","753.918","164.754","0.797951","0.577991","144.194","-0.439636","-2.15861","113.037"
1228,0,"-2838.32","279.757","175.755","-889.643","753.928","164.72","0.749173","0.184591","144.065","-0.435135","-2.14529","113.045"
1229,0,"-2840.81","281.449","175.649","-889.63","753.923","164.735","0.897678","0.502895","144.299","-0.445551","-2.16556","113.044"
1230,0,"-2843.25","283.054","175.68","-889.619","753.95","164.715","0.88856","0.522099","144.417","-0.438188","-2.16956","113.033"
1231,0,"-2845.55","284.763","175.771","-889.619","753.952","164.732","0.8452","0.305343","144.343","-0.434595","-2.16336","113.034"
1232,0,"-2847.93","286.186","175.737","-889.618","753.948","164.726","0.857767","0.49693","144.474","-0.437982","-2.15754","113.038"
1233,0,"-2850.44","288.076","175.797","-889.613","753.947","164.724","0.884162","0.502056","144.586","-0.437871","-2.1718","113.038"
1234,0,"-2852.9","289.674","175.97","-889.629","753.941","164.73","0.861821","0.65929","144.607","-0.430468","-2.15855","113.033"
1235,0,"-2855.39","291.334","175.867","-889.626","753.93","164.742","0.875468","0.650821","144.754","-0.438784","-2.16989","113.032"
1236,0,"-2857.8","292.981","176.069","-889.636","753.915","164.731","0.834228","0.409042","144.84","-0.429878","-2.14983","113.037"
1237,0,"-2860.12","294.712","175.973","-889.624","753.914","164.74","0.967241","0.592212","144.94","-0.431494","-2.15054","113.037"
1238,0,"-2862.64","296.043","175.971","-889.62","753.918","164.732","0.906864","0.710403","144.959","-0.437374","-2.17016","113.036"
1239,0,"-2864.94","297.876","175.933","-889.619","753.911","164.725","0.91077","0.589254","145.048","-0.432808","-2.15215","113.047"
1240,0,"-2867.54","299.31","176.014","-889.615","753.916","164.7","0.847497","0.516643","145.135","-0.430735","-2.15688","113.042"
1241,0,"-2869.88","300.899","175.982","-889.62","753.928","164.725","0.865919","0.635555","145.184","-0.433346","-2.1724","113.035"
1242,0,"-2872.42","302.66","175.979","-889.623","753.931","164.729","0.847882","0.618267","145.239","-0.431515","-2.15774","113.036"
1243,0,"-2874.86","304.272","176.124","-889.636","753.937","164.733","0.80581","0.617737","145.305","-0.428798","-2.13573","113.036"
1244,0,"-2877.47","305.921","176.072","-889.638","753.934","164.725","0.880234","0.794886","145.447","-0.432739","-2.16916","113.034"
1245,0,"-2879.78","307.493","176.12","-889.639","753.946","164.709","0.839286","0.546762","145.449","-0.429403","-2.17542","113.038"
1246,0,"-2882.28","309.418","176.22","-889.643","753.939","164.735","0.81478","0.45015","145.561","-0.431794","-2.13973","113.041"
1247,0,"-2884.76","310.832","176.137","-889.626","753.932","164.726","0.897157","0.753043","145.616","-0.435416","-2.16457","113.037"
1248,0,"-2887.08","312.426","176.151","-889.619","753.931","164.734","0.826983","0.587346","145.657","-0.430734","-2.13832","113.043"
1249,0,"-2889.51","314.019","176.223","-889.617","753.923","164.726","0.822768","0.608963","145.747","-0.4275","-2.14317","113.035"
1250,0,"-2892.13","315.725","176.155","-889.616","753.929","164.751","0.85252","0.726093","145.887","-0.437134","-2.15631","113.034"
1251,0,"-2894.49","317.308","176.185","-889.607","753.919","164.741","0.818238","0.582455","145.891","-0.441449","-2.16053","113.038"
1252,0,"-2896.98","318.923","176.218","-889.626","753.935","164.731","0.813682","0.67619","145.992","-0.431931","-2.15279","113.034"
1253,0,"-2899.69","320.336","176.221","-889.632","753.919","164.74","0.744794","0.606749","146.153","-0.431857","-2.1593","113.033"
1254,0,"-2901.89","322.111","176.308","-889.628","753.938","164.741","0.778846","0.632329","146.122","-0.427246","-2.1614","113.035"
1255,0,"-2904.28","323.905","176.178","-889.638","753.949","164.731","0.867172","0.661795","146.253","-0.432943","-2.16029","113.032"
1256,0,"-2906.77","325.351","176.273","-889.627","753.935","164.736","0.877068","0.933004","146.36","-0.423653","-2.15505","113.035"
1257,0,"-2909.21","327.074","176.312","-889.636","753.941","164.727","0.834284","0.645854","146.365","-0.432508","-2.1594","113.035"
1258,0,"-2911.7","328.445","176.293","-889.631","753.944","164.749","0.801972","0.624863","146.411","-0.432155","-2.14729","113.04"
1259,0,"-2914.24","330.102","176.382","-889.635","753.944","164.735","0.739826","0.766783","146.489","-0.431219","-2.16653","113.035"
1260,0,"-2916.71","331.614","176.421","-889.633","753.933","164.734","0.72481","0.578782","146.601","-0.428397","-2.14762","113.044"
1261,0,"-2919.11","333.304","176.422","-889.642","753.941","164.727","0.808727","0.639324","146.667","-0.44058","-2.16333","113.04"
1262,0,"-2921.74","334.661","176.413","-889.621","753.928","164.753","0.812969","0.90727","146.77","-0.43568","-2.16231","113.035"
1263,0,"-2924.19","336.312","176.525","-889.571","753.886","164.767","0.765582","0.733614","146.769","-0.385105","-2.18434","113.014"
1264,0,"-2926.65","337.829","176.496","-889.632","753.916","164.722","0.799951","0.713717","146.864","-0.429422","-2.16048","113.034"
1265,0,"-2929.12","339.366","176.494","-889.625","753.935","164.703","0.866768","0.844382","146.948","-0.434359","-2.16198","113.041"
1266,0,"-2931.7","341.013","176.638","-889.621","753.92","164.741","0.796589","0.924793","147.055","-0.423105","-2.13831","113.039"
1267,0,"-2934.28","342.554","176.674","-889.629","753.933","164.721","0.789917","0.800415","147.178","-0.430028","-2.15615","113.035"
1268,0,"-2936.67","344.18","176.578","-889.629","753.94","164.719","0.949683","1.11498","147.33","-0.437791","-2.17989","113.034"
1269,0,"-2939.2","345.676","176.611","-889.643","753.942","164.727","0.906844","0.883136","147.373","-0.425307","-2.15348","113.038"
1270,0,"-2941.78","347.034","176.681","-889.64","753.932","164.747","0.990425","1.0903","147.406","-0.438171","-2.14796","113.039"
1271,0,"-2944.19","348.56","176.772","-889.645","753.953","164.725","0.977969","1.22287","147.487","-0.43018","-2.17435","113.033"
1272,0,"-2946.71","350.213","176.728","-889.64","753.96","164.748","0.962932","1.19168","147.563","-0.428976","-2.14563","113.038"
1273,0,"-2949.26","351.687","176.891","-889.625","753.939","164.74","0.959755","1.41993","147.634","-0.424299","-2.13984","113.036"
1274,0,"-2951.77","353.422","176.934","-889.632","753.947","164.722","0.886576","1.33024","147.841","-0.431173","-2.18243","113.033"
1275,0,"-2954.19","354.947","176.905","-889.614","753.926","164.723","1.0421","1.33103","147.819","-0.433427","-2.16358","113.033"
1276,0,"-2956.88","356.182","176.958","-889.626","753.927","164.741","0.949229","1.11332","147.918","-0.424936","-2.1385","113.037"
1277,0,"-2959.29","357.906","177.032","-889.628","753.92","164.735","0.894505","1.18763","147.971","-0.438685","-2.16109","113.038"
1278,0,"-2961.38","360.31","176.427","-889.633","753.943","164.752","0.532999","-0.260291","147.341","-0.42617","-2.16566","113.029"
1279,0,"-2964.09","361.951","176.507","-889.637","753.93","164.739","0.489314","-0.479918","147.507","-0.426822","-2.14646","113.037"
1280,0,"-2966.94","363.151","176.528","-889.632","753.933","164.736","0.445618","-0.247416","147.74","-0.442352","-2.18175","113.032"
1281,0,"-2969.27","364.767","176.451","-889.624","753.949","164.721","0.530055","-0.275277","147.698","-0.433593","-2.17292","113.033"
1282,0,"-2971.78","366.287","176.555","-889.628","753.949","164.729","0.455701","-0.487539","147.76","-0.433937","-2.16054","113.033"
1283,0,"-2974.31","367.909","176.636","-889.63","753.948","164.739","0.465712","-0.4482","147.802","-0.433465","-2.16111","113.035"
1284,0,"-2976.86","369.392","176.663","-889.625","753.944","164.719","0.439272","-0.504141","147.92","-0.437603","-2.16762","113.033"
1285,0,"-2979.38","370.856","176.587","-889.625","753.933","164.715","0.434629","-0.500701","147.997","-0.438218","-2.14782","113.035"
1286,0,"-2982.12","372.409","176.635","-889.639","753.938","164.72","0.472248","-0.438167","148.213","-0.43954","-2.17945","113.03"
1287,0,"-2984.61","373.876","176.788","-889.644","753.935","164.741","0.311696","-0.567668","148.221","-0.428645","-2.15174","113.039"
1288,0,"-2987.01","375.337","176.804","-889.649","753.938","164.731","0.465052","-0.406236","148.206","-0.426258","-2.13936","113.036"
1289,0,"-2989.65","376.694","176.72","-889.632","753.943","164.744","0.476048","-0.324678","148.334","-0.437408","-2.15464","113.035"
1290,0,"-2992.2","378.363","176.892","-889.624","753.94","164.734","0.357678","-0.556058","148.43","-0.439125","-2.16783","113.036"
1291,0,"-2994.65","379.824","176.702","-889.614","753.942","164.722","0.469815","-0.378714","148.386","-0.429141","-2.16222","113.035"
1292,0,"-2997.2","381.322","176.797","-889.614","753.942","164.709","0.486568","-0.539091","148.469","-0.434062","-2.16299","113.039"
1293,0,"-2999.79","382.967","176.772","-889.618","753.94","164.737","0.471577","-0.597429","148.644","-0.430774","-2.1485","113.035"
1294,0,"-3002.23","384.279","176.858","-889.618","753.944","164.715","0.379963","-0.724149","148.567","-0.440452","-2.16838","113.037"
1295,0,"-3005.03","385.566","176.983","-889.625","753.93","164.732","0.375606","-0.240297","148.823","-0.434619","-2.15824","113.036"
1296,0,"-3007.37","387.344","176.897","-889.63","753.956","164.728","0.355512","-0.776571","148.738","-0.431379","-2.16289","113.036"
1297,0,"-3009.96","388.646","176.984","-889.642","753.945","164.729","0.340221","-0.618574","148.855","-0.428259","-2.14783","113.037"
1298,0,"-3012.56","389.988","176.981","-889.639","753.941","164.725","0.434792","-0.441593","148.987","-0.436195","-2.16322","113.037"
1299,0,"-3015.16","391.389","177.096","-889.638","753.936","164.738","0.416391","-0.485235","149.122","-0.424551","-2.16178","113.035"
1300,0,"-3017.8","393.143","176.882","-889.626","753.95","164.719","0.521966","-0.519564","149.158","-0.433958","-2.16575","113.035"
1301,0,"-3020.24","394.521","177.064","-889.62","753.935","164.715","0.443868","-0.567224","149.161","-0.428584","-2.1615","113.033"
1302,0,"-3022.93","395.803","177.19","-889.609","753.94","164.724","0.462551","-0.2002","149.32","-0.432654","-2.16536","113.033"
1303,0,"-3025.47","397.319","177.284","-889.611","753.941","164.745","0.383591","-0.400889","149.428","-0.429099","-2.15285","113.033"
1304,0,"-3027.86","398.84","177.056","-889.633","753.935","164.726","0.437343","-0.577581","149.333","-0.426453","-2.14539","113.03"
1305,0,"-3030.53","400.089","177.187","-889.625","753.936","164.698","0.452679","-0.476259","149.554","-0.425308","-2.16991","113.032"
1306,0,"-3033.12","401.473","177.177","-889.639","753.933","164.727","0.437665","-0.378826","149.629","-0.43297","-2.14438","113.04"
1307,0,"-3035.71","403.09","177.194","-889.635","753.93","164.738","0.448833","-0.53504","149.757","-0.435942","-2.15868","113.037"
1308,0,"-3037.95","405.278","176.866","-889.618","753.948","164.72","0.180768","-0.256833","149.357","-0.439312","-2.16355","113.04"
1309,0,"-3040.75","406.394","176.919","-889.623","753.929","164.74","0.138384","0.0741731","149.654","-0.436806","-2.15036","113.038"
1310,0,"-3043.26","407.832","176.925","-889.618","753.955","164.713","0.207407","0.0567998","149.688","-0.433228","-2.16692","113.035"
1311,0,"-3045.87","409.972","176.583","-889.614","753.944","164.73","0.0920215","0.35676","149.662","-0.427205","-2.15327","113.039"
1312,0,"-3048.48","411.276","176.628","-889.622","753.944","164.723","0.0573329","0.197416","149.762","-0.432917","-2.14146","113.04"
1313,0,"-3050.97","412.633","176.546","-889.629","753.935","164.729","0.159433","0.494629","149.816","-0.422705","-2.15689","113.034"
1314,0,"-3053.6","414.121","176.761","-889.631","753.947","164.739","0.139601","0.176482","149.961","-0.429601","-2.14599","113.033"
1315,0,"-3056.12","415.654","176.6","-889.624","753.935","164.723","0.144883","0.184746","149.887","-0.429986","-2.16755","113.034"
1316,0,"-3058.78","416.861","176.637","-889.629","753.951","164.735","0.167183","0.243178","150.063","-0.430286","-2.14493","113.032"
1317,0,"-3061.39","418.368","176.596","-889.636","753.864","164.828","0.147517","0.19717","150.209","-0.402148","-2.01647","113.055"
1318,0,"-3063.98","419.649","176.8","-889.627","753.937","164.713","0.050911","0.1117","150.241","-0.43035","-2.14981","113.029"
1319,0,"-3066.58","420.838","176.801","-889.621","753.95","164.726","0.0663979","0.233103","150.304","-0.432454","-2.16537","113.03"
1320,0,"-3069.22","422.245","176.796","-889.608","753.934","164.721","0.0939448","0.281697","150.436","-0.433305","-2.1556","113.039"
1321,0,"-3071.94","423.83","176.685","-889.615","753.939","164.716","0.0951016","0.322648","150.568","-0.436187","-2.16928","113.032"
1322,0,"-3074.36","425.257","176.882","-889.623","753.939","164.729","0.0490908","-0.0128154","150.472","-0.440998","-2.16316","113.034"
1323,0,"-3077.11","426.485","176.731","-889.623","753.942","164.74","0.253874","0.408734","150.617","-0.430466","-2.16388","113.037"
1324,0,"-3079.71","428.148","176.816","-889.63","753.953","164.733","0.152167","0.21525","150.917","-0.428309","-2.13516","113.034"
1325,0,"-3082.16","429.399","176.679","-889.633","753.94","164.714","0.272149","0.329568","150.786","-0.440356","-2.1598","113.043"
1326,0,"-3084.63","430.499","176.936","-889.614","753.925","164.733","0.129339","0.14992","150.827","-0.428898","-2.14504","113.039"
1327,0,"-3087.34","431.871","177.007","-889.615","753.945","164.708","0.0933476","0.299034","150.94","-0.437065","-2.17075","113.035"
1328,0,"-3089.8","433.275","176.956","-889.625","753.923","164.704","0.133007","0.29259","150.943","-0.44572","-2.15598","113.04"
1329,0,"-3092.44","434.557","177.072","-889.614","753.919","164.727","0.22497","0.250388","151.021","-0.432895","-2.16287","113.031"
1330,0,"-3095.16","435.808","177.075","-889.627","753.922","164.721","0.158609","0.362124","151.23","-0.444528","-2.15288","113.042"
1331,0,"-3097.83","437.332","177.092","-889.63","753.935","164.736","0.169476","0.423239","151.235","-0.438386","-2.16206","113.035"
1332,0,"-3100.42","438.684","177.069","-889.638","753.932","164.734","0.164238","0.157087","151.273","-0.422076","-2.1467","113.034"
1333,0,"-3103.13","440.18","177.082","-889.619","753.927","164.746","0.182953","0.227972","151.429","-0.43365","-2.14421","113.043"
1334,0,"-3105.7","441.422","176.999","-889.628","753.931","164.715","0.240629","0.438503","151.526","-0.435573","-2.15698","113.03"
1335,0,"-3108.4","442.535","177.206","-889.604","753.933","164.73","0.253326","0.387459","151.563","-0.438244","-2.17641","113.034"
1336,0,"-3110.73","443.885","177.062","-889.614","753.93","164.713","0.229058","0.340861","151.531","-0.430941","-2.15528","113.034"
1337,0,"-3113.62","444.726","177.032","-889.621","753.925","164.722","0.296173","0.945525","151.785","-0.435897","-2.15484","113.038"
1338,0,"-3116.03","446.405","177.141","-889.635","753.931","164.721","0.241411","0.334196","151.708","-0.429686","-2.15304","113.031"
1339,0,"-3118.67","447.615","177.156","-889.625","753.941","164.724","0.313522","0.373723","151.762","-0.437801","-2.1716","113.033"
1340,0,"-3121.49","448.874","177.337","-889.869","753.6","164.896","0.169714","0.298342","151.947","-0.0521095","-2.43105","113.3"
1341,0,"-3124.17","450.421","177.294","-889.87","753.589","164.915","0.212769","0.207608","152.099","-0.0508989","-2.435","113.296"
1342,0,"-3126.78","451.656","177.321","-889.861","753.604","164.899","0.193736","0.323397","152.039","-0.0527417","-2.44749","113.297"
1343,0,"-3129.55","452.872","177.377","-889.868","753.595","164.903","0.227454","0.40537","152.108","-0.0469398","-2.42803","113.302"
1344,0,"-3132.25","454.463","177.397","-889.847","753.595","164.907","0.180415","0.603701","152.295","-0.0504299","-2.42327","113.295"
1345,0,"-3134.76","455.656","177.287","-889.852","753.602","164.864","0.263042","0.349713","152.234","-0.0637821","-2.44373","113.294"
1346,0,"-3137.4","456.93","177.485","-889.847","753.611","164.891","0.278107","0.392969","152.258","-0.0676136","-2.42466","113.289"
1347,0,"-3139.94","458.17","177.412","-889.842","753.614","164.879","0.247663","0.367361","152.325","-0.0845526","-2.43081","113.286"
1348,0,"-3142.49","459.664","177.442","-889.836","753.639","164.883","0.266845","0.202774","152.335","-0.0840896","-2.37643","113.274"
1349,0,"-3145.14","460.819","177.525","-889.828","753.671","164.854","0.292406","0.491547","152.381","-0.129829","-2.40135","113.256"
1350,0,"-3147.9","462.18","177.618","-889.792","753.704","164.855","0.209942","0.122144","152.488","-0.162297","-2.37818","113.228"
1351,0,"-3150.7","463.259","177.369","-889.776","753.734","164.832","0.369964","0.86544","152.625","-0.19518","-2.33119","113.196"
1352,0,"-3153.12","465.028","177.434","-889.738","753.778","164.79","0.238421","0.285327","152.693","-0.246178","-2.29382","113.168"
1353,0,"-3155.12","467.511","176.296","-889.7","753.817","164.796","0.143395","1.72097","152.357","-0.290838","-2.26103","113.134"
1354,0,"-3157.84","468.677","176.504","-889.686","753.838","164.779","0.107122","1.16386","152.557","-0.313089","-2.20429","113.114"
1355,0,"-3160.46","470.015","176.505","-889.673","753.889","164.776","0.0898653","1.57923","152.591","-0.343059","-2.20165","113.089"
1356,0,"-3162.87","471.426","176.536","-889.659","753.893","164.764","0.0573953","1.51124","152.669","-0.368043","-2.18498","113.065"
1357,0,"-3165.4","472.869","176.705","-889.64","753.895","164.758","0.130826","1.03019","152.534","-0.394255","-2.15567","113.066"
1358,0,"-3168.19","473.788","176.619","-889.645","753.917","164.729","0.102316","1.43252","152.732","-0.416053","-2.19532","113.057"
1359,0,"-3170.68","475.204","176.722","-889.638","753.927","164.726","0.0566557","1.20719","152.833","-0.421395","-2.1804","113.052"
1360,0,"-3173.31","476.393","176.677","-889.634","753.942","164.721","0.113884","1.23272","152.954","-0.427231","-2.14392","113.042"
1361,0,"-3176.1","477.49","176.634","-889.619","753.957","164.708","0.147338","1.24491","152.909","-0.439301","-2.17178","113.03"
1362,0,"-3178.5","478.842","176.752","-889.603","753.952","164.717","0.00551555","1.30278","152.997","-0.435938","-2.16664","113.038"
1363,0,"-3181.23","479.916","176.758","-889.616","753.942","164.718","0.106816","1.10039","153.107","-0.434743","-2.1422","113.044"
1364,0,"-3183.9","481.303","176.96","-889.603","753.944","164.712","-0.0533475","1.33275","153.208","-0.438688","-2.14895","113.042"
1365,0,"-3186.73","483.075","176.626","-889.613","753.942","164.72","0.402534","0.993127","153.739","-0.434724","-2.14822","113.039"
1366,0,"-3189.29","484.555","176.649","-889.619","753.946","164.733","0.389765","1.04399","153.79","-0.433321","-2.13616","113.041"
1367,0,"-3192.17","485.517","176.634","-889.632","753.936","164.71","0.690852","1.27357","153.834","-0.44242","-2.17155","113.036"
1368,0,"-3194.76","486.675","176.708","-889.603","753.893","164.737","0.440338","0.981839","154.034","-0.411466","-2.17226","113.022"
1369,0,"-3197.3","488.083","176.88","-889.869","753.609","164.886","0.489511","0.874702","153.964","-0.0538685","-2.43354","113.302"
1370,0,"-3200.07","489.153","176.86","-889.879","753.607","164.889","0.459217","0.833373","154.044","-0.0621261","-2.42753","113.312"
1371,0,"-3202.7","490.457","176.856","-889.857","753.621","164.906","0.46573","0.672201","154.219","-0.0504822","-2.4166","113.295"
1372,0,"-3205.51","491.681","176.856","-889.845","753.619","164.895","0.51637","0.940065","154.251","-0.0540405","-2.43349","113.298"
1373,0,"-3208.16","492.791","176.915","-889.855","753.609","164.88","0.403295","0.852456","154.379","-0.0601159","-2.42479","113.303"
1374,0,"-3210.77","494.121","176.947","-889.863","753.615","164.895","0.477745","0.787294","154.389","-0.0584343","-2.42927","113.305"
1375,0,"-3213.48","495.25","177.081","-889.859","753.621","164.878","0.363232","0.900821","154.543","-0.0475164","-2.43705","113.292"
1376,0,"-3216.14","496.546","176.936","-889.868","753.62","164.884","0.456216","0.965553","154.529","-0.0594377","-2.44765","113.306"
1377,0,"-3218.91","497.676","176.949","-889.863","753.618","164.893","0.444407","0.764601","154.633","-0.0577886","-2.42156","113.3"
1378,0,"-3221.61","498.839","176.947","-889.852","753.614","164.892","0.435416","1.09572","154.857","-0.0551974","-2.41192","113.298"
1379,0,"-3224.32","499.931","176.757","-889.847","753.62","164.868","0.523635","1.26311","154.754","-0.0597012","-2.42273","113.293"
1380,0,"-3227.08","501.05","176.952","-889.85","753.619","164.878","0.501522","1.10499","154.904","-0.0845978","-2.40876","113.287"
1381,0,"-3229.83","502.095","176.817","-889.779","753.608","164.9","0.622721","1.45697","154.935","-0.0399548","-2.43693","113.237"
1382,0,"-3232.63","503.303","176.928","-889.809","753.659","164.84","0.674844","1.61299","155","-0.126239","-2.39563","113.26"
1383,0,"-3235.18","504.609","177.127","-889.788","753.7","164.875","0.436811","0.985083","155.202","-0.15251","-2.33725","113.229"
1384,0,"-3237.96","505.708","177.161","-889.773","753.735","164.829","0.645491","1.18461","155.243","-0.195067","-2.31868","113.194"
1385,0,"-3240.67","506.969","177.378","-889.741","753.773","164.783","0.453127","1.00473","155.313","-0.258951","-2.29961","113.163"
1386,0,"-3243.37","507.913","177.23","-889.72","753.813","164.786","0.336517","1.42333","155.494","-0.296431","-2.27166","113.142"
1387,0,"-3246.09","509.218","177.242","-889.692","753.844","164.769","0.569062","1.11665","155.472","-0.320695","-2.224","113.108"
1388,0,"-3248.83","510.382","177.368","-889.665","753.871","164.738","0.298999","1.083","155.624","-0.372132","-2.23052","113.086"
1389,0,"-3251.42","511.513","177.423","-889.664","753.902","164.729","0.416229","0.958149","155.7","-0.374129","-2.19152","113.07"
1390,0,"-3254.16","512.704","177.369","-889.643","753.904","164.729","0.421182","0.940509","155.703","-0.395484","-2.17278","113.067"
1391,0,"-3256.93","513.831","177.395","-889.633","753.911","164.722","0.358624","0.971287","155.751","-0.407283","-2.15628","113.06"
1392,0,"-3259.54","515.127","177.346","-889.645","753.917","164.737","0.346313","0.991303","155.812","-0.416971","-2.15712","113.05"
1393,0,"-3262.4","516.211","177.327","-889.62","753.932","164.722","0.410369","1.10952","155.875","-0.434585","-2.13443","113.036"
1394,0,"-3265.06","517.317","177.448","-889.617","753.935","164.716","0.374097","0.785964","155.92","-0.437528","-2.15582","113.04"
1395,0,"-3267.96","518.29","177.458","-889.625","753.941","164.73","0.349036","1.3564","156.189","-0.427546","-2.14825","113.036"
1396,0,"-3270.52","519.625","177.332","-889.621","753.943","164.723","0.455779","0.93558","156.106","-0.435911","-2.16544","113.032"
1397,0,"-3273.36","520.536","177.513","-889.62","753.942","164.718","0.381934","1.03212","156.247","-0.4329","-2.14207","113.036"
1398,0,"-3275.95","521.754","177.437","-889.607","753.937","164.723","0.392729","1.3406","156.316","-0.436991","-2.15404","113.038"
1399,0,"-3278.65","523.085","177.326","-889.623","753.94","164.727","0.514623","1.31697","156.16","-0.418578","-2.13046","113.03"
1400,0,"-3281.65","523.72","177.587","-889.628","753.95","164.704","0.335667","1.29467","156.502","-0.432723","-2.16445","113.034"
1401,0,"-3284.47","524.813","177.53","-889.634","753.874","164.793","0.517599","1.42039","156.571","-0.407021","-2.03845","113.067"
1402,0,"-3287.18","525.832","177.618","-889.618","753.943","164.73","0.427006","1.52688","156.666","-0.442437","-2.15516","113.043"
1403,0,"-3289.9","526.971","177.606","-889.628","753.938","164.734","0.384632","1.45533","156.706","-0.428003","-2.13736","113.034"
1404,0,"-3292.69","528.205","177.729","-889.619","753.957","164.694","0.342933","1.01257","156.781","-0.438102","-2.18411","113.029"
1405,0,"-3295.38","529.486","177.86","-889.621","753.942","164.725","0.0823051","1.36271","156.807","-0.418165","-2.12742","113.038"
1406,0,"-3298.39","530.229","177.802","-889.62","753.947","164.721","0.270911","1.57197","157.005","-0.423687","-2.1453","113.036"
1407,0,"-3300.93","531.6","177.835","-889.62","753.93","164.709","0.253484","1.4059","157.036","-0.427994","-2.15583","113.038"
1408,0,"-3303.9","532.343","177.832","-889.611","753.932","164.72","0.256688","1.47681","157.177","-0.425882","-2.14435","113.039"
1409,0,"-3306.45","533.703","177.767","-889.621","753.939","164.726","0.345868","1.31578","157.193","-0.419392","-2.13516","113.041"
1410,0,"-3309.31","534.66","177.94","-889.632","753.93","164.734","0.301245","1.14495","157.306","-0.434792","-2.13316","113.048"
1411,0,"-3312.07","535.718","177.953","-889.626","753.932","164.725","0.331583","1.23352","157.495","-0.42582","-2.15459","113.039"
1412,0,"-3314.82","536.889","177.942","-889.633","753.948","164.716","0.323852","1.12509","157.463","-0.43048","-2.15503","113.037"
1413,0,"-3317.75","537.717","178.027","-889.627","753.943","164.726","0.285497","1.3081","157.692","-0.433664","-2.15449","113.039"
1414,0,"-3320.4","538.916","177.812","-889.615","753.941","164.724","0.583724","1.5628","157.568","-0.430445","-2.14978","113.037"
1415,0,"-3323.04","540.274","178.022","-889.619","753.948","164.724","0.315866","0.869236","157.745","-0.433827","-2.14904","113.034"
1416,0,"-3326.08","541.007","177.961","-889.631","753.943","164.718","0.275295","1.37191","157.884","-0.431777","-2.13828","113.042"
1417,0,"-3328.99","541.798","177.776","-889.601","753.947","164.71","0.652643","1.53993","157.946","-0.433429","-2.15243","113.04"
1418,0,"-3331.54","543.172","178.257","-889.619","753.943","164.713","0.237306","1.18301","158.191","-0.436253","-2.14981","113.036"
1419,0,"-3334.46","544.082","178.192","-889.626","753.942","164.721","0.379406","1.27523","158.287","-0.434579","-2.16202","113.035"
1420,0,"-3337.22","545.237","178.32","-889.631","753.949","164.718","0.371459","1.00693","158.246","-0.427002","-2.15615","113.03"
1421,0,"-3340.02","546.176","178.299","-889.631","753.929","164.714","0.387449","1.07687","158.36","-0.438331","-2.15951","113.046"
1422,0,"-3342.87","547.165","178.383","-889.618","753.938","164.725","0.39319","1.2551","158.491","-0.43626","-2.15848","113.034"
1423,0,"-3345.33","548.217","178.471","-889.604","753.93","164.713","0.429459","0.829672","158.418","-0.432218","-2.17136","113.03"
1424,0,"-3348.5","549.068","178.374","-889.614","753.93","164.703","0.426252","1.14223","158.589","-0.434805","-2.15907","113.04"
1425,0,"-3350.93","550.205","178.517","-889.616","753.94","164.704","0.518128","0.705935","158.57","-0.435149","-2.16126","113.038"
1426,0,"-3353.46","551.813","178.558","-889.62","753.946","164.718","0.363602","0.354198","158.513","-0.428369","-2.14312","113.04"
1427,0,"-3356.7","552.128","178.63","-889.621","753.944","164.722","0.354554","0.894431","158.785","-0.436166","-2.15772","113.04"
1428,0,"-3359.29","553.536","178.574","-889.631","753.952","164.719","0.425175","0.506275","158.748","-0.43133","-2.15704","113.029"
1429,0,"-3361.99","554.534","178.619","-889.626","753.952","164.718","0.385496","0.793496","158.917","-0.437775","-2.17143","113.035"
1430,0,"-3364.86","555.435","178.694","-889.631","753.953","164.713","0.444122","0.715082","158.907","-0.429744","-2.14513","113.037"
1431,0,"-3367.85","556.339","178.72","-889.622","753.943","164.714","0.507749","1.03403","158.975","-0.438377","-2.16623","113.04"
1432,0,"-3370.95","557.139","178.751","-889.615","753.94","164.719","0.378665","1.44435","159.19","-0.42526","-2.14615","113.041"
1433,0,"-3373.32","558.493","178.779","-889.611","753.933","164.709","0.467916","0.619746","159.134","-0.438283","-2.15419","113.038"
1434,0,"-3376.03","559.433","178.504","-889.608","753.941","164.706","0.695253","1.16549","159.085","-0.440718","-2.1442","113.036"
1435,0,"-3378.58","560.524","178.786","-889.613","753.936","164.709","0.409315","0.974186","159.258","-0.430971","-2.17137","113.035"
1436,0,"-3381.37","561.782","178.775","-889.854","753.627","164.877","0.521708","0.488005","159.196","-0.056638","-2.43627","113.296"
1437,0,"-3384.16","562.643","178.8","-889.862","753.614","164.887","0.49184","1.32656","159.031","-0.0631262","-2.45196","113.301"
1438,0,"-3386.55","563.914","179.036","-889.881","753.611","164.899","0.673913","0.753873","159.024","-0.0516137","-2.4311","113.296"
1439,0,"-3389.25","565.131","178.884","-889.86","753.614","164.909","0.529126","0.986167","158.996","-0.0687757","-2.43868","113.303"
1440,0,"-3391.75","566.588","178.93","-889.873","753.624","164.901","0.510654","0.550328","158.788","-0.0417683","-2.41908","113.3"
1441,0,"-3394.96","567.267","178.967","-889.862","753.617","164.884","0.516734","1.15577","158.959","-0.0597526","-2.43661","113.295"
1442,0,"-3397.59","568.577","178.871","-889.857","753.62","164.89","0.736581","0.996589","158.826","-0.0539779","-2.4026","113.3"
1443,0,"-3399.78","570.3","179.13","-889.857","753.622","164.872","0.540077","0.296852","158.673","-0.0738499","-2.43544","113.294"
1444,0,"-3402.76","570.963","179.045","-889.842","753.626","164.872","0.528926","0.991655","158.763","-0.0739116","-2.41054","113.283"
1445,0,"-3405.73","572.033","178.943","-889.823","753.655","164.857","0.693511","1.17449","158.832","-0.0915716","-2.41945","113.268"
1446,0,"-3407.86","573.786","179.208","-889.819","753.672","164.847","0.451469","0.75501","158.654","-0.125269","-2.38577","113.253"
1447,0,"-3410.63","574.59","179.294","-889.791","753.701","164.857","0.54702","0.7042","158.614","-0.160558","-2.35979","113.224"
1448,0,"-3413.45","575.787","179.3","-889.778","753.727","164.815","0.537009","0.848897","158.671","-0.207588","-2.32617","113.205"
1449,0,"-3415.97","577.236","179.527","-889.729","753.773","164.793","0.723338","0.891036","158.442","-0.263446","-2.29951","113.166"
1450,0,"-3403.09","556.434","194.486","-889.713","753.8","164.771","-0.471975","-0.0185193","159.722","-0.293717","-2.24853","113.144"
1451,0,"-3406.63","558.016","194.224","-889.692","753.854","164.774","-0.596211","-0.0707958","159.557","-0.33272","-2.22926","113.11"
1452,0,"-3407.56","558.422","194.764","-889.673","753.878","164.747","-0.421832","-0.256108","159.486","-0.357597","-2.21308","113.091"
1453,0,"-3409.81","559.392","195.222","-889.663","753.898","164.75","-0.707432","0.343329","159.641","-0.378672","-2.17425","113.077"
1454,0,"-3412.27","560.213","195.713","-889.648","753.903","164.751","-0.571923","-0.38296","159.379","-0.389308","-2.15497","113.066"
1455,0,"-3414.78","561.167","195.854","-889.633","753.935","164.72","-0.268392","-0.199072","159.489","-0.423319","-2.19669","113.053"
1456,0,"-3416.51","562.249","196.349","-889.631","753.937","164.734","-0.21552","-0.520905","159.187","-0.41275","-2.17108","113.05"
1457,0,"-3419.38","563.242","197.074","-889.621","753.948","164.716","-0.0557274","-0.560723","159.343","-0.433242","-2.15241","113.036"
1458,0,"-3421.55","564.379","197.786","-889.614","753.945","164.714","-0.0141237","-0.816911","159.148","-0.441013","-2.16322","113.038"
1459,0,"-3423.85","565.719","198.504","-889.602","753.944","164.714","0.0347083","-1.28165","158.924","-0.434866","-2.15794","113.035"
1460,0,"-3426.55","567.244","199.791","-889.606","753.933","164.709","0.105602","-2.08524","158.737","-0.429144","-2.15345","113.035"
1461,0,"-3428.99","568.537","200.203","-889.611","753.925","164.7","0.250001","-1.87255","158.655","-0.441791","-2.15248","113.041"
1462,0,"-3431.64","569.959","200.92","-889.607","753.927","164.736","0.338231","-1.92339","158.6","-0.431594","-2.15685","113.033"
1463,0,"-3434.04","571.247","201.472","-889.621","753.949","164.74","0.291888","-2.71496","158.514","-0.429142","-2.13219","113.033"
1464,0,"-3436.67","572.586","202.089","-889.626","753.935","164.729","0.00700107","-1.91155","158.561","-0.437776","-2.16262","113.031"
1465,0,"-3439.37","573.975","202.183","-889.626","753.953","164.698","0.326696","-2.99123","158.309","-0.437778","-2.16469","113.033"
1466,0,"-3441.74","575.231","202.283","-889.618","753.935","164.722","0.380411","-3.54278","158.286","-0.432577","-2.15297","113.036"
1467,0,"-3444.57","576.325","202.344","-889.621","753.952","164.712","0.239847","-3.28045","158.301","-0.442447","-2.16185","113.039"
1468,0,"-3447.14","577.43","202.326","-889.618","753.944","164.723","0.312682","-2.64525","158.229","-0.431275","-2.15902","113.033"
1469,0,"-3449.52","578.681","202.695","-889.614","753.955","164.703","0.240386","-2.72152","158.175","-0.427726","-2.15314","113.035"
1470,0,"-3452.25","579.742","202.694","-889.627","753.924","164.71","0.515334","-3.00427","158.045","-0.443735","-2.1459","113.048"
1471,0,"-3454.63","581.066","202.783","-889.614","753.938","164.714","0.240061","-2.84134","158.212","-0.437013","-2.1551","113.04"
1472,0,"-3457.18","582.26","202.639","-889.613","753.922","164.717","0.0219009","-3.13945","158.021","-0.43903","-2.1554","113.036"
1473,0,"-3459.96","583.456","202.62","-889.627","753.937","164.707","0.237936","-2.62791","158.026","-0.455246","-2.14316","113.051"
1474,0,"-3462.41","584.51","202.554","-889.626","753.931","164.73","0.512699","-2.77385","158.052","-0.432599","-2.14177","113.04"
1475,0,"-3464.96","585.991","202.526","-889.608","753.925","164.722","0.231209","-3.09877","158.008","-0.430838","-2.13511","113.037"
1476,0,"-3467.71","587.054","202.823","-889.605","753.935","164.696","0.46453","-2.77294","157.945","-0.441916","-2.16573","113.04"
1477,0,"-3470.24","588.39","202.893","-889.615","753.934","164.693","0.352524","-2.92311","157.886","-0.427569","-2.15411","113.039"
1478,0,"-3473.07","589.54","203.095","-889.611","753.941","164.713","0.215435","-3.08976","157.927","-0.43345","-2.14596","113.044"
1479,0,"-3475.55","590.881","202.806","-889.622","753.947","164.697","0.417997","-3.07666","157.79","-0.428224","-2.15807","113.031"
1480,0,"-3478.16","592.199","202.948","-889.631","753.861","164.792","0.569135","-2.7135","157.802","-0.417008","-2.04586","113.066"
1481,0,"-3480.97","593.492","203.082","-889.626","753.954","164.706","0.323978","-3.21327","157.739","-0.434737","-2.15999","113.036"
1482,0,"-3483.38","594.88","203.206","-889.641","753.936","164.713","0.11528","-2.67091","157.739","-0.448443","-2.154","113.046"
1483,0,"-3486.32","595.979","203.331","-889.632","753.871","164.794","0.537151","-2.69167","157.672","-0.411498","-2.04921","113.068"
1484,0,"-3488.96","597.283","203.122","-889.623","753.924","164.723","0.537183","-2.48384","157.59","-0.43328","-2.14375","113.04"
1485,0,"-3491.54","598.484","203.014","-889.609","753.939","164.692","0.276768","-3.41139","157.709","-0.442906","-2.15278","113.047"
1486,0,"-3494.3","599.696","203.4","-889.607","753.945","164.704","0.479289","-3.15458","157.571","-0.432561","-2.16546","113.035"
1487,0,"-3496.98","600.89","203.273","-889.602","753.934","164.707","0.255909","-3.25925","157.598","-0.423377","-2.1469","113.031"
1488,0,"-3499.56","602.042","203.105","-889.61","753.93","164.683","0.475541","-3.00014","157.559","-0.445833","-2.17259","113.041"
1489,0,"-3502.04","603.402","203.259","-889.614","753.93","164.706","0.243549","-3.32445","157.519","-0.435218","-2.16315","113.036"
1490,0,"-3504.51","604.496","203.469","-889.604","753.941","164.72","0.537494","-2.90167","157.448","-0.431779","-2.163","113.041"
1491,0,"-3506.98","606.151","203.644","-889.628","753.95","164.712","-0.307197","-4.17551","157.661","-0.440713","-2.15238","113.038"
1492,0,"-3509.7","607.34","204.312","-889.628","753.95","164.723","0.0568268","-4.92985","157.678","-0.441652","-2.17035","113.035"
1493,0,"-3512.33","608.483","204.043","-889.624","753.95","164.717","-0.160096","-4.37193","157.798","-0.435476","-2.15225","113.034"
1494,0,"-3514.85","609.576","204.188","-889.621","753.938","164.715","-0.338985","-4.56196","157.716","-0.442407","-2.15947","113.037"
1495,0,"-3517.36","610.507","204.328","-889.611","753.945","164.703","0.0683346","-3.85529","157.793","-0.433226","-2.16093","113.03"
1496,0,"-3519.82","611.818","204.379","-889.603","753.952","164.716","-0.474713","-5.09009","157.879","-0.436202","-2.15372","113.033"
1497,0,"-3522.67","612.589","204.315","-889.622","753.941","164.698","0.14766","-3.77957","157.96","-0.440984","-2.14876","113.043"
1498,0,"-3524.95","613.79","204.063","-889.616","753.932","164.718","-0.0754267","-4.06293","157.96","-0.430931","-2.15616","113.036"
1499,0,"-3527.67","614.626","204.452","-889.618","753.941","164.715","0.103115","-4.22305","158.028","-0.433892","-2.15134","113.036"
1500,0,"-3530.15","616.018","203.853","-889.628","753.949","164.712","-0.114779","-4.35296","158.076","-0.430458","-2.15252","113.036"
1501,0,"-3532.7","616.648","204.345","-889.625","753.94","164.709","0.0397779","-4.05192","158.129","-0.431803","-2.16178","113.03"
1502,0,"-3535.35","617.882","204.487","-889.595","753.94","164.72","-0.0599071","-4.3447","158.199","-0.43881","-2.16738","113.043"
1503,0,"-3537.76","618.775","204.676","-889.839","753.618","164.882","0.0904813","-4.1842","158.232","-0.063372","-2.43917","113.299"
1504,0,"-3540.58","619.801","204.801","-889.838","753.606","164.866","0.123183","-3.7092","158.365","-0.0589354","-2.45131","113.3"
1505,0,"-3543.34","620.831","205.145","-889.853","753.615","164.893","0.722613","-3.40397","158.388","-0.04899","-2.41158","113.298"
1506,0,"-3545.98","621.717","205.033","-889.845","753.623","164.88","0.540648","-3.76459","158.458","-0.0570834","-2.4408","113.302"
1507,0,"-3548.71","622.856","205.298","-889.86","753.631","164.88","0.665978","-4.11791","158.443","-0.064905","-2.44768","113.297"
1508,0,"-3551.39","623.704","204.91","-889.863","753.635","164.889","0.450029","-2.80893","158.591","-0.0582404","-2.41993","113.298"
1509,0,"-3554.11","624.709","204.93","-889.865","753.631","164.889","1.04926","-2.82195","158.452","-0.0655553","-2.43246","113.29"
1510,0,"-3556.87","625.65","204.866","-889.842","753.642","164.875","0.991576","-2.70004","158.522","-0.0755943","-2.42761","113.285"
1511,0,"-3559.78","626.66","205.505","-889.829","753.635","164.899","1.28537","-3.16306","158.755","-0.0883887","-2.36176","113.275"
1512,0,"-3562.53","627.566","205.078","-889.812","753.667","164.843","1.0081","-2.56207","158.732","-0.125995","-2.37669","113.259"
1513,0,"-3565.41","628.742","205.331","-889.793","753.689","164.824","1.54731","-2.54527","158.801","-0.171932","-2.36557","113.236"
1514,0,"-3568.19","629.944","205.556","-889.745","753.717","164.807","1.70167","-2.73816","158.858","-0.210159","-2.32563","113.195"
1515,0,"-3571.05","630.583","205.456","-889.73","753.769","164.783","1.40845","-3.00416","159.022","-0.247493","-2.28127","113.172"
1516,0,"-3573.81","631.509","205.497","-889.697","753.806","164.771","1.41376","-2.70338","159.109","-0.293115","-2.27033","113.137"
1517,0,"-3576.58","632.925","205.716","-889.686","753.855","164.756","1.7055","-3.73153","159.07","-0.313983","-2.21114","113.114"
1518,0,"-3579.33","633.426","205.613","-889.67","753.882","164.739","1.45776","-3.03088","159.244","-0.363178","-2.21057","113.093"
1519,0,"-3582.14","634.465","205.695","-889.651","753.893","164.752","1.35172","-2.98043","159.345","-0.377088","-2.19136","113.073"
1520,0,"-3584.89","635.616","205.8","-889.633","753.911","164.731","1.24666","-3.27277","159.37","-0.39092","-2.17822","113.063"
1521,0,"-3587.7","636.548","205.822","-889.634","753.93","164.708","1.34278","-2.84107","159.535","-0.412996","-2.17509","113.05"
1522,0,"-3590.44","637.473","205.946","-889.629","753.921","164.725","1.4777","-2.70251","159.601","-0.417421","-2.15847","113.051"
1523,0,"-3593.26","638.54","205.615","-889.623","753.933","164.725","1.43646","-2.96328","159.63","-0.423415","-2.12088","113.039"
1524,0,"-3595.96","639.65","205.997","-889.616","753.934","164.684","1.28129","-3.2278","159.678","-0.436987","-2.16033","113.04"
1525,0,"-3598.9","640.44","205.818","-889.619","753.933","164.7","1.6499","-2.97973","159.731","-0.43774","-2.1774","113.033"
1526,0,"-3601.56","641.343","205.691","-889.606","753.941","164.71","1.35077","-2.74706","159.838","-0.440461","-2.1636","113.033"
1527,0,"-3604.3","642.293","205.677","-889.622","753.943","164.709","1.45479","-2.84306","159.889","-0.434653","-2.14857","113.04"
1528,0,"-3607.03","643.667","206.334","-889.613","753.935","164.71","1.41598","-3.76178","159.825","-0.433293","-2.16032","113.037"
1529,0,"-3609.93","644.342","205.829","-889.612","753.937","164.704","1.12309","-2.52579","159.958","-0.438287","-2.15762","113.038"
1530,0,"-3612.62","645.16","206.03","-889.609","753.94","164.681","1.41245","-2.6735","160.124","-0.43568","-2.15224","113.035"
1531,0,"-3615.36","646.301","205.704","-889.618","753.94","164.697","1.25277","-2.46149","160.226","-0.438286","-2.16144","113.042"
1532,0,"-3618.04","647.139","206.183","-889.612","753.954","164.7","1.37821","-2.33101","160.237","-0.425314","-2.1568","113.031"
1533,0,"-3621.02","648.223","205.911","-889.627","753.934","164.705","1.73554","-3.02518","160.391","-0.435219","-2.14955","113.041"
1534,0,"-3624.04","649.05","206.136","-889.614","753.946","164.704","1.3091","-3.03138","160.391","-0.439868","-2.15165","113.044"
1535,0,"-3627","650.402","206.394","-889.629","753.871","164.795","1.69667","-3.2786","160.496","-0.40135","-2.02879","113.071"
1536,0,"-3629.7","651.088","206.646","-889.601","753.939","164.7","1.42794","-2.73377","160.497","-0.43704","-2.16021","113.039"
1537,0,"-3632.7","652.177","206.606","-889.61","753.932","164.711","1.0761","-2.59138","160.702","-0.441277","-2.15807","113.038"
1538,0,"-3635.18","653.141","206.735","-889.604","753.931","164.699","1.31173","-4.03007","160.67","-0.433892","-2.15146","113.038"
1539,0,"-3638.06","654.031","206.191","-889.607","753.937","164.721","1.37212","-3.15285","160.612","-0.428676","-2.14528","113.034"
1540,0,"-3640.91","654.801","206.484","-889.61","753.931","164.677","1.48593","-2.99182","160.7","-0.449347","-2.16928","113.042"
1541,0,"-3643.57","655.791","206.527","-889.609","753.95","164.724","1.36596","-3.04314","160.708","-0.428829","-2.15062","113.033"
1542,0,"-3646.19","656.858","206.64","-889.608","753.941","164.715","1.47333","-3.31361","160.677","-0.446812","-2.15846","113.039"
1543,0,"-3649.19","657.882","207.128","-889.615","753.941","164.711","1.74827","-2.67441","160.74","-0.43633","-2.16149","113.038"
1544,0,"-3652","658.992","206.377","-889.628","753.886","164.801","1.57683","-3.06234","160.844","-0.40267","-2.01856","113.061"
1545,0,"-3654.71","659.934","206.903","-889.629","753.946","164.681","1.38089","-3.1861","160.862","-0.431461","-2.16364","113.038"
1546,0,"-3657.66","660.831","207.044","-889.616","753.949","164.709","1.24803","-3.22153","160.917","-0.435467","-2.13612","113.04"
1547,0,"-3660.27","661.697","206.94","-889.616","753.96","164.72","1.45385","-3.23729","160.945","-0.433907","-2.14734","113.032"
1548,0,"-3663.1","662.68","206.884","-889.612","753.938","164.697","1.3795","-2.91797","161.012","-0.434716","-2.15072","113.034"
1549,0,"-3665.81","663.643","207.152","-889.597","753.941","164.677","1.46747","-3.73987","160.906","-0.435841","-2.17284","113.037"
1550,0,"-3668.33","664.524","206.943","-889.609","753.936","164.719","1.2566","-3.60508","161.028","-0.438205","-2.15223","113.037"
1551,0,"-3671.14","665.687","207.061","-889.62","753.935","164.725","1.16474","-3.26489","161.167","-0.422239","-2.13184","113.041"
1552,0,"-3673.91","666.472","207.162","-889.618","753.941","164.696","1.18044","-3.55119","161.159","-0.433626","-2.15555","113.038"
1553,0,"-3676.53","667.159","207.293","-889.614","753.936","164.711","1.54578","-3.40011","161.053","-0.430437","-2.16052","113.035"
1554,0,"-3679.32","668.025","207.607","-889.615","753.94","164.699","1.20705","-3.1528","161.151","-0.430564","-2.14923","113.036"
1555,0,"-3681.99","669.15","207.364","-889.606","753.937","164.724","1.66757","-3.2832","161.152","-0.446329","-2.1404","113.039"
1556,0,"-3684.77","669.921","207.392","-889.592","753.948","164.699","1.29843","-2.94994","161.14","-0.435686","-2.17259","113.031"
1557,0,"-3687.52","671.049","207.504","-889.598","753.946","164.681","1.68223","-3.75449","161.274","-0.43706","-2.16959","113.035"
1558,0,"-3690.46","672.213","206.824","-889.597","753.935","164.684","1.38568","-3.21808","161.32","-0.437699","-2.15118","113.045"
1559,0,"-3693.26","672.758","207.32","-889.599","753.957","164.685","1.35431","-3.09516","161.365","-0.439389","-2.17941","113.035"
1560,0,"-3695.99","673.725","207.504","-889.616","753.949","164.718","1.39849","-3.3779","161.366","-0.437644","-2.14517","113.038"
1561,0,"-3698.68","674.688","207.325","-889.62","753.956","164.703","1.33581","-3.24449","161.393","-0.43224","-2.16033","113.032"
1562,0,"-3701.34","675.805","207.879","-889.614","753.941","164.706","1.21285","-2.57954","161.425","-0.429807","-2.15436","113.032"
1563,0,"-3704.3","677.039","207.801","-889.606","753.944","164.714","1.06408","-3.8229","161.363","-0.433256","-2.1585","113.041"
1564,0,"-3706.98","677.978","207.448","-889.613","753.942","164.703","1.26939","-3.25707","161.213","-0.445459","-2.16876","113.045"
1565,0,"-3709.79","679.087","207.551","-889.603","753.949","164.692","1.30669","-3.15928","161.306","-0.430349","-2.16586","113.029"
1566,0,"-3712.71","680.417","208.101","-889.61","753.929","164.696","1.23014","-3.09717","161.19","-0.439768","-2.15066","113.039"
1567,0,"-3715.51","681.303","207.528","-889.603","753.941","164.705","1.45888","-3.34285","161.259","-0.429887","-2.14662","113.033"
1568,0,"-3718.13","682.318","207.666","-889.597","753.938","164.714","1.39601","-3.33756","161.15","-0.428389","-2.15539","113.037"
1569,0,"-3720.85","683.429","207.929","-889.614","753.939","164.707","1.42716","-3.13949","161.166","-0.436001","-2.14964","113.039"
1570,0,"-3723.53","684.515","208.224","-889.621","753.948","164.7","1.55155","-3.13602","161.063","-0.44528","-2.16171","113.04"
1571,0,"-3726.36","685.639","208.264","-889.618","753.948","164.715","1.07985","-2.98617","161.195","-0.441253","-2.16544","113.035"
1572,0,"-3728.91","686.808","208.919","-889.608","753.941","164.706","1.16273","-4.02198","161.141","-0.444017","-2.15285","113.046"
1573,0,"-3731.52","687.788","208.138","-889.61","753.946","164.7","0.744134","-2.07905","161.239","-0.434008","-2.16117","113.036"
1574,0,"-3734.2","688.499","208.392","-889.602","753.944","164.69","1.09106","-2.76317","161.228","-0.4375","-2.16497","113.034"
1575,0,"-3736.81","689.703","208.231","-889.605","753.937","164.693","1.00906","-2.79945","161.247","-0.443646","-2.14936","113.04"
1576,0,"-3739.31","690.464","208.663","-889.611","753.937","164.702","1.318","-3.01483","161.162","-0.431724","-2.13885","113.04"
1577,0,"-3741.94","691.766","208.894","-889.606","753.946","164.695","0.613837","-2.75584","161.447","-0.431208","-2.17598","113.033"
1578,0,"-3744.81","692.471","208.449","-889.63","753.956","164.712","1.07163","-2.45156","161.165","-0.417714","-2.13392","113.04"
1579,0,"-3747.41","693.244","208.522","-889.611","753.94","164.707","1.23829","-2.64017","161.218","-0.438964","-2.16468","113.037"
1580,0,"-3749.9","694.21","208.596","-889.612","753.931","164.718","1.30211","-2.9982","161.269","-0.433096","-2.16443","113.038"
1581,0,"-3752.57","695.257","208.881","-889.605","753.933","164.698","1.47293","-2.59432","161.32","-0.430892","-2.15154","113.035"
1582,0,"-3755.29","696.388","208.983","-889.605","753.94","164.688","1.45243","-2.59062","161.334","-0.443609","-2.1697","113.035"
1583,0,"-3758.16","697.153","208.553","-889.609","753.95","164.701","1.17877","-2.63822","161.435","-0.444769","-2.17253","113.039"
1584,0,"-3760.93","698.039","208.909","-889.609","753.94","164.697","1.21004","-3.05414","161.479","-0.43714","-2.15378","113.035"
1585,0,"-3763.81","698.79","208.75","-889.605","753.942","164.703","1.01563","-2.6601","161.602","-0.44721","-2.15344","113.039"
1586,0,"-3766.85","699.67","208.877","-889.619","753.946","164.712","1.09266","-2.49439","161.75","-0.434314","-2.1544","113.04"
1587,0,"-3769.54","700.541","209.007","-889.611","753.948","164.723","1.19677","-2.63246","161.731","-0.432676","-2.13818","113.034"
1588,0,"-3772.33","701.777","209.184","-889.631","753.942","164.688","0.767331","-1.97296","161.94","-0.438581","-2.17819","113.031"
1589,0,"-3775.16","702.464","209.074","-889.608","753.945","164.703","1.04249","-2.6095","162.013","-0.441525","-2.17183","113.029"
1590,0,"-3778.01","703.364","208.975","-889.62","753.933","164.705","1.33797","-2.78477","162.031","-0.44259","-2.15346","113.042"
1591,0,"-3780.71","704.117","209.238","-889.623","753.929","164.689","1.00789","-3.34589","162.068","-0.439088","-2.15539","113.049"
1592,0,"-3783.53","704.928","208.978","-889.601","753.94","164.714","1.23902","-2.89865","162.179","-0.435507","-2.14125","113.04"
1593,0,"-3786.17","705.738","209.307","-889.599","753.938","164.692","0.807626","-2.57785","162.007","-0.429406","-2.16299","113.033"
1594,0,"-3789.03","706.537","209.107","-889.614","753.942","164.695","1.20341","-2.44154","162.187","-0.443732","-2.15768","113.035"
1595,0,"-3791.67","707.414","209.264","-889.606","753.934","164.712","1.22892","-3.05257","162.271","-0.43978","-2.15256","113.041"
1596,0,"-3794.27","708.019","209.263","-889.608","753.936","164.709","1.08815","-2.73114","162.353","-0.437395","-2.14522","113.047"
1597,0,"-3796.98","708.824","209.249","-889.623","753.938","164.682","1.12334","-2.7417","162.447","-0.441695","-2.14705","113.043"
1598,0,"-3799.74","709.759","209.48","-889.614","753.937","164.687","1.25506","-2.49168","162.497","-0.436285","-2.16676","113.036"
1599,0,"-3802.5","710.641","209.521","-889.6","753.944","164.708","1.24287","-2.93445","162.555","-0.44079","-2.15337","113.037"
1600,0,"-3805.54","711.728","209.547","-889.602","753.953","164.686","1.1412","-2.06556","162.79","-0.443045","-2.17377","113.033"
1601,0,"-3808.34","712.532","209.394","-889.605","753.934","164.684","1.20459","-2.91772","162.633","-0.424167","-2.14385","113.037"
1602,0,"-3810.97","713.734","209.948","-889.603","753.936","164.689","1.08776","-4.3369","162.816","-0.437266","-2.16234","113.037"
1603,0,"-3814.04","714.064","209.632","-889.608","753.921","164.704","1.01182","-2.56448","162.783","-0.434333","-2.14199","113.042"
1604,0,"-3816.85","715.113","209.515","-889.616","753.945","164.701","1.05252","-2.58577","162.825","-0.435554","-2.1612","113.03"
1605,0,"-3819.6","716.182","209.477","-889.627","753.948","164.721","1.36182","-2.63267","162.814","-0.416863","-2.1296","113.032"
1606,0,"-3822.53","717.219","209.62","-889.632","753.935","164.691","1.15112","-2.46082","162.716","-0.435046","-2.14242","113.045"
1607,0,"-3825.37","718.14","209.668","-889.6","753.934","164.706","1.1075","-2.65256","162.789","-0.430426","-2.16507","113.034"
1608,0,"-3828.27","719.277","209.508","-889.59","753.944","164.7","1.13786","-2.39444","162.853","-0.442419","-2.16806","113.034"
1609,0,"-3831.17","720.326","210.175","-889.607","753.938","164.693","1.40107","-2.16515","162.746","-0.431392","-2.15274","113.043"
1610,0,"-3834.07","721.134","209.904","-889.607","753.939","164.695","1.05059","-2.88503","162.832","-0.443826","-2.15895","113.038"
1611,0,"-3836.73","722.399","209.948","-889.612","753.952","164.696","1.20463","-2.47295","162.95","-0.429479","-2.15382","113.038"
1612,0,"-3839.27","723.221","210.044","-889.616","753.953","164.678","1.30305","-2.60501","162.769","-0.444481","-2.16981","113.041"
1613,0,"-3841.75","724.563","210.176","-889.609","753.943","164.715","1.00626","-2.90147","162.712","-0.432677","-2.15097","113.035"
1614,0,"-3844.54","725.381","210.628","-889.62","753.946","164.689","1.28871","-3.22308","162.687","-0.444601","-2.16846","113.033"
1615,0,"-3847.61","726.147","210","-889.635","753.944","164.698","1.22354","-2.24952","162.709","-0.433994","-2.14533","113.038"
1616,0,"-3850.23","726.927","209.917","-889.609","753.938","164.699","1.24329","-2.32767","162.799","-0.43665","-2.16741","113.033"
1617,0,"-3852.81","727.685","210.313","-889.603","753.928","164.717","1.0985","-2.66988","162.92","-0.431148","-2.12325","113.044"
1618,0,"-3855.75","728.522","210.215","-889.602","753.934","164.665","1.28732","-2.44762","162.911","-0.455156","-2.16366","113.047"
1619,0,"-3858.46","729.2","210.504","-889.6","753.932","164.711","1.29718","-2.46421","162.969","-0.437447","-2.15118","113.038"
1620,0,"-3861.29","730.261","210.168","-889.601","753.935","164.694","1.10894","-2.42896","163.019","-0.437256","-2.16565","113.035"
1621,0,"-3863.89","730.967","210.508","-889.613","753.938","164.692","1.27974","-2.33225","163.115","-0.447885","-2.17138","113.033"
1622,0,"-3866.78","731.595","210.397","-889.626","753.944","164.679","1.03629","-2.63147","163.181","-0.438597","-2.16869","113.04"
1623,0,"-3869.94","732.672","210.36","-889.612","753.941","164.705","1.12461","-2.32932","163.4","-0.428059","-2.14927","113.039"
1624,0,"-3872.81","733.544","210.337","-889.615","753.963","164.703","0.358445","-3.1844","163.386","-0.445963","-2.15732","113.035"
1625,0,"-3875.57","733.969","210.545","-889.613","753.951","164.709","1.12186","-3.08021","163.388","-0.441446","-2.15464","113.046"
1626,0,"-3878.44","734.823","210.581","-889.609","753.948","164.686","0.87927","-2.83522","163.605","-0.43415","-2.15264","113.038"
1627,0,"-3881.47","735.396","210.817","-889.609","753.934","164.682","1.09967","-2.676","163.612","-0.450883","-2.15897","113.048"
1628,0,"-3884.25","736.289","210.554","-889.591","753.951","164.69","1.12893","-2.54877","163.675","-0.446772","-2.17793","113.031"
1629,0,"-3887.09","737.153","210.456","-889.6","753.928","164.711","1.09639","-2.67231","163.756","-0.430957","-2.14036","113.034"
1630,0,"-3889.86","737.713","210.767","-889.61","753.932","164.675","1.22704","-2.69982","163.903","-0.446455","-2.16419","113.04"
1631,0,"-3892.67","738.423","210.753","-889.622","753.931","164.714","0.915003","-2.76797","163.954","-0.430761","-2.14387","113.04"
1632,0,"-3895.69","739.501","210.521","-889.613","753.933","164.707","0.893095","-2.57248","164.106","-0.438958","-2.161","113.036"
1633,0,"-3898.63","740.288","210.945","-889.626","753.932","164.691","0.942257","-2.12452","164.172","-0.437156","-2.15322","113.045"
1634,0,"-3901.33","741.264","210.554","-889.615","753.947","164.684","0.618228","-1.80255","164.227","-0.447922","-2.17599","113.038"
1635,0,"-3904.09","741.947","210.835","-889.614","753.937","164.705","0.629176","-3.10383","164.392","-0.443432","-2.15644","113.038"
1636,0,"-3907.16","742.431","210.736","-889.607","753.934","164.7","1.10723","-2.48429","164.328","-0.440952","-2.14277","113.043"
1637,0,"-3909.94","743.431","210.591","-889.626","753.936","164.682","1.31545","-2.53406","164.445","-0.436125","-2.15502","113.039"
1638,0,"-3912.56","743.873","210.715","-889.61","753.935","164.706","1.02383","-2.63025","164.503","-0.431113","-2.12811","113.04"
1639,0,"-3915.48","744.428","210.841","-889.619","753.939","164.695","0.947574","-2.75664","164.579","-0.43797","-2.14347","113.038"
1640,0,"-3918.21","745.605","211.027","-889.615","753.943","164.676","1.05669","-3.70311","164.551","-0.449324","-2.16336","113.04"
1641,0,"-3921.15","745.935","210.929","-889.613","753.943","164.707","1.00195","-2.62452","164.751","-0.43486","-2.14541","113.036"
1642,0,"-3924.11","746.603","211.063","-889.632","753.943","164.697","1.02088","-2.47944","164.864","-0.430028","-2.11926","113.038"
1643,0,"-3926.88","747.458","210.746","-889.606","753.937","164.704","0.866774","-2.73231","164.952","-0.44076","-2.17052","113.039"
1644,0,"-3929.87","748.215","211.171","-889.599","753.937","164.704","0.878543","-2.21747","165.166","-0.439622","-2.15672","113.037"
1645,0,"-3922.22","734.562","210.218","-889.606","753.938","164.683","1.26034","-1.61764","165.313","-0.433533","-2.15998","113.036"
1646,0,"-3923.96","734.256","210.935","-889.617","753.938","164.701","1.13853","-1.27904","165.436","-0.432312","-2.14072","113.037"
1647,0,"-3927.28","735.303","210.549","-889.622","753.94","164.691","1.04901","-1.31086","165.395","-0.431032","-2.15485","113.038"
1648,0,"-3931.5","737.386","209.637","-889.611","753.95","164.701","1.19223","-1.39107","165.501","-0.430824","-2.14299","113.038"
1649,0,"-3935.54","739.531","209.212","-889.62","753.93","164.699","1.22043","-1.20514","165.723","-0.443005","-2.15327","113.046"
1650,0,"-3940.82","742.787","207.851","-889.63","753.885","164.77","1.07509","-1.18031","165.812","-0.404543","-2.03605","113.061"
1651,0,"-3946.41","746.25","206.217","-889.631","753.95","164.699","1.12523","-1.1273","165.959","-0.435787","-2.13997","113.037"
1652,0,"-3950.27","748.656","205.813","-889.621","753.953","164.717","1.27113","-1.52872","166.125","-0.43737","-2.12799","113.041"
1653,0,"-3954.7","751.123","205.949","-889.613","753.942","164.699","1.03393","-1.93479","165.82","-0.424233","-2.14178","113.041"
1654,0,"-3957.8","752.275","206.359","-889.622","753.937","164.679","1.01857","-1.87814","166.157","-0.43682","-2.14739","113.042"
1655,0,"-3960.75","753.827","207.109","-889.608","753.941","164.68","1.07447","-2.81654","165.965","-0.439668","-2.16259","113.04"
1656,0,"-3964.22","755.034","207.893","-889.601","753.935","164.712","1.01312","-2.07077","166.045","-0.435564","-2.15089","113.033"
1657,0,"-3966.92","755.952","208.896","-889.616","753.94","164.71","0.794483","-2.57881","166.065","-0.431144","-2.13426","113.038"
1658,0,"-3969.79","756.798","209.398","-889.621","753.932","164.671","0.911763","-2.51002","166.207","-0.441866","-2.16678","113.041"
1659,0,"-3972.75","757.702","210.183","-889.613","753.936","164.687","0.977104","-2.50777","166.256","-0.44295","-2.15941","113.044"
1660,0,"-3975.46","758.439","210.553","-889.617","753.958","164.713","0.820777","-2.92639","166.391","-0.435225","-2.13926","113.04"
1661,0,"-3978.47","759.406","210.97","-889.629","753.933","164.686","1.13282","-2.59497","166.414","-0.443972","-2.14866","113.042"
1662,0,"-3981.18","759.89","211.244","-889.61","753.951","164.689","0.797997","-2.30896","166.426","-0.441941","-2.157","113.038"
1663,0,"-3983.91","760.493","211.35","-889.625","753.945","164.702","0.88585","-2.69106","166.483","-0.442724","-2.15158","113.039"
1664,0,"-3986.58","761.695","212.646","-889.626","753.954","164.71","0.442105","-2.78014","166.813","-0.445703","-2.14283","113.045"
1665,0,"-3989.81","761.973","211.523","-889.608","753.954","164.703","0.741441","-2.48599","166.568","-0.433161","-2.1551","113.035"
1666,0,"-3992.54","762.481","211.67","-889.631","753.947","164.7","1.03006","-2.51808","166.79","-0.44626","-2.14718","113.038"
1667,0,"-3995.44","763.014","211.693","-889.629","753.938","164.701","0.739296","-2.43728","166.844","-0.432199","-2.14066","113.039"
1668,0,"-3998.41","763.799","211.466","-889.61","753.96","164.695","0.605211","-2.44849","166.887","-0.427381","-2.17022","113.033"
1669,0,"-4001.14","764.318","211.785","-889.614","753.934","164.686","0.722034","-2.41063","166.934","-0.446531","-2.14312","113.048"
1670,0,"-4004.19","764.979","211.642","-889.611","753.952","164.697","0.640355","-2.44119","167.132","-0.438168","-2.15868","113.036"
1671,0,"-4007.03","765.507","211.746","-889.606","753.928","164.687","0.679672","-2.82926","167.106","-0.441854","-2.14881","113.042"
1672,0,"-4009.85","766.353","211.968","-889.61","753.932","164.692","0.346573","-2.13067","167.255","-0.430515","-2.1389","113.04"
1673,0,"-4012.65","766.984","212.093","-889.633","753.95","164.704","0.72416","-2.63348","167.103","-0.450965","-2.15759","113.046"
1674,0,"-4015.72","767.654","211.683","-889.61","753.956","164.697","0.986696","-2.7055","167.308","-0.43804","-2.16764","113.037"
1675,0,"-4018.58","768.253","211.791","-889.626","753.945","164.705","0.83975","-2.77637","167.298","-0.43586","-2.13698","113.038"
1676,0,"-4021.47","769.227","211.646","-889.634","753.957","164.702","0.801941","-2.52658","167.355","-0.447824","-2.15596","113.044"
1677,0,"-4024.27","769.803","212.054","-889.613","753.952","164.702","0.938262","-2.67049","167.309","-0.425061","-2.15929","113.042"
1678,0,"-4027.11","770.318","212.145","-889.618","753.943","164.684","0.819184","-2.49332","167.326","-0.433514","-2.15864","113.037"
1679,0,"-4029.91","771.112","212.138","-889.612","753.946","164.688","0.61323","-2.402","167.404","-0.440904","-2.15594","113.04"
1680,0,"-4032.6","771.994","212.433","-889.605","753.948","164.707","0.449414","-1.62147","167.601","-0.432196","-2.13418","113.037"
1681,0,"-4035.34","772.609","212.068","-889.605","753.946","164.696","0.959919","-2.54888","167.425","-0.437791","-2.14289","113.041"
1682,0,"-4038.24","773.149","212.125","-889.616","753.943","164.674","0.704238","-2.51833","167.515","-0.44105","-2.16181","113.043"
1683,0,"-4041.15","773.99","212.475","-889.62","753.971","164.711","0.47622","-2.83367","167.689","-0.419912","-2.13834","113.031"
1684,0,"-4043.57","774.465","212.659","-889.617","753.936","164.724","0.433504","-2.45837","167.639","-0.437937","-2.13804","113.041"
1685,0,"-4046.35","775.39","212.585","-889.61","753.939","164.69","0.384963","-2.38387","167.699","-0.449253","-2.17548","113.038"
1686,0,"-4048.97","776.078","212.73","-889.617","753.946","164.715","0.530731","-2.39371","167.707","-0.435246","-2.16162","113.034"
1687,0,"-4051.69","776.715","212.45","-889.614","753.953","164.698","0.500864","-2.22246","167.754","-0.429607","-2.15476","113.034"
1688,0,"-4054.2","777.077","212.79","-889.623","753.944","164.697","0.594923","-2.06093","167.822","-0.442394","-2.16465","113.037"
1689,0,"-4056.84","775.262","211.899","-889.617","753.956","164.706","0.15797","-0.676058","169.067","-0.43001","-2.14402","113.037"
1690,0,"-4059.6","776.183","211.884","-889.624","753.955","164.714","0.448156","-1.38187","168.936","-0.436714","-2.12963","113.037"
1691,0,"-4062.78","776.483","211.675","-889.618","753.948","164.667","0.155994","-1.1931","169.073","-0.438707","-2.15503","113.039"
1692,0,"-4065.19","776.611","211.725","-889.617","753.957","164.697","0.118976","-1.20925","169.139","-0.454734","-2.18106","113.034"
1693,0,"-4068.07","777.044","212.003","-889.63","753.95","164.706","0.430032","-1.1308","169.288","-0.438642","-2.14702","113.033"
1694,0,"-4071.68","777.531","211.414","-889.624","753.936","164.707","-0.182562","-1.30978","169.373","-0.434648","-2.13579","113.041"
1695,0,"-4074.05","777.994","211.729","-889.619","753.932","164.699","0.179917","-1.93654","169.202","-0.433311","-2.14138","113.038"
1696,0,"-4076.95","778.24","211.748","-889.639","753.952","164.681","0.0811204","-1.77855","169.495","-0.459322","-2.14396","113.051"
1697,0,"-4080.1","779.245","211.603","-889.614","753.915","164.709","-0.224929","-2.21249","169.385","-0.436226","-2.1202","113.043"
1698,0,"-4083.08","780.464","211.527","-889.618","753.925","164.675","0.154988","-3.36383","169.424","-0.45115","-2.16808","113.049"
1699,0,"-4086.47","780.893","210.923","-889.605","753.931","164.69","0.158519","-2.83563","169.28","-0.425302","-2.14736","113.034"
1700,0,"-4089.24","781.394","211.153","-889.609","753.943","164.686","0.0112643","-2.66401","169.281","-0.449909","-2.17213","113.043"
1701,0,"-4092.34","782.49","210.61","-889.623","753.948","164.707","0.0201199","-2.73337","169.269","-0.4386","-2.13745","113.039"
1702,0,"-4095.1","782.704","211.131","-889.625","753.946","164.699","0.24374","-3.27927","169.395","-0.439148","-2.16547","113.039"
1703,0,"-4097.5","783.537","211.881","-889.636","753.944","164.685","0.187244","-2.88657","169.372","-0.434303","-2.15072","113.044"
1704,0,"-4099.99","784.257","212.48","-889.622","753.937","164.691","0.533585","-2.18052","169.451","-0.441316","-2.15921","113.041"
1705,0,"-4102.83","784.83","212.241","-889.612","753.956","164.702","0.484636","-2.44711","169.454","-0.427107","-2.15266","113.037"
1706,0,"-4105.97","785.601","212.63","-889.624","753.95","164.676","-0.101155","-2.17832","169.523","-0.449393","-2.16747","113.043"
1707,0,"-4108.59","785.837","213.205","-889.603","753.948","164.685","1.16766","-3.14011","169.607","-0.434638","-2.17027","113.033"
1708,0,"-4111.62","786.231","212.644","-889.608","753.942","164.695","0.683917","-2.34934","169.762","-0.434612","-2.14482","113.037"
1709,0,"-4114.38","786.622","212.943","-889.616","753.939","164.7","0.785235","-2.26616","169.766","-0.436433","-2.14517","113.037"
1710,0,"-4117.4","787.415","213.011","-889.614","753.929","164.696","1.00562","-3.08039","169.888","-0.441357","-2.14201","113.043"
1711,0,"-4120.45","787.708","213","-889.62","753.933","164.711","1.01201","-2.56581","170.067","-0.429336","-2.14255","113.035"
1712,0,"-4123.18","788.35","213.112","-889.615","753.94","164.689","0.542755","-1.94991","170.317","-0.446359","-2.15597","113.047"
1713,0,"-4126","788.636","213.495","-889.616","753.954","164.718","0.72017","-3.19836","170.335","-0.438882","-2.15351","113.04"
1714,0,"-4128.94","788.965","212.892","-889.621","753.965","164.692","0.772209","-2.7279","170.274","-0.430328","-2.15405","113.036"
1715,0,"-4132.25","789.719","212.738","-889.621","753.942","164.694","0.546369","-2.35635","170.297","-0.429498","-2.14013","113.038"
1716,0,"-4134.78","789.899","213.027","-889.615","753.945","164.687","0.802423","-2.34946","170.462","-0.445871","-2.16856","113.035"
1717,0,"-4137.87","790.403","212.992","-889.611","753.945","164.723","0.662682","-2.48368","170.548","-0.427589","-2.14623","113.034"
1718,0,"-4140.8","790.829","212.759","-889.612","753.954","164.683","0.552679","-2.22116","170.568","-0.44064","-2.15718","113.04"
1719,0,"-4143.5","791.118","213.157","-889.617","753.935","164.713","1.03624","-2.60759","170.645","-0.429995","-2.13721","113.044"
1720,0,"-4146.83","791.788","212.79","-889.607","753.945","164.697","0.651601","-1.92391","170.983","-0.441389","-2.16511","113.042"
1721,0,"-4149.53","792.019","212.916","-889.623","753.943","164.696","0.492258","-2.45199","170.937","-0.441668","-2.15699","113.045"
1722,0,"-4152.5","792.439","212.97","-889.617","753.945","164.692","0.611376","-2.64752","171.034","-0.439612","-2.14679","113.04"
1723,0,"-4155.48","792.773","212.89","-889.604","753.94","164.684","0.825336","-2.18419","171.207","-0.436484","-2.14546","113.038"
1724,0,"-4158.19","793.305","212.92","-889.606","753.925","164.678","0.512398","-1.96173","171.063","-0.443339","-2.15349","113.039"
1725,0,"-4161.25","793.769","212.887","-889.604","753.936","164.699","0.374163","-2.15278","171.313","-0.441734","-2.16814","113.038"
1726,0,"-4163.91","793.831","212.98","-889.61","753.946","164.706","0.725794","-2.29815","171.516","-0.422495","-2.12876","113.04"
1727,0,"-4167.04","794.362","212.643","-889.623","753.931","164.705","0.470645","-2.10917","171.466","-0.430681","-2.13987","113.047"
1728,0,"-4169.77","794.545","213.113","-889.625","753.942","164.695","0.562436","-2.49746","171.594","-0.432558","-2.16506","113.04"
1729,0,"-4172.81","794.803","213.143","-889.626","753.945","164.701","0.514905","-2.26169","171.656","-0.427449","-2.15392","113.039"
1730,0,"-4175.6","795.188","213.041","-889.635","753.943","164.68","0.718154","-2.57061","171.745","-0.43831","-2.1507","113.042"
1731,0,"-4178.59","795.579","213.176","-889.612","753.939","164.694","0.855494","-2.57462","171.937","-0.441763","-2.16885","113.036"
1732,0,"-4181.67","795.923","213.186","-889.605","753.941","164.701","0.79348","-2.53864","171.989","-0.431753","-2.14369","113.035"
1733,0,"-4184.26","796.449","213.207","-889.608","753.934","164.702","0.824306","-2.92581","172.022","-0.444498","-2.1437","113.05"
1734,0,"-4187.3","796.835","213.352","-889.606","753.944","164.676","0.96153","-2.03589","172.132","-0.438148","-2.17794","113.034"
1735,0,"-4190.2","796.852","213.33","-889.609","753.944","164.704","1.01079","-2.4234","172.282","-0.433411","-2.14956","113.037"
1736,0,"-4193.01","797.519","213.367","-889.617","753.922","164.69","0.397956","-2.48485","172.28","-0.442078","-2.15159","113.041"
1737,0,"-4196.17","797.567","213.716","-889.621","753.929","164.688","0.496969","-1.7159","172.363","-0.437046","-2.16984","113.036"
1738,0,"-4198.97","797.813","213.599","-889.611","753.947","164.695","0.574111","-2.49055","172.535","-0.437353","-2.1639","113.037"
1739,0,"-4201.77","798.08","213.571","-889.617","753.933","164.677","0.55209","-2.46281","172.571","-0.451622","-2.17684","113.04"
1740,0,"-4204.59","798.436","213.858","-889.607","753.939","164.699","0.888736","-2.04275","172.63","-0.446796","-2.16471","113.041"
1741,0,"-4207.8","798.429","213.439","-889.607","753.946","164.711","0.51788","-2.43794","172.889","-0.440778","-2.15468","113.038"
1742,0,"-4210.9","798.808","213.417","-889.603","753.946","164.691","0.493651","-2.87475","172.916","-0.444413","-2.16115","113.037"
1743,0,"-4213.81","799.113","213.075","-889.623","753.951","164.685","0.956045","-2.67118","173.22","-0.438903","-2.15452","113.037"
1744,0,"-4216.63","799.422","213.113","-889.617","753.963","164.686","0.460845","-2.56645","173.188","-0.43216","-2.16879","113.034"
1745,0,"-4219.54","799.702","213.096","-889.63","753.941","164.674","0.485418","-2.231","173.368","-0.43892","-2.16132","113.041"
1746,0,"-4222.54","800.096","212.954","-889.629","753.947","164.684","0.638478","-2.20689","173.456","-0.440974","-2.16131","113.046"
1747,0,"-4225.61","800.62","212.55","-889.609","753.959","164.708","0.200356","-2.15628","173.223","-0.441362","-2.16576","113.037"
1748,0,"-4228.36","800.386","213.187","-889.618","753.934","164.697","0.484795","-2.43973","173.489","-0.431502","-2.14322","113.039"
1749,0,"-4231.31","800.876","213.207","-889.603","753.934","164.69","0.738733","-2.81139","173.538","-0.447436","-2.16505","113.042"
1750,0,"-4234.08","800.91","213.164","-889.599","753.953","164.691","0.429747","-2.1633","173.643","-0.426929","-2.15252","113.033"
1751,0,"-4237.15","801.06","213.477","-889.614","753.94","164.711","0.352774","-2.19413","173.72","-0.422083","-2.11784","113.039"
1752,0,"-4240.16","801.569","213.168","-889.613","753.938","164.685","0.109085","-1.68613","173.928","-0.436794","-2.1505","113.042"
1753,0,"-4242.89","801.479","213.919","-889.619","753.945","164.711","0.454156","-2.75167","173.852","-0.434658","-2.15049","113.037"
1754,0,"-4245.94","801.84","213.283","-889.631","753.942","164.706","0.266473","-2.359","173.892","-0.437418","-2.13734","113.042"
1755,0,"-4249.03","802.528","213.294","-889.626","753.941","164.699","0.200536","-3.11354","174.224","-0.440153","-2.15236","113.045"
1756,0,"-4251.69","802.457","213.239","-889.631","753.947","164.707","0.0810367","-1.8903","174.215","-0.422587","-2.13355","113.035"
1757,0,"-4254.75","802.704","213.456","-889.626","753.939","164.708","-0.0408708","-1.82864","174.213","-0.449809","-2.14615","113.048"
1758,0,"-4257.91","803.518","212.988","-889.622","753.944","164.71","0.382814","-2.29245","174.451","-0.426941","-2.12353","113.037"
1759,0,"-4260.81","803.556","212.664","-889.604","753.961","164.681","0.162282","-2.14179","174.373","-0.436888","-2.15257","113.038"
1760,0,"-4263.95","802.833","212.591","-889.613","753.943","164.696","0.227636","-3.60567","174.798","-0.428509","-2.13109","113.038"
1761,0,"-4267.08","803.476","212.46","-889.62","753.929","164.687","0.167033","-3.62318","174.791","-0.443875","-2.14904","113.044"
1762,0,"-4269.49","802.752","213.512","-889.6","753.945","164.699","0.617166","-3.29979","175.14","-0.426778","-2.15452","113.036"
1763,0,"-4272.87","803.418","212.639","-889.625","753.939","164.696","0.462245","-3.52573","175.131","-0.434795","-2.14213","113.042"
1764,0,"-4275.85","803.774","212.483","-889.616","753.935","164.723","0.165183","-3.81791","175.066","-0.427462","-2.13478","113.037"
1765,0,"-4279.27","803.706","211.892","-889.62","753.942","164.704","0.139837","-3.90729","175.148","-0.434181","-2.16266","113.036"
1766,0,"-4282.14","804.069","212.206","-889.61","753.957","164.694","-0.0528141","-3.95656","174.962","-0.424948","-2.15272","113.035"
1767,0,"-4285.29","803.283","212.879","-889.623","753.951","164.695","0.0775457","-4.53964","175.432","-0.439932","-2.14807","113.038"
1768,0,"-4288.55","804.446","211.945","-889.607","753.94","164.703","-0.676135","-4.1058","175.126","-0.432078","-2.14309","113.039"
1769,0,"-4291.21","804.056","212.379","-889.612","753.944","164.696","-0.251261","-5.10574","175.282","-0.429333","-2.14624","113.039"
1770,0,"-4294.3","804.32","212.229","-889.623","753.946","164.7","-0.442716","-4.81241","175.458","-0.435364","-2.15208","113.044"
1771,0,"-4297.54","803.189","211.97","-889.613","753.95","164.697","-0.833996","-3.13559","175.974","-0.430136","-2.14816","113.038"
1772,0,"-4300.42","803.008","211.512","-889.63","753.938","164.721","-0.606143","-3.05075","176.401","-0.427549","-2.12346","113.041"
1773,0,"-4303.54","803.58","211.902","-889.624","753.951","164.7","-0.524491","-2.94994","176.216","-0.43774","-2.15666","113.039"
1774,0,"-4305.2","802.603","213.036","-889.619","753.944","164.7","-0.204039","-3.4936","176.744","-0.434978","-2.14568","113.039"
1775,0,"-4309.74","804.468","211.183","-889.618","753.926","164.676","-0.665554","-3.92248","176.039","-0.42705","-2.14436","113.036"
1776,0,"-4311.41","803.438","212.691","-889.618","753.923","164.704","-1.44229","-1.03532","177.068","-0.431841","-2.1375","113.039"
1777,0,"-4314.74","804.392","211.799","-889.604","753.943","164.69","-1.67808","-1.15547","176.821","-0.434801","-2.15966","113.038"
1778,0,"-4318.02","804.462","211.545","-889.614","753.938","164.691","-1.15402","-2.30904","176.897","-0.439738","-2.14512","113.048"
1779,0,"-4319.91","803.833","212.494","-889.617","753.928","164.683","-0.822497","-2.16701","177.179","-0.4386","-2.15393","113.039"
1780,0,"-4323.03","804.418","212.3","-889.628","753.946","164.723","-0.905927","-2.50096","177.031","-0.436549","-2.13095","113.046"
1781,0,"-4325.83","804.165","212.086","-889.63","753.956","164.687","-0.690878","-1.98931","177.464","-0.430837","-2.14895","113.038"
1782,0,"-4328.88","804.387","211.973","-889.627","753.94","164.692","-0.955875","-2.06142","177.356","-0.446262","-2.16012","113.045"
1783,0,"-4332.33","804.959","211.587","-889.616","753.963","164.701","-1.10349","-2.49197","177.3","-0.431577","-2.1612","113.038"
1784,0,"-4334.61","804.623","212.324","-889.619","753.943","164.697","-0.821733","-2.70795","177.458","-0.442959","-2.14976","113.042"
1785,0,"-4337.93","805.132","212.014","-889.618","753.953","164.693","-1.3109","-2.27084","177.39","-0.439395","-2.14705","113.041"
1786,0,"-4340.28","804.457","212.305","-889.607","753.947","164.7","-0.845904","-2.58623","177.605","-0.44174","-2.16471","113.037"
1787,0,"-4343.93","805.154","211.117","-889.605","753.938","164.684","-0.710754","-2.18935","177.677","-0.436719","-2.15092","113.039"
1788,0,"-4346.09","804.458","212.442","-889.623","753.946","164.676","-0.571174","-2.4949","177.815","-0.446825","-2.17438","113.04"
1789,0,"-4349.23","804.484","212.436","-889.621","753.928","164.715","-0.219423","-3.35798","177.747","-0.432728","-2.14246","113.041"
1790,0,"-4352.38","804.936","212.088","-889.62","753.95","164.705","-0.573125","-2.14145","178.1","-0.44248","-2.14825","113.042"
1791,0,"-4355.26","804.589","212.007","-889.615","753.942","164.699","-0.890748","-2.58106","178.019","-0.434476","-2.13914","113.036"
1792,0,"-4358.02","804.868","211.74","-889.615","753.943","164.703","-0.329523","-3.17047","177.98","-0.436968","-2.16049","113.037"
1793,0,"-4361.27","805.385","211.912","-889.605","753.953","164.696","0.144655","-4.52795","177.801","-0.430634","-2.15471","113.034"
1794,0,"-4364.19","805.342","211.675","-889.629","753.951","164.68","-0.293702","-3.54232","177.912","-0.445763","-2.15456","113.047"
1795,0,"-4367.16","805.643","211.505","-889.614","753.959","164.69","-0.150371","-3.53174","178.033","-0.432169","-2.15402","113.037"
1796,0,"-4369.47","805.322","211.935","-889.614","753.953","164.679","-0.125764","-3.13286","178.183","-0.432095","-2.16424","113.034"
1797,0,"-4373.12","805.898","211.813","-889.63","753.945","164.694","-0.299057","-3.19201","178.008","-0.439492","-2.1363","113.034"
1798,0,"-4375.74","805.882","212.277","-889.622","753.943","164.685","-0.0347906","-3.28345","178.234","-0.435115","-2.15865","113.039"
1799,0,"-4378.81","806.393","211.911","-889.625","753.95","164.696","0.0030427","-3.42857","178.302","-0.438142","-2.13319","113.041"
1800,0,"-4382.03","806.962","211.789","-889.628","753.943","164.682","0.598308","-4.92557","177.806","-0.446102","-2.15584","113.042"
1801,0,"-4384.93","806.016","212.504","-889.621","753.956","164.681","-1.03449","-3.14306","178.365","-0.441665","-2.17515","113.037"
1802,0,"-4388.19","807.158","211.951","-889.604","753.947","164.697","0.295245","-5.29582","177.768","-0.436624","-2.15892","113.033"
1803,0,"-4390.59","807.045","212.38","-889.608","753.936","164.696","0.464738","-4.35821","178.351","-0.433099","-2.1273","113.042"
1804,0,"-4393.99","807.149","211.863","-889.62","753.931","164.704","0.164468","-5.41769","177.92","-0.433852","-2.13416","113.042"
1805,0,"-4396.49","807.818","212.262","-889.622","753.943","164.686","0.563085","-4.70753","178.241","-0.432029","-2.15039","113.036"
1806,0,"-4399.54","807.245","212.241","-889.616","753.942","164.702","0.709061","-4.70466","178.575","-0.44354","-2.16134","113.035"
1807,0,"-4402.29","807.319","212.671","-889.619","753.943","164.689","0.322328","-4.80781","178.343","-0.436461","-2.15886","113.033"
1808,0,"-4404.9","806.235","212.986","-889.623","753.957","164.703","0.935014","-5.30282","178.999","-0.444739","-2.16697","113.041"
1809,0,"-4407.92","807.819","212.336","-889.625","753.959","164.683","0.2394","-4.22733","178.759","-0.447825","-2.16936","113.039"
1810,0,"-4411.17","807.032","212.47","-889.611","753.95","164.696","0.587537","-5.35382","178.754","-0.446163","-2.16785","113.035"
1811,0,"-4413.58","807.028","212.7","-889.604","753.958","164.697","0.181806","-4.43851","179.028","-0.427617","-2.13911","113.043"
1812,0,"-4416.75","807.929","212.217","-889.602","753.938","164.692","0.686287","-5.00881","178.674","-0.444987","-2.15287","113.042"
1813,0,"-4418.94","807.218","213.111","-889.604","753.948","164.683","0.189311","-3.66285","179.3","-0.431456","-2.16127","113.034"
1814,0,"-4422.19","807.623","212.96","-889.8","753.584","164.905","-0.474367","-3.39773","179.112","-0.00951064","-2.46308","113.275"
1815,0,"-4424.47","807.186","213.277","-889.864","753.598","164.881","0.208854","-3.65079","179.529","-0.0628908","-2.41288","113.31"
1816,0,"-4428.37","807.945","212.649","-889.86","753.594","164.875","-0.261465","-3.23975","179.369","-0.0627309","-2.42691","113.305"
1817,0,"-4430.73","807.372","213.732","-889.854","753.617","164.866","-0.554978","-4.0126","179.356","-0.0471546","-2.42913","113.299"
1818,0,"-4433.43","807.915","213.538","-889.868","753.613","164.849","0.0415467","-3.27932","179.551","-0.0753584","-2.44386","113.306"
1819,0,"-4436.78","807.214","213.349","-889.857","753.611","164.882","-0.169715","-3.33448","179.823","-0.0580999","-2.39809","113.304"
1820,0,"-4439.47","807.398","213.594","-889.838","753.635","164.862","-0.811379","-2.64445","179.724","-0.0647373","-2.41506","113.289"
1821,0,"-4444.15","807.407","212.215","-889.846","753.63","164.854","0.334133","-6.10613","179.011","-0.088914","-2.41358","113.289"
1822,0,"-4447.36","807.523","212.214","-889.82","753.649","164.839","0.0201779","-6.23883","178.876","-0.096079","-2.39843","113.273"
1823,0,"-4450.42","807.577","211.91","-889.819","753.685","164.847","-0.0044328","-5.73857","179.042","-0.12167","-2.35648","113.263"
1824,0,"-4453.36","807.761","211.847","-889.797","753.71","164.826","0.055266","-5.7493","178.977","-0.168583","-2.3548","113.226"
1825,0,"-4456.31","807.14","212.451","-889.763","753.73","164.816","-0.261961","-5.85912","178.995","-0.213138","-2.32854","113.204"
1826,0,"-4459.1","807.232","212.066","-889.733","753.775","164.79","0.74529","-6.83341","179.262","-0.251136","-2.2786","113.178"
1827,0,"-4461.78","807.263","212.605","-889.719","753.818","164.756","-0.004048","-5.91176","179.162","-0.298832","-2.24954","113.144"
1828,0,"-4465.06","807.018","212.032","-889.685","753.836","164.749","0.720496","-7.00603","179.393","-0.327716","-2.21792","113.116"
1829,0,"-4467.86","807.015","211.81","-889.659","753.882","164.739","-0.0407708","-5.18106","179.69","-0.34582","-2.18505","113.093"
1830,0,"-4471.59","805.487","211.59","-889.636","753.901","164.705","0.112237","-3.61652","179.54","-0.381074","-2.1822","113.08"
1831,0,"-4475.25","806.153","211.003","-889.628","753.903","164.714","0.15416","-3.70988","179.502","-0.403821","-2.16591","113.069"
1832,0,"-4477.42","805.324","211.748","-889.624","753.934","164.713","0.334261","-4.19926","179.421","-0.403069","-2.15633","113.056"
1833,0,"-4480.64","805.493","211.16","-889.635","753.924","164.694","0.285435","-3.25191","179.802","-0.42877","-2.16993","113.053"
1834,0,"-4483.34","805.384","211.621","-889.628","753.948","164.692","0.516425","-3.48955","179.766","-0.437308","-2.15496","113.039"
1835,0,"-4490.34","809.573","207.931","-889.614","753.953","164.694","1.22289","-3.02119","180.901","-0.434785","-2.16608","113.036"
1836,0,"-4493.17","809.163","207.977","-889.62","753.949","164.668","1.97392","-4.08579","180.625","-0.433459","-2.17032","113.034"
1837,0,"-4496.16","809.586","208.067","-889.618","753.946","164.699","1.45076","-4.13451","180.516","-0.432735","-2.14741","113.039"
1838,0,"-4499.26","809.236","207.582","-889.61","753.941","164.682","1.68272","-4.26705","180.835","-0.437501","-2.16467","113.033"
1839,0,"-4501.74","809.158","207.874","-889.622","753.933","164.663","1.362","-3.18883","181.037","-0.440053","-2.15563","113.047"
1840,0,"-4505.34","809.139","208.18","-889.602","753.937","164.665","2.05666","-4.27272","180.717","-0.440836","-2.15549","113.041"
1841,0,"-4507.41","809.22","208.048","-889.6","753.935","164.699","1.33022","-3.39206","181.242","-0.436043","-2.15879","113.033"
1842,0,"-4511.08","809.634","207.462","-889.609","753.938","164.683","1.4812","-3.14102","181.281","-0.441169","-2.14528","113.037"
1843,0,"-4513.98","809.397","207.347","-889.611","753.941","164.672","1.42317","-2.86826","181.462","-0.442918","-2.18644","113.033"
1844,0,"-4516.94","809.668","206.841","-889.615","753.942","164.691","1.53662","-2.15941","181.567","-0.433901","-2.15491","113.036"
1845,0,"-4520.59","810.345","206.043","-889.626","753.943","164.689","1.4545","-2.11938","181.783","-0.43718","-2.15229","113.038"
1846,0,"-4523.32","810.426","205.847","-889.616","753.947","164.685","1.48776","-2.25185","181.75","-0.445639","-2.15743","113.038"
1847,0,"-4527.23","810.805","205.295","-889.612","753.95","164.682","1.72798","-0.798943","182.175","-0.44923","-2.17477","113.041"
1848,0,"-4530.68","810.947","204.162","-889.619","753.931","164.675","1.88169","-2.2001","181.979","-0.449331","-2.14016","113.048"
1849,0,"-4532.09","811.046","205.137","-889.619","753.955","164.684","1.16828","-0.955089","181.876","-0.43752","-2.16609","113.033"
1850,0,"-4536.66","810.888","203.877","-889.619","753.935","164.701","1.86048","-1.59671","182.172","-0.435835","-2.13052","113.046"
1851,0,"-4538.73","810.852","204.4","-889.619","753.943","164.689","1.0336","-1.26235","182.042","-0.442255","-2.15012","113.05"
1852,0,"-4542.04","811.018","204.005","-889.623","753.957","164.689","1.84995","-1.68994","182.21","-0.442885","-2.16849","113.037"
1853,0,"-4544.78","810.835","204.275","-889.609","753.944","164.703","1.56699","-0.913361","182.568","-0.435151","-2.16047","113.037"
1854,0,"-4547.08","810.5","204.727","-889.606","753.945","164.687","1.45825","-0.895039","182.452","-0.4355","-2.14897","113.041"
1855,0,"-4551.83","810.538","203.577","-889.601","753.94","164.684","2.00008","-0.822923","182.975","-0.436603","-2.16479","113.035"
1856,0,"-4552.54","810.035","204.774","-889.607","753.932","164.689","1.24047","-1.3345","182.335","-0.441171","-2.15566","113.037"
1857,0,"-4556.5","810.13","204.134","-889.606","753.957","164.686","1.5541","-1.12703","182.779","-0.447676","-2.18438","113.031"
1858,0,"-4559.06","809.401","204.282","-889.615","753.925","164.68","1.39781","-1.27433","182.52","-0.435954","-2.14828","113.043"
1859,0,"-4563.01","809.267","203.851","-889.615","753.938","164.696","1.26489","-1.69527","182.624","-0.430519","-2.14985","113.043"
1860,0,"-4565.02","809.564","204.393","-889.622","753.956","164.684","1.9074","-1.35372","183.016","-0.434228","-2.15236","113.044"
1861,0,"-4568.03","808.565","204.285","-889.627","753.942","164.7","1.3884","-1.70614","182.939","-0.441956","-2.14456","113.044"
1862,0,"-4572.05","808.939","203.781","-889.627","753.952","164.693","1.42715","-1.44385","183.167","-0.431958","-2.15485","113.035"
1863,0,"-4573.87","808.236","204.188","-889.628","753.941","164.677","1.53277","-1.52815","183.14","-0.43498","-2.15079","113.044"
1864,0,"-4577.01","808.159","204.304","-889.618","753.94","164.681","1.30936","-1.09782","183.305","-0.439223","-2.1618","113.042"
1865,0,"-4580.19","808.158","203.89","-889.597","753.93","164.691","1.72823","-1.47538","183.668","-0.438536","-2.15439","113.038"
1866,0,"-4582.67","807.681","204.333","-889.616","753.931","164.686","1.20947","-0.804096","183.679","-0.436229","-2.15341","113.037"
1867,0,"-4587.69","807.624","203.168","-889.622","753.939","164.683","1.56096","-1.72124","183.931","-0.442498","-2.16182","113.033"
1868,0,"-4587.91","807.001","204.765","-889.615","753.926","164.691","1.32043","-0.708406","183.775","-0.438188","-2.15192","113.039"
1869,0,"-4592.3","807.186","203.845","-889.621","753.928","164.702","1.46005","-0.841582","184.293","-0.449073","-2.14895","113.049"
1870,0,"-4594.46","806.396","204.226","-889.645","753.944","164.7","1.10015","-1.35431","183.991","-0.44263","-2.14348","113.037"
1871,0,"-4597.74","806.503","204.029","-889.621","753.946","164.695","1.32885","-1.45661","183.892","-0.436668","-2.16028","113.037"
1872,0,"-4601.29","806.306","203.841","-889.619","753.94","164.721","2.16952","-1.27701","184.428","-0.438051","-2.13088","113.051"
1873,0,"-4602.83","805.901","204.515","-889.639","753.942","164.679","1.34862","-0.930128","184.166","-0.441672","-2.15656","113.034"
1874,0,"-4607.59","805.765","203.605","-889.708","753.919","164.642","1.69936","-1.35824","184.539","-0.423788","-2.16013","113.02"
1875,0,"-4610.03","804.936","203.79","-889.705","753.921","164.622","1.49527","-2.08507","184.229","-0.397086","-2.12885","113.024"
1876,0,"-4611.9","805.022","204.477","-889.781","753.912","164.686","1.16104","-1.26563","184.435","-0.432454","-2.13421","113.015"
1877,0,"-4615.4","804.718","204.407","-889.774","753.902","164.673","1.62549","-0.758124","184.912","-0.420954","-2.14037","113.014"
1878,0,"-4617.9","804.627","204.378","-889.778","753.888","164.658","0.973113","-1.03337","184.796","-0.425375","-2.14647","113.013"
1879,0,"-4621.06","804.633","204.259","-889.78","753.898","164.652","1.70487","-1.31558","185.18","-0.434274","-2.16505","113.015"
1880,0,"-4624.96","804.146","203.554","-889.762","753.897","164.647","0.76832","-1.37535","184.645","-0.425998","-2.14844","113.014"
1881,0,"-4627.41","803.833","203.834","-889.761","753.891","164.648","1.28077","-1.22337","185.156","-0.440556","-2.14877","113.019"
1882,0,"-4630.29","803.989","203.919","-889.771","753.889","164.65","1.23595","-1.3064","185.275","-0.438912","-2.14835","113.022"
1883,0,"-4633.84","803.238","203.672","-889.757","753.902","164.645","1.01175","-1.90302","185.084","-0.427897","-2.15426","113.012"
1884,0,"-4636.65","803.328","203.504","-889.772","753.891","164.65","1.18051","-1.56738","185.307","-0.438937","-2.13941","113.019"
1885,0,"-4640.34","802.657","203.189","-889.786","753.899","164.68","1.45192","-1.71552","185.469","-0.432228","-2.127","113.018"
1886,0,"-4642.72","802.599","203.707","-889.821","753.897","164.666","1.16206","-1.71698","185.342","-0.417365","-2.11601","113.014"
1887,0,"-4645.24","801.983","203.712","-889.837","753.884","164.681","1.27016","-2.20148","185.546","-0.402788","-2.08446","113.004"
1888,0,"-4649.6","801.706","203.103","-889.785","753.901","164.658","1.41352","-2.38099","185.738","-0.45289","-2.15122","113.027"
1889,0,"-4651.12","801.293","203.622","-889.778","753.905","164.662","1.53717","-2.40631","185.681","-0.431134","-2.14042","113.021"
1890,0,"-4654.7","800.965","203.607","-889.772","753.912","164.663","1.84655","-2.079","185.935","-0.424572","-2.13752","113.011"
1891,0,"-4657.17","800.616","203.501","-889.761","753.908","164.646","1.52546","-2.08153","186.177","-0.440111","-2.15587","113.016"
1892,0,"-4659.8","800.233","203.656","-889.764","753.906","164.656","1.07317","-2.48164","185.659","-0.422608","-2.14009","113.013"
1893,0,"-4662.62","799.777","204.007","-889.772","753.886","164.678","1.38629","-2.73225","186.154","-0.425931","-2.1056","113.023"
1894,0,"-4665.92","799.088","203.845","-889.761","753.89","164.642","1.07156","-1.78101","186.025","-0.448819","-2.16799","113.023"
1895,0,"-4668.09","799.084","204.271","-889.762","753.895","164.646","1.1719","-2.28479","186.004","-0.436906","-2.15417","113.018"
1896,0,"-4671.92","798.52","203.839","-889.784","753.897","164.66","1.08024","-2.07572","186.419","-0.440997","-2.15206","113.022"
1897,0,"-4674.25","798.26","204.164","-889.779","753.905","164.658","1.0415","-2.30429","186.192","-0.426454","-2.14221","113.012"
1898,0,"-4679.06","797.949","202.99","-889.779","753.896","164.649","1.59056","-2.41201","186.546","-0.437354","-2.16501","113.015"
1899,0,"-4680.58","797.557","203.824","-889.779","753.915","164.663","0.90072","-2.16361","186.173","-0.421762","-2.13446","113.006"
1900,0,"-4684.24","796.939","203.367","-889.779","753.9","164.624","1.53491","-2.73417","186.674","-0.443873","-2.15845","113.017"
1901,0,"-4686.5","796.135","203.996","-889.787","753.895","164.636","1.01873","-2.56545","186.61","-0.431069","-2.15145","113.004"
1902,0,"-4688.76","796.143","204.167","-889.771","753.904","164.668","1.35295","-2.40132","186.705","-0.437637","-2.1457","113.016"
1903,0,"-4692.17","795.299","204.084","-889.765","753.898","164.638","1.46829","-1.81394","187.006","-0.435768","-2.1558","113.019"
1904,0,"-4694.56","795.09","204.443","-889.764","753.92","164.648","0.989081","-2.12188","187.045","-0.427106","-2.15784","113.013"
1905,0,"-4699.39","795.044","203.17","-889.776","753.907","164.657","1.54189","-2.75176","187.032","-0.429591","-2.16534","113.007"
1906,0,"-4702.22","794.127","203.481","-889.782","753.892","164.659","1.35468","-2.33285","187.231","-0.444233","-2.17141","113.011"
1907,0,"-4705.17","794.368","203.138","-889.779","753.896","164.674","1.47224","-2.41169","187.376","-0.430792","-2.13199","113.011"
1908,0,"-4707.88","793.537","203.627","-889.77","753.898","164.647","1.3157","-1.93127","187.654","-0.424303","-2.14353","113.011"
1909,0,"-4710.68","793.234","203.731","-889.762","753.89","164.654","1.34868","-2.04349","187.835","-0.440103","-2.14474","113.02"
1910,0,"-4712.67","792.548","204.249","-889.761","753.905","164.655","1.45345","-1.83096","187.89","-0.428645","-2.1501","113.012"
1911,0,"-4717.15","792.124","203.264","-889.772","753.905","164.649","1.49214","-2.46718","187.833","-0.430955","-2.15924","113.01"
1912,0,"-4718.86","791.667","204.147","-889.768","753.902","164.649","1.59854","-1.1883","188.51","-0.429671","-2.14389","113.021"
1913,0,"-4721.24","790.94","204.36","-889.778","753.913","164.645","1.24482","-2.20545","187.829","-0.423362","-2.15393","113.009"
1914,0,"-4725.73","790.899","203.54","-889.781","753.908","164.656","1.33877","-1.60174","188.455","-0.42594","-2.15039","113.01"
1915,0,"-4727.68","790.065","204.002","-889.795","753.909","164.659","1.42407","-1.82867","187.889","-0.424497","-2.14425","113.009"
1916,0,"-4730.39","789.774","203.861","-889.8","753.902","164.666","0.820933","-2.16682","188.268","-0.431438","-2.13906","113.004"
1917,0,"-4733.52","789.157","204.037","-889.832","753.888","164.697","1.02359","-1.88355","188.303","-0.405471","-2.08496","112.996"
1918,0,"-4735.1","788.849","204.655","-889.889","753.857","164.696","1.30076","-3.07732","187.998","-0.398732","-2.07098","112.983"
1919,0,"-4739.17","788.185","203.992","-889.974","753.842","164.713","0.909651","-1.65773","188.461","-0.37743","-2.01217","112.974"
1920,0,"-4741.61","787.103","204.639","-890.084","753.798","164.735","1.40707","-1.83593","188.51","-0.340393","-1.9333","112.945"
1921,0,"-4744.64","787.393","204.526","-890.198","753.722","164.775","1.13945","-1.5926","188.983","-0.336271","-1.85837","112.929"
1922,0,"-4747.03","786.501","204.575","-890.322","753.673","164.831","1.08953","-2.16394","188.627","-0.297395","-1.76903","112.897"
1923,0,"-4750.8","786.125","204.279","-890.444","753.637","164.858","1.12855","-1.43073","188.811","-0.258341","-1.68868","112.863"
1924,0,"-4752.7","785.178","204.85","-890.544","753.6","164.886","1.45044","-1.74304","188.965","-0.233035","-1.61414","112.843"
1925,0,"-4757.08","785.654","203.816","-890.631","753.577","164.928","1.25274","-1.60999","189.384","-0.204213","-1.55535","112.815"
1926,0,"-4758.77","784.614","204.706","-890.684","753.555","164.929","1.64996","-2.79528","189.217","-0.192732","-1.52448","112.809"
1927,0,"-4762.85","783.704","204.038","-890.734","753.532","164.964","1.31948","-2.16758","189.474","-0.196909","-1.47686","112.802"
1928,0,"-4765.21","783.447","204.385","-890.749","753.511","164.965","1.84968","-2.17657","189.535","-0.188916","-1.4712","112.792"
1929,0,"-4767.09","782.861","205.037","-889.77","753.905","164.655","1.639","-2.8784","189.311","-0.423916","-2.14456","113.017"
1930,0,"-4770.97","782.41","204.639","-889.766","753.903","164.645","1.32245","-1.83066","189.766","-0.42556","-2.16153","113.011"
1931,0,"-4773.81","781.659","204.698","-889.778","753.886","164.662","0.923807","-1.91848","189.397","-0.435388","-2.13984","113.023"
1932,0,"-4777.16","781.782","204.339","-889.742","753.886","164.684","0.913561","-1.11321","190.113","-0.416055","-2.12409","113.011"
1933,0,"-4780.29","780.974","204.537","-889.768","753.909","164.672","0.757996","-1.24798","189.522","-0.433978","-2.14011","113.011"
1934,0,"-4782.65","781.142","204.74","-889.738","753.914","164.644","0.977788","-1.07922","190.165","-0.425631","-2.17116","113.011"
1935,0,"-4785.54","780.251","204.741","-889.731","753.917","164.665","0.673289","-0.973109","189.948","-0.422299","-2.1411","113.018"
1936,0,"-4789.8","779.787","204.248","-889.722","753.911","164.657","0.610774","-1.22067","189.929","-0.434444","-2.14071","113.027"
1937,0,"-4791.26","779.122","205.424","-889.707","753.92","164.678","0.978946","-0.804732","190.213","-0.435801","-2.1454","113.025"
1938,0,"-4796.75","778.637","204.003","-889.692","753.925","164.665","0.885863","-0.608139","190.013","-0.438827","-2.15753","113.018"
1939,0,"-4798","778.349","204.681","-889.683","753.939","164.671","0.878751","-1.28826","190.252","-0.436449","-2.15032","113.031"
1940,0,"-4801.3","778.114","204.439","-889.665","753.947","164.666","0.883198","-0.8242","190.428","-0.435008","-2.15918","113.033"
1941,0,"-4805.21","777.517","203.974","-889.657","753.939","164.704","1.1208","-2.01924","190.133","-0.4317","-2.14414","113.038"
1942,0,"-4806.38","776.271","205.175","-889.652","753.94","164.669","1.00657","-0.771081","190.502","-0.433568","-2.14392","113.04"
1943,0,"-4810.49","776.521","204.199","-889.631","753.94","164.675","1.13219","-1.64517","190.208","-0.438263","-2.15608","113.04"
1944,0,"-4811.76","775.905","204.888","-889.624","753.948","164.667","1.00204","-1.59375","190.06","-0.435069","-2.15541","113.039"
1945,0,"-4815.04","775.751","204.698","-889.576","753.895","164.681","1.04247","-1.56758","190.5","-0.407325","-2.18442","113.021"
1946,0,"-4817.63","774.801","204.916","-889.614","753.935","164.706","1.02406","-1.56161","190.244","-0.436169","-2.1372","113.038"
1947,0,"-4821.28","774.52","204.44","-889.617","753.943","164.705","1.45047","-0.642586","190.72","-0.436796","-2.1419","113.042"
1948,0,"-4824.87","774.047","204.264","-889.625","753.94","164.681","0.898444","-1.50107","190.177","-0.442241","-2.1519","113.044"
1949,0,"-4827.77","773.635","204.177","-889.628","753.868","164.757","1.24815","-2.1069","190.158","-0.411171","-2.04472","113.072"
1950,0,"-4830.24","773.091","204.157","-889.622","753.938","164.706","0.784933","-1.33033","190.567","-0.428483","-2.14386","113.038"
1951,0,"-4833.02","772.551","204.63","-889.624","753.956","164.67","1.46016","-0.917218","190.392","-0.448387","-2.17475","113.037"
1952,0,"-4834.87","772.515","204.843","-889.631","753.954","164.697","1.24797","-1.50704","190.452","-0.432452","-2.1304","113.041"
1953,0,"-4838.8","771.978","204.447","-889.614","753.945","164.678","1.35626","-1.71606","190.59","-0.443949","-2.16093","113.04"
1954,0,"-4842.33","771.676","203.974","-889.616","753.942","164.686","1.51363","-1.90524","190.454","-0.436719","-2.15534","113.038"
1955,0,"-4844.92","771.048","204.172","-889.621","753.951","164.671","1.51396","-0.894692","190.699","-0.442327","-2.16172","113.036"
1956,0,"-4846.63","770.013","205.187","-889.622","753.944","164.703","1.1946","-0.588068","190.628","-0.4262","-2.13263","113.034"
1957,0,"-4849.25","770.478","205.11","-889.631","753.937","164.687","1.03529","-1.74839","190.292","-0.442378","-2.14861","113.046"
1958,0,"-4852.43","769.52","204.65","-889.635","753.932","164.69","0.959325","-1.74932","190.369","-0.438876","-2.15953","113.041"
1959,0,"-4857.37","769.451","203.763","-889.615","753.948","164.699","1.2442","-1.24234","190.621","-0.444467","-2.17281","113.038"
1960,0,"-4859.11","768.475","204.548","-889.631","753.944","164.703","1.47739","-1.20447","190.26","-0.428837","-2.12168","113.043"
1961,0,"-4861.54","768.166","204.886","-889.607","753.937","164.674","1.28761","-0.489125","190.967","-0.443946","-2.1686","113.041"
1962,0,"-4865.02","767.82","204.363","-889.611","753.938","164.694","1.14868","-1.79909","190.261","-0.436714","-2.13227","113.042"
1963,0,"-4866.99","767.185","204.777","-889.623","753.942","164.675","1.33464","-1.41751","190.54","-0.444449","-2.15605","113.042"
1964,0,"-4875.72","766.196","202.139","-889.63","753.941","164.682","0.8832","-1.51378","190.283","-0.439474","-2.14379","113.043"
1965,0,"-4878.68","766.004","202.564","-889.623","753.953","164.694","1.32398","-1.47577","190.603","-0.432476","-2.13865","113.039"
1966,0,"-4882.49","765.686","201.739","-889.63","753.953","164.695","1.31992","-1.85239","190.745","-0.435984","-2.1475","113.04"
1967,0,"-4884.68","764.812","202.015","-889.641","753.945","164.687","1.19403","-2.07816","190.578","-0.442488","-2.1651","113.037"
1968,0,"-4887.14","764.404","202.418","-889.621","753.956","164.699","0.890974","-1.77579","190.428","-0.435557","-2.14765","113.042"
1969,0,"-4889.89","763.814","202.45","-889.63","753.948","164.711","1.20657","-1.44496","190.717","-0.431542","-2.1189","113.045"
1970,0,"-4892.55","763.127","202.544","-889.608","753.935","164.709","0.705195","-1.36639","190.587","-0.443297","-2.14027","113.043"
1971,0,"-4896.2","762.988","201.911","-889.599","753.943","164.678","1.12752","-2.00666","190.567","-0.437022","-2.15784","113.041"
1972,0,"-4898.16","762.284","202.44","-889.615","753.927","164.671","0.67391","-1.79303","190.317","-0.44026","-2.14323","113.045"
1973,0,"-4901.68","762.044","202.154","-889.629","753.929","164.698","0.893285","-1.96104","190.81","-0.444699","-2.13148","113.043"
1974,0,"-4903.99","761.183","202.438","-889.603","753.937","164.687","0.659458","-1.59488","190.715","-0.429667","-2.16096","113.039"
1975,0,"-4908.09","760.679","201.938","-889.621","753.95","164.694","1.43081","-1.3584","191.186","-0.440569","-2.14809","113.04"
1976,0,"-4909.94","760.113","202.109","-889.625","753.937","164.681","0.886716","-1.76321","190.93","-0.438567","-2.15198","113.038"
1977,0,"-4913.33","759.808","202.064","-889.614","753.962","164.684","1.15134","-1.95351","191.244","-0.438961","-2.16186","113.036"
1978,0,"-4915.05","758.598","202.295","-889.606","753.96","164.688","1.03019","-2.32726","191.163","-0.440511","-2.16092","113.043"
1979,0,"-4919.68","758.543","201.444","-889.627","753.944","164.676","0.908002","-1.83108","191.662","-0.446366","-2.15613","113.046"
1980,0,"-4921.41","757.531","202.5","-889.605","753.955","164.684","1.4111","-1.71137","191.348","-0.436682","-2.14446","113.044"
1981,0,"-4925.62","757.564","201.669","-889.609","753.948","164.671","0.784316","-1.73233","191.589","-0.442101","-2.14427","113.047"
1982,0,"-4926.99","756.211","202.298","-889.612","753.947","164.692","0.961294","-2.01173","191.273","-0.43345","-2.14361","113.044"
1983,0,"-4929.69","755.565","202.443","-889.598","753.953","164.684","1.19396","-2.29662","191.617","-0.43015","-2.16628","113.036"
1984,0,"-4932.51","755.055","202.497","-889.617","753.935","164.678","0.672485","-1.92274","191.426","-0.442448","-2.14702","113.041"
1985,0,"-4935.11","754.382","202.31","-889.625","753.935","164.69","0.840746","-2.5992","191.568","-0.441665","-2.12814","113.045"
1986,0,"-4938.1","753.459","202.252","-889.597","753.939","164.699","0.767877","-2.1266","191.674","-0.442867","-2.16391","113.036"
1987,0,"-4941.58","752.882","202.311","-889.601","753.936","164.686","1.17565","-1.66424","191.931","-0.437366","-2.1525","113.041"
1988,0,"-4944.16","752.248","202.436","-889.622","753.933","164.663","0.892868","-2.12523","191.864","-0.450021","-2.16283","113.043"
1989,0,"-4947.56","751.799","201.955","-889.608","753.957","164.687","0.597734","-1.77487","191.809","-0.431311","-2.13663","113.039"
1990,0,"-4949.52","750.554","202.582","-889.607","753.951","164.682","0.886312","-1.63353","192.101","-0.441262","-2.1466","113.04"
1991,0,"-4954.73","750.616","201.734","-889.603","753.964","164.684","1.38705","-1.06925","192.374","-0.429112","-2.1486","113.037"
1992,0,"-4955.02","749.4","201.962","-889.615","753.958","164.687","2.35121","-3.93534","192.051","-0.434292","-2.14662","113.043"
1993,0,"-4958.7","748.634","201.86","-889.618","753.953","164.667","2.75907","-3.2406","192.542","-0.440473","-2.16642","113.041"
1994,0,"-4960.27","745.737","203.305","-889.625","753.95","164.673","0.615697","-2.25363","190.872","-0.446579","-2.16481","113.041"
1995,0,"-4962.96","745.306","203.576","-889.616","753.954","164.695","0.0513029","-2.45336","191.175","-0.429278","-2.13673","113.04"
1996,0,"-4966.85","745.103","203.276","-889.608","753.938","164.675","-0.489651","-2.72406","191.49","-0.430637","-2.14717","113.042"
1997,0,"-4968.86","744.077","203.604","-889.61","753.945","164.663","0.230894","-2.63459","191.5","-0.441991","-2.17071","113.037"
1998,0,"-4972.41","743.25","202.969","-889.607","753.943","164.688","-0.286654","-2.3782","191.296","-0.450089","-2.16961","113.041"
1999,0,"-4974.33","742.729","203.412","-889.61","753.944","164.68","0.211957","-2.92408","191.514","-0.436307","-2.13915","113.04"
2000,0,"-4977.44","742.34","203.371","-889.625","753.944","164.674","0.193826","-2.94867","191.754","-0.436749","-2.15021","113.042"
2001,0,"-4980.32","741.827","203.537","-889.634","753.947","164.709","0.437755","-2.58867","191.964","-0.435964","-2.11696","113.046"
2002,0,"-4983.5","740.941","203.343","-889.621","753.929","164.704","0.80431","-2.93146","192.135","-0.447527","-2.13546","113.049"
2003,0,"-4986.3","740.529","203.204","-889.613","753.95","164.68","0.542867","-2.87338","192.059","-0.442357","-2.16436","113.037"
2004,0,"-4988.52","739.693","204.089","-889.617","753.961","164.682","1.49548","-3.77136","192.672","-0.433148","-2.14999","113.035"
2005,0,"-4993.9","740.153","201.987","-889.61","753.949","164.686","0.307709","-2.60069","192.707","-0.434149","-2.14041","113.042"
2006,0,"-4997.01","739.21","202.033","-889.609","753.951","164.671","1.09908","-1.91193","193.155","-0.447153","-2.15875","113.041"
2007,0,"-4999.79","738.716","202.158","-889.6","753.939","164.699","0.807956","-1.89721","193.268","-0.433815","-2.12987","113.038"
2008,0,"-5003.21","738.552","201.489","-889.612","753.935","164.672","0.840617","-2.41599","193.427","-0.448757","-2.16062","113.045"
2009,0,"-5005.33","737.642","201.525","-889.631","753.937","164.676","0.660565","-2.23538","193.36","-0.448065","-2.15339","113.043"
2010,0,"-5008.61","737.078","201.465","-889.622","753.942","164.677","0.780208","-1.92539","193.479","-0.442917","-2.16296","113.038"
2011,0,"-5011.49","736.51","201.708","-889.621","753.942","164.707","0.741636","-1.48254","193.927","-0.429804","-2.13387","113.044"
2012,0,"-5015.65","736.162","200.803","-889.615","753.928","164.679","0.687732","-1.59577","194.155","-0.451144","-2.16187","113.043"
2013,0,"-5018.27","734.921","201.322","-889.609","753.922","164.693","0.578944","-0.76844","194.006","-0.441301","-2.14311","113.042"
2014,0,"-5020.89","733.979","201.418","-889.602","753.942","164.678","0.53912","-0.935458","194.262","-0.448821","-2.1754","113.039"
2015,0,"-5023.89","733.746","200.889","-889.629","753.93","164.682","0.383965","-1.41541","194.496","-0.443251","-2.132","113.045"
2016,0,"-5026.05","732.548","201.231","-889.612","753.937","164.666","0.272835","-1.18238","194.347","-0.448108","-2.14987","113.047"
2017,0,"-5030.67","732.125","200.671","-889.619","753.941","164.671","0.344969","-0.767767","194.524","-0.433698","-2.14463","113.034"
2018,0,"-5032.18","731.227","201.187","-889.623","753.94","164.673","0.17632","-1.11433","194.655","-0.439845","-2.15559","113.039"
2019,0,"-5034.85","730.333","201.03","-889.619","753.96","164.695","-0.0628106","-0.932813","194.529","-0.436923","-2.1453","113.038"
2020,0,"-5037.52","729.31","201.431","-889.608","753.951","164.685","0.349311","-0.808703","194.863","-0.438349","-2.14702","113.045"
2021,0,"-5043.28","729.28","199.973","-889.614","753.953","164.674","0.77874","-1.07952","195.62","-0.441152","-2.1519","113.039"
2022,0,"-5046.74","728.659","199.748","-889.599","753.938","164.696","0.916866","-0.908776","195.648","-0.435797","-2.15176","113.041"
2023,0,"-5049.15","727.646","199.928","-889.601","753.938","164.703","0.788568","-0.917603","195.733","-0.437257","-2.13228","113.038"
2024,0,"-5051.47","726.622","200.104","-889.606","753.939","164.653","0.795324","-0.739541","195.861","-0.443815","-2.15974","113.046"
2025,0,"-5054.3","726.05","199.986","-889.595","753.929","164.682","0.740516","-1.10356","195.971","-0.449387","-2.15954","113.047"
2026,0,"-5058.1","725.394","199.711","-889.601","753.939","164.687","0.828477","-0.913514","196.036","-0.441716","-2.1423","113.037"
2027,0,"-5061.77","724.61","199.536","-889.62","753.944","164.687","0.844436","-0.741128","196.092","-0.440498","-2.14825","113.043"
2028,0,"-5062.28","723.259","200.13","-889.623","753.952","164.685","0.633232","-0.771464","196.277","-0.44385","-2.14181","113.046"
2029,0,"-5067.65","722.737","199.824","-889.623","753.959","164.671","1.18985","-0.16383","196.366","-0.436104","-2.1499","113.039"
2030,0,"-5069.35","721.873","199.83","-889.62","753.953","164.672","0.703446","-1.08816","196.343","-0.438686","-2.14968","113.042"
2031,0,"-5070.82","720.823","200.267","-889.604","753.948","164.692","0.633069","-1.17539","196.504","-0.441681","-2.15625","113.042"
2032,0,"-5075.4","720.231","199.628","-889.603","753.944","164.678","0.862807","-0.788097","196.497","-0.436673","-2.13279","113.041"
2033,0,"-5078.46","719.417","199.588","-889.606","753.951","164.673","0.822933","-0.735658","196.58","-0.440129","-2.13859","113.045"
2034,0,"-5081.4","718.444","199.585","-889.587","753.948","164.679","0.918683","-0.772218","196.644","-0.441513","-2.16124","113.035"
2035,0,"-5082.55","717.553","199.94","-889.593","753.932","164.678","0.671598","-1.0355","196.877","-0.43647","-2.15021","113.033"
2036,0,"-5086.79","716.618","199.72","-889.611","753.933","164.656","0.855927","-0.614501","196.859","-0.44191","-2.15229","113.042"
2037,0,"-5089.7","715.734","199.645","-889.613","753.94","164.693","0.814065","-0.599597","197.012","-0.429353","-2.13941","113.043"
2038,0,"-5089.19","714.161","200.749","-889.6","753.936","164.673","0.592727","-1.0882","197.116","-0.442438","-2.15202","113.039"
2039,0,"-5095.69","713.927","199.905","-889.603","753.939","164.681","1.24564","0.410182","197.281","-0.433652","-2.13923","113.038"
2040,0,"-5097.9","713.106","199.658","-889.604","753.95","164.683","0.825937","-0.68157","197.216","-0.444004","-2.14627","113.038"
2041,0,"-5101.06","712.364","199.475","-889.602","753.933","164.679","0.917359","-0.754993","197.313","-0.443342","-2.15722","113.037"
2042,0,"-5102.62","711.376","199.923","-889.592","753.946","164.668","0.674069","-0.978376","197.466","-0.446341","-2.15151","113.043"
2043,0,"-5104.63","710.039","200.42","-889.607","753.955","164.691","0.801046","-0.755607","197.341","-0.439827","-2.16925","113.04"
2044,0,"-5108.82","709.502","199.863","-889.613","753.962","164.705","0.903385","-0.64084","197.491","-0.43288","-2.13096","113.041"
2045,0,"-5109.68","708.337","200.374","-889.625","753.95","164.676","0.606063","-1.26909","197.648","-0.442333","-2.15749","113.039"
2046,0,"-5113.98","707.284","200.534","-889.623","753.947","164.688","1.06589","0.400951","197.785","-0.444638","-2.14404","113.046"
2047,0,"-5116.68","706.545","200.115","-889.628","753.946","164.697","0.608597","-0.4153","197.667","-0.434378","-2.1486","113.037"
2048,0,"-5118.33","705.331","200.379","-889.632","753.94","164.66","0.51962","-0.587581","197.609","-0.443687","-2.15552","113.039"
2049,0,"-5120.16","704.276","200.8","-889.619","753.936","164.689","0.255688","-0.690375","197.722","-0.437134","-2.14551","113.044"
2050,0,"-5123.31","703.302","200.835","-889.603","753.937","164.667","0.616253","-0.777654","197.767","-0.440985","-2.15608","113.041"
2051,0,"-5125.79","702.355","200.846","-889.62","753.941","164.682","0.4688","-0.923745","197.95","-0.450932","-2.16092","113.04"
2052,0,"-5127.2","701.235","201.178","-889.616","753.932","164.656","0.148479","-0.905536","197.815","-0.450809","-2.15573","113.05"
2053,0,"-5132.37","700.563","200.94","-889.606","753.946","164.676","0.830922","0.54983","197.964","-0.443597","-2.17274","113.039"
2054,0,"-5134.97","699.7","200.68","-889.621","753.945","164.69","0.524821","-0.45454","197.983","-0.444939","-2.14414","113.044"
2055,0,"-5137.13","698.507","200.905","-889.618","753.952","164.684","0.80607","-0.228751","198.293","-0.441275","-2.17332","113.034"
2056,0,"-5139.54","697.713","200.528","-889.613","753.96","164.684","-0.149559","-0.357329","197.967","-0.444799","-2.1643","113.037"
2057,0,"-5141.55","696.227","201.443","-889.623","753.943","164.668","0.154188","0.397441","197.996","-0.451282","-2.16426","113.044"
2058,0,"-5143.78","695.282","201.198","-889.615","753.959","164.691","0.118389","-0.766309","198.349","-0.442109","-2.14046","113.038"
2059,0,"-5147.16","694.538","201.031","-889.614","753.956","164.679","0.215191","-0.63205","198.45","-0.435214","-2.1404","113.041"
2060,0,"-5149.28","693.444","201.451","-889.624","753.946","164.671","0.145198","-0.512882","198.237","-0.441959","-2.13531","113.045"
2061,0,"-5152.8","692.606","200.704","-889.603","753.936","164.668","-0.314185","0.307439","198.595","-0.445903","-2.16419","113.039"
2062,0,"-5156.36","691.889","200.527","-889.609","753.953","164.697","0.145566","-0.551797","198.511","-0.422735","-2.12349","113.042"
2063,0,"-5156.09","690.078","202.205","-889.586","753.904","164.697","0.117543","0.104939","198.15","-0.404168","-2.17351","113.019"
2064,0,"-5161.79","689.702","201.033","-889.615","753.932","164.689","0.469113","0.677546","198.814","-0.439431","-2.14341","113.046"
2065,0,"-5164.52","688.987","200.457","-889.602","753.943","164.685","0.306137","-0.590751","199.003","-0.43789","-2.16825","113.035"
2066,0,"-5167.18","687.928","200.781","-889.618","753.943","164.684","0.261082","-0.310326","199.129","-0.439937","-2.13853","113.045"
2067,0,"-5170.52","687.029","200.157","-889.612","753.936","164.683","0.0773104","-0.566786","198.981","-0.449066","-2.16134","113.042"
2068,0,"-5171.87","685.534","200.733","-889.607","753.947","164.678","0.0196116","-0.210978","199.099","-0.441026","-2.15331","113.039"
2069,0,"-5175.57","684.674","200.837","-889.623","753.95","164.647","0.403718","0.550837","199.144","-0.447521","-2.15825","113.046"
2070,0,"-5175.9","683.278","201.567","-889.63","753.951","164.689","-0.198869","-0.37183","198.815","-0.430139","-2.14496","113.042"
2071,0,"-5181.91","683.042","199.905","-889.62","753.945","164.686","0.221296","-0.429794","199.623","-0.435389","-2.14031","113.05"
2072,0,"-5183.2","681.794","200.321","-889.627","753.947","164.681","-0.0253566","-0.142563","199.481","-0.442131","-2.15216","113.046"
2073,0,"-5185.44","680.591","200.664","-889.62","753.931","164.685","-0.0288289","-0.257582","199.365","-0.441294","-2.14091","113.051"
2074,0,"-5188.94","679.294","201.45","-889.611","753.932","164.712","0.901276","0.706752","199.647","-0.438516","-2.14447","113.048"
2075,0,"-5192.02","678.725","199.955","-889.615","753.944","164.69","0.0184197","-0.233589","199.673","-0.424496","-2.13749","113.043"
2076,0,"-5193.88","677.377","200.33","-889.61","753.93","164.677","-0.172415","-0.253516","199.691","-0.433304","-2.15678","113.038"
2077,0,"-5195.43","675.974","201.109","-889.593","753.916","164.687","-0.124123","-0.561211","199.503","-0.433776","-2.13445","113.039"
2078,0,"-5200.79","675.646","200.019","-889.614","753.916","164.695","0.590961","-0.836185","200.251","-0.429983","-2.11596","113.043"
2079,0,"-5202.47","674.251","200.318","-889.618","753.936","164.697","0.0850865","0.177406","200.196","-0.44834","-2.15124","113.041"
2080,0,"-5205.39","673.088","200.706","-889.619","753.927","164.696","0.484786","-0.143754","200.041","-0.432206","-2.14197","113.044"
2081,0,"-5208.78","672.09","200.416","-889.621","753.941","164.679","0.415418","-0.219899","200.25","-0.439052","-2.14556","113.043"
2082,0,"-5210.79","671.203","199.962","-889.636","753.939","164.689","-0.154009","-0.154541","200.442","-0.445315","-2.15186","113.042"
2083,0,"-5213.1","669.931","199.849","-889.603","753.946","164.707","-0.641239","0.406147","200.469","-0.432657","-2.13585","113.042"
2084,0,"-5214.15","668.57","200.899","-889.616","753.952","164.677","-0.0187364","-1.02787","200.166","-0.443256","-2.14601","113.046"
2085,0,"-5218.71","667.936","200.28","-889.609","753.948","164.678","0.48636","-1.0808","200.892","-0.437817","-2.14726","113.037"
2086,0,"-5221.54","666.889","199.895","-889.598","753.95","164.687","-0.180338","-0.269097","200.902","-0.435012","-2.16058","113.035"
2087,0,"-5223.24","665.558","199.993","-889.594","753.943","164.698","-0.640112","0.728321","200.866","-0.430511","-2.13831","113.04"
2088,0,"-5226.36","664.357","200.054","-889.622","753.934","164.665","-0.153503","-0.27798","201.049","-0.453095","-2.17174","113.043"
2089,0,"-5229.61","663.44","200.073","-889.614","753.94","164.674","0.565506","-1.24018","201.168","-0.446008","-2.16415","113.043"
2090,0,"-5231.28","661.885","200.66","-889.622","753.933","164.672","0.0504807","0.440684","201.478","-0.450488","-2.17268","113.041"
2091,0,"-5232.96","660.889","200.35","-889.618","753.937","164.687","-0.920914","0.604059","200.891","-0.441495","-2.16375","113.041"
2092,0,"-5238.39","660.063","199.633","-889.616","753.92","164.681","-0.186601","0.215142","201.435","-0.44418","-2.15336","113.046"
2093,0,"-5240.17","658.809","200.053","-889.608","753.927","164.661","-0.135827","-0.435175","201.656","-0.442208","-2.14507","113.046"
2094,0,"-5242.54","657.619","199.87","-889.615","753.937","164.67","-0.792897","0.308421","201.555","-0.445832","-2.16212","113.044"
2095,0,"-5246.12","656.721","199.664","-889.609","753.951","164.682","-0.659589","0.536616","201.785","-0.442217","-2.14799","113.042"
2096,0,"-5247.79","655.234","200.08","-889.625","753.947","164.693","-0.492513","0.0409107","201.986","-0.435461","-2.12092","113.046"
2097,0,"-5251.73","654.374","199.613","-889.611","753.957","164.653","-0.431456","0.424138","201.87","-0.436057","-2.1684","113.031"
2098,0,"-5251.8","652.814","200.397","-889.617","753.962","164.694","-1.05535","0.644624","201.599","-0.439999","-2.14094","113.047"
2099,0,"-5256.78","651.933","199.928","-889.634","753.945","164.701","-0.354019","0.349743","202.091","-0.446677","-2.13769","113.05"
2100,0,"-5259.12","650.899","199.907","-889.639","753.956","164.702","-0.361339","-0.0582264","202.401","-0.441183","-2.14412","113.038"
2101,0,"-5262.02","649.494","199.75","-889.614","753.934","164.685","-0.681525","1.08175","202.408","-0.440586","-2.13741","113.042"
2102,0,"-5264.07","648.283","200.183","-889.638","753.937","164.673","-0.170874","-0.492621","202.421","-0.442486","-2.13932","113.048"
2103,0,"-5267.8","647.294","199.913","-889.613","753.919","164.671","-0.225172","-0.0369729","202.415","-0.447938","-2.14796","113.051"
2104,0,"-5272.35","646.472","199.541","-889.605","753.928","164.686","0.566276","-1.00691","202.712","-0.433696","-2.14996","113.038"
2105,0,"-5271.57","644.978","199.681","-889.615","753.942","164.674","-1.36038","1.3969","202.736","-0.44482","-2.15646","113.043"
2106,0,"-5276.54","643.893","199.482","-889.619","753.946","164.681","-0.751683","0.69489","202.574","-0.441051","-2.15885","113.041"
2107,0,"-5278.18","642.738","199.648","-889.624","753.949","164.698","-0.622316","0.544911","202.997","-0.432607","-2.1429","113.039"
2108,0,"-5280.46","641.556","199.808","-889.624","753.958","164.692","-0.613297","0.344057","203.121","-0.442805","-2.14616","113.043"
2109,0,"-5283.1","640.271","199.806","-889.632","753.954","164.664","-1.11063","0.946641","202.761","-0.446731","-2.16139","113.045"
2110,0,"-5285.3","638.969","200.027","-889.609","753.94","164.693","-1.27984","0.809746","202.694","-0.447561","-2.15871","113.043"
2111,0,"-5290.75","638.229","198.886","-889.621","753.957","164.681","-0.817371","0.905918","203.126","-0.438796","-2.16342","113.039"
2112,0,"-5290.78","636.677","199.907","-889.615","753.935","164.673","-0.801332","0.547269","203.248","-0.447459","-2.15356","113.038"
2113,0,"-5293.74","635.502","199.31","-889.602","753.937","164.685","-1.31993","1.18016","203.551","-0.435106","-2.13897","113.039"
2114,0,"-5295.83","633.83","200.556","-889.618","753.937","164.673","-0.644441","0.898126","203.234","-0.444131","-2.16468","113.038"
2115,0,"-5300.83","633.236","199.27","-889.616","753.943","164.686","-0.656555","0.742075","203.755","-0.448924","-2.15007","113.049"
2116,0,"-5303.21","631.968","199.241","-889.608","753.942","164.698","-0.938865","1.14163","203.735","-0.437307","-2.14611","113.04"
2117,0,"-5303.49","630.433","200.121","-889.62","753.936","164.681","-1.41127","1.25812","203.572","-0.435099","-2.1382","113.046"
2118,0,"-5309.23","629.558","199.437","-889.612","753.951","164.669","-0.0362801","-0.0797463","204.04","-0.449934","-2.17286","113.045"
2119,0,"-5309.61","628.067","199.208","-889.603","753.943","164.695","-2.19288","2.2523","203.607","-0.429783","-2.15144","113.04"
2120,0,"-5312.08","626.868","199.703","-889.607","753.949","164.685","-1.12407","1.13251","204.253","-0.437405","-2.14422","113.039"
2121,0,"-5315.75","625.544","199.496","-889.628","753.95","164.653","-1.0717","1.61716","204.264","-0.440942","-2.15952","113.038"
2122,0,"-5317.7","624.081","200.142","-889.607","753.962","164.68","-0.882282","0.491104","204.055","-0.444428","-2.16544","113.039"
2123,0,"-5319.5","622.854","199.854","-889.611","753.958","164.686","-1.69037","1.70712","203.943","-0.440598","-2.15256","113.042"
2124,0,"-5322.05","621.651","199.922","-889.629","753.949","164.668","-1.47949","1.2723","204.302","-0.453455","-2.16399","113.048"
2125,0,"-5325.39","620.739","199.376","-889.623","753.953","164.685","-1.39725","1.49231","204.738","-0.430707","-2.14686","113.039"
2126,0,"-5329.6","619.48","199.166","-889.612","753.955","164.69","-1.14759","1.19399","204.789","-0.434782","-2.15692","113.041"
2127,0,"-5331.22","617.961","199.915","-889.625","753.948","164.691","-0.959487","0.767189","204.716","-0.446843","-2.1556","113.044"
2128,0,"-5331.51","616.431","200.601","-889.604","753.938","164.69","-1.14545","0.628429","204.638","-0.435463","-2.14836","113.039"
2129,0,"-930.076","769.915","167.261","nan","nan","nan","27.0164","1.49922","68.7997","nan","nan","nan"
2130,0,"-929.971","769.915","167.339","nan","nan","nan","27.083","1.54533","68.7824","nan","nan","nan"
2131,0,"-929.878","769.91","167.408","nan","nan","nan","27.243","1.60226","68.7374","nan","nan","nan"
2132,0,"-929.685","769.91","167.517","nan","nan","nan","27.4321","1.74296","68.6883","nan","nan","nan"
2133,0,"-929.549","769.895","167.524","nan","nan","nan","27.6432","1.92744","68.6419","nan","nan","nan"
2134,0,"-929.395","769.849","167.513","nan","nan","nan","27.7551","2.13129","68.653","nan","nan","nan"
2135,0,"-929.234","769.791","167.454","nan","nan","nan","27.789","2.41848","68.6938","nan","nan","nan"
2136,0,"-929.099","769.71","167.271","nan","nan","nan","27.7096","2.67387","68.7908","nan","nan","nan"
2137,0,"-928.935","769.637","167.109","nan","nan","nan","27.5923","2.94011","68.8855","nan","nan","nan"
2138,0,"-928.712","769.608","166.995","nan","nan","nan","27.4159","3.15255","69.0036","nan","nan","nan"
2139,0,"-928.551","769.556","166.78","nan","nan","nan","27.3512","3.39553","69.0465","nan","nan","nan"
2140,0,"-928.406","769.573","166.669","nan","nan","nan","27.276","3.57652","69.0803","nan","nan","nan"
2141,0,"-928.252","769.554","166.491","nan","nan","nan","27.2301","3.64768","69.1334","nan","nan","nan"
2142,0,"-928.142","769.562","166.401","nan","nan","nan","27.1856","3.7022","69.1583","nan","nan","nan"
2143,0,"-928.063","769.589","166.366","nan","nan","nan","27.1758","3.76924","69.1644","nan","nan","nan"
2144,0,"-927.982","769.611","166.315","nan","nan","nan","27.1647","3.81952","69.1706","nan","nan","nan"
2145,0,"-927.945","769.606","166.247","nan","nan","nan","27.1471","3.8376","69.1871","nan","nan","nan"
2146,0,"-927.884","769.672","166.351","nan","nan","nan","27.0601","3.75004","69.228","nan","nan","nan"
2147,0,"-927.892","769.645","166.241","nan","nan","nan","27.1368","3.86772","69.1921","nan","nan","nan"
2148,0,"-927.861","769.643","166.177","nan","nan","nan","27.1185","3.87675","69.2017","nan","nan","nan"
2149,0,"-927.832","769.709","166.273","nan","nan","nan","27.068","3.79364","69.2385","nan","nan","nan"
2150,0,"-927.866","769.62","166.212","nan","nan","nan","27.115","3.90017","69.1916","nan","nan","nan"
2151,0,"-927.893","769.617","166.182","nan","nan","nan","27.1234","3.87203","69.1933","nan","nan","nan"
2152,0,"-927.847","769.696","166.282","nan","nan","nan","27.0745","3.79869","69.2327","nan","nan","nan"
2153,0,"-927.843","769.693","166.279","nan","nan","nan","27.0647","3.80846","69.2368","nan","nan","nan"
2154,0,"-927.86","769.632","166.193","nan","nan","nan","27.125","3.89451","69.2","nan","nan","nan"
2155,0,"-927.858","769.639","166.196","nan","nan","nan","27.121","3.87309","69.2044","nan","nan","nan"
2156,0,"-927.83","769.645","166.188","nan","nan","nan","27.12","3.8775","69.2179","nan","nan","nan"
2157,0,"-927.868","769.611","166.195","nan","nan","nan","27.1106","3.88303","69.1884","nan","nan","nan"
2158,0,"-927.864","769.599","166.189","nan","nan","nan","27.1219","3.86772","69.1955","nan","nan","nan"
2159,0,"-927.873","769.608","166.197","nan","nan","nan","27.1243","3.89011","69.188","nan","nan","nan"
2160,0,"-927.868","769.668","166.206","nan","nan","nan","27.114","3.88084","69.204","nan","nan","nan"
2161,0,"-927.878","769.604","166.191","nan","nan","nan","27.1157","3.89482","69.1912","nan","nan","nan"
2162,0,"-927.873","769.613","166.188","nan","nan","nan","27.1251","3.88464","69.1959","nan","nan","nan"
2163,0,"-927.855","769.668","166.257","nan","nan","nan","27.0557","3.79576","69.2281","nan","nan","nan"
2164,0,"-927.851","769.629","166.191","nan","nan","nan","27.1243","3.87964","69.1978","nan","nan","nan"
2165,0,"-927.862","769.594","166.172","nan","nan","nan","27.1217","3.88232","69.1945","nan","nan","nan"
2166,0,"-927.844","769.645","166.194","nan","nan","nan","27.12","3.87856","69.2093","nan","nan","nan"
2167,0,"-927.861","769.646","166.199","nan","nan","nan","27.1317","3.88121","69.1917","nan","nan","nan"
2168,0,"-927.83","769.632","166.186","nan","nan","nan","27.1395","3.88834","69.2055","nan","nan","nan"
2169,0,"-927.864","769.633","166.176","nan","nan","nan","27.1232","3.87153","69.2038","nan","nan","nan"
2170,0,"-927.865","769.633","166.2","nan","nan","nan","27.1288","3.87575","69.2031","nan","nan","nan"
2171,0,"-927.856","769.66","166.197","nan","nan","nan","27.1261","3.88927","69.1984","nan","nan","nan"
2172,0,"-927.86","769.655","166.192","nan","nan","nan","27.1292","3.89062","69.2037","nan","nan","nan"
2173,0,"-927.842","769.661","166.247","nan","nan","nan","27.0696","3.79961","69.2268","nan","nan","nan"
2174,0,"-927.847","769.601","166.181","nan","nan","nan","27.1125","3.87708","69.1987","nan","nan","nan"
2175,0,"-927.841","769.698","166.268","nan","nan","nan","27.0635","3.78993","69.2336","nan","nan","nan"
2176,0,"-927.856","769.634","166.199","nan","nan","nan","27.1231","3.86895","69.1943","nan","nan","nan"
2177,0,"-5438.96","565.819","200.387","-889.614","753.946","164.676","-3.227","-5.30524","205.252","-0.433199","-2.13045","113.046"
2178,0,"-5439.17","565.748","200.371","-889.62","753.937","164.667","-3.31585","-5.1542","205.244","-0.443962","-2.15861","113.047"
2179,0,"-5439.36","565.663","200.22","-889.616","753.953","164.707","-3.31959","-4.94467","205.229","-0.440451","-2.14247","113.037"
2180,0,"-5439.52","565.505","200.183","-889.617","753.934","164.724","-3.25634","-4.76645","205.153","-0.423595","-2.092","113.047"
2181,0,"-5439.19","565.031","199.102","-889.573","753.909","164.683","-4.42459","-1.93752","205.046","-0.424067","-2.17255","113.028"
2182,0,"-5439.08","565.044","199.293","-889.617","753.948","164.692","-4.27598","-1.64586","204.983","-0.433844","-2.13867","113.041"
2183,0,"-5438.85","565.048","199.726","-889.621","753.942","164.694","-4.03066","-0.815569","204.807","-0.429738","-2.11605","113.045"
2184,0,"-5438.73","564.94","200.198","-889.605","753.938","164.677","-3.66311","-0.149262","204.629","-0.439602","-2.14143","113.046"
2185,0,"-5439.1","564.716","200.677","-889.606","753.942","164.664","-3.45407","0.532729","204.505","-0.444702","-2.15836","113.041"
2186,0,"-5439.15","564.38","201.106","-889.608","753.952","164.711","-2.71823","0.475693","204.462","-0.437949","-2.13075","113.04"
2187,0,"-5440.12","563.727","201.862","-889.615","753.952","164.675","-2.81923","0.965647","204.385","-0.448812","-2.15303","113.039"
2188,0,"-5441.9","562.678","202.139","-889.616","753.955","164.689","-2.78646","1.26987","204.327","-0.445538","-2.15127","113.042"
2189,0,"-5443.4","562.006","202.619","-889.611","753.959","164.674","-2.37306","1.09275","204.34","-0.430996","-2.14251","113.036"
2190,0,"-5445.74","560.779","202.804","-889.606","753.951","164.661","-2.05264","1.35059","204.312","-0.446633","-2.1643","113.042"
2191,0,"-5448.14","559.492","202.58","-889.602","753.947","164.669","-1.94915","2.05812","204.344","-0.440617","-2.14938","113.041"
2192,0,"-5451.32","558.282","202.738","-889.613","753.949","164.67","-1.8486","1.20815","204.25","-0.440562","-2.15214","113.038"
2193,0,"-5453.67","557.187","202.817","-889.61","753.961","164.673","-1.90669","1.39974","204.423","-0.447891","-2.14455","113.046"
2194,0,"-5456.79","555.694","202.905","-889.617","753.955","164.668","-2.05479","1.51865","204.441","-0.453918","-2.16969","113.041"
2195,0,"-5459.86","554.314","202.857","-889.618","753.965","164.681","-1.74465","1.71275","204.432","-0.426023","-2.14025","113.033"
2196,0,"-5462.83","553.072","202.936","-889.613","753.934","164.674","-1.51831","1.58399","204.52","-0.445357","-2.1425","113.052"
2197,0,"-5465.73","551.583","202.805","-889.605","753.954","164.675","-1.87697","1.43568","204.629","-0.442261","-2.15453","113.04"
2198,0,"-5468.58","550.266","202.728","-889.618","753.947","164.681","-1.94679","1.56475","204.634","-0.440442","-2.14493","113.041"
2199,0,"-5471.66","548.841","202.655","-889.602","753.947","164.673","-1.92732","1.3909","204.678","-0.443661","-2.15035","113.04"
2200,0,"-5474.33","548.217","201.776","-889.602","753.954","164.67","-1.89512","-1.46575","204.611","-0.452293","-2.17124","113.042"
2201,0,"-5477.17","546.944","201.779","-889.608","753.953","164.682","-2.15934","-1.28125","204.698","-0.430768","-2.13304","113.035"
2202,0,"-5479.47","545.591","201.775","-889.62","753.946","164.666","-2.43271","-0.922902","204.943","-0.452384","-2.15656","113.046"
2203,0,"-5482.62","544.252","201.64","-889.611","753.963","164.673","-2.12742","-0.872811","204.852","-0.438677","-2.16468","113.034"
2204,0,"-5485.09","543.047","201.657","-889.607","753.959","164.681","-2.42268","-1.14557","205.061","-0.444504","-2.16133","113.033"
2205,0,"-5487.9","541.698","201.571","-889.616","753.946","164.669","-2.23717","-0.75468","205.027","-0.443926","-2.1456","113.047"
2206,0,"-5490.37","540.365","201.689","-889.619","753.946","164.674","-2.34684","-0.932615","205.169","-0.437392","-2.14924","113.042"
2207,0,"-5492.94","539.193","201.719","-889.619","753.943","164.662","-2.28297","-0.80552","205.248","-0.441537","-2.14508","113.042"
2208,0,"-5496","537.865","201.592","-889.603","753.954","164.687","-2.05067","-0.659148","205.186","-0.442","-2.14091","113.037"
2209,0,"-5498.37","536.464","201.494","-889.604","753.938","164.662","-2.34849","-0.383587","205.418","-0.436411","-2.13207","113.042"
2210,0,"-5501.01","535.212","201.675","-889.6","753.946","164.675","-2.27469","-0.073326","205.445","-0.443208","-2.15181","113.038"
2211,0,"-5503.86","533.9","201.709","-889.613","753.932","164.689","-1.94238","0.05274","205.46","-0.448792","-2.14165","113.046"
2212,0,"-5506.56","532.466","201.784","-889.618","753.952","164.67","-1.98675","0.67559","205.559","-0.44287","-2.16018","113.045"
2213,0,"-5509.24","530.905","201.446","-889.615","753.955","164.664","-1.89062","1.64607","205.59","-0.442782","-2.14807","113.043"
2214,0,"-5511.99","529.731","201.903","-889.62","753.961","164.655","-2.0946","1.15588","205.723","-0.451043","-2.16409","113.043"
2215,0,"-5514.76","528.394","201.754","-889.618","753.949","164.68","-1.56505","0.859703","205.753","-0.444757","-2.14355","113.051"
2216,0,"-5517.32","527.025","201.937","-889.61","753.961","164.676","-2.02197","1.57015","205.898","-0.433791","-2.14274","113.037"
2217,0,"-5520.27","525.598","201.864","-889.611","753.947","164.648","-1.89152","1.64817","205.88","-0.433051","-2.13809","113.049"
2218,0,"-5522.81","524.198","201.851","-889.597","753.947","164.649","-1.93413","1.80461","206.032","-0.454588","-2.16891","113.046"
2219,0,"-5525.38","522.826","201.914","-889.602","753.947","164.689","-1.99888","1.90289","206.124","-0.431105","-2.11947","113.043"
2220,0,"-5528.13","521.516","201.883","-889.609","753.941","164.681","-2.01155","1.8515","206.145","-0.448577","-2.14805","113.05"
2221,0,"-5530.88","520.084","201.731","-889.616","753.946","164.673","-2.06205","1.82859","206.263","-0.437911","-2.15567","113.039"
2222,0,"-5533.78","518.588","201.729","-889.616","753.947","164.696","-2.03681","1.95051","206.274","-0.439686","-2.1369","113.048"
2223,0,"-5536.14","517.386","201.836","-889.619","753.939","164.689","-1.90819","1.77026","206.411","-0.442123","-2.13525","113.045"
2224,0,"-5538.75","516.016","201.584","-889.612","753.946","164.656","-1.68575","1.85817","206.458","-0.444962","-2.16434","113.046"
2225,0,"-5541.65","514.665","201.563","-889.604","753.947","164.661","-2.03374","1.82516","206.52","-0.43818","-2.15045","113.038"
2226,0,"-5544.07","513.433","201.608","-889.601","753.95","164.65","-2.14654","2.29479","206.619","-0.437542","-2.15095","113.043"
2227,0,"-5546.96","512.017","201.568","-889.602","753.947","164.662","-2.16555","2.35036","206.687","-0.450912","-2.16437","113.041"
2228,0,"-5549.51","510.667","201.596","-889.615","753.949","164.674","-2.07348","2.19258","206.778","-0.44781","-2.14546","113.05"
2229,0,"-5552.01","509.319","201.58","-889.608","753.952","164.676","-2.05888","2.07758","206.863","-0.437845","-2.13644","113.04"
2230,0,"-5555.01","507.735","201.344","-889.628","753.935","164.648","-1.83267","1.88792","206.924","-0.454037","-2.14382","113.054"
2231,0,"-5557.32","506.352","201.362","-889.613","753.953","164.69","-2.14655","2.30206","207.064","-0.430491","-2.14477","113.038"
2232,0,"-5560.03","505.07","201.42","-889.619","753.936","164.668","-2.24445","2.32828","207.131","-0.440004","-2.14515","113.044"
2233,0,"-5562.85","503.574","201.832","-889.617","753.94","164.661","-2.20924","1.14347","207.03","-0.443455","-2.14315","113.047"
2234,0,"-5565.51","502.264","201.567","-889.597","753.944","164.692","-1.77824","0.786136","207.086","-0.438404","-2.12597","113.039"
2235,0,"-5568.25","500.655","201.58","-889.594","753.944","164.662","-2.37111","1.54514","207.17","-0.437745","-2.15832","113.04"
2236,0,"-5570.8","499.226","201.543","-889.596","753.936","164.654","-2.47688","1.52083","207.31","-0.452807","-2.16359","113.043"
2237,0,"-5573.56","497.873","201.525","-889.605","753.934","164.67","-2.41416","1.43981","207.448","-0.447961","-2.16358","113.046"
2238,0,"-5576.32","496.463","201.454","-889.612","753.936","164.666","-2.45989","1.16868","207.448","-0.439203","-2.12827","113.045"
2239,0,"-5579.07","494.891","201.358","-889.631","753.939","164.689","-2.49275","1.41843","207.528","-0.434913","-2.11657","113.045"
2240,0,"-5581.58","493.383","202.033","-889.611","753.962","164.686","-4.17691","2.7659","207.717","-0.436335","-2.15492","113.038"
2241,0,"-5584.24","492.038","201.9","-889.624","753.945","164.691","-4.23532","3.04706","207.823","-0.434623","-2.11775","113.048"
2242,0,"-5589.08","489.848","201.795","-889.611","753.95","164.654","-7.54197","5.77666","207.909","-0.442204","-2.15021","113.039"
2243,0,"-5591.74","488.441","201.831","-889.602","753.958","164.667","-7.43077","6.18181","208.023","-0.435553","-2.15407","113.034"
2244,0,"-5594.39","487.121","201.629","-889.598","753.947","164.663","-7.42659","6.37153","208.108","-0.437705","-2.1546","113.036"
2245,0,"-5597.07","485.51","201.48","-889.604","753.957","164.658","-7.60531","6.45519","208.219","-0.436448","-2.15191","113.042"
2246,0,"-5599.83","484.058","201.275","-889.594","753.954","164.69","-7.57789","6.75576","208.236","-0.428127","-2.13086","113.038"
2247,0,"-5602.41","482.665","201.377","-889.599","753.938","164.687","-7.71275","6.80176","208.298","-0.45536","-2.15209","113.045"
2248,0,"-5604.97","481.21","201.345","-889.61","753.925","164.673","-7.54925","6.78982","208.386","-0.444082","-2.14702","113.044"
2249,0,"-5607.46","479.409","200.838","-889.615","753.918","164.675","-7.54357","7.96148","208.311","-0.447525","-2.1511","113.045"
2250,0,"-5610.05","478.109","201.111","-889.617","753.934","164.664","-7.17728","6.87217","208.415","-0.438601","-2.13054","113.049"
2251,0,"-5612.64","476.638","201.17","-889.609","753.936","164.664","-6.87574","5.97605","208.444","-0.454161","-2.16801","113.043"
2252,0,"-5615.09","475.134","200.994","-889.602","753.944","164.652","-6.58695","5.85171","208.44","-0.444305","-2.16372","113.036"
2253,0,"-5617.59","473.666","201.056","-889.61","753.951","164.674","-6.16252","5.49897","208.431","-0.448292","-2.14635","113.047"
2254,0,"-5619.97","471.935","201.09","-889.604","753.952","164.649","-5.98032","5.23339","208.517","-0.446604","-2.16502","113.037"
2255,0,"-5622.51","470.199","200.979","-889.616","753.956","164.673","-5.68155","5.47421","208.529","-0.443391","-2.16099","113.044"
2256,0,"-5624.9","468.787","201.359","-889.608","753.95","164.675","-5.16047","4.43989","208.63","-0.451175","-2.15081","113.044"
2257,0,"-5627.22","467.381","201.216","-889.613","753.935","164.656","-5.04821","3.89464","208.643","-0.445454","-2.16467","113.047"
2258,0,"-5629.59","466.146","201.252","-889.602","753.952","164.662","-4.73244","3.74088","208.642","-0.447158","-2.14865","113.045"
2259,0,"-5631.69","464.597","200.969","-889.605","753.928","164.677","-3.8979","4.05387","208.689","-0.448413","-2.14555","113.042"
2260,0,"-5634.4","462.953","201.431","-889.605","753.927","164.666","-3.79546","4.14562","208.706","-0.451353","-2.14748","113.044"
2261,0,"-5636.56","461.574","201.468","-889.592","753.938","164.659","-3.81412","2.96172","208.871","-0.438458","-2.1684","113.033"
2262,0,"-5639.13","460.05","201.509","-889.595","753.934","164.663","-3.46858","2.69154","208.88","-0.4403","-2.14244","113.044"
2263,0,"-5641.35","458.401","201.163","-889.614","753.93","164.664","-3.31342","3.19282","208.892","-0.453044","-2.16196","113.048"
2264,0,"-5643.83","457.092","201.319","-889.608","753.942","164.68","-3.34204","2.70006","208.894","-0.441305","-2.15941","113.036"
2265,0,"-5647.72","456.384","200.147","-889.615","753.947","164.666","-2.16046","2.62854","209.608","-0.444764","-2.15486","113.041"
2266,0,"-5650.29","454.638","199.809","-889.62","753.944","164.65","-2.29127","3.41179","209.678","-0.452587","-2.15499","113.044"
2267,0,"-5652.83","453.044","200.065","-889.612","753.952","164.668","-1.97289","3.06321","209.76","-0.438694","-2.16346","113.042"
2268,0,"-5655.28","451.998","199.938","-889.612","753.958","164.673","-2.13999","2.55305","209.785","-0.438001","-2.14908","113.037"
2269,0,"-5657.82","450.142","199.838","-889.608","753.953","164.652","-2.03672","3.27223","209.865","-0.44714","-2.15725","113.043"
2270,0,"-5660.86","448.714","199.62","-889.59","753.954","164.668","-2.29353","3.27228","209.927","-0.441191","-2.14369","113.042"
2271,0,"-5662.99","447.24","199.654","-889.596","753.94","164.642","-2.11384","2.79946","210.015","-0.446011","-2.16214","113.041"
2272,0,"-5665.87","445.576","199.807","-889.624","753.857","164.725","-2.18215","2.73915","210.16","-0.420514","-2.02764","113.076"
2273,0,"-5668.18","443.913","199.767","-889.613","753.952","164.673","-2.07923","3.12046","210.205","-0.438076","-2.14954","113.047"
2274,0,"-5670.69","442.612","199.101","-889.605","753.935","164.661","-2.07485","3.12768","210.2","-0.440295","-2.1429","113.045"
2275,0,"-5673.42","440.958","199.766","-889.609","753.933","164.651","-2.0497","2.61941","210.297","-0.448728","-2.15356","113.053"
2276,0,"-5676.11","439.409","199.625","-889.615","753.936","164.672","-2.01923","2.90113","210.395","-0.444019","-2.15457","113.047"
2277,0,"-5678.51","437.968","199.517","-889.608","753.934","164.654","-2.32644","3.38694","210.484","-0.452069","-2.14983","113.043"
2278,0,"-5681.06","436.442","199.621","-889.611","753.929","164.65","-2.02889","2.79295","210.616","-0.451463","-2.13843","113.051"
2279,0,"-5683.63","434.911","199.725","-889.585","753.944","164.691","-1.96888","2.71714","210.646","-0.444867","-2.13261","113.041"
2280,0,"-5686.09","433.383","199.263","-889.6","753.954","164.671","-1.25369","2.68153","210.663","-0.438754","-2.14226","113.039"
2281,0,"-5688.51","431.846","199.417","-889.615","753.938","164.655","-1.77533","2.39349","210.795","-0.453496","-2.16096","113.044"
2282,0,"-5691.27","430.246","199.639","-889.608","753.939","164.678","-1.85755","2.68217","210.824","-0.439922","-2.13945","113.043"
2283,0,"-5693.5","428.746","199.352","-889.607","753.948","164.697","-2.16903","3.3689","210.955","-0.431026","-2.13073","113.042"
2284,0,"-5695.78","426.231","197.575","-889.625","753.954","164.684","-1.52139","6.70751","210.806","-0.433898","-2.13217","113.037"
2285,0,"-5697.76","424.706","197.828","-889.611","753.955","164.67","-2.18676","6.95033","210.871","-0.442449","-2.15287","113.043"
2286,0,"-5700.03","423.002","198.548","-889.567","753.93","164.692","-1.53145","6.74573","210.85","-0.415572","-2.13843","113.023"
2287,0,"-5701.83","421.478","198.701","-889.607","753.942","164.652","-1.41276","6.75845","210.942","-0.453591","-2.13185","113.059"
2288,0,"-5704.44","419.865","198.695","-889.599","753.931","164.675","-1.49944","7.24067","210.925","-0.428883","-2.13779","113.045"
2289,0,"-5706.41","418.553","198.77","-889.602","753.948","164.679","-1.43425","7.16479","211.114","-0.434971","-2.13702","113.039"
2290,0,"-5709.21","417.097","198.717","-889.607","753.95","164.649","-1.71772","7.45426","211.222","-0.450202","-2.15506","113.045"
2291,0,"-5710.74","416.211","198.359","-889.61","753.95","164.653","-0.351046","6.43571","211.234","-0.451104","-2.16196","113.038"
2292,0,"-5713.37","414.755","198.844","-889.621","753.949","164.679","-0.999445","7.31443","211.245","-0.43998","-2.15262","113.038"
2293,0,"-5715.53","413.57","198.747","-889.619","753.95","164.663","-0.879201","7.21284","211.242","-0.44805","-2.15081","113.045"
2294,0,"-5717.08","412.039","199.017","-889.621","753.94","164.653","-0.941349","7.48563","211.454","-0.441797","-2.14693","113.044"
2295,0,"-5718.97","410.827","198.967","-889.602","753.947","164.665","-0.853444","7.8024","211.439","-0.43149","-2.14088","113.04"
2296,0,"-5719.99","409.396","198.95","-889.605","753.937","164.66","-1.48919","7.96957","211.675","-0.444486","-2.14281","113.053"
2297,0,"-5720.6","408.037","199.277","-889.848","753.612","164.842","-1.30063","7.29662","211.885","-0.0613627","-2.40786","113.31"
2298,0,"-5721.13","406.588","199.336","-889.841","753.617","164.843","-1.37613","6.49292","211.974","-0.0630943","-2.41188","113.314"
2299,0,"-5721.11","405.657","199.319","-889.849","753.606","164.841","-1.76165","5.79521","212.011","-0.0629493","-2.40218","113.315"
2300,0,"-5720.97","404.991","199.52","-889.844","753.599","164.858","-2.03097","5.38081","211.896","-0.0662458","-2.42159","113.311"
2301,0,"-5721.34","404.755","199.407","-889.833","753.618","164.847","-1.80753","4.99374","211.785","-0.0634641","-2.42237","113.301"
2302,0,"-5720.85","404.616","199.217","-889.867","753.603","164.813","-1.02858","4.60794","211.732","-0.0808871","-2.4247","113.314"
2303,0,"-5720.56","404.958","199.367","-889.834","753.614","164.843","-1.17469","5.21639","211.866","-0.0778267","-2.40718","113.297"
2304,0,"-5720.23","405.676","199.56","-889.83","753.634","164.838","-1.73009","6.15065","211.968","-0.0834301","-2.40473","113.291"
2305,0,"-5720.21","406.413","199.478","-889.82","753.638","164.817","-1.70863","6.57752","212.063","-0.106494","-2.38692","113.28"
2306,0,"-5720.38","406.771","199.476","-889.795","753.681","164.793","-1.29334","6.79959","212.098","-0.136232","-2.38516","113.261"
2307,0,"-5720.21","407.757","199.03","-889.776","753.717","164.807","-1.28572","7.40334","211.999","-0.157665","-2.3168","113.235"
2308,0,"-5720.11","408.372","199.088","-889.772","753.758","164.767","-1.07245","8.0539","211.915","-0.218696","-2.32917","113.201"
2309,0,"-5720.21","409.021","199.011","-889.733","753.783","164.735","-1.64291","9.00697","211.872","-0.26376","-2.29922","113.171"
2310,0,"-5720.14","409.082","199.127","-889.692","753.831","164.725","-1.43426","8.95197","211.793","-0.299083","-2.27794","113.136"
2311,0,"-5719.64","409.168","199.229","-889.681","753.834","164.691","-0.870166","8.29128","211.772","-0.343525","-2.22683","113.121"
2312,0,"-5719.67","408.876","198.943","-889.659","753.843","164.709","-1.5834","8.57827","211.842","-0.367732","-2.1966","113.099"
2313,0,"-5719.65","408.608","199.053","-889.636","753.875","164.677","-1.51913","8.27074","211.914","-0.391929","-2.19427","113.075"
2314,0,"-5719.67","408.508","198.963","-889.634","753.897","164.678","-1.23141","7.75777","211.863","-0.398336","-2.1624","113.076"
2315,0,"-5719.4","408.409","199.097","-889.615","753.908","164.665","-1.28076","7.42091","211.869","-0.420327","-2.16454","113.064"
2316,0,"-5719.35","408.375","199.035","-889.612","753.915","164.668","-1.27047","7.01242","211.794","-0.416288","-2.15617","113.056"
2317,0,"-5719.42","408.334","199.039","-889.607","753.94","164.677","-1.22041","6.99291","211.771","-0.438337","-2.14046","113.043"
2318,0,"-5719.39","408.173","199.036","-889.615","753.955","164.664","-1.36328","7.10017","211.766","-0.446909","-2.14935","113.044"
2319,0,"-5719.49","408.268","198.98","-889.607","753.959","164.672","-1.33356","6.72299","211.79","-0.439296","-2.14794","113.043"
2320,0,"-5719.45","408.141","198.963","-889.629","753.959","164.672","-1.23871","6.91743","211.797","-0.438841","-2.14938","113.043"
2321,0,"-5719.38","408.191","199.045","-889.605","753.963","164.651","-1.39803","7.03118","211.839","-0.450164","-2.17831","113.03"
2322,0,"-5719.46","408.337","199.05","-889.602","753.947","164.655","-1.53465","7.0132","211.781","-0.447892","-2.15594","113.043"
2323,0,"-5719.3","408.427","199.104","-889.617","753.932","164.665","-1.45338","7.05842","211.79","-0.449732","-2.14112","113.046"
2324,0,"-5719.44","408.402","199.033","-889.606","753.938","164.676","-1.36792","7.41402","211.803","-0.447614","-2.15203","113.041"
2325,0,"-5719.34","408.55","199.058","-889.61","753.938","164.694","-1.2033","7.32396","211.801","-0.440681","-2.12237","113.045"
2326,0,"-5719.4","408.562","199.069","-889.612","753.948","164.678","-1.49509","7.94028","211.859","-0.442502","-2.1436","113.043"
2327,0,"-5719.73","408.669","199.033","-889.619","753.924","164.674","-1.61167","8.26562","211.877","-0.43863","-2.13496","113.05"
2328,0,"-5719.1","408.953","199.13","-889.61","753.938","164.663","-1.03998","7.93976","211.82","-0.447183","-2.15894","113.047"
2329,0,"-5718.96","409.131","199.149","-889.598","753.933","164.676","-1.05008","8.08005","211.865","-0.443677","-2.15747","113.037"
2330,0,"-5718.83","409.229","199.181","-889.597","753.935","164.655","-1.01857","8.27945","211.894","-0.45702","-2.16205","113.048"
2331,0,"-5718.97","409.3","199.099","-889.59","753.948","164.683","-1.00157","8.15629","211.82","-0.435467","-2.14607","113.037"
2332,0,"-5718.94","409.271","199.036","-889.612","753.946","164.641","-0.98523","8.13899","211.821","-0.441978","-2.16133","113.042"
2333,0,"-5718.96","409.198","199.027","-889.606","753.929","164.678","-0.999147","8.06968","211.838","-0.440784","-2.13977","113.043"
2334,0,"-5718.95","409.149","199.027","-889.614","753.948","164.651","-1.04303","7.98279","211.831","-0.437159","-2.14245","113.045"
2335,0,"-5718.89","409.114","199.142","-889.627","753.934","164.665","-1.01187","7.89777","211.852","-0.446582","-2.14748","113.046"
2336,0,"-5718.94","409.12","199.113","-889.624","753.935","164.657","-1.07953","7.92878","211.829","-0.446676","-2.15827","113.046"
2337,0,"-5718.95","409.063","199.117","-889.608","753.933","164.679","-1.03562","7.85814","211.81","-0.44093","-2.15545","113.043"
2338,0,"-5718.92","409.134","199.088","-889.616","753.949","164.673","-1.05993","7.86521","211.814","-0.440501","-2.13043","113.045"
2339,0,"-5719.06","409.105","199.037","-889.602","753.93","164.664","-1.06153","7.85045","211.784","-0.445414","-2.15523","113.042"
2340,0,"-5718.98","409.088","199.096","-889.598","753.938","164.66","-1.04559","7.98204","211.831","-0.442714","-2.15233","113.048"
2341,0,"-5718.96","409.12","199.094","-889.605","753.941","164.661","-0.957223","7.89794","211.816","-0.437328","-2.14017","113.043"
2342,0,"-5718.94","409.149","199.059","-889.602","753.936","164.664","-1.08503","8.06408","211.842","-0.449969","-2.1389","113.044"
2343,0,"-5718.91","409.144","199.122","-889.605","753.951","164.686","-1.04699","8.10024","211.872","-0.439051","-2.14361","113.041"
2344,0,"-5718.91","409.25","199.074","-889.619","753.947","164.675","-1.0737","8.18648","211.854","-0.43511","-2.12208","113.045"
2345,0,"-5718.82","409.228","199.158","-889.619","753.946","164.672","-1.00385","8.12142","211.885","-0.450771","-2.1571","113.044"
2346,0,"-5718.85","409.25","199.106","-889.611","753.958","164.665","-1.04827","8.09894","211.875","-0.440109","-2.1488","113.039"
2347,0,"-5718.97","409.232","199.027","-889.622","753.944","164.662","-1.04554","8.15152","211.83","-0.439081","-2.14682","113.046"
2348,0,"-5718.87","409.217","199.06","-889.613","753.958","164.669","-1.06111","8.10923","211.868","-0.4457","-2.14106","113.046"
2349,0,"-5718.82","409.193","199.073","-889.598","753.943","164.675","-1.02983","8.11136","211.88","-0.441244","-2.15234","113.044"
2350,0,"-5718.84","409.21","199.091","-889.599","753.96","164.653","-1.00062","8.02179","211.862","-0.443302","-2.1481","113.04"
2351,0,"-5718.79","409.167","199.116","-889.611","753.929","164.67","-1.02437","8.10871","211.86","-0.442597","-2.1381","113.044"
2352,0,"-5718.81","409.189","199.113","-889.605","753.955","164.679","-1.00463","8.10541","211.87","-0.437395","-2.13823","113.042"
2353,0,"-5718.85","409.236","199.119","-889.616","753.929","164.681","-1.06199","8.14314","211.869","-0.444479","-2.14637","113.045"
2354,0,"-5718.79","409.212","199.164","-889.621","753.946","164.635","-0.98545","8.05824","211.881","-0.448004","-2.17227","113.043"
2355,0,"-5718.9","409.223","199.066","-889.614","753.943","164.675","-1.01625","8.13282","211.833","-0.441136","-2.14032","113.047"
2356,0,"-5718.89","409.264","199.068","-889.616","753.956","164.682","-1.06355","8.13438","211.858","-0.436827","-2.13116","113.047"
2357,0,"-5718.87","409.196","199.031","-889.618","753.944","164.662","-1.06447","8.13785","211.843","-0.451689","-2.14718","113.051"
2358,0,"-5718.91","409.207","199.015","-889.594","753.959","164.684","-1.03264","8.10222","211.827","-0.435864","-2.123","113.044"
2359,0,"-5718.93","409.209","198.994","-889.602","753.954","164.651","-1.09357","8.16585","211.861","-0.444801","-2.1531","113.043"
2360,0,"-5718.9","409.251","199.041","-889.613","753.968","164.681","-1.06824","8.12017","211.859","-0.43648","-2.12753","113.044"
2361,0,"-5718.81","409.252","199.101","-889.608","753.964","164.662","-1.05934","8.17001","211.888","-0.441206","-2.17212","113.037"
2362,0,"-5718.83","409.274","199.091","-889.618","753.954","164.663","-1.07504","8.1016","211.889","-0.434957","-2.15579","113.038"
2363,0,"-5718.91","409.23","199.041","-889.618","753.938","164.661","-1.03339","8.13091","211.846","-0.446347","-2.16953","113.035"
2364,0,"-5718.9","409.233","199.064","-889.596","753.956","164.665","-1.04199","8.09547","211.846","-0.44257","-2.1613","113.036"
2365,0,"-5718.91","409.232","199.016","-889.61","753.947","164.679","-1.07199","8.15666","211.843","-0.440436","-2.1488","113.041"
2366,0,"-5718.87","409.187","199.033","-889.61","753.934","164.65","-0.990959","8.07524","211.865","-0.448571","-2.15082","113.053"
2367,0,"-5718.94","409.203","199.001","-889.607","753.937","164.65","-0.975603","8.08247","211.827","-0.438243","-2.14918","113.046"
2368,0,"-5718.95","409.228","199.017","-889.599","753.938","164.647","-1.04933","8.10079","211.837","-0.452245","-2.16487","113.043"
2369,0,"-5718.85","409.218","199.078","-889.604","753.944","164.648","-1.04899","8.1208","211.878","-0.454148","-2.16808","113.046"
2370,0,"-5718.93","409.265","199.035","-889.602","753.96","164.684","-1.04469","8.08607","211.843","-0.442941","-2.13783","113.046"
2371,0,"-5718.91","409.241","199.072","-889.608","753.958","164.661","-0.998839","8.10367","211.843","-0.441468","-2.16931","113.043"
2372,0,"-5718.96","409.252","199.044","-889.61","753.954","164.673","-1.02911","8.06526","211.844","-0.448268","-2.15268","113.039"
2373,0,"-5718.89","409.287","199.076","-889.611","753.957","164.67","-1.07385","8.16628","211.856","-0.442062","-2.16221","113.043"
2374,0,"-5718.9","409.274","199.018","-889.614","753.941","164.663","-1.02492","8.07442","211.85","-0.433866","-2.14001","113.047"
2375,0,"-5718.81","409.196","199.113","-889.612","753.945","164.658","-1.02626","8.13254","211.866","-0.43588","-2.13769","113.048"
2376,0,"-5718.8","409.218","199.138","-889.61","753.928","164.657","-0.997877","8.0517","211.887","-0.440581","-2.14721","113.043"
2377,0,"-5718.95","409.244","199.013","-889.601","753.934","164.663","-1.0375","8.10851","211.826","-0.446596","-2.15511","113.039"
2378,0,"-5718.86","409.186","199.098","-889.617","753.936","164.651","-0.974579","7.98865","211.866","-0.450305","-2.14621","113.051"
2379,0,"-5718.81","409.22","199.16","-889.604","753.946","164.689","-1.00244","8.04889","211.877","-0.43514","-2.1346","113.041"
2380,0,"-5719.01","409.274","199.031","-889.607","753.953","164.686","-0.996052","7.95523","211.828","-0.432408","-2.1495","113.037"
2381,0,"-5718.94","409.255","199.083","-889.622","753.956","164.646","-0.994006","8.07447","211.832","-0.444226","-2.16922","113.04"
2382,0,"-5718.81","409.228","199.141","-889.624","753.945","164.672","-1.00393","8.04653","211.877","-0.451298","-2.1588","113.041"
2383,0,"-5718.97","409.268","199.042","-889.603","753.943","164.665","-1.02346","8.04179","211.834","-0.434292","-2.13989","113.042"
2384,0,"-5718.96","409.223","199.008","-889.62","753.948","164.656","-0.981766","8.03379","211.825","-0.447248","-2.15401","113.046"
2385,0,"-5718.81","409.232","199.097","-889.604","753.948","164.662","-1.02727","8.0931","211.883","-0.445236","-2.16335","113.037"
2386,0,"-5718.9","409.271","199.033","-889.619","753.957","164.685","-1.08612","8.10842","211.855","-0.4337","-2.11903","113.044"
2387,0,"-5718.81","409.204","199.114","-889.624","753.945","164.67","-1.01106","8.0997","211.869","-0.432474","-2.13239","113.048"
2388,0,"-5718.81","409.19","199.14","-889.614","753.944","164.679","-0.957779","8.04333","211.862","-0.439863","-2.14795","113.039"
2389,0,"-5718.88","409.26","199.099","-889.621","753.945","164.697","-1.04335","8.13605","211.844","-0.431266","-2.13404","113.034"
2390,0,"-5718.84","409.229","199.097","-889.622","753.938","164.658","-1.03131","8.12657","211.871","-0.455265","-2.16577","113.048"
2391,0,"-5718.92","409.248","199.078","-889.606","753.937","164.661","-0.993882","8.09342","211.84","-0.447191","-2.15228","113.05"
2392,0,"-5718.94","409.24","199.037","-889.596","753.952","164.677","-1.01728","8.11346","211.818","-0.435048","-2.15273","113.041"
2393,0,"-5718.9","409.247","199.017","-889.608","753.941","164.643","-1.07139","8.16133","211.865","-0.449841","-2.16079","113.043"
2394,0,"-5718.86","409.226","199.094","-889.607","753.955","164.65","-1.04181","8.11488","211.858","-0.439914","-2.15516","113.052"
2395,0,"-5718.85","409.231","199.104","-889.617","753.941","164.672","-0.984914","8.02395","211.865","-0.435288","-2.11137","113.05"
2396,0,"-5718.96","409.29","199.034","-889.621","753.958","164.659","-1.03068","8.04376","211.828","-0.444403","-2.16053","113.043"
2397,0,"-5718.82","409.196","199.098","-889.619","753.947","164.66","-0.982406","8.07186","211.871","-0.442377","-2.15122","113.042"
2398,0,"-5718.88","409.263","199.065","-889.633","753.947","164.665","-1.05079","8.0856","211.856","-0.442519","-2.15461","113.044"
2399,0,"-5718.98","409.284","199.019","-889.634","753.948","164.679","-1.00057","8.03805","211.829","-0.441138","-2.11959","113.051"
2400,0,"-5718.94","409.27","199.043","-889.609","753.952","164.685","-1.1026","8.1814","211.845","-0.445287","-2.14769","113.037"
2401,0,"-5718.99","409.289","199.036","-889.606","753.96","164.668","-1.03245","8.0747","211.827","-0.427303","-2.14361","113.038"
2402,0,"-5718.86","409.205","199.097","-889.612","753.941","164.661","-0.982649","8.09293","211.86","-0.444936","-2.14948","113.047"
2403,0,"-5718.92","409.275","199.058","-889.608","753.952","164.654","-0.980464","8.00111","211.83","-0.440502","-2.13669","113.048"
2404,0,"-5718.85","409.2","199.141","-889.605","753.947","164.662","-1.01233","8.08953","211.867","-0.434611","-2.15706","113.038"
2405,0,"-5718.98","409.293","199.065","-889.615","753.945","164.647","-1.00518","8.05097","211.826","-0.457283","-2.17433","113.043"
2406,0,"-5718.96","409.26","199.041","-889.622","753.967","164.681","-1.0097","8.04438","211.836","-0.433132","-2.14362","113.039"
2407,0,"-5718.84","409.213","199.194","-889.621","753.952","164.677","-0.9562","8.02076","211.861","-0.442851","-2.145","113.042"
2408,0,"-5718.85","409.293","199.077","-889.636","753.941","164.656","-1.03888","7.97781","211.861","-0.452288","-2.15691","113.047"
2409,0,"-5718.93","409.235","199.052","-889.614","753.945","164.658","-1.00307","8.03426","211.839","-0.431186","-2.15108","113.04"
2410,0,"-5718.97","409.244","199.039","-889.61","753.954","164.645","-1.00626","8.12759","211.838","-0.445156","-2.17032","113.035"
2411,0,"-5718.93","409.247","199.033","-889.622","753.951","164.654","-1.04696","8.07003","211.845","-0.447094","-2.13483","113.049"
2412,0,"-5718.86","409.19","199.069","-889.607","753.952","164.647","-1.02913","8.09599","211.863","-0.448271","-2.16149","113.038"
2413,0,"-5718.94","409.256","199.056","-889.609","753.958","164.661","-1.04812","8.07679","211.849","-0.434017","-2.14644","113.042"
2414,0,"-5718.92","409.261","199.069","-889.629","753.948","164.65","-1.03751","8.11688","211.839","-0.443217","-2.15965","113.046"
2415,0,"-5718.94","409.243","199.061","-889.623","753.946","164.677","-1.00724","8.07064","211.846","-0.441844","-2.1416","113.046"
2416,0,"-5718.92","409.223","199.09","-889.611","753.954","164.662","-1.04585","8.13888","211.844","-0.441792","-2.16571","113.039"
2417,0,"-5718.99","409.263","199.054","-889.638","753.966","164.656","-0.987643","8.03376","211.827","-0.433804","-2.1574","113.039"
2418,0,"-5718.91","409.222","199.066","-889.613","753.938","164.664","-0.989303","8.07857","211.833","-0.442207","-2.14521","113.045"
2419,0,"-5718.86","409.29","199.102","-889.601","753.945","164.664","-1.07738","8.10319","211.844","-0.444009","-2.15408","113.042"
2420,0,"-5718.94","409.243","199.053","-889.605","753.95","164.647","-1.01482","8.08901","211.84","-0.445011","-2.16167","113.042"
2421,0,"-5718.91","409.282","199.092","-889.606","753.946","164.663","-0.995764","8.04411","211.853","-0.441834","-2.14411","113.046"
2422,0,"-5718.79","409.215","199.178","-889.603","753.961","164.661","-0.997646","8.08073","211.87","-0.44371","-2.15775","113.04"
2423,0,"-5718.89","409.276","199.118","-889.609","753.959","164.643","-1.02409","8.02478","211.86","-0.441897","-2.16582","113.04"
2424,0,"-5718.97","409.276","199.062","-889.62","753.953","164.664","-0.990784","8.0172","211.82","-0.447947","-2.16387","113.042"
2425,0,"-5718.91","409.287","199.127","-889.61","753.944","164.675","-1.01932","8.04059","211.853","-0.434574","-2.13906","113.041"
2426,0,"-5718.86","409.249","199.127","-889.618","753.955","164.65","-0.953964","8.04138","211.847","-0.439289","-2.16017","113.044"
2427,0,"-5718.9","409.243","199.112","-889.619","753.941","164.657","-1.00375","8.00663","211.857","-0.447267","-2.1412","113.054"
2428,0,"-5718.92","409.26","199.07","-889.603","753.95","164.675","-0.997199","8.05302","211.832","-0.438588","-2.13701","113.039"
2429,0,"-5718.94","409.247","199.065","-889.601","753.943","164.641","-1.02085","8.02412","211.848","-0.441957","-2.16793","113.039"
2430,0,"-5718.87","409.242","199.082","-889.564","753.892","164.666","-1.00592","8.05092","211.86","-0.416629","-2.18938","113.018"
2431,0,"-5718.97","409.276","199.065","-889.596","753.951","164.671","-1.00608","8.00213","211.825","-0.436114","-2.13384","113.042"
2432,0,"-5718.96","409.249","199.062","-889.626","753.937","164.663","-1.04243","8.09366","211.831","-0.450696","-2.14611","113.047"
2433,0,"-5718.92","409.234","199.097","-889.624","753.937","164.677","-1.0388","8.04973","211.844","-0.444943","-2.14682","113.048"
2434,0,"-5718.75","409.247","199.079","-889.622","753.948","164.664","-0.816825","7.91335","211.874","-0.444063","-2.15018","113.047"
2435,0,"-5718.94","409.265","199.062","-889.605","753.953","164.661","-1.00372","8.02962","211.839","-0.44416","-2.15934","113.04"
2436,0,"-5718.91","409.284","199.039","-889.599","753.948","164.661","-1.03501","7.94183","211.843","-0.443775","-2.15064","113.044"
2437,0,"-5718.92","409.269","199.077","-889.613","753.962","164.687","-0.997889","8.02799","211.844","-0.429838","-2.1333","113.039"
2438,0,"-5718.89","409.245","199.042","-889.606","753.944","164.653","-1.01768","8.09502","211.855","-0.440036","-2.1477","113.046"
2439,0,"-5718.93","409.269","199.012","-889.608","753.948","164.657","-1.03889","8.09906","211.829","-0.446411","-2.15046","113.045"
2440,0,"-5718.85","409.215","199.166","-889.603","753.959","164.691","-0.961965","8.08188","211.859","-0.430515","-2.13807","113.039"
2441,0,"-5718.96","409.248","199.032","-889.625","753.955","164.654","-0.981183","8.01617","211.829","-0.44487","-2.15677","113.046"
2442,0,"-5718.9","409.29","199.057","-889.61","753.948","164.651","-1.03514","8.05515","211.847","-0.452","-2.16232","113.045"
2443,0,"-5718.99","409.251","199.053","-889.626","753.957","164.679","-1.00985","8.07054","211.828","-0.436423","-2.12905","113.048"
2444,0,"-5718.83","409.242","199.122","-889.615","753.948","164.676","-1.0083","8.0865","211.871","-0.424198","-2.1275","113.037"
2445,0,"-5718.97","409.267","199.01","-889.602","753.961","164.657","-1.02312","7.96813","211.838","-0.448055","-2.16735","113.044"
2446,0,"-5718.92","409.27","199.025","-889.604","753.956","164.657","-1.03797","8.07386","211.851","-0.43602","-2.14994","113.038"
2447,0,"-5718.97","409.278","199.05","-889.606","753.943","164.653","-0.997598","8.02145","211.834","-0.445193","-2.15678","113.044"
2448,0,"-5718.92","409.248","199.071","-889.612","753.944","164.653","-1.00483","8.06345","211.835","-0.449513","-2.15683","113.046"
2449,0,"-5718.89","409.255","199.079","-889.606","753.943","164.677","-1.0692","8.13441","211.871","-0.438761","-2.14015","113.041"
2450,0,"-5718.94","409.272","199.035","-889.613","753.951","164.673","-1.02852","8.05627","211.841","-0.443661","-2.15044","113.041"
2451,0,"-5718.93","409.254","199.018","-889.629","753.949","164.645","-1.05063","8.08363","211.838","-0.438686","-2.14928","113.045"
2452,0,"-5718.86","409.235","199.103","-889.609","753.954","164.658","-1.01214","8.09203","211.863","-0.448518","-2.15751","113.042"
2453,0,"-5718.86","409.201","199.122","-889.609","753.94","164.666","-1.00756","8.08793","211.853","-0.443418","-2.13829","113.05"
2454,0,"-5718.84","409.218","199.089","-889.599","753.954","164.627","-1.01552","8.07412","211.859","-0.448852","-2.17251","113.038"
2455,0,"-5718.96","409.274","198.985","-889.604","753.951","164.647","-1.07671","8.10467","211.841","-0.440608","-2.1438","113.042"
2456,0,"-5718.85","409.265","199.059","-889.606","753.95","164.655","-1.09708","8.12425","211.861","-0.431531","-2.14085","113.044"
2457,0,"-5718.97","409.229","199.019","-889.624","753.95","164.663","-1.00866","8.09512","211.831","-0.449105","-2.1382","113.046"
2458,0,"-5718.84","409.223","199.127","-889.615","753.94","164.656","-0.986272","8.02128","211.851","-0.440718","-2.13434","113.046"
2459,0,"-5718.84","409.198","199.11","-889.625","753.955","164.639","-0.998043","8.06618","211.858","-0.456142","-2.17172","113.044"
2460,0,"-5719","409.271","199.029","-889.624","753.935","164.653","-1.033","8.06458","211.832","-0.435846","-2.14306","113.047"
2461,0,"-5718.84","409.235","199.05","-889.622","753.96","164.664","-1.10023","8.15331","211.862","-0.434431","-2.14478","113.042"
2462,0,"-5718.88","409.22","199.099","-889.612","753.964","164.648","-1.06384","8.06494","211.85","-0.444132","-2.14799","113.044"
2463,0,"-5718.89","409.217","199.042","-889.616","753.942","164.642","-1.02677","8.09346","211.846","-0.458002","-2.15694","113.05"
2464,0,"-5718.78","409.188","199.111","-889.586","753.967","164.654","-0.994539","8.06661","211.873","-0.439225","-2.1469","113.038"
2465,0,"-5718.79","409.196","199.113","-889.607","753.949","164.658","-1.01709","8.11631","211.865","-0.437846","-2.15466","113.042"
2466,0,"-928.263","770.122","167.846","nan","nan","nan","28.2005","2.52516","68.1833","nan","nan","nan"
2467,0,"-928.259","770.107","167.844","nan","nan","nan","28.1565","2.5225","68.1858","nan","nan","nan"
2468,0,"-928.304","770.089","167.818","nan","nan","nan","28.0948","2.49966","68.2289","nan","nan","nan"
2469,0,"-928.373","770.039","167.698","nan","nan","nan","28.0136","2.52206","68.2611","nan","nan","nan"
2470,0,"-928.432","769.993","167.575","nan","nan","nan","27.8668","2.57743","68.3554","nan","nan","nan"
2471,0,"-928.475","769.917","167.425","nan","nan","nan","27.6347","2.65549","68.4733","nan","nan","nan"
2472,0,"-928.55","769.853","167.225","nan","nan","nan","27.4308","2.81615","68.6181","nan","nan","nan"
2473,0,"-928.519","769.768","167.063","nan","nan","nan","27.2262","3.0252","68.7576","nan","nan","nan"
2474,0,"-928.467","769.716","166.919","nan","nan","nan","27.1234","3.25184","68.8817","nan","nan","nan"
2475,0,"-928.382","769.677","166.745","nan","nan","nan","27.074","3.44916","68.9628","nan","nan","nan"
2476,0,"-928.276","769.669","166.636","nan","nan","nan","27.0675","3.58494","69.0304","nan","nan","nan"
2477,0,"-928.179","769.645","166.507","nan","nan","nan","27.0854","3.70037","69.074","nan","nan","nan"
2478,0,"-928.095","769.635","166.408","nan","nan","nan","27.0684","3.74891","69.1196","nan","nan","nan"
2479,0,"-927.992","769.705","166.429","nan","nan","nan","27.0336","3.75029","69.1673","nan","nan","nan"
2480,0,"-927.947","769.694","166.398","nan","nan","nan","27.0488","3.77658","69.181","nan","nan","nan"
2481,0,"-927.915","769.637","166.235","nan","nan","nan","27.1066","3.85625","69.1765","nan","nan","nan"
2482,0,"-927.977","769.477","166.308","nan","nan","nan","27.3066","3.88417","69.2264","nan","nan","nan"
2483,0,"-927.864","769.706","166.299","nan","nan","nan","27.0523","3.79396","69.2195","nan","nan","nan"
2484,0,"-927.86","769.653","166.192","nan","nan","nan","27.1211","3.86219","69.2051","nan","nan","nan"
2485,0,"-927.865","769.626","166.191","nan","nan","nan","27.1163","3.88428","69.1968","nan","nan","nan"
2486,0,"-927.865","769.656","166.213","nan","nan","nan","27.1212","3.90103","69.1953","nan","nan","nan"
2487,0,"-927.854","769.66","166.16","nan","nan","nan","27.1253","3.88475","69.2087","nan","nan","nan"
2488,0,"-927.849","769.685","166.266","nan","nan","nan","27.0576","3.78904","69.2324","nan","nan","nan"
2489,0,"-927.828","769.724","166.284","nan","nan","nan","27.056","3.78525","69.2542","nan","nan","nan"
2490,0,"-927.828","769.707","166.252","nan","nan","nan","27.073","3.81305","69.2307","nan","nan","nan"
2491,0,"-927.835","769.668","166.157","nan","nan","nan","27.1114","3.86867","69.2097","nan","nan","nan"
2492,0,"-927.867","769.634","166.196","nan","nan","nan","27.1178","3.8889","69.195","nan","nan","nan"
2493,0,"-927.849","769.648","166.17","nan","nan","nan","27.1223","3.87268","69.2055","nan","nan","nan"
2494,0,"-927.839","769.662","166.198","nan","nan","nan","27.1195","3.88245","69.2083","nan","nan","nan"
2495,0,"-927.871","769.625","166.179","nan","nan","nan","27.1219","3.89211","69.1962","nan","nan","nan"
2496,0,"-927.848","769.643","166.164","nan","nan","nan","27.1249","3.87709","69.2094","nan","nan","nan"
2497,0,"-927.828","769.651","166.167","nan","nan","nan","27.1209","3.87073","69.2205","nan","nan","nan"
2498,0,"-927.831","769.703","166.273","nan","nan","nan","27.0786","3.81981","69.2301","nan","nan","nan"
2499,0,"-927.86","769.628","166.183","nan","nan","nan","27.1199","3.89895","69.196","nan","nan","nan"
2500,0,"-927.841","769.628","166.164","nan","nan","nan","27.1231","3.88299","69.2011","nan","nan","nan"
2501,0,"-927.841","769.651","166.192","nan","nan","nan","27.1162","3.89029","69.2101","nan","nan","nan"
2502,0,"-927.85","769.654","166.197","nan","nan","nan","27.1223","3.89401","69.2052","nan","nan","nan"
2503,0,"-927.87","769.615","166.167","nan","nan","nan","27.1202","3.8939","69.1869","nan","nan","nan"
2504,0,"-927.868","769.649","166.173","nan","nan","nan","27.1208","3.87485","69.2044","nan","nan","nan"
2505,0,"-927.866","769.604","166.17","nan","nan","nan","27.1149","3.88067","69.2033","nan","nan","nan"
2506,0,"-927.819","769.689","166.26","nan","nan","nan","27.0462","3.78273","69.2411","nan","nan","nan"
2507,0,"-927.832","769.71","166.269","nan","nan","nan","27.0456","3.80627","69.2402","nan","nan","nan"
2508,0,"-927.851","769.63","166.171","nan","nan","nan","27.121","3.86672","69.1985","nan","nan","nan"
2509,0,"-927.837","769.645","166.161","nan","nan","nan","27.1272","3.87397","69.2131","nan","nan","nan"
2510,0,"-927.845","769.649","166.19","nan","nan","nan","27.1309","3.8817","69.2035","nan","nan","nan"
2511,0,"-927.858","769.622","166.134","nan","nan","nan","27.058","3.85834","69.2273","nan","nan","nan"
2512,0,"-927.849","769.643","166.182","nan","nan","nan","27.1287","3.88725","69.2087","nan","nan","nan"
2513,0,"-927.844","769.654","166.184","nan","nan","nan","27.1277","3.88102","69.2117","nan","nan","nan"
2514,0,"-927.856","769.634","166.17","nan","nan","nan","27.1174","3.86966","69.2009","nan","nan","nan"
2515,0,"-927.849","769.645","166.148","nan","nan","nan","27.1272","3.87874","69.2111","nan","nan","nan"
2516,0,"-927.867","769.605","166.174","nan","nan","nan","27.1169","3.90297","69.1833","nan","nan","nan"
2517,0,"-927.862","769.656","166.177","nan","nan","nan","27.1185","3.88061","69.1966","nan","nan","nan"
2518,0,"-927.83","769.704","166.242","nan","nan","nan","27.074","3.79962","69.2314","nan","nan","nan"
2519,0,"-927.831","769.705","166.253","nan","nan","nan","27.0501","3.78797","69.2474","nan","nan","nan"
2520,0,"-927.877","769.598","166.169","nan","nan","nan","27.1116","3.89696","69.189","nan","nan","nan"
2521,0,"-927.854","769.664","166.202","nan","nan","nan","27.1287","3.89267","69.1993","nan","nan","nan"
2522,0,"-927.837","769.655","166.188","nan","nan","nan","27.1177","3.88636","69.2065","nan","nan","nan"
2523,0,"-927.836","769.704","166.274","nan","nan","nan","27.0525","3.80904","69.2329","nan","nan","nan"
2524,0,"-927.822","769.642","166.17","nan","nan","nan","27.1116","3.87478","69.2101","nan","nan","nan"
2525,0,"-927.845","769.626","166.176","nan","nan","nan","27.1163","3.87977","69.2049","nan","nan","nan"
2526,0,"-927.852","769.619","166.163","nan","nan","nan","27.115","3.86442","69.1952","nan","nan","nan"
2527,0,"-927.852","769.641","166.25","nan","nan","nan","27.0544","3.80548","69.2275","nan","nan","nan"
2528,0,"-927.846","769.654","166.181","nan","nan","nan","27.122","3.8812","69.2137","nan","nan","nan"
2529,0,"-927.859","769.642","166.166","nan","nan","nan","27.1273","3.8734","69.2049","nan","nan","nan"
2530,0,"-927.855","769.681","166.195","nan","nan","nan","27.1247","3.88283","69.2027","nan","nan","nan"
2531,0,"-927.845","769.656","166.164","nan","nan","nan","27.1229","3.87806","69.2076","nan","nan","nan"
2532,0,"-927.853","769.638","166.174","nan","nan","nan","27.118","3.88845","69.1956","nan","nan","nan"
2533,0,"-927.839","769.635","166.178","nan","nan","nan","27.1102","3.87436","69.2041","nan","nan","nan"
2534,0,"-927.837","769.641","166.153","nan","nan","nan","27.1211","3.86763","69.2045","nan","nan","nan"
2535,0,"-927.852","769.641","166.18","nan","nan","nan","27.1111","3.888","69.1977","nan","nan","nan"
2536,0,"-927.85","769.638","166.167","nan","nan","nan","27.119","3.87951","69.2027","nan","nan","nan"
2537,0,"-927.849","769.638","166.191","nan","nan","nan","27.1342","3.91677","69.1995","nan","nan","nan"
2538,0,"-927.858","769.655","166.167","nan","nan","nan","27.1195","3.88094","69.214","nan","nan","nan"
2539,0,"-928.037","769.559","166.012","nan","nan","nan","27.3031","4.09735","69.1565","nan","nan","nan"
2540,0,"-928.065","769.555","165.975","nan","nan","nan","27.3252","4.12586","69.1378","nan","nan","nan"
2541,0,"-928.048","769.544","165.976","nan","nan","nan","27.3289","4.12572","69.1444","nan","nan","nan"
2542,0,"-928.037","769.57","166.068","nan","nan","nan","27.2497","4.04845","69.1654","nan","nan","nan"
2543,0,"-928.038","769.538","165.979","nan","nan","nan","27.3158","4.12146","69.1487","nan","nan","nan"
2544,0,"-928.04","769.553","165.975","nan","nan","nan","27.3154","4.12616","69.1377","nan","nan","nan"
2545,0,"-928.048","769.588","166.059","nan","nan","nan","27.2557","4.0171","69.1653","nan","nan","nan"
2546,0,"-928.443","769.43","165.765","nan","nan","nan","27.3316","3.85589","68.9566","nan","nan","nan"
2547,0,"-928.436","769.449","165.786","nan","nan","nan","27.3317","3.86486","68.9641","nan","nan","nan"
2548,0,"-928.478","769.508","165.774","nan","nan","nan","27.3437","3.85436","69.0342","nan","nan","nan"
2549,0,"-928.436","769.384","165.705","nan","nan","nan","27.2126","3.83767","69.0177","nan","nan","nan"
2550,0,"-928.446","769.372","165.706","nan","nan","nan","27.2146","3.84173","69.0037","nan","nan","nan"
2551,0,"-928.429","769.452","165.802","nan","nan","nan","27.1619","3.77669","69.0362","nan","nan","nan"
2552,0,"-928.423","769.418","165.7","nan","nan","nan","27.2179","3.84775","69.015","nan","nan","nan"
2553,0,"-928.428","769.459","165.813","nan","nan","nan","27.164","3.75368","69.0342","nan","nan","nan"
2554,0,"-928.445","769.398","165.719","nan","nan","nan","27.2148","3.85063","68.9899","nan","nan","nan"
2555,0,"-928.435","769.389","165.699","nan","nan","nan","27.2046","3.83644","69.0162","nan","nan","nan"
2556,0,"-928.46","769.418","165.688","nan","nan","nan","27.2126","3.83317","69.0084","nan","nan","nan"
2557,0,"-928.435","769.4","165.713","nan","nan","nan","27.2156","3.82306","69.0066","nan","nan","nan"
2558,0,"-928.421","769.452","165.786","nan","nan","nan","27.1572","3.77189","69.04","nan","nan","nan"
2559,0,"-928.452","769.39","165.706","nan","nan","nan","27.2179","3.84311","68.9986","nan","nan","nan"
2560,0,"-928.418","769.468","165.774","nan","nan","nan","27.1596","3.75715","69.0466","nan","nan","nan"
2561,0,"-928.413","769.36","165.718","nan","nan","nan","27.2653","3.86401","68.9649","nan","nan","nan"
2562,0,"-928.434","769.384","165.692","nan","nan","nan","27.2089","3.82819","69.0106","nan","nan","nan"
2563,0,"-928.416","769.446","165.792","nan","nan","nan","27.1563","3.74763","69.0487","nan","nan","nan"
2564,0,"-928.428","769.408","165.693","nan","nan","nan","27.2177","3.83784","69.0215","nan","nan","nan"
2565,0,"-928.477","769.36","165.729","nan","nan","nan","27.1947","3.83757","68.9864","nan","nan","nan"
2566,0,"-928.463","769.399","165.711","nan","nan","nan","27.2234","3.84182","68.9952","nan","nan","nan"
2567,0,"-928.452","769.403","165.692","nan","nan","nan","27.2181","3.83116","69.0128","nan","nan","nan"
2568,0,"-928.464","769.364","165.701","nan","nan","nan","27.2047","3.85138","68.9943","nan","nan","nan"
2569,0,"-928.434","769.403","165.703","nan","nan","nan","27.2083","3.83419","69.0102","nan","nan","nan"
2570,0,"-928.433","769.412","165.688","nan","nan","nan","27.2118","3.82725","69.0134","nan","nan","nan"
2571,0,"-928.436","769.449","165.779","nan","nan","nan","27.158","3.7668","69.0473","nan","nan","nan"
2572,0,"-928.435","769.418","165.711","nan","nan","nan","27.2185","3.84528","69.0144","nan","nan","nan"
2573,0,"-928.457","769.402","165.736","nan","nan","nan","27.2127","3.85994","68.9918","nan","nan","nan"
2574,0,"-928.457","769.4","165.694","nan","nan","nan","27.2184","3.83228","69.0147","nan","nan","nan"
2575,0,"-928.473","769.397","165.734","nan","nan","nan","27.21","3.84686","68.9912","nan","nan","nan"
2576,0,"-928.45","769.35","165.694","nan","nan","nan","27.2175","3.83329","69.0012","nan","nan","nan"
2577,0,"-928.418","769.424","165.774","nan","nan","nan","27.1696","3.76081","69.0321","nan","nan","nan"
2578,0,"-928.453","769.359","165.705","nan","nan","nan","27.2114","3.83679","68.9979","nan","nan","nan"
2579,0,"-928.455","769.419","165.696","nan","nan","nan","27.2166","3.83046","69.0086","nan","nan","nan"
2580,0,"-928.449","769.449","165.779","nan","nan","nan","27.1728","3.78544","69.0293","nan","nan","nan"
2581,0,"-928.456","769.416","165.688","nan","nan","nan","27.2186","3.84263","69.0105","nan","nan","nan"
2582,0,"-928.446","769.407","165.716","nan","nan","nan","27.2152","3.81833","69.0121","nan","nan","nan"
2583,0,"-928.442","769.409","165.714","nan","nan","nan","27.2092","3.84211","69.0131","nan","nan","nan"
2584,0,"-928.465","769.395","165.74","nan","nan","nan","27.1984","3.85618","68.9969","nan","nan","nan"
2585,0,"-928.46","769.413","165.724","nan","nan","nan","27.2081","3.83831","68.9958","nan","nan","nan"
2586,0,"-928.458","769.357","165.711","nan","nan","nan","27.2094","3.8257","68.9915","nan","nan","nan"
2587,0,"-928.438","769.443","165.757","nan","nan","nan","27.1737","3.76675","69.0403","nan","nan","nan"
2588,0,"-928.405","769.469","165.788","nan","nan","nan","27.1657","3.75676","69.0577","nan","nan","nan"
2589,0,"-928.428","769.46","165.823","nan","nan","nan","27.1529","3.77346","69.0383","nan","nan","nan"
2590,0,"-928.437","769.448","165.812","nan","nan","nan","27.1577","3.76002","69.0396","nan","nan","nan"
2591,0,"-928.459","769.404","165.689","nan","nan","nan","27.2192","3.83904","69.0166","nan","nan","nan"
2592,0,"-928.472","769.357","165.695","nan","nan","nan","27.2104","3.82654","68.9939","nan","nan","nan"
2593,0,"-928.452","769.439","165.766","nan","nan","nan","27.1683","3.76906","69.0248","nan","nan","nan"
2594,0,"-928.447","769.415","165.694","nan","nan","nan","27.2315","3.83662","69.011","nan","nan","nan"
2595,0,"-928.432","769.392","165.715","nan","nan","nan","27.2109","3.85031","69.0081","nan","nan","nan"
2596,0,"-928.432","769.415","165.685","nan","nan","nan","27.2233","3.82677","69.0137","nan","nan","nan"
2597,0,"-928.461","769.363","165.694","nan","nan","nan","27.2042","3.82711","68.9941","nan","nan","nan"
2598,0,"-928.454","769.398","165.705","nan","nan","nan","27.2161","3.82358","69.0069","nan","nan","nan"
2599,0,"-928.438","769.403","165.706","nan","nan","nan","27.2151","3.85332","69.0145","nan","nan","nan"
2600,0,"-928.446","769.387","165.716","nan","nan","nan","27.2177","3.83623","69.0079","nan","nan","nan"
2601,0,"-928.45","769.399","165.718","nan","nan","nan","27.2146","3.84225","69.0141","nan","nan","nan"
2602,0,"-928.435","769.424","165.786","nan","nan","nan","27.1775","3.79109","69.03","nan","nan","nan"
2603,0,"-928.443","769.447","165.784","nan","nan","nan","27.1634","3.786","69.0288","nan","nan","nan"
2604,0,"-928.421","769.456","165.764","nan","nan","nan","27.1765","3.7693","69.0361","nan","nan","nan"
2605,0,"-928.42","769.42","165.694","nan","nan","nan","27.2216","3.84127","69.013","nan","nan","nan"
2606,0,"-928.432","769.456","165.778","nan","nan","nan","27.1628","3.75441","69.04","nan","nan","nan"
2607,0,"-928.44","769.454","165.774","nan","nan","nan","27.1646","3.76004","69.0454","nan","nan","nan"
2608,0,"-928.433","769.457","165.768","nan","nan","nan","27.1786","3.7795","69.0322","nan","nan","nan"
2609,0,"-928.428","769.468","165.797","nan","nan","nan","27.1332","3.73729","69.0505","nan","nan","nan"
2610,0,"-928.477","769.382","165.688","nan","nan","nan","27.2167","3.8264","68.994","nan","nan","nan"
2611,0,"-928.431","769.409","165.693","nan","nan","nan","27.2126","3.83679","69.0175","nan","nan","nan"
2612,0,"-928.415","769.399","165.691","nan","nan","nan","27.2227","3.83441","69.0193","nan","nan","nan"
2613,0,"-928.412","769.43","165.767","nan","nan","nan","27.1643","3.7681","69.0433","nan","nan","nan"
2614,0,"-928.439","769.411","165.689","nan","nan","nan","27.2272","3.82849","69.0075","nan","nan","nan"
2615,0,"-928.44","769.405","165.714","nan","nan","nan","27.2178","3.85824","68.9952","nan","nan","nan"
2616,0,"-928.444","769.406","165.766","nan","nan","nan","27.1628","3.76218","69.0255","nan","nan","nan"
2617,0,"-928.445","769.419","165.812","nan","nan","nan","27.1521","3.7775","69.0248","nan","nan","nan"
2618,0,"-928.447","769.409","165.683","nan","nan","nan","27.2269","3.84852","69.0074","nan","nan","nan"
2619,0,"-928.441","769.42","165.705","nan","nan","nan","27.2194","3.8386","69.004","nan","nan","nan"
2620,0,"-928.48","769.37","165.707","nan","nan","nan","27.2002","3.83668","68.9858","nan","nan","nan"
2621,0,"-928.438","769.405","165.687","nan","nan","nan","27.2158","3.83877","69.0126","nan","nan","nan"
2622,0,"-928.442","769.406","165.773","nan","nan","nan","27.1677","3.77394","69.0161","nan","nan","nan"
2623,0,"-928.419","769.458","165.799","nan","nan","nan","27.1382","3.73891","69.0517","nan","nan","nan"
2624,0,"-928.439","769.412","165.694","nan","nan","nan","27.2222","3.84511","69.0012","nan","nan","nan"
2625,0,"-928.433","769.423","165.703","nan","nan","nan","27.2292","3.84124","69.0116","nan","nan","nan"
2626,0,"-928.44","769.393","165.707","nan","nan","nan","27.2118","3.84361","69.0184","nan","nan","nan"
2627,0,"-928.137","769.085","165.787","nan","nan","nan","27.7733","3.95027","68.6822","nan","nan","nan"
2628,0,"-928.44","769.355","165.688","nan","nan","nan","27.202","3.82976","69.0054","nan","nan","nan"
2629,0,"-928.441","769.407","165.706","nan","nan","nan","27.2178","3.83383","69.0115","nan","nan","nan"
2630,0,"-928.463","769.411","165.696","nan","nan","nan","27.2157","3.83373","69.0019","nan","nan","nan"
2631,0,"-928.423","769.457","165.781","nan","nan","nan","27.156","3.74094","69.0465","nan","nan","nan"
2632,0,"-928.442","769.417","165.767","nan","nan","nan","27.1449","3.74672","69.0264","nan","nan","nan"
2633,0,"-928.421","769.411","165.774","nan","nan","nan","27.1492","3.74999","69.0395","nan","nan","nan"
2634,0,"-928.383","769.473","165.833","nan","nan","nan","27.1195","3.72032","69.0567","nan","nan","nan"
2635,0,"-928.393","769.469","165.815","nan","nan","nan","27.1361","3.72907","69.0503","nan","nan","nan"
2636,0,"-928.396","769.394","165.743","nan","nan","nan","27.145","3.76076","69.0246","nan","nan","nan"
2637,0,"-928.338","769.494","165.853","nan","nan","nan","27.0878","3.6691","69.0723","nan","nan","nan"
2638,0,"-928.336","769.47","165.785","nan","nan","nan","27.1293","3.70958","69.0386","nan","nan","nan"
2639,0,"-928.304","769.473","165.819","nan","nan","nan","27.0937","3.67534","69.0489","nan","nan","nan"
2640,0,"-928.269","769.476","165.823","nan","nan","nan","27.0837","3.66115","69.0676","nan","nan","nan"
2641,0,"-928.257","769.523","165.931","nan","nan","nan","27.0203","3.56847","69.094","nan","nan","nan"
2642,0,"-928.267","769.495","165.891","nan","nan","nan","27.0432","3.64613","69.0593","nan","nan","nan"
2643,0,"-928.263","769.498","165.917","nan","nan","nan","27.0402","3.63497","69.0627","nan","nan","nan"
2644,0,"-928.255","769.505","165.96","nan","nan","nan","26.9714","3.5281","69.088","nan","nan","nan"
2645,0,"-928.218","769.547","165.98","nan","nan","nan","26.9742","3.52431","69.111","nan","nan","nan"
2646,0,"-928.224","769.531","165.906","nan","nan","nan","27.0142","3.5962","69.0768","nan","nan","nan"
2647,0,"-928.224","769.524","165.915","nan","nan","nan","27.0199","3.5905","69.0732","nan","nan","nan"
2648,0,"-928.236","769.474","165.891","nan","nan","nan","27.0057","3.60993","69.0622","nan","nan","nan"
2649,0,"-928.213","769.542","165.972","nan","nan","nan","26.979","3.5532","69.0925","nan","nan","nan"
2650,0,"-928.22","769.5","165.889","nan","nan","nan","27.0039","3.57703","69.0881","nan","nan","nan"
2651,0,"-928.183","769.623","166.168","nan","nan","nan","26.8407","3.3498","69.1644","nan","nan","nan"
2652,0,"-928.175","769.672","166.255","nan","nan","nan","26.7826","3.2886","69.2003","nan","nan","nan"
2653,0,"-928.166","769.702","166.259","nan","nan","nan","26.7831","3.26518","69.207","nan","nan","nan"
2654,0,"-928.265","769.873","166.714","nan","nan","nan","26.7122","3.59717","69.067","nan","nan","nan"
2655,0,"-928.248","769.888","166.725","nan","nan","nan","26.7155","3.59675","69.0709","nan","nan","nan"
2656,0,"-928.24","769.877","166.713","nan","nan","nan","26.7161","3.61799","69.0699","nan","nan","nan"
2657,0,"-928.237","769.89","166.706","nan","nan","nan","26.7208","3.6039","69.0715","nan","nan","nan"
2658,0,"-928.258","769.853","166.696","nan","nan","nan","26.7071","3.60505","69.061","nan","nan","nan"
2659,0,"-928.255","769.891","166.721","nan","nan","nan","26.7322","3.60633","69.0609","nan","nan","nan"
2660,0,"-928.244","769.918","166.713","nan","nan","nan","26.7274","3.61983","69.0794","nan","nan","nan"
2661,0,"-928.252","769.903","166.721","nan","nan","nan","26.7314","3.60183","69.0679","nan","nan","nan"
2662,0,"-928.261","769.912","166.748","nan","nan","nan","26.7363","3.6169","69.0578","nan","nan","nan"
2663,0,"-928.252","769.906","166.737","nan","nan","nan","26.7588","3.6104","69.0564","nan","nan","nan"
2664,0,"-928.21","769.929","166.736","nan","nan","nan","26.7652","3.63349","69.0624","nan","nan","nan"
2665,0,"-928.206","769.901","166.755","nan","nan","nan","26.7787","3.63506","69.0549","nan","nan","nan"
2666,0,"-928.214","769.958","166.776","nan","nan","nan","26.7807","3.63672","69.0572","nan","nan","nan"
2667,0,"-928.181","769.938","166.778","nan","nan","nan","26.7957","3.65069","69.0627","nan","nan","nan"
2668,0,"-928.146","769.971","166.778","nan","nan","nan","26.7947","3.678","69.0781","nan","nan","nan"
2669,0,"-928.106","769.947","166.805","nan","nan","nan","26.8039","3.69379","69.0921","nan","nan","nan"
2670,0,"-928.07","769.995","166.839","nan","nan","nan","26.8088","3.7308","69.1214","nan","nan","nan"
2671,0,"-928.069","769.939","166.846","nan","nan","nan","26.8038","3.75199","69.1124","nan","nan","nan"
2672,0,"-927.992","770.003","166.865","nan","nan","nan","26.8139","3.7892","69.1565","nan","nan","nan"
2673,0,"-927.949","770.021","166.903","nan","nan","nan","26.8023","3.79465","69.1758","nan","nan","nan"
2674,0,"-927.931","769.962","166.909","nan","nan","nan","26.8039","3.82971","69.1683","nan","nan","nan"
2675,0,"-927.9","769.967","166.917","nan","nan","nan","26.8073","3.83863","69.1787","nan","nan","nan"
2676,0,"-927.873","770.012","166.917","nan","nan","nan","26.8114","3.85296","69.2042","nan","nan","nan"
2677,0,"-927.893","769.954","166.941","nan","nan","nan","26.7952","3.85805","69.1882","nan","nan","nan"
2678,0,"-927.828","770.035","166.954","nan","nan","nan","26.8037","3.84656","69.2246","nan","nan","nan"
2679,0,"-927.87","769.979","166.958","nan","nan","nan","26.8162","3.87408","69.2074","nan","nan","nan"
2680,0,"-927.818","770.023","166.947","nan","nan","nan","26.8204","3.88051","69.2295","nan","nan","nan"
2681,0,"-927.82","770.034","166.956","nan","nan","nan","26.8057","3.86902","69.2292","nan","nan","nan"
2682,0,"-927.815","770.04","166.971","nan","nan","nan","26.7998","3.87122","69.2381","nan","nan","nan"
2683,0,"-927.831","770.03","166.942","nan","nan","nan","26.8072","3.86396","69.218","nan","nan","nan"
2684,0,"-927.827","770.023","166.939","nan","nan","nan","26.8019","3.86788","69.2261","nan","nan","nan"
2685,0,"-927.832","770.027","166.961","nan","nan","nan","26.8071","3.87798","69.2226","nan","nan","nan"
2686,0,"-927.831","770.023","166.959","nan","nan","nan","26.8052","3.87043","69.228","nan","nan","nan"
2687,0,"-927.861","769.983","166.94","nan","nan","nan","26.8058","3.88191","69.2049","nan","nan","nan"
2688,0,"-927.826","770.06","166.952","nan","nan","nan","26.8204","3.87364","69.2335","nan","nan","nan"
2689,0,"-927.838","770.02","166.952","nan","nan","nan","26.8067","3.87195","69.2218","nan","nan","nan"
2690,0,"-927.842","770.006","166.951","nan","nan","nan","26.8063","3.87684","69.2221","nan","nan","nan"
2691,0,"-927.848","769.981","166.94","nan","nan","nan","26.812","3.88446","69.2088","nan","nan","nan"
2692,0,"-927.792","769.956","166.97","nan","nan","nan","26.9126","3.90357","69.1619","nan","nan","nan"
2693,0,"-927.826","770.011","166.942","nan","nan","nan","26.809","3.86597","69.2251","nan","nan","nan"
2694,0,"-927.833","770.014","166.952","nan","nan","nan","26.8197","3.88042","69.216","nan","nan","nan"
2695,0,"-927.834","770.015","166.972","nan","nan","nan","26.8087","3.86703","69.2219","nan","nan","nan"
2696,0,"-927.821","770.028","166.949","nan","nan","nan","26.8135","3.87751","69.226","nan","nan","nan"
2697,0,"-927.832","770.035","166.952","nan","nan","nan","26.8035","3.86761","69.2272","nan","nan","nan"
2698,0,"-927.83","770.023","166.969","nan","nan","nan","26.8085","3.87","69.2299","nan","nan","nan"
2699,0,"-927.821","770.038","166.969","nan","nan","nan","26.8142","3.87815","69.2319","nan","nan","nan"
2700,0,"-927.822","770.028","166.942","nan","nan","nan","26.7964","3.86564","69.2339","nan","nan","nan"
2701,0,"-927.831","770.026","166.958","nan","nan","nan","26.8061","3.86845","69.2239","nan","nan","nan"
2702,0,"-927.824","770.037","166.964","nan","nan","nan","26.8112","3.86681","69.2238","nan","nan","nan"
2703,0,"-927.828","770.021","166.961","nan","nan","nan","26.7992","3.87809","69.2309","nan","nan","nan"
2704,0,"-927.851","770.021","166.922","nan","nan","nan","26.7447","3.85136","69.2432","nan","nan","nan"
2705,0,"-927.815","770.019","166.952","nan","nan","nan","26.8092","3.87513","69.2336","nan","nan","nan"
2706,0,"-927.837","770.022","166.97","nan","nan","nan","26.8131","3.87546","69.2169","nan","nan","nan"
2707,0,"-927.867","769.972","166.95","nan","nan","nan","26.8173","3.88743","69.2059","nan","nan","nan"
2708,0,"-927.845","770.009","166.959","nan","nan","nan","26.8082","3.86529","69.2239","nan","nan","nan"
2709,0,"-927.822","770.03","166.943","nan","nan","nan","26.8085","3.8661","69.2367","nan","nan","nan"
2710,0,"-927.822","770.009","166.955","nan","nan","nan","26.8011","3.86343","69.2289","nan","nan","nan"
2711,0,"-927.849","769.974","166.945","nan","nan","nan","26.8154","3.88196","69.2169","nan","nan","nan"
2712,0,"-927.854","770.024","166.965","nan","nan","nan","26.809","3.87499","69.2196","nan","nan","nan"
2713,0,"-927.856","769.998","166.955","nan","nan","nan","26.809","3.87819","69.2247","nan","nan","nan"
2714,0,"-927.853","770.014","166.966","nan","nan","nan","26.8118","3.87203","69.2229","nan","nan","nan"
2715,0,"-927.901","770.046","166.922","nan","nan","nan","26.8735","3.93956","69.2231","nan","nan","nan"
2716,0,"-927.966","770.053","166.907","nan","nan","nan","26.909","3.97781","69.2258","nan","nan","nan"
