"Step","skilled-sweep-15 - train/reward_mean","skilled-sweep-15 - train/reward_mean__MIN","skilled-sweep-15 - train/reward_mean__MAX"
"1","43.643205912580015","43.643205912580015","43.643205912580015"
"2","36.59919396882469","36.59919396882469","36.59919396882469"
"3","39.25221397930485","39.25221397930485","39.25221397930485"
"4","36.39066030574759","36.39066030574759","36.39066030574759"
"5","36.108585680188845","36.108585680188845","36.108585680188845"
"6","35.95217548609071","35.95217548609071","35.95217548609071"
"7","36.785116517945426","36.785116517945426","36.785116517945426"
"8","36.691612186285056","36.691612186285056","36.691612186285056"
"9","38.52080403777654","38.52080403777654","38.52080403777654"
"10","42.274089329803246","42.274089329803246","42.274089329803246"
"11","45.25373683710826","45.25373683710826","45.25373683710826"
"12","47.95580229397698","47.95580229397698","47.95580229397698"
"13","49.72323248816359","49.72323248816359","49.72323248816359"
"14","54.58329532456576","54.58329532456576","54.58329532456576"
"15","53.36670355413226","53.36670355413226","53.36670355413226"
"16","52.686643965851545","52.686643965851545","52.686643965851545"
"17","52.266055822882606","52.266055822882606","52.266055822882606"
"18","51.96704809395143","51.96704809395143","51.96704809395143"
"19","51.3923108212705","51.3923108212705","51.3923108212705"
"20","53.37085270952957","53.37085270952957","53.37085270952957"
"21","54.74626714138902","54.74626714138902","54.74626714138902"
"22","57.69408960239591","57.69408960239591","57.69408960239591"
"23","56.45005125104217","56.45005125104217","56.45005125104217"
"24","55.18945115344104","55.18945115344104","55.18945115344104"
"25","53.86795559604885","53.86795559604885","53.86795559604885"
"26","52.42282065546113","52.42282065546113","52.42282065546113"
"27","51.25903312176578","51.25903312176578","51.25903312176578"
"28","46.387650396020035","46.387650396020035","46.387650396020035"
"29","47.27593484740295","47.27593484740295","47.27593484740295"
"30","46.45304474409398","46.45304474409398","46.45304474409398"
"31","42.46762182179936","42.46762182179936","42.46762182179936"
"32","38.17369057886572","38.17369057886572","38.17369057886572"
"33","34.204579420509454","34.204579420509454","34.204579420509454"
"34","32.93345181068221","32.93345181068221","32.93345181068221"
"35","32.516077297122685","32.516077297122685","32.516077297122685"
"36","32.13746009978705","32.13746009978705","32.13746009978705"
"37","30.178664055925076","30.178664055925076","30.178664055925076"
"38","26.649536103667312","26.649536103667312","26.649536103667312"
"39","25.512445328012408","25.512445328012408","25.512445328012408"
"40","24.148257871643","24.148257871643","24.148257871643"
"41","24.92395435293665","24.92395435293665","24.92395435293665"
"42","24.735559351760283","24.735559351760283","24.735559351760283"
"43","24.636475332791992","24.636475332791992","24.636475332791992"
"44","25.60282059587057","25.60282059587057","25.60282059587057"
"45","24.775714093411807","24.775714093411807","24.775714093411807"
"46","25.635142008739816","25.635142008739816","25.635142008739816"
"47","26.631515932335034","26.631515932335034","26.631515932335034"
"48","26.516180930781655","26.516180930781655","26.516180930781655"
"49","26.51628960996548","26.51628960996548","26.51628960996548"
"50","26.62312235918478","26.62312235918478","26.62312235918478"
"51","26.545174534529604","26.545174534529604","26.545174534529604"
"52","26.473218682836606","26.473218682836606","26.473218682836606"
"53","26.38468334409694","26.38468334409694","26.38468334409694"
"54","26.3189851667234","26.3189851667234","26.3189851667234"
"55","26.31110135970997","26.31110135970997","26.31110135970997"
"56","26.131220346188847","26.131220346188847","26.131220346188847"
"57","26.09949549497207","26.09949549497207","26.09949549497207"
"58","26.1444036835084","26.1444036835084","26.1444036835084"
"59","26.131392722670185","26.131392722670185","26.131392722670185"
"60","26.29473664590332","26.29473664590332","26.29473664590332"
"61","26.32714232589122","26.32714232589122","26.32714232589122"
"62","26.277873400122775","26.277873400122775","26.277873400122775"
"63","26.25669499886285","26.25669499886285","26.25669499886285"
"64","26.221562617433847","26.221562617433847","26.221562617433847"
"65","26.235924440139655","26.235924440139655","26.235924440139655"
"66","26.18059286230092","26.18059286230092","26.18059286230092"
"67","26.10193999442915","26.10193999442915","26.10193999442915"
"68","25.44718286489318","25.44718286489318","25.44718286489318"
"69","25.052301759309636","25.052301759309636","25.052301759309636"
"70","24.829717130085296","24.829717130085296","24.829717130085296"
"71","24.243684772773634","24.243684772773634","24.243684772773634"
"72","23.453043291582315","23.453043291582315","23.453043291582315"
"73","22.758419604236238","22.758419604236238","22.758419604236238"
"74","22.28809804407462","22.28809804407462","22.28809804407462"
"75","21.79369783621068","21.79369783621068","21.79369783621068"
"76","21.833738829288976","21.833738829288976","21.833738829288976"
"77","20.593328410672825","20.593328410672825","20.593328410672825"
"78","20.36126594700144","20.36126594700144","20.36126594700144"
"79","19.90569327131324","19.90569327131324","19.90569327131324"
"80","19.581598974191913","19.581598974191913","19.581598974191913"
"81","19.31931224546807","19.31931224546807","19.31931224546807"
"82","19.201703644713433","19.201703644713433","19.201703644713433"
"83","19.245786924715503","19.245786924715503","19.245786924715503"
"84","19.18975471730508","19.18975471730508","19.18975471730508"
"85","19.125081372889177","19.125081372889177","19.125081372889177"
"86","19.170524518171543","19.170524518171543","19.170524518171543"
"87","19.23742306015495","19.23742306015495","19.23742306015495"
"88","19.293565666020765","19.293565666020765","19.293565666020765"
"89","19.381806351886205","19.381806351886205","19.381806351886205"
"90","19.443781640352974","19.443781640352974","19.443781640352974"
"91","19.56388606030093","19.56388606030093","19.56388606030093"
"92","19.70843512503479","19.70843512503479","19.70843512503479"
"93","19.770580502059993","19.770580502059993","19.770580502059993"
"94","19.868503321867042","19.868503321867042","19.868503321867042"
"95","20.02939573262993","20.02939573262993","20.02939573262993"
"96","20.18942632125815","20.18942632125815","20.18942632125815"
"97","20.35385445621871","20.35385445621871","20.35385445621871"
"98","20.489721479230088","20.489721479230088","20.489721479230088"
"99","20.637511958201877","20.637511958201877","20.637511958201877"
"100","20.807934335091414","20.807934335091414","20.807934335091414"
"101","20.740384129116865","20.740384129116865","20.740384129116865"
"102","20.80107925511533","20.80107925511533","20.80107925511533"
"103","20.73501108691198","20.73501108691198","20.73501108691198"
"104","20.846006812281995","20.846006812281995","20.846006812281995"
"105","20.873728734507313","20.873728734507313","20.873728734507313"
"106","20.806323854654185","20.806323854654185","20.806323854654185"
"107","20.772889282499527","20.772889282499527","20.772889282499527"
"108","20.790493367250164","20.790493367250164","20.790493367250164"
"109","20.61063880576854","20.61063880576854","20.61063880576854"
"110","20.216695784210316","20.216695784210316","20.216695784210316"
"111","19.83922433750573","19.83922433750573","19.83922433750573"
"112","19.42738226982634","19.42738226982634","19.42738226982634"
"113","18.975276373209635","18.975276373209635","18.975276373209635"
"114","18.18577786721682","18.18577786721682","18.18577786721682"
"115","18.208686589081044","18.208686589081044","18.208686589081044"
"116","18.14853904887641","18.14853904887641","18.14853904887641"
"117","18.062044437570293","18.062044437570293","18.062044437570293"
"118","17.955266845199077","17.955266845199077","17.955266845199077"
"119","17.926563347168994","17.926563347168994","17.926563347168994"
"120","17.440346083014884","17.440346083014884","17.440346083014884"
"121","17.00978827721221","17.00978827721221","17.00978827721221"
"122","16.207588414314813","16.207588414314813","16.207588414314813"
"123","16.26056247267654","16.26056247267654","16.26056247267654"
"124","16.366024452315322","16.366024452315322","16.366024452315322"
"125","16.505843737998656","16.505843737998656","16.505843737998656"
"126","16.645663490367735","16.645663490367735","16.645663490367735"
"127","16.796610439082286","16.796610439082286","16.796610439082286"
"128","18.01311762098936","18.01311762098936","18.01311762098936"
"129","17.528159802432782","17.528159802432782","17.528159802432782"
"130","17.589315697222627","17.589315697222627","17.589315697222627"
"131","18.615907916918076","18.615907916918076","18.615907916918076"
"132","19.691628833173453","19.691628833173453","19.691628833173453"
"133","20.90294097416816","20.90294097416816","20.90294097416816"
"134","21.037581919965014","21.037581919965014","21.037581919965014"
"135","20.61009928283063","20.61009928283063","20.61009928283063"
"136","20.654663536593","20.654663536593","20.654663536593"
"137","21.304779062874296","21.304779062874296","21.304779062874296"
"138","22.60141573052635","22.60141573052635","22.60141573052635"
"139","23.00496379539152","23.00496379539152","23.00496379539152"
"140","23.54463647847777","23.54463647847777","23.54463647847777"
"141","23.238560820387356","23.238560820387356","23.238560820387356"
"142","23.469647601486795","23.469647601486795","23.469647601486795"
"143","23.629466891714983","23.629466891714983","23.629466891714983"
"144","23.33153339804863","23.33153339804863","23.33153339804863"
"145","23.776936672057637","23.776936672057637","23.776936672057637"
"146","23.548322850901314","23.548322850901314","23.548322850901314"
"147","23.042234928279797","23.042234928279797","23.042234928279797"
"148","23.123591289899924","23.123591289899924","23.123591289899924"
"149","23.216741615075296","23.216741615075296","23.216741615075296"
"150","23.283704981848278","23.283704981848278","23.283704981848278"
"151","23.365026125728765","23.365026125728765","23.365026125728765"
"152","23.69752892602948","23.69752892602948","23.69752892602948"
"153","23.82210695859758","23.82210695859758","23.82210695859758"
"154","24.792000732857414","24.792000732857414","24.792000732857414"
"155","25.021539675172097","25.021539675172097","25.021539675172097"
"156","25.35404266839396","25.35404266839396","25.35404266839396"
"157","25.574066113918235","25.574066113918235","25.574066113918235"
"158","25.7500054184116","25.7500054184116","25.7500054184116"
"159","26.201481801192422","26.201481801192422","26.201481801192422"
"160","26.825051855049242","26.825051855049242","26.825051855049242"
"161","27.12015361446436","27.12015361446436","27.12015361446436"
"162","27.38032969490174","27.38032969490174","27.38032969490174"
"163","28.103826848832103","28.103826848832103","28.103826848832103"
"164","29.0974438641734","29.0974438641734","29.0974438641734"
"165","29.35445413706373","29.35445413706373","29.35445413706373"
"166","29.819211489367444","29.819211489367444","29.819211489367444"
"167","30.425815675403136","30.425815675403136","30.425815675403136"
"168","31.80182783785291","31.80182783785291","31.80182783785291"
"169","33.23568473873194","33.23568473873194","33.23568473873194"
"170","33.3092416649824","33.3092416649824","33.3092416649824"
"171","34.21195350307506","34.21195350307506","34.21195350307506"
"172","35.047373065180146","35.047373065180146","35.047373065180146"
"173","36.15774001050275","36.15774001050275","36.15774001050275"
"174","36.45554936545901","36.45554936545901","36.45554936545901"
"175","37.104241864131765","37.104241864131765","37.104241864131765"
"176","37.19704553880729","37.19704553880729","37.19704553880729"
"177","38.84662588273175","38.84662588273175","38.84662588273175"
"178","39.70895649834536","39.70895649834536","39.70895649834536"
"179","40.67150757589378","40.67150757589378","40.67150757589378"
"180","41.299553519925105","41.299553519925105","41.299553519925105"
"181","41.65247965107672","41.65247965107672","41.65247965107672"
"182","41.907108370964416","41.907108370964416","41.907108370964416"
"183","42.05383372903336","42.05383372903336","42.05383372903336"
"184","42.843419502573084","42.843419502573084","42.843419502573084"
"185","43.00046612315346","43.00046612315346","43.00046612315346"
"186","43.67017155986745","43.67017155986745","43.67017155986745"
"187","43.72336768700276","43.72336768700276","43.72336768700276"
"188","43.76013684317935","43.76013684317935","43.76013684317935"
"189","43.983273579371165","43.983273579371165","43.983273579371165"
"190","44.35066135574598","44.35066135574598","44.35066135574598"
"191","44.730977065642364","44.730977065642364","44.730977065642364"
"192","45.31089504950214","45.31089504950214","45.31089504950214"
"193","46.31289165681694","46.31289165681694","46.31289165681694"
"194","47.98337527059484","47.98337527059484","47.98337527059484"
"195","49.63954544850159","49.63954544850159","49.63954544850159"
"196","50.45439986546058","50.45439986546058","50.45439986546058"
"197","51.089626414165835","51.089626414165835","51.089626414165835"
"198","51.07307897693012","51.07307897693012","51.07307897693012"
"199","51.79837858690414","51.79837858690414","51.79837858690414"
"200","51.937246462875045","51.937246462875045","51.937246462875045"
"201","52.871203414557385","52.871203414557385","52.871203414557385"
"202","54.343318137649334","54.343318137649334","54.343318137649334"
"203","55.94041311813693","55.94041311813693","55.94041311813693"
"204","56.88332132526848","56.88332132526848","56.88332132526848"
"205","57.783356727484495","57.783356727484495","57.783356727484495"
"206","58.18986113521736","58.18986113521736","58.18986113521736"
"207","59.67952115658205","59.67952115658205","59.67952115658205"
"208","59.95315123559441","59.95315123559441","59.95315123559441"
"209","59.91037586051505","59.91037586051505","59.91037586051505"
"210","60.44124533967581","60.44124533967581","60.44124533967581"
"211","61.84421366098104","61.84421366098104","61.84421366098104"
"212","62.69348062674282","62.69348062674282","62.69348062674282"
"213","64.24589276193815","64.24589276193815","64.24589276193815"
"214","64.1789517331234","64.1789517331234","64.1789517331234"
"215","64.46260517367801","64.46260517367801","64.46260517367801"
"216","65.08787991472927","65.08787991472927","65.08787991472927"
"217","65.73481645465304","65.73481645465304","65.73481645465304"
"218","66.26825186365225","66.26825186365225","66.26825186365225"
"219","66.84915920291037","66.84915920291037","66.84915920291037"
"220","67.23930764821591","67.23930764821591","67.23930764821591"
"221","67.77283909653546","67.77283909653546","67.77283909653546"
"222","68.16775027304189","68.16775027304189","68.16775027304189"
"223","68.74756039211759","68.74756039211759","68.74756039211759"
"224","69.23863788102055","69.23863788102055","69.23863788102055"
"225","70.77595342707122","70.77595342707122","70.77595342707122"
"226","72.31788695888827","72.31788695888827","72.31788695888827"
"227","72.90624277988681","72.90624277988681","72.90624277988681"
"228","73.47159571320051","73.47159571320051","73.47159571320051"
"229","75.358255826768","75.358255826768","75.358255826768"
"230","77.08885957197519","77.08885957197519","77.08885957197519"
"231","79.12876604759367","79.12876604759367","79.12876604759367"
"232","80.90778611264425","80.90778611264425","80.90778611264425"
"233","82.70508985408814","82.70508985408814","82.70508985408814"
"234","84.25127761312993","84.25127761312993","84.25127761312993"
"235","84.99665326153627","84.99665326153627","84.99665326153627"
"236","86.83134553858777","86.83134553858777","86.83134553858777"
"237","88.3556790298759","88.3556790298759","88.3556790298759"
"238","88.52256434941431","88.52256434941431","88.52256434941431"
"239","89.36010805925122","89.36010805925122","89.36010805925122"
"240","90.7839669958665","90.7839669958665","90.7839669958665"
"241","91.03076930599055","91.03076930599055","91.03076930599055"
"242","91.65143253737828","91.65143253737828","91.65143253737828"
"243","92.28760585693409","92.28760585693409","92.28760585693409"
"244","92.91994304621359","92.91994304621359","92.91994304621359"
"245","93.75849665987538","93.75849665987538","93.75849665987538"
"246","94.37400173967471","94.37400173967471","94.37400173967471"
"247","95.37267187978665","95.37267187978665","95.37267187978665"
"248","96.30515971725399","96.30515971725399","96.30515971725399"
"249","96.87256325913185","96.87256325913185","96.87256325913185"
"250","98.15937061415578","98.15937061415578","98.15937061415578"
"251","99.87679984872753","99.87679984872753","99.87679984872753"
"252","100.75323849320004","100.75323849320004","100.75323849320004"
"253","102.03332316131855","102.03332316131855","102.03332316131855"
"254","102.71235117571021","102.71235117571021","102.71235117571021"
"255","103.38855824203755","103.38855824203755","103.38855824203755"
"256","104.57394590883341","104.57394590883341","104.57394590883341"
"257","106.05903034758579","106.05903034758579","106.05903034758579"
"258","107.62871463038783","107.62871463038783","107.62871463038783"
"259","109.53851777833712","109.53851777833712","109.53851777833712"
"260","111.00139985092974","111.00139985092974","111.00139985092974"
"261","112.44082522030047","112.44082522030047","112.44082522030047"
"262","113.77944250743894","113.77944250743894","113.77944250743894"
"263","114.55962522771267","114.55962522771267","114.55962522771267"
"264","115.39661673273018","115.39661673273018","115.39661673273018"
"265","116.71478404910361","116.71478404910361","116.71478404910361"
"266","118.37258738792559","118.37258738792559","118.37258738792559"
"267","119.70798394085665","119.70798394085665","119.70798394085665"
"268","120.79670586683613","120.79670586683613","120.79670586683613"
"269","121.76765422091644","121.76765422091644","121.76765422091644"
"270","124.02952394972381","124.02952394972381","124.02952394972381"
"271","125.58554848504077","125.58554848504077","125.58554848504077"
"272","126.99798469393339","126.99798469393339","126.99798469393339"
"273","127.81624724478286","127.81624724478286","127.81624724478286"
"274","128.13541065529745","128.13541065529745","128.13541065529745"
"275","127.9249959139229","127.9249959139229","127.9249959139229"
"276","127.89966183981683","127.89966183981683","127.89966183981683"
"277","127.17296288840298","127.17296288840298","127.17296288840298"
"278","126.5592077289318","126.5592077289318","126.5592077289318"
"279","125.9606317246874","125.9606317246874","125.9606317246874"
"280","126.2360428467748","126.2360428467748","126.2360428467748"
"281","127.52479847965587","127.52479847965587","127.52479847965587"
"282","128.8960456622002","128.8960456622002","128.8960456622002"
"283","130.0495080321451","130.0495080321451","130.0495080321451"
"284","131.07755471331825","131.07755471331825","131.07755471331825"
"285","133.55279578534712","133.55279578534712","133.55279578534712"
"286","134.928290797582","134.928290797582","134.928290797582"
"287","136.9382794101053","136.9382794101053","136.9382794101053"
"288","139.05783268987025","139.05783268987025","139.05783268987025"
"289","141.13227658746123","141.13227658746123","141.13227658746123"
"290","142.8164733739785","142.8164733739785","142.8164733739785"
"291","143.08559218057724","143.08559218057724","143.08559218057724"
"292","144.49915878205852","144.49915878205852","144.49915878205852"
"293","145.6221972495533","145.6221972495533","145.6221972495533"
"294","146.0330232840992","146.0330232840992","146.0330232840992"
"295","146.01945094666735","146.01945094666735","146.01945094666735"
"296","147.33750094945833","147.33750094945833","147.33750094945833"
"297","148.6514114821452","148.6514114821452","148.6514114821452"
"298","150.4635844354221","150.4635844354221","150.4635844354221"
"299","151.33449920966115","151.33449920966115","151.33449920966115"
"300","152.91316898039366","152.91316898039366","152.91316898039366"
"301","154.21337239771557","154.21337239771557","154.21337239771557"
"302","154.31953166788853","154.31953166788853","154.31953166788853"
"303","154.32245213445682","154.32245213445682","154.32245213445682"
"304","155.1941789834894","155.1941789834894","155.1941789834894"
"305","156.23724255669805","156.23724255669805","156.23724255669805"
"306","157.65880060413795","157.65880060413795","157.65880060413795"
"307","157.92857139822038","157.92857139822038","157.92857139822038"
"308","159.576993128694","159.576993128694","159.576993128694"
"309","161.2253309555439","161.2253309555439","161.2253309555439"
"310","162.48172928603307","162.48172928603307","162.48172928603307"
"311","162.88031004596442","162.88031004596442","162.88031004596442"
"312","163.73180526625308","163.73180526625308","163.73180526625308"
"313","163.81474670227558","163.81474670227558","163.81474670227558"
"314","163.8834701715311","163.8834701715311","163.8834701715311"
"315","165.4246734987985","165.4246734987985","165.4246734987985"
"316","166.6917640703771","166.6917640703771","166.6917640703771"
"317","167.82883104492387","167.82883104492387","167.82883104492387"
"318","169.0533396092098","169.0533396092098","169.0533396092098"
"319","170.3670841047395","170.3670841047395","170.3670841047395"
"320","171.59961773047633","171.59961773047633","171.59961773047633"
"321","172.7897066235024","172.7897066235024","172.7897066235024"
"322","174.1622211607825","174.1622211607825","174.1622211607825"
"323","175.15835721998477","175.15835721998477","175.15835721998477"
"324","176.45976969768293","176.45976969768293","176.45976969768293"
"325","176.7170894375164","176.7170894375164","176.7170894375164"
"326","176.81018867959267","176.81018867959267","176.81018867959267"
"327","178.35055774643087","178.35055774643087","178.35055774643087"
"328","179.84671930654906","179.84671930654906","179.84671930654906"
"329","180.31535654063163","180.31535654063163","180.31535654063163"
"330","180.72813633021724","180.72813633021724","180.72813633021724"
"331","180.8761757639126","180.8761757639126","180.8761757639126"
"332","181.38570548489514","181.38570548489514","181.38570548489514"
"333","180.29416193239217","180.29416193239217","180.29416193239217"
"334","181.2820802551304","181.2820802551304","181.2820802551304"
"335","183.31765968918626","183.31765968918626","183.31765968918626"
"336","183.62977011478375","183.62977011478375","183.62977011478375"
"337","184.44667098684104","184.44667098684104","184.44667098684104"
"338","186.8328988461882","186.8328988461882","186.8328988461882"
"339","188.30095291485412","188.30095291485412","188.30095291485412"
"340","189.18961396124084","189.18961396124084","189.18961396124084"
"341","191.24035443651417","191.24035443651417","191.24035443651417"
"342","192.55515109113344","192.55515109113344","192.55515109113344"
"343","194.04064734538014","194.04064734538014","194.04064734538014"
"344","195.56670881931598","195.56670881931598","195.56670881931598"
"345","196.69910308717678","196.69910308717678","196.69910308717678"
"346","198.05842099098882","198.05842099098882","198.05842099098882"
"347","199.0268330808972","199.0268330808972","199.0268330808972"
"348","199.76828608613098","199.76828608613098","199.76828608613098"
"349","200.80627646440277","200.80627646440277","200.80627646440277"
"350","200.99721047063926","200.99721047063926","200.99721047063926"
"351","201.45574140740194","201.45574140740194","201.45574140740194"
"352","202.1233322770834","202.1233322770834","202.1233322770834"
"353","202.759347120592","202.759347120592","202.759347120592"
"354","203.2409842173323","203.2409842173323","203.2409842173323"
"355","204.13208342177197","204.13208342177197","204.13208342177197"
"356","204.52994620572179","204.52994620572179","204.52994620572179"
"357","204.4794662881024","204.4794662881024","204.4794662881024"
"358","204.48746071995572","204.48746071995572","204.48746071995572"
"359","204.41013838040976","204.41013838040976","204.41013838040976"
"360","204.2764342925801","204.2764342925801","204.2764342925801"
"361","204.71575777362202","204.71575777362202","204.71575777362202"
"362","205.27096938043005","205.27096938043005","205.27096938043005"
"363","205.70216910460135","205.70216910460135","205.70216910460135"
"364","205.96330770979736","205.96330770979736","205.96330770979736"
"365","206.4747443180821","206.4747443180821","206.4747443180821"
"366","206.53187316600335","206.53187316600335","206.53187316600335"
"367","206.91851383044718","206.91851383044718","206.91851383044718"
"368","207.28308192696758","207.28308192696758","207.28308192696758"
"369","207.26147374866866","207.26147374866866","207.26147374866866"
"370","207.49290754474103","207.49290754474103","207.49290754474103"
"371","207.58431604340075","207.58431604340075","207.58431604340075"
"372","208.3128106605202","208.3128106605202","208.3128106605202"
"373","209.16909980141892","209.16909980141892","209.16909980141892"
"374","211.20532943210435","211.20532943210435","211.20532943210435"
"375","213.33400266552212","213.33400266552212","213.33400266552212"
"376","215.61541062183548","215.61541062183548","215.61541062183548"
"377","218.14358455073656","218.14358455073656","218.14358455073656"
"378","220.57634384347693","220.57634384347693","220.57634384347693"
"379","222.99320803866357","222.99320803866357","222.99320803866357"
"380","224.8312422686313","224.8312422686313","224.8312422686313"
"381","225.82761962567093","225.82761962567093","225.82761962567093"
"382","226.5244534216319","226.5244534216319","226.5244534216319"
"383","227.50925730465548","227.50925730465548","227.50925730465548"
"384","227.89672039725454","227.89672039725454","227.89672039725454"
"385","227.65875365308122","227.65875365308122","227.65875365308122"
"386","227.99760628387668","227.99760628387668","227.99760628387668"
"387","228.3074321028158","228.3074321028158","228.3074321028158"
"388","227.80626063711344","227.80626063711344","227.80626063711344"
"389","227.56244115424212","227.56244115424212","227.56244115424212"
"390","227.62190308272707","227.62190308272707","227.62190308272707"
"391","228.76591400562654","228.76591400562654","228.76591400562654"
"392","228.7852311253069","228.7852311253069","228.7852311253069"
"393","228.79715930145102","228.79715930145102","228.79715930145102"
"394","229.01279365056996","229.01279365056996","229.01279365056996"
"395","229.38440487454514","229.38440487454514","229.38440487454514"
"396","229.3376810789002","229.3376810789002","229.3376810789002"
"397","229.7105430743551","229.7105430743551","229.7105430743551"
"398","230.03079185550436","230.03079185550436","230.03079185550436"
"399","230.75165199541357","230.75165199541357","230.75165199541357"
"400","231.39500608279238","231.39500608279238","231.39500608279238"
"401","231.45408920850824","231.45408920850824","231.45408920850824"
"402","232.18492604486863","232.18492604486863","232.18492604486863"
"403","232.8117695000679","232.8117695000679","232.8117695000679"
"404","233.27599309285216","233.27599309285216","233.27599309285216"
"405","233.63996448739942","233.63996448739942","233.63996448739942"
"406","234.12576531848913","234.12576531848913","234.12576531848913"
"407","234.4667963290545","234.4667963290545","234.4667963290545"
"408","234.78296575507892","234.78296575507892","234.78296575507892"
"409","235.430636642741","235.430636642741","235.430636642741"
"410","235.86232784858714","235.86232784858714","235.86232784858714"
"411","236.17252858673032","236.17252858673032","236.17252858673032"
"412","236.7113245011661","236.7113245011661","236.7113245011661"
"413","237.2042793638799","237.2042793638799","237.2042793638799"
"414","239.349738693431","239.349738693431","239.349738693431"
"415","239.6098438180312","239.6098438180312","239.6098438180312"
"416","239.7784482619613","239.7784482619613","239.7784482619613"
"417","240.2278592838328","240.2278592838328","240.2278592838328"
"418","240.7012980648251","240.7012980648251","240.7012980648251"
"419","241.05633084266955","241.05633084266955","241.05633084266955"
"420","241.5732262308667","241.5732262308667","241.5732262308667"
"421","242.142815063694","242.142815063694","242.142815063694"
"422","242.4577062961737","242.4577062961737","242.4577062961737"
"423","242.90532520721652","242.90532520721652","242.90532520721652"
"424","243.31995959526844","243.31995959526844","243.31995959526844"
"425","243.6802637076097","243.6802637076097","243.6802637076097"
"426","244.13246337662437","244.13246337662437","244.13246337662437"
"427","244.0064956487248","244.0064956487248","244.0064956487248"
"428","243.8038826466257","243.8038826466257","243.8038826466257"
"429","243.4068109110852","243.4068109110852","243.4068109110852"
"430","243.4540292010938","243.4540292010938","243.4540292010938"
"431","243.30120135809454","243.30120135809454","243.30120135809454"
"432","243.31179255710143","243.31179255710143","243.31179255710143"
"433","244.75191341669458","244.75191341669458","244.75191341669458"
"434","244.33923502807664","244.33923502807664","244.33923502807664"
"435","244.4417790645284","244.4417790645284","244.4417790645284"
"436","244.65420112187158","244.65420112187158","244.65420112187158"
"437","244.5434878857259","244.5434878857259","244.5434878857259"
"438","244.44546321705565","244.44546321705565","244.44546321705565"
"439","244.6367005095596","244.6367005095596","244.6367005095596"
"440","244.56184944785318","244.56184944785318","244.56184944785318"
"441","244.58524654215958","244.58524654215958","244.58524654215958"
"442","245.0083308323269","245.0083308323269","245.0083308323269"
"443","245.2073891385441","245.2073891385441","245.2073891385441"
"444","245.39078778670518","245.39078778670518","245.39078778670518"
"445","245.73077830671681","245.73077830671681","245.73077830671681"
"446","245.86441945136875","245.86441945136875","245.86441945136875"
"447","246.24769050238072","246.24769050238072","246.24769050238072"
"448","246.9901916903106","246.9901916903106","246.9901916903106"
"449","247.76850328819012","247.76850328819012","247.76850328819012"
"450","248.46136365851038","248.46136365851038","248.46136365851038"
"451","248.56559297195287","248.56559297195287","248.56559297195287"
"452","248.83268585054088","248.83268585054088","248.83268585054088"
"453","249.02414407326722","249.02414407326722","249.02414407326722"
"454","249.14386963910306","249.14386963910306","249.14386963910306"
"455","249.5856552957825","249.5856552957825","249.5856552957825"
"456","249.75018491732772","249.75018491732772","249.75018491732772"
"457","250.46310882178486","250.46310882178486","250.46310882178486"
"458","250.78403250231756","250.78403250231756","250.78403250231756"
"459","250.83328940953479","250.83328940953479","250.83328940953479"
"460","250.97147004726693","250.97147004726693","250.97147004726693"
"461","250.76985193818226","250.76985193818226","250.76985193818226"
"462","251.06491491607738","251.06491491607738","251.06491491607738"
"463","251.37064518071128","251.37064518071128","251.37064518071128"
"464","251.60054582779645","251.60054582779645","251.60054582779645"
"465","251.77494927713064","251.77494927713064","251.77494927713064"
"466","252.0148997959716","252.0148997959716","252.0148997959716"
"467","251.98971254282048","251.98971254282048","251.98971254282048"
"468","251.98579959183348","251.98579959183348","251.98579959183348"
"469","252.0487403376715","252.0487403376715","252.0487403376715"
"470","252.0652097932261","252.0652097932261","252.0652097932261"
"471","252.38506449213833","252.38506449213833","252.38506449213833"
"472","252.45140240960404","252.45140240960404","252.45140240960404"
"473","252.62251075021106","252.62251075021106","252.62251075021106"
"474","252.68952557545563","252.68952557545563","252.68952557545563"
"475","252.98133358880352","252.98133358880352","252.98133358880352"
"476","253.11549205257964","253.11549205257964","253.11549205257964"
"477","252.74139477377466","252.74139477377466","252.74139477377466"
"478","252.7212245222059","252.7212245222059","252.7212245222059"
"479","252.81444466961256","252.81444466961256","252.81444466961256"
"480","252.79042350204602","252.79042350204602","252.79042350204602"
"481","252.69271748308034","252.69271748308034","252.69271748308034"
"482","252.92511210981","252.92511210981","252.92511210981"
"483","253.1396713728382","253.1396713728382","253.1396713728382"
"484","253.41235297496604","253.41235297496604","253.41235297496604"
"485","253.59252133527946","253.59252133527946","253.59252133527946"
"486","253.704103459217","253.704103459217","253.704103459217"
"487","253.82263132652676","253.82263132652676","253.82263132652676"
"488","254.50266385069526","254.50266385069526","254.50266385069526"
"489","254.91957752716203","254.91957752716203","254.91957752716203"
"490","255.19937209316006","255.19937209316006","255.19937209316006"
"491","255.85446822544966","255.85446822544966","255.85446822544966"
"492","256.2406319765252","256.2406319765252","256.2406319765252"
"493","256.4884748245607","256.4884748245607","256.4884748245607"
"494","256.60402719333945","256.60402719333945","256.60402719333945"
"495","256.92989672034224","256.92989672034224","256.92989672034224"
"496","257.18285095713276","257.18285095713276","257.18285095713276"
"497","257.15554181800866","257.15554181800866","257.15554181800866"
"498","257.440095133257","257.440095133257","257.440095133257"
"499","257.5034236738662","257.5034236738662","257.5034236738662"
"500","257.4884772941022","257.4884772941022","257.4884772941022"
"501","257.57467450012626","257.57467450012626","257.57467450012626"
"502","257.53747643229724","257.53747643229724","257.53747643229724"
"503","257.650125610776","257.650125610776","257.650125610776"
"504","257.74467599721976","257.74467599721976","257.74467599721976"
"505","257.75420181027965","257.75420181027965","257.75420181027965"
"506","257.84978906808306","257.84978906808306","257.84978906808306"
"507","258.0939875528903","258.0939875528903","258.0939875528903"
"508","258.2030161817849","258.2030161817849","258.2030161817849"
"509","258.3695211783156","258.3695211783156","258.3695211783156"
"510","258.5123745455325","258.5123745455325","258.5123745455325"
"511","258.7514823317353","258.7514823317353","258.7514823317353"
"512","258.8576923219033","258.8576923219033","258.8576923219033"
"513","259.24616457833093","259.24616457833093","259.24616457833093"
"514","259.41458325894666","259.41458325894666","259.41458325894666"
"515","259.6857440970384","259.6857440970384","259.6857440970384"
"516","260.0215779993229","260.0215779993229","260.0215779993229"
"517","260.1752421732072","260.1752421732072","260.1752421732072"
"518","260.2896388016979","260.2896388016979","260.2896388016979"
"519","260.3706488168554","260.3706488168554","260.3706488168554"
"520","260.5788750052371","260.5788750052371","260.5788750052371"
"521","260.6501855047245","260.6501855047245","260.6501855047245"
"522","260.95082895037837","260.95082895037837","260.95082895037837"
"523","261.36543062475624","261.36543062475624","261.36543062475624"
"524","261.54614888294714","261.54614888294714","261.54614888294714"
"525","261.7906614932994","261.7906614932994","261.7906614932994"
"526","262.1320602418686","262.1320602418686","262.1320602418686"
"527","262.5147415278683","262.5147415278683","262.5147415278683"
"528","263.04989805225455","263.04989805225455","263.04989805225455"
"529","263.59702791628604","263.59702791628604","263.59702791628604"
"530","263.8808225527423","263.8808225527423","263.8808225527423"
"531","264.3226464273053","264.3226464273053","264.3226464273053"
"532","264.6894281564205","264.6894281564205","264.6894281564205"
"533","264.981194664847","264.981194664847","264.981194664847"
"534","265.4986685952306","265.4986685952306","265.4986685952306"
"535","265.59283793692885","265.59283793692885","265.59283793692885"
"536","265.6702102189086","265.6702102189086","265.6702102189086"
"537","265.9097951053869","265.9097951053869","265.9097951053869"
"538","265.9344047824148","265.9344047824148","265.9344047824148"
"539","265.9384166271187","265.9384166271187","265.9384166271187"
"540","266.1168229064107","266.1168229064107","266.1168229064107"
"541","266.1959761615534","266.1959761615534","266.1959761615534"
"542","266.1428439718828","266.1428439718828","266.1428439718828"
"543","266.184543059456","266.184543059456","266.184543059456"
"544","266.19632056332307","266.19632056332307","266.19632056332307"
"545","266.3057921820425","266.3057921820425","266.3057921820425"
"546","266.4310623955831","266.4310623955831","266.4310623955831"
"547","266.64422597172785","266.64422597172785","266.64422597172785"
"548","266.5895436368987","266.5895436368987","266.5895436368987"
"549","266.56448592642903","266.56448592642903","266.56448592642903"
"550","266.5246212770615","266.5246212770615","266.5246212770615"
"551","266.65216099574116","266.65216099574116","266.65216099574116"
"552","267.05261452391625","267.05261452391625","267.05261452391625"
"553","267.3529631385009","267.3529631385009","267.3529631385009"
"554","267.5141635704029","267.5141635704029","267.5141635704029"
"555","267.79541858423386","267.79541858423386","267.79541858423386"
"556","268.2406602918345","268.2406602918345","268.2406602918345"
"557","268.38366003427075","268.38366003427075","268.38366003427075"
"558","268.7150521359441","268.7150521359441","268.7150521359441"
"559","268.71928329697226","268.71928329697226","268.71928329697226"
"560","269.03602972814986","269.03602972814986","269.03602972814986"
"561","269.538659002764","269.538659002764","269.538659002764"
"562","269.5792011987994","269.5792011987994","269.5792011987994"
"563","269.68907167721716","269.68907167721716","269.68907167721716"
"564","269.78640045218344","269.78640045218344","269.78640045218344"
"565","269.7020065893809","269.7020065893809","269.7020065893809"
"566","269.697790395582","269.697790395582","269.697790395582"
"567","269.77821575846696","269.77821575846696","269.77821575846696"
"568","269.69272352866074","269.69272352866074","269.69272352866074"
"569","270.0314053001738","270.0314053001738","270.0314053001738"
"570","270.10011125660907","270.10011125660907","270.10011125660907"
"571","270.0951741038909","270.0951741038909","270.0951741038909"
"572","270.07363461738396","270.07363461738396","270.07363461738396"
"573","270.07978169243256","270.07978169243256","270.07978169243256"
"574","270.21394826582286","270.21394826582286","270.21394826582286"
"575","270.19379351527544","270.19379351527544","270.19379351527544"
"576","270.16543287619135","270.16543287619135","270.16543287619135"
"577","270.27976790453425","270.27976790453425","270.27976790453425"
"578","270.3100620821782","270.3100620821782","270.3100620821782"
"579","270.1807962836523","270.1807962836523","270.1807962836523"
"580","270.29209305691415","270.29209305691415","270.29209305691415"
"581","270.53783556487235","270.53783556487235","270.53783556487235"
"582","270.6385428813339","270.6385428813339","270.6385428813339"
"583","270.62659757864253","270.62659757864253","270.62659757864253"
"584","270.4383317119867","270.4383317119867","270.4383317119867"
"585","270.47536840044484","270.47536840044484","270.47536840044484"
"586","270.2862549412489","270.2862549412489","270.2862549412489"
"587","270.1221269192413","270.1221269192413","270.1221269192413"
"588","270.284948454253","270.284948454253","270.284948454253"
"589","270.29221695925634","270.29221695925634","270.29221695925634"
"590","270.36658746311963","270.36658746311963","270.36658746311963"
"591","270.3398022288602","270.3398022288602","270.3398022288602"
"592","270.3686975082877","270.3686975082877","270.3686975082877"
"593","270.45070964297105","270.45070964297105","270.45070964297105"
"594","270.51593631104157","270.51593631104157","270.51593631104157"
"595","270.53405429862033","270.53405429862033","270.53405429862033"
"596","270.4077766948525","270.4077766948525","270.4077766948525"
"597","270.53501863659653","270.53501863659653","270.53501863659653"
"598","270.5438789128262","270.5438789128262","270.5438789128262"
"599","270.56760201482393","270.56760201482393","270.56760201482393"
"600","270.5939568953711","270.5939568953711","270.5939568953711"
"601","270.58748690850393","270.58748690850393","270.58748690850393"
"602","270.697832236861","270.697832236861","270.697832236861"
"603","270.67177826671514","270.67177826671514","270.67177826671514"
"604","270.53110346831966","270.53110346831966","270.53110346831966"
"605","270.6239235720702","270.6239235720702","270.6239235720702"
"606","270.6967662876949","270.6967662876949","270.6967662876949"
"607","270.71022586084086","270.71022586084086","270.71022586084086"
"608","270.6904524042096","270.6904524042096","270.6904524042096"
"609","270.6417564877693","270.6417564877693","270.6417564877693"
"610","270.6682788051304","270.6682788051304","270.6682788051304"
"611","270.50737371201745","270.50737371201745","270.50737371201745"
"612","270.5605285461072","270.5605285461072","270.5605285461072"
"613","270.51956636848973","270.51956636848973","270.51956636848973"
"614","270.5839212991495","270.5839212991495","270.5839212991495"
"615","270.63351209820365","270.63351209820365","270.63351209820365"
"616","270.6625541398686","270.6625541398686","270.6625541398686"
"617","270.6189229678444","270.6189229678444","270.6189229678444"
"618","270.73129408519657","270.73129408519657","270.73129408519657"
"619","270.81323632525744","270.81323632525744","270.81323632525744"
"620","270.8463095535268","270.8463095535268","270.8463095535268"
"621","270.9449765753676","270.9449765753676","270.9449765753676"
"622","270.9938629903947","270.9938629903947","270.9938629903947"
"623","271.0177722523926","271.0177722523926","271.0177722523926"
"624","271.02807980979384","271.02807980979384","271.02807980979384"
"625","271.03298244519624","271.03298244519624","271.03298244519624"
"626","271.04585385628974","271.04585385628974","271.04585385628974"
"627","271.0844020042848","271.0844020042848","271.0844020042848"
"628","271.08879536660857","271.08879536660857","271.08879536660857"
"629","271.16499255103525","271.16499255103525","271.16499255103525"
"630","271.1905783835845","271.1905783835845","271.1905783835845"
"631","271.2482415488688","271.2482415488688","271.2482415488688"
"632","271.23692833195906","271.23692833195906","271.23692833195906"
"633","271.32515401656275","271.32515401656275","271.32515401656275"
"634","271.54887796551515","271.54887796551515","271.54887796551515"
"635","271.597654583953","271.597654583953","271.597654583953"
"636","271.8636532085441","271.8636532085441","271.8636532085441"
"637","271.9656147830241","271.9656147830241","271.9656147830241"
"638","271.98031557039883","271.98031557039883","271.98031557039883"
"639","271.9713028559793","271.9713028559793","271.9713028559793"
"640","272.11918562003933","272.11918562003933","272.11918562003933"
"641","272.25539595217504","272.25539595217504","272.25539595217504"
"642","272.3912632577034","272.3912632577034","272.3912632577034"
"643","272.30984165374247","272.30984165374247","272.30984165374247"
"644","272.40656694629985","272.40656694629985","272.40656694629985"
"645","272.45024823885234","272.45024823885234","272.45024823885234"
"646","272.44357149865306","272.44357149865306","272.44357149865306"
"647","272.427020283647","272.427020283647","272.427020283647"
"648","272.56769205098794","272.56769205098794","272.56769205098794"
"649","272.65952192413215","272.65952192413215","272.65952192413215"
"650","272.8615767099761","272.8615767099761","272.8615767099761"
"651","272.97952684375514","272.97952684375514","272.97952684375514"
"652","273.0308758221945","273.0308758221945","273.0308758221945"
"653","273.06472713050493","273.06472713050493","273.06472713050493"
"654","273.15837119072734","273.15837119072734","273.15837119072734"
"655","273.09886349694864","273.09886349694864","273.09886349694864"
"656","273.2143336094782","273.2143336094782","273.2143336094782"
"657","273.2035669910541","273.2035669910541","273.2035669910541"
"658","273.39362109000854","273.39362109000854","273.39362109000854"
"659","273.52625288528213","273.52625288528213","273.52625288528213"
"660","273.52834772769364","273.52834772769364","273.52834772769364"
"661","273.4742612801958","273.4742612801958","273.4742612801958"
"662","273.51811683966775","273.51811683966775","273.51811683966775"
"663","273.7375431858469","273.7375431858469","273.7375431858469"
"664","273.91796114071275","273.91796114071275","273.91796114071275"
"665","274.2498931949865","274.2498931949865","274.2498931949865"
"666","274.37510191370734","274.37510191370734","274.37510191370734"
"667","274.53238434514964","274.53238434514964","274.53238434514964"
"668","274.73974741701966","274.73974741701966","274.73974741701966"
"669","274.6927664996055","274.6927664996055","274.6927664996055"
"670","274.65633353173035","274.65633353173035","274.65633353173035"
"671","274.6562136781239","274.6562136781239","274.6562136781239"
"672","274.7845192003739","274.7845192003739","274.7845192003739"
"673","274.94721747607224","274.94721747607224","274.94721747607224"
"674","274.95511821827154","274.95511821827154","274.95511821827154"
"675","275.1049689998082","275.1049689998082","275.1049689998082"
"676","275.1756345090619","275.1756345090619","275.1756345090619"
"677","275.5347985961824","275.5347985961824","275.5347985961824"
"678","275.5930241038161","275.5930241038161","275.5930241038161"
"679","275.7156502787559","275.7156502787559","275.7156502787559"
"680","275.63343468711014","275.63343468711014","275.63343468711014"
"681","275.6056817298132","275.6056817298132","275.6056817298132"
"682","275.61137392632025","275.61137392632025","275.61137392632025"
"683","275.60039506652686","275.60039506652686","275.60039506652686"
"684","275.79767520024734","275.79767520024734","275.79767520024734"
"685","275.8454101481597","275.8454101481597","275.8454101481597"
"686","276.1090541047399","276.1090541047399","276.1090541047399"
"687","276.3597970134561","276.3597970134561","276.3597970134561"
"688","276.36627390515815","276.36627390515815","276.36627390515815"
"689","276.48172445277334","276.48172445277334","276.48172445277334"
"690","276.5076056041347","276.5076056041347","276.5076056041347"
"691","276.57358633323224","276.57358633323224","276.57358633323224"
"692","276.56593647576517","276.56593647576517","276.56593647576517"
"693","276.6838586685958","276.6838586685958","276.6838586685958"
"694","275.25696533484734","275.25696533484734","275.25696533484734"
"695","275.42741344938406","275.42741344938406","275.42741344938406"
"696","275.71074994475464","275.71074994475464","275.71074994475464"
"697","275.80661202563556","275.80661202563556","275.80661202563556"
"698","275.83527621698215","275.83527621698215","275.83527621698215"
"699","275.9396004512871","275.9396004512871","275.9396004512871"
"700","276.0318235148082","276.0318235148082","276.0318235148082"
"701","276.143182980303","276.143182980303","276.143182980303"
"702","276.24980254059074","276.24980254059074","276.24980254059074"
"703","276.40152146807","276.40152146807","276.40152146807"
"704","276.66935126434885","276.66935126434885","276.66935126434885"
"705","276.6050247133278","276.6050247133278","276.6050247133278"
"706","276.5980787361726","276.5980787361726","276.5980787361726"
"707","276.66682061141694","276.66682061141694","276.66682061141694"
"708","276.748397779538","276.748397779538","276.748397779538"
"709","276.77636245439635","276.77636245439635","276.77636245439635"
"710","276.73284257381096","276.73284257381096","276.73284257381096"
"711","276.9083765105052","276.9083765105052","276.9083765105052"
"712","276.9085460132534","276.9085460132534","276.9085460132534"
"713","276.8950103383126","276.8950103383126","276.8950103383126"
"714","276.75249319716227","276.75249319716227","276.75249319716227"
"715","276.702808360689","276.702808360689","276.702808360689"
"716","276.59586855501743","276.59586855501743","276.59586855501743"
"717","276.6674580565478","276.6674580565478","276.6674580565478"
"718","276.6320555429445","276.6320555429445","276.6320555429445"
"719","276.59827309178644","276.59827309178644","276.59827309178644"
"720","276.49119365755456","276.49119365755456","276.49119365755456"
"721","276.31827678706486","276.31827678706486","276.31827678706486"
"722","276.22072731284413","276.22072731284413","276.22072731284413"
"723","276.20843627094456","276.20843627094456","276.20843627094456"
"724","276.18914813941973","276.18914813941973","276.18914813941973"
"725","276.15637965405057","276.15637965405057","276.15637965405057"
"726","276.1045160452386","276.1045160452386","276.1045160452386"
"727","275.9587463595828","275.9587463595828","275.9587463595828"
"728","276.0312215045623","276.0312215045623","276.0312215045623"
"729","275.9418166438181","275.9418166438181","275.9418166438181"
"730","275.86131688986603","275.86131688986603","275.86131688986603"
"731","275.82871547082135","275.82871547082135","275.82871547082135"
"732","275.7876492728449","275.7876492728449","275.7876492728449"
"733","275.5446566113334","275.5446566113334","275.5446566113334"
"734","275.38592058191415","275.38592058191415","275.38592058191415"
"735","275.5106675970495","275.5106675970495","275.5106675970495"
"736","275.5853051130368","275.5853051130368","275.5853051130368"
"737","275.49799149978776","275.49799149978776","275.49799149978776"
"738","275.62540815060834","275.62540815060834","275.62540815060834"
"739","275.765087268761","275.765087268761","275.765087268761"
"740","275.8416644637274","275.8416644637274","275.8416644637274"
"741","275.93724252140487","275.93724252140487","275.93724252140487"
"742","276.01303697791286","276.01303697791286","276.01303697791286"
"743","276.24429117567246","276.24429117567246","276.24429117567246"
"744","276.1903376906143","276.1903376906143","276.1903376906143"
"745","276.2102254088746","276.2102254088746","276.2102254088746"
"746","276.56225235424574","276.56225235424574","276.56225235424574"
"747","276.72211710411926","276.72211710411926","276.72211710411926"
"748","276.79940307444764","276.79940307444764","276.79940307444764"
"749","276.9246688495005","276.9246688495005","276.9246688495005"
"750","277.08683422913646","277.08683422913646","277.08683422913646"
"751","277.0364237074518","277.0364237074518","277.0364237074518"
"752","277.01876806088364","277.01876806088364","277.01876806088364"
"753","277.0922008929645","277.0922008929645","277.0922008929645"
"754","277.2440919294452","277.2440919294452","277.2440919294452"
"755","277.2520480186177","277.2520480186177","277.2520480186177"
"756","277.1233191315095","277.1233191315095","277.1233191315095"
"757","277.1707963078899","277.1707963078899","277.1707963078899"
"758","277.02867980221856","277.02867980221856","277.02867980221856"
"759","277.1173117014846","277.1173117014846","277.1173117014846"
"760","277.0420625151681","277.0420625151681","277.0420625151681"
"761","277.0820856555445","277.0820856555445","277.0820856555445"
"762","277.06992261383556","277.06992261383556","277.06992261383556"
"763","277.12887318896003","277.12887318896003","277.12887318896003"
"764","277.1550994036986","277.1550994036986","277.1550994036986"
"765","277.1090414756989","277.1090414756989","277.1090414756989"
"766","277.1201875393359","277.1201875393359","277.1201875393359"
"767","277.19225366658407","277.19225366658407","277.19225366658407"
"768","277.2499220756708","277.2499220756708","277.2499220756708"
"769","277.3235059690905","277.3235059690905","277.3235059690905"
"770","277.47257508265426","277.47257508265426","277.47257508265426"
"771","277.62311906778825","277.62311906778825","277.62311906778825"
"772","277.6981991635087","277.6981991635087","277.6981991635087"
"773","277.7380849162872","277.7380849162872","277.7380849162872"
"774","277.85930928699776","277.85930928699776","277.85930928699776"
"775","277.85898319427963","277.85898319427963","277.85898319427963"
"776","277.9247059856086","277.9247059856086","277.9247059856086"
"777","277.9977274830184","277.9977274830184","277.9977274830184"
"778","278.0440967475121","278.0440967475121","278.0440967475121"
"779","278.151580714943","278.151580714943","278.151580714943"
"780","278.22946097861615","278.22946097861615","278.22946097861615"
"781","278.4247931338857","278.4247931338857","278.4247931338857"
"782","278.5296615553565","278.5296615553565","278.5296615553565"
"783","278.69481383833676","278.69481383833676","278.69481383833676"
"784","278.85712290072456","278.85712290072456","278.85712290072456"
"785","277.2700876564357","277.2700876564357","277.2700876564357"
"786","277.22469319676156","277.22469319676156","277.22469319676156"
"787","277.21389229695416","277.21389229695416","277.21389229695416"
"788","277.308409755082","277.308409755082","277.308409755082"
"789","277.29975580836924","277.29975580836924","277.29975580836924"
"790","277.43876033203725","277.43876033203725","277.43876033203725"
"791","277.4415307458867","277.4415307458867","277.4415307458867"
"792","277.55443939798556","277.55443939798556","277.55443939798556"
"793","277.59438672342384","277.59438672342384","277.59438672342384"
"794","279.08756757707846","279.08756757707846","279.08756757707846"
"795","278.8983325177203","278.8983325177203","278.8983325177203"
"796","278.936672767336","278.936672767336","278.936672767336"
"797","278.862022619518","278.862022619518","278.862022619518"
"798","278.894174161817","278.894174161817","278.894174161817"
"799","278.8595457973173","278.8595457973173","278.8595457973173"
"800","278.7795710398471","278.7795710398471","278.7795710398471"
"801","278.7085600471874","278.7085600471874","278.7085600471874"
"802","278.63429525919537","278.63429525919537","278.63429525919537"
"803","278.5299574787384","278.5299574787384","278.5299574787384"
"804","278.42204742949923","278.42204742949923","278.42204742949923"
"805","278.43002654087263","278.43002654087263","278.43002654087263"
"806","276.8898673559772","276.8898673559772","276.8898673559772"
"807","276.7669312255783","276.7669312255783","276.7669312255783"
"808","276.72824960840865","276.72824960840865","276.72824960840865"
"809","274.7549321216252","274.7549321216252","274.7549321216252"
"810","273.0366557868477","273.0366557868477","273.0366557868477"
"811","271.00076898976226","271.00076898976226","271.00076898976226"
"812","269.113953586733","269.113953586733","269.113953586733"
"813","269.1163052523974","269.1163052523974","269.1163052523974"
"814","267.34341667528264","267.34341667528264","267.34341667528264"
"815","267.214320254093","267.214320254093","267.214320254093"
"816","265.34741443185135","265.34741443185135","265.34741443185135"
"817","265.16720466462897","265.16720466462897","265.16720466462897"
"818","264.7705361389555","264.7705361389555","264.7705361389555"
"819","264.31120220357553","264.31120220357553","264.31120220357553"
"820","264.3765380240418","264.3765380240418","264.3765380240418"
"821","264.346837875247","264.346837875247","264.346837875247"
"822","264.1506792556681","264.1506792556681","264.1506792556681"
"823","263.98581990871577","263.98581990871577","263.98581990871577"
"824","263.88773629371076","263.88773629371076","263.88773629371076"
"825","263.7138169886591","263.7138169886591","263.7138169886591"
"826","263.5708369131433","263.5708369131433","263.5708369131433"
"827","263.63409535041546","263.63409535041546","263.63409535041546"
"828","263.33715065746105","263.33715065746105","263.33715065746105"
"829","263.12109154725914","263.12109154725914","263.12109154725914"
"830","263.13063454755115","263.13063454755115","263.13063454755115"
"831","263.05641955834346","263.05641955834346","263.05641955834346"
"832","263.0284849808598","263.0284849808598","263.0284849808598"
"833","263.2208741059201","263.2208741059201","263.2208741059201"
"834","263.19676910976415","263.19676910976415","263.19676910976415"
"835","263.09883950493764","263.09883950493764","263.09883950493764"
"836","262.82092268335634","262.82092268335634","262.82092268335634"
"837","262.8658277791366","262.8658277791366","262.8658277791366"
"838","262.8602956413571","262.8602956413571","262.8602956413571"
"839","262.74467003864237","262.74467003864237","262.74467003864237"
"840","262.59204524346626","262.59204524346626","262.59204524346626"
"841","262.500716595659","262.500716595659","262.500716595659"
"842","262.330725904135","262.330725904135","262.330725904135"
"843","262.1339547341689","262.1339547341689","262.1339547341689"
"844","262.09517998661846","262.09517998661846","262.09517998661846"
"845","262.00237275423484","262.00237275423484","262.00237275423484"
"846","261.7701584336162","261.7701584336162","261.7701584336162"
"847","261.59500752006426","261.59500752006426","261.59500752006426"
"848","261.48974859832555","261.48974859832555","261.48974859832555"
"849","261.28354958503274","261.28354958503274","261.28354958503274"
"850","261.15963420354353","261.15963420354353","261.15963420354353"
"851","261.14716271119715","261.14716271119715","261.14716271119715"
"852","261.1911884662119","261.1911884662119","261.1911884662119"
"853","261.08973145291037","261.08973145291037","261.08973145291037"
"854","260.8914693687932","260.8914693687932","260.8914693687932"
"855","260.9221992658713","260.9221992658713","260.9221992658713"
"856","261.00993975155814","261.00993975155814","261.00993975155814"
"857","261.0611806580826","261.0611806580826","261.0611806580826"
"858","261.0682471559412","261.0682471559412","261.0682471559412"
"859","261.1093707502197","261.1093707502197","261.1093707502197"
"860","261.23839164669914","261.23839164669914","261.23839164669914"
"861","261.3022338602628","261.3022338602628","261.3022338602628"
"862","261.44253841744796","261.44253841744796","261.44253841744796"
"863","261.45933261721456","261.45933261721456","261.45933261721456"
"864","261.44548940289826","261.44548940289826","261.44548940289826"
"865","261.56425732975885","261.56425732975885","261.56425732975885"
"866","261.7709804617713","261.7709804617713","261.7709804617713"
"867","261.8228357568389","261.8228357568389","261.8228357568389"
"868","261.7023674970871","261.7023674970871","261.7023674970871"
"869","261.51900048323034","261.51900048323034","261.51900048323034"
"870","261.4354788590974","261.4354788590974","261.4354788590974"
"871","261.28358167426717","261.28358167426717","261.28358167426717"
"872","261.01088747219706","261.01088747219706","261.01088747219706"
"873","260.84514699476364","260.84514699476364","260.84514699476364"
"874","258.10463082908245","258.10463082908245","258.10463082908245"
"875","255.30414123531023","255.30414123531023","255.30414123531023"
"876","254.82797975694353","254.82797975694353","254.82797975694353"
"877","254.65798714864593","254.65798714864593","254.65798714864593"
"878","254.05711978485866","254.05711978485866","254.05711978485866"
"879","253.7484052887099","253.7484052887099","253.7484052887099"
"880","253.47831509629788","253.47831509629788","253.47831509629788"
"881","252.94345632154554","252.94345632154554","252.94345632154554"
"882","252.4847670600476","252.4847670600476","252.4847670600476"
"883","251.8587585300632","251.8587585300632","251.8587585300632"
"884","251.28248339675892","251.28248339675892","251.28248339675892"
"885","252.3355528420309","252.3355528420309","252.3355528420309"
"886","252.299179171953","252.299179171953","252.299179171953"
"887","251.97275354461337","251.97275354461337","251.97275354461337"
"888","251.27940841077418","251.27940841077418","251.27940841077418"
"889","251.15194521497529","251.15194521497529","251.15194521497529"
"890","250.86919393188145","250.86919393188145","250.86919393188145"
"891","250.62545768226323","250.62545768226323","250.62545768226323"
"892","249.98892956440162","249.98892956440162","249.98892956440162"
"893","249.34604661448685","249.34604661448685","249.34604661448685"
"894","249.12229501423252","249.12229501423252","249.12229501423252"
"895","249.0748864057177","249.0748864057177","249.0748864057177"
"896","248.8890205562563","248.8890205562563","248.8890205562563"
"897","248.80342375066888","248.80342375066888","248.80342375066888"
"898","248.64361813695695","248.64361813695695","248.64361813695695"
"899","248.52286841960216","248.52286841960216","248.52286841960216"
"900","248.48022575564275","248.48022575564275","248.48022575564275"
"901","248.3625738054683","248.3625738054683","248.3625738054683"
"902","248.3043125344609","248.3043125344609","248.3043125344609"
"903","248.22338466306974","248.22338466306974","248.22338466306974"
"904","248.22228160375553","248.22228160375553","248.22228160375553"
"905","248.20681386552576","248.20681386552576","248.20681386552576"
"906","249.70210752673273","249.70210752673273","249.70210752673273"
"907","249.82680065667083","249.82680065667083","249.82680065667083"
"908","249.8194327081536","249.8194327081536","249.8194327081536"
"909","251.7403848288191","251.7403848288191","251.7403848288191"
"910","253.52696811081668","253.52696811081668","253.52696811081668"
"911","255.49978157197882","255.49978157197882","255.49978157197882"
"912","257.33198605738403","257.33198605738403","257.33198605738403"
"913","257.4140156849642","257.4140156849642","257.4140156849642"
"914","259.3115315073711","259.3115315073711","259.3115315073711"
"915","259.337418399172","259.337418399172","259.337418399172"
"916","261.2240566348174","261.2240566348174","261.2240566348174"
"917","261.3696581342333","261.3696581342333","261.3696581342333"
"918","261.80232443734366","261.80232443734366","261.80232443734366"
"919","262.24240120857314","262.24240120857314","262.24240120857314"
"920","262.249445399766","262.249445399766","262.249445399766"
"921","262.35402278150724","262.35402278150724","262.35402278150724"
"922","262.5466719301167","262.5466719301167","262.5466719301167"
"923","262.6801344015013","262.6801344015013","262.6801344015013"
"924","262.75590567565814","262.75590567565814","262.75590567565814"
"925","262.9681196383649","262.9681196383649","262.9681196383649"
"926","263.217725172721","263.217725172721","263.217725172721"
"927","263.20948045166966","263.20948045166966","263.20948045166966"
"928","263.3492234611587","263.3492234611587","263.3492234611587"
"929","263.58020912718786","263.58020912718786","263.58020912718786"
"930","263.5750231824705","263.5750231824705","263.5750231824705"
"931","263.57803542130455","263.57803542130455","263.57803542130455"
"932","263.55632591946807","263.55632591946807","263.55632591946807"
"933","263.5337339388096","263.5337339388096","263.5337339388096"
"934","263.4464130896592","263.4464130896592","263.4464130896592"
"935","263.364156340303","263.364156340303","263.364156340303"
"936","263.2970083381777","263.2970083381777","263.2970083381777"
"937","263.07814725274045","263.07814725274045","263.07814725274045"
"938","262.9093996475806","262.9093996475806","262.9093996475806"
"939","262.75195370016445","262.75195370016445","262.75195370016445"
"940","262.6051169729588","262.6051169729588","262.6051169729588"
"941","262.4671411259455","262.4671411259455","262.4671411259455"
"942","262.3472019414959","262.3472019414959","262.3472019414959"
"943","262.3167391520162","262.3167391520162","262.3167391520162"
"944","262.2726683941466","262.2726683941466","262.2726683941466"
"945","262.30523768294427","262.30523768294427","262.30523768294427"
"946","262.2801679709909","262.2801679709909","262.2801679709909"
"947","262.25398008888413","262.25398008888413","262.25398008888413"
"948","262.0913554083538","262.0913554083538","262.0913554083538"
"949","259.9247444572841","259.9247444572841","259.9247444572841"
"950","259.70404590610417","259.70404590610417","259.70404590610417"
"951","259.6004489978589","259.6004489978589","259.6004489978589"
"952","259.3612918169494","259.3612918169494","259.3612918169494"
"953","259.0589299785043","259.0589299785043","259.0589299785043"
"954","259.06181655305204","259.06181655305204","259.06181655305204"
"955","258.93944376726404","258.93944376726404","258.93944376726404"
"956","258.8577396900835","258.8577396900835","258.8577396900835"
"957","258.70850731603105","258.70850731603105","258.70850731603105"
"958","258.5305512238969","258.5305512238969","258.5305512238969"
"959","258.3290375157096","258.3290375157096","258.3290375157096"
"960","258.1283289112919","258.1283289112919","258.1283289112919"
"961","258.00776979847114","258.00776979847114","258.00776979847114"
"962","257.79428818796293","257.79428818796293","257.79428818796293"
"963","257.2803534044838","257.2803534044838","257.2803534044838"
"964","257.0479927293165","257.0479927293165","257.0479927293165"
"965","256.8822271521902","256.8822271521902","256.8822271521902"
"966","256.30225394262465","256.30225394262465","256.30225394262465"
"967","256.0803363087727","256.0803363087727","256.0803363087727"
"968","255.72939766617026","255.72939766617026","255.72939766617026"
"969","255.61410837593954","255.61410837593954","255.61410837593954"
"970","255.34147768385242","255.34147768385242","255.34147768385242"
"971","255.10549741372","255.10549741372","255.10549741372"
"972","255.09925411162433","255.09925411162433","255.09925411162433"
"973","255.0123284469126","255.0123284469126","255.0123284469126"
"974","257.53537953730205","257.53537953730205","257.53537953730205"
"975","259.89855824972966","259.89855824972966","259.89855824972966"
"976","260.1293979816092","260.1293979816092","260.1293979816092"
"977","260.0517063850118","260.0517063850118","260.0517063850118"
"978","260.44915343967733","260.44915343967733","260.44915343967733"
"979","260.5733959621703","260.5733959621703","260.5733959621703"
"980","260.82330913079437","260.82330913079437","260.82330913079437"
"981","261.14486413685137","261.14486413685137","261.14486413685137"
"982","261.4400051723002","261.4400051723002","261.4400051723002"
"983","261.916668112739","261.916668112739","261.916668112739"
"984","262.3803986842697","262.3803986842697","262.3803986842697"
"985","262.8072236087313","262.8072236087313","262.8072236087313"
"986","262.4892735460913","262.4892735460913","262.4892735460913"
"987","262.5950894020265","262.5950894020265","262.5950894020265"
"988","263.0769390283665","263.0769390283665","263.0769390283665"
"989","262.9694093821896","262.9694093821896","262.9694093821896"
"990","263.112385018426","263.112385018426","263.112385018426"
"991","263.1785146907298","263.1785146907298","263.1785146907298"
"992","263.56735166623724","263.56735166623724","263.56735166623724"
"993","263.95542526950595","263.95542526950595","263.95542526950595"
"994","263.7800677776849","263.7800677776849","263.7800677776849"
"995","263.7124072292773","263.7124072292773","263.7124072292773"
"996","263.709423828735","263.709423828735","263.709423828735"
"997","263.7102932327008","263.7102932327008","263.7102932327008"
"998","263.74787286581005","263.74787286581005","263.74787286581005"
"999","263.6851664146548","263.6851664146548","263.6851664146548"
"1000","263.63890018332285","263.63890018332285","263.63890018332285"
"1001","263.47829843706916","263.47829843706916","263.47829843706916"
"1002","263.2082035596995","263.2082035596995","263.2082035596995"
"1003","263.24629740837497","263.24629740837497","263.24629740837497"
"1004","263.1850104249595","263.1850104249595","263.1850104249595"
"1005","263.1746813123068","263.1746813123068","263.1746813123068"
"1006","263.20089205446186","263.20089205446186","263.20089205446186"
"1007","263.1550241222093","263.1550241222093","263.1550241222093"
"1008","263.16194435522425","263.16194435522425","263.16194435522425"
"1009","263.1520264749462","263.1520264749462","263.1520264749462"
"1010","263.0955799311819","263.0955799311819","263.0955799311819"
"1011","263.1165352323698","263.1165352323698","263.1165352323698"
"1012","263.0500510512153","263.0500510512153","263.0500510512153"
"1013","262.9255113052251","262.9255113052251","262.9255113052251"
"1014","262.70078797500116","262.70078797500116","262.70078797500116"
"1015","262.5534482616326","262.5534482616326","262.5534482616326"
"1016","262.3668179978477","262.3668179978477","262.3668179978477"
"1017","262.27266129168214","262.27266129168214","262.27266129168214"
"1018","262.1517798351869","262.1517798351869","262.1517798351869"
"1019","262.00308812033387","262.00308812033387","262.00308812033387"
"1020","261.9004430959187","261.9004430959187","261.9004430959187"
"1021","261.9126968918741","261.9126968918741","261.9126968918741"
"1022","261.9086474605091","261.9086474605091","261.9086474605091"
"1023","261.87019847627727","261.87019847627727","261.87019847627727"
"1024","261.78078852238133","261.78078852238133","261.78078852238133"
"1025","261.7713769406639","261.7713769406639","261.7713769406639"
"1026","261.77858380893247","261.77858380893247","261.77858380893247"
"1027","261.84289956178515","261.84289956178515","261.84289956178515"
"1028","261.9990748826694","261.9990748826694","261.9990748826694"
"1029","262.0827022880409","262.0827022880409","262.0827022880409"
"1030","262.18254279772754","262.18254279772754","262.18254279772754"
"1031","262.39615609981587","262.39615609981587","262.39615609981587"
"1032","260.65079688485247","260.65079688485247","260.65079688485247"
"1033","260.7825825972622","260.7825825972622","260.7825825972622"
"1034","261.00290383789223","261.00290383789223","261.00290383789223"
"1035","261.15787908274217","261.15787908274217","261.15787908274217"
"1036","261.2681552155828","261.2681552155828","261.2681552155828"
"1037","261.59582512842957","261.59582512842957","261.59582512842957"
"1038","261.6705088622542","261.6705088622542","261.6705088622542"
"1039","261.9499973447109","261.9499973447109","261.9499973447109"
"1040","262.2271053031785","262.2271053031785","262.2271053031785"
"1041","262.37252936657984","262.37252936657984","262.37252936657984"
"1042","262.5365084316628","262.5365084316628","262.5365084316628"
"1043","262.68595764767844","262.68595764767844","262.68595764767844"
"1044","262.8183218892524","262.8183218892524","262.8183218892524"
"1045","262.85228862887715","262.85228862887715","262.85228862887715"
"1046","262.91707737787164","262.91707737787164","262.91707737787164"
"1047","262.9684816958057","262.9684816958057","262.9684816958057"
"1048","263.0835150067927","263.0835150067927","263.0835150067927"
"1049","265.2303752146708","265.2303752146708","265.2303752146708"
"1050","265.42668137837666","265.42668137837666","265.42668137837666"
"1051","265.5977051477181","265.5977051477181","265.5977051477181"
"1052","265.80332719164437","265.80332719164437","265.80332719164437"
"1053","266.1417017271789","266.1417017271789","266.1417017271789"
"1054","266.19133474288975","266.19133474288975","266.19133474288975"
"1055","266.29344256850425","266.29344256850425","266.29344256850425"
"1056","266.35701320562976","266.35701320562976","266.35701320562976"
"1057","266.45146118570585","266.45146118570585","266.45146118570585"
"1058","266.6795381384296","266.6795381384296","266.6795381384296"
"1059","266.8361940190522","266.8361940190522","266.8361940190522"
"1060","267.04450335450935","267.04450335450935","267.04450335450935"
"1061","267.24305818113965","267.24305818113965","267.24305818113965"
"1062","267.3716132391291","267.3716132391291","267.3716132391291"
"1063","267.70513563260903","267.70513563260903","267.70513563260903"
"1064","267.9365666073607","267.9365666073607","267.9365666073607"
"1065","268.03242334328127","268.03242334328127","268.03242334328127"
"1066","268.4634099674551","268.4634099674551","268.4634099674551"
"1067","268.64562912322117","268.64562912322117","268.64562912322117"
"1068","269.04864677676466","269.04864677676466","269.04864677676466"
"1069","269.378892271989","269.378892271989","269.378892271989"
"1070","269.64845163913907","269.64845163913907","269.64845163913907"
"1071","269.98080482410734","269.98080482410734","269.98080482410734"
"1072","270.1778893200727","270.1778893200727","270.1778893200727"
"1073","270.36774021385236","270.36774021385236","270.36774021385236"
"1074","270.52494171625005","270.52494171625005","270.52494171625005"
"1075","270.9080776444031","270.9080776444031","270.9080776444031"
"1076","271.143957665707","271.143957665707","271.143957665707"
"1077","271.2621000880888","271.2621000880888","271.2621000880888"
"1078","271.44969187575856","271.44969187575856","271.44969187575856"
"1079","271.54656607621814","271.54656607621814","271.54656607621814"
"1080","271.54328356953806","271.54328356953806","271.54328356953806"
"1081","271.6107672938565","271.6107672938565","271.6107672938565"
"1082","271.62820393193977","271.62820393193977","271.62820393193977"
"1083","271.6580400196882","271.6580400196882","271.6580400196882"
"1084","271.77409954490605","271.77409954490605","271.77409954490605"
"1085","271.8156092402013","271.8156092402013","271.8156092402013"
"1086","272.19520892749773","272.19520892749773","272.19520892749773"
"1087","272.3187671290268","272.3187671290268","272.3187671290268"
"1088","272.48430882147744","272.48430882147744","272.48430882147744"
"1089","272.6477862304566","272.6477862304566","272.6477862304566"
"1090","272.66787924324393","272.66787924324393","272.66787924324393"
"1091","272.8065732814814","272.8065732814814","272.8065732814814"
"1092","272.9485055107507","272.9485055107507","272.9485055107507"
"1093","273.0750845936569","273.0750845936569","273.0750845936569"
"1094","273.40115242802307","273.40115242802307","273.40115242802307"
"1095","273.59749445714755","273.59749445714755","273.59749445714755"
"1096","273.53019309815716","273.53019309815716","273.53019309815716"
"1097","273.50290389942705","273.50290389942705","273.50290389942705"
"1098","273.2035809360514","273.2035809360514","273.2035809360514"
"1099","273.1028292925912","273.1028292925912","273.1028292925912"
"1100","273.1750147835049","273.1750147835049","273.1750147835049"
"1101","273.3190548873949","273.3190548873949","273.3190548873949"
"1102","273.51242397778435","273.51242397778435","273.51242397778435"
"1103","273.2530270345765","273.2530270345765","273.2530270345765"
"1104","273.2055657154578","273.2055657154578","273.2055657154578"
"1105","273.07254691536303","273.07254691536303","273.07254691536303"
"1106","272.88927201406796","272.88927201406796","272.88927201406796"
"1107","272.7227247499093","272.7227247499093","272.7227247499093"
"1108","272.6484834205336","272.6484834205336","272.6484834205336"
"1109","272.69778350969545","272.69778350969545","272.69778350969545"
"1110","272.6470915288269","272.6470915288269","272.6470915288269"
"1111","272.71741647364337","272.71741647364337","272.71741647364337"
"1112","272.72038324069","272.72038324069","272.72038324069"
"1113","272.72149812893707","272.72149812893707","272.72149812893707"
"1114","272.82785749296426","272.82785749296426","272.82785749296426"
"1115","273.03374032892987","273.03374032892987","273.03374032892987"
"1116","273.1551514082099","273.1551514082099","273.1551514082099"
"1117","273.2019741428527","273.2019741428527","273.2019741428527"
"1118","273.21740890540883","273.21740890540883","273.21740890540883"
"1119","273.2017483477178","273.2017483477178","273.2017483477178"
"1120","273.13874955433187","273.13874955433187","273.13874955433187"
"1121","273.1521258513513","273.1521258513513","273.1521258513513"
"1122","273.05779068193164","273.05779068193164","273.05779068193164"
"1123","273.10649727838813","273.10649727838813","273.10649727838813"
"1124","273.14186411463425","273.14186411463425","273.14186411463425"
"1125","273.05267918898494","273.05267918898494","273.05267918898494"
"1126","273.00077339209383","273.00077339209383","273.00077339209383"
"1127","272.9674835921987","272.9674835921987","272.9674835921987"
"1128","272.81300635513617","272.81300635513617","272.81300635513617"
"1129","272.64944598116676","272.64944598116676","272.64944598116676"
"1130","272.5745197090111","272.5745197090111","272.5745197090111"
"1131","272.4247315799841","272.4247315799841","272.4247315799841"
"1132","274.2149780872208","274.2149780872208","274.2149780872208"
"1133","274.09735676498383","274.09735676498383","274.09735676498383"
"1134","273.9076301080105","273.9076301080105","273.9076301080105"
"1135","273.73656900731146","273.73656900731146","273.73656900731146"
"1136","273.6327165537444","273.6327165537444","273.6327165537444"
"1137","273.5869745803182","273.5869745803182","273.5869745803182"
"1138","273.5294412191701","273.5294412191701","273.5294412191701"
"1139","273.2734727902827","273.2734727902827","273.2734727902827"
"1140","273.09801866723456","273.09801866723456","273.09801866723456"
"1141","273.014357168742","273.014357168742","273.014357168742"
"1142","272.8702653376129","272.8702653376129","272.8702653376129"
"1143","272.8166123723169","272.8166123723169","272.8166123723169"
"1144","272.66078426345484","272.66078426345484","272.66078426345484"
"1145","272.6032875013468","272.6032875013468","272.6032875013468"
"1146","272.5581439623726","272.5581439623726","272.5581439623726"
"1147","272.52439947963927","272.52439947963927","272.52439947963927"
"1148","272.54440070069626","272.54440070069626","272.54440070069626"
"1149","272.5964874044736","272.5964874044736","272.5964874044736"
"1150","272.47618491833333","272.47618491833333","272.47618491833333"
"1151","272.39667261662197","272.39667261662197","272.39667261662197"
"1152","272.22111105973136","272.22111105973136","272.22111105973136"
"1153","272.157665107029","272.157665107029","272.157665107029"
"1154","272.16607601281487","272.16607601281487","272.16607601281487"
"1155","272.1274944557645","272.1274944557645","272.1274944557645"
"1156","272.1058261459158","272.1058261459158","272.1058261459158"
"1157","272.09691765789177","272.09691765789177","272.09691765789177"
"1158","272.0580436012824","272.0580436012824","272.0580436012824"
"1159","272.02868237468647","272.02868237468647","272.02868237468647"
"1160","272.0686380807706","272.0686380807706","272.0686380807706"
"1161","271.9087996672583","271.9087996672583","271.9087996672583"
"1162","271.87061756858833","271.87061756858833","271.87061756858833"
"1163","271.90924292385813","271.90924292385813","271.90924292385813"
"1164","271.79409648685015","271.79409648685015","271.79409648685015"
"1165","271.8045470718597","271.8045470718597","271.8045470718597"
"1166","271.7543355575879","271.7543355575879","271.7543355575879"
"1167","271.7198831847985","271.7198831847985","271.7198831847985"
"1168","271.6996273155627","271.6996273155627","271.6996273155627"
"1169","271.62906670462576","271.62906670462576","271.62906670462576"
"1170","271.63661745719844","271.63661745719844","271.63661745719844"
"1171","271.5814969368861","271.5814969368861","271.5814969368861"
"1172","271.54652762200914","271.54652762200914","271.54652762200914"
"1173","271.49896741037026","271.49896741037026","271.49896741037026"
"1174","271.46616807590004","271.46616807590004","271.46616807590004"
"1175","271.454317829425","271.454317829425","271.454317829425"
"1176","271.41573590720304","271.41573590720304","271.41573590720304"
"1177","271.4957044215524","271.4957044215524","271.4957044215524"
"1178","271.4586096759629","271.4586096759629","271.4586096759629"
"1179","271.46174796494887","271.46174796494887","271.46174796494887"
"1180","271.43217616748296","271.43217616748296","271.43217616748296"
"1181","271.36148083448643","271.36148083448643","271.36148083448643"
"1182","271.3961776400381","271.3961776400381","271.3961776400381"
"1183","271.3858141884976","271.3858141884976","271.3858141884976"
"1184","271.26225456819174","271.26225456819174","271.26225456819174"
"1185","271.2990353238233","271.2990353238233","271.2990353238233"
"1186","271.323577680788","271.323577680788","271.323577680788"
"1187","271.40945659716147","271.40945659716147","271.40945659716147"
"1188","271.40872705879156","271.40872705879156","271.40872705879156"
"1189","271.4237354426412","271.4237354426412","271.4237354426412"
"1190","271.4493141779164","271.4493141779164","271.4493141779164"
"1191","271.54481871700847","271.54481871700847","271.54481871700847"
"1192","271.60189677190965","271.60189677190965","271.60189677190965"
"1193","271.61742163608784","271.61742163608784","271.61742163608784"
"1194","271.6202605199907","271.6202605199907","271.6202605199907"
"1195","271.64498824450186","271.64498824450186","271.64498824450186"
"1196","271.7282549197506","271.7282549197506","271.7282549197506"
"1197","271.77349959994666","271.77349959994666","271.77349959994666"
"1198","272.079868677957","272.079868677957","272.079868677957"
"1199","272.34634195819496","272.34634195819496","272.34634195819496"
"1200","272.3045237908885","272.3045237908885","272.3045237908885"
"1201","272.4194430552935","272.4194430552935","272.4194430552935"
"1202","272.5543912522821","272.5543912522821","272.5543912522821"
"1203","272.93400231391655","272.93400231391655","272.93400231391655"
"1204","273.06642254573757","273.06642254573757","273.06642254573757"
"1205","273.3495283191046","273.3495283191046","273.3495283191046"
"1206","273.6445309287449","273.6445309287449","273.6445309287449"
"1207","273.87716864685996","273.87716864685996","273.87716864685996"
"1208","274.00432677569336","274.00432677569336","274.00432677569336"
"1209","273.993831519098","273.993831519098","273.993831519098"
"1210","274.15945494112094","274.15945494112094","274.15945494112094"
"1211","274.1867162328074","274.1867162328074","274.1867162328074"
"1212","274.3342523049796","274.3342523049796","274.3342523049796"
"1213","274.4490678801248","274.4490678801248","274.4490678801248"
"1214","274.60696587700863","274.60696587700863","274.60696587700863"
"1215","274.7025522462511","274.7025522462511","274.7025522462511"
"1216","274.8265122645581","274.8265122645581","274.8265122645581"
"1217","274.9542497031996","274.9542497031996","274.9542497031996"
"1218","275.05906560738106","275.05906560738106","275.05906560738106"
"1219","275.364890914564","275.364890914564","275.364890914564"
"1220","275.5371793788904","275.5371793788904","275.5371793788904"
"1221","275.5078643378476","275.5078643378476","275.5078643378476"
"1222","275.68600480756254","275.68600480756254","275.68600480756254"
"1223","275.75628024433274","275.75628024433274","275.75628024433274"
"1224","275.9005319430912","275.9005319430912","275.9005319430912"
"1225","276.10500237318223","276.10500237318223","276.10500237318223"
"1226","276.2301119019417","276.2301119019417","276.2301119019417"
"1227","276.2510416092677","276.2510416092677","276.2510416092677"
"1228","276.41606455536095","276.41606455536095","276.41606455536095"
"1229","276.61123565666844","276.61123565666844","276.61123565666844"
"1230","276.7740159554547","276.7740159554547","276.7740159554547"
"1231","276.89951375050003","276.89951375050003","276.89951375050003"
"1232","276.98766757692675","276.98766757692675","276.98766757692675"
"1233","277.0977057652315","277.0977057652315","277.0977057652315"
"1234","277.38708845784424","277.38708845784424","277.38708845784424"
"1235","277.52978385288736","277.52978385288736","277.52978385288736"
"1236","277.8275362471258","277.8275362471258","277.8275362471258"
"1237","277.8811961838463","277.8811961838463","277.8811961838463"
"1238","278.0023814508924","278.0023814508924","278.0023814508924"
"1239","278.21044754501895","278.21044754501895","278.21044754501895"
"1240","278.37305854620877","278.37305854620877","278.37305854620877"
"1241","278.44866044082215","278.44866044082215","278.44866044082215"
"1242","278.7080760962935","278.7080760962935","278.7080760962935"
"1243","278.77849926634224","278.77849926634224","278.77849926634224"
"1244","278.9038675572956","278.9038675572956","278.9038675572956"
"1245","279.03311583102214","279.03311583102214","279.03311583102214"
"1246","279.1339348095888","279.1339348095888","279.1339348095888"
"1247","279.14892908508426","279.14892908508426","279.14892908508426"
"1248","279.27546845690813","279.27546845690813","279.27546845690813"
"1249","279.3260714123724","279.3260714123724","279.3260714123724"
"1250","279.4926996889291","279.4926996889291","279.4926996889291"
"1251","279.4319294852251","279.4319294852251","279.4319294852251"
"1252","279.4900233225571","279.4900233225571","279.4900233225571"
"1253","279.528468939201","279.528468939201","279.528468939201"
"1254","279.53911572080574","279.53911572080574","279.53911572080574"
"1255","279.59336352393495","279.59336352393495","279.59336352393495"
"1256","279.6525853163423","279.6525853163423","279.6525853163423"
"1257","279.61067640942053","279.61067640942053","279.61067640942053"
"1258","279.5951218104409","279.5951218104409","279.5951218104409"
"1259","279.57033474890983","279.57033474890983","279.57033474890983"
"1260","279.4613481934229","279.4613481934229","279.4613481934229"
"1261","279.52231188316364","279.52231188316364","279.52231188316364"
"1262","279.52868938900997","279.52868938900997","279.52868938900997"
"1263","279.5228110500658","279.5228110500658","279.5228110500658"
"1264","279.5512985496083","279.5512985496083","279.5512985496083"
"1265","279.507464135834","279.507464135834","279.507464135834"
"1266","279.44615540747066","279.44615540747066","279.44615540747066"
"1267","279.439341787477","279.439341787477","279.439341787477"
"1268","279.4717908924306","279.4717908924306","279.4717908924306"
"1269","279.46528653366954","279.46528653366954","279.46528653366954"
"1270","279.4608396124328","279.4608396124328","279.4608396124328"
"1271","279.4941856289143","279.4941856289143","279.4941856289143"
"1272","279.4949141066382","279.4949141066382","279.4949141066382"
"1273","279.48990881977136","279.48990881977136","279.48990881977136"
"1274","279.4487983739516","279.4487983739516","279.4487983739516"
"1275","279.4526677775243","279.4526677775243","279.4526677775243"
"1276","279.45616634412204","279.45616634412204","279.45616634412204"
"1277","279.4117417242611","279.4117417242611","279.4117417242611"
"1278","279.4816773636779","279.4816773636779","279.4816773636779"
"1279","279.55881797947455","279.55881797947455","279.55881797947455"
"1280","279.68324938444886","279.68324938444886","279.68324938444886"
"1281","279.75810204081705","279.75810204081705","279.75810204081705"
"1282","279.8758339610184","279.8758339610184","279.8758339610184"
"1283","279.928455570736","279.928455570736","279.928455570736"
"1284","280.0033342285128","280.0033342285128","280.0033342285128"
"1285","279.98021797942465","279.98021797942465","279.98021797942465"
"1286","279.9784662003489","279.9784662003489","279.9784662003489"
"1287","279.90353553847876","279.90353553847876","279.90353553847876"
"1288","279.9687762738159","279.9687762738159","279.9687762738159"
"1289","279.92664820155596","279.92664820155596","279.92664820155596"
"1290","279.96434627912475","279.96434627912475","279.96434627912475"
"1291","279.9090697134426","279.9090697134426","279.9090697134426"
"1292","279.86703609620685","279.86703609620685","279.86703609620685"
"1293","279.8269356567925","279.8269356567925","279.8269356567925"
"1294","279.7924155213079","279.7924155213079","279.7924155213079"
"1295","279.7758791255625","279.7758791255625","279.7758791255625"
"1296","279.79420771690553","279.79420771690553","279.79420771690553"
"1297","279.8269570610905","279.8269570610905","279.8269570610905"
"1298","279.8160395754175","279.8160395754175","279.8160395754175"
"1299","279.7310732335178","279.7310732335178","279.7310732335178"
"1300","279.75199536205736","279.75199536205736","279.75199536205736"
"1301","279.73052813096905","279.73052813096905","279.73052813096905"
"1302","279.66002619328907","279.66002619328907","279.66002619328907"
"1303","279.5490038850345","279.5490038850345","279.5490038850345"
"1304","279.42779595774596","279.42779595774596","279.42779595774596"
"1305","279.2908675916586","279.2908675916586","279.2908675916586"
"1306","279.13390558865854","279.13390558865854","279.13390558865854"
"1307","278.9316141060088","278.9316141060088","278.9316141060088"
"1308","278.81278635069725","278.81278635069725","278.81278635069725"
"1309","278.7373320296966","278.7373320296966","278.7373320296966"
"1310","278.62256151054055","278.62256151054055","278.62256151054055"
"1311","278.5187930755131","278.5187930755131","278.5187930755131"
"1312","278.3961862385087","278.3961862385087","278.3961862385087"
"1313","278.25136671578514","278.25136671578514","278.25136671578514"
"1314","275.37270278485494","275.37270278485494","275.37270278485494"
"1315","275.1101666509174","275.1101666509174","275.1101666509174"
"1316","274.61475097600373","274.61475097600373","274.61475097600373"
"1317","274.18053061567247","274.18053061567247","274.18053061567247"
"1318","274.012260547895","274.012260547895","274.012260547895"
"1319","273.48710373735054","273.48710373735054","273.48710373735054"
"1320","272.87072688309473","272.87072688309473","272.87072688309473"
"1321","272.4029329763539","272.4029329763539","272.4029329763539"
"1322","271.6971650740504","271.6971650740504","271.6971650740504"
"1323","270.9147543757223","270.9147543757223","270.9147543757223"
"1324","270.65536659827455","270.65536659827455","270.65536659827455"
"1325","269.9335678249039","269.9335678249039","269.9335678249039"
"1326","269.0626105971821","269.0626105971821","269.0626105971821"
"1327","268.31848096283153","268.31848096283153","268.31848096283153"
"1328","267.6108839489706","267.6108839489706","267.6108839489706"
"1329","266.7255980268214","266.7255980268214","266.7255980268214"
"1330","265.8060004725028","265.8060004725028","265.8060004725028"
"1331","264.91395658615045","264.91395658615045","264.91395658615045"
"1332","264.05275803542696","264.05275803542696","264.05275803542696"
"1333","261.02417085421274","261.02417085421274","261.02417085421274"
"1334","260.26006923696957","260.26006923696957","260.26006923696957"
"1335","259.534873266723","259.534873266723","259.534873266723"
"1336","258.7169081986416","258.7169081986416","258.7169081986416"
"1337","257.9170311718341","257.9170311718341","257.9170311718341"
"1338","257.0342567054089","257.0342567054089","257.0342567054089"
"1339","256.2981078509521","256.2981078509521","256.2981078509521"
"1340","255.39258582291194","255.39258582291194","255.39258582291194"
"1341","254.49847461502068","254.49847461502068","254.49847461502068"
"1342","253.60074149637484","253.60074149637484","253.60074149637484"
"1343","252.70358799154872","252.70358799154872","252.70358799154872"
"1344","251.85982377831823","251.85982377831823","251.85982377831823"
"1345","250.97531165440566","250.97531165440566","250.97531165440566"
"1346","250.2812544253003","250.2812544253003","250.2812544253003"
"1347","249.66473209428602","249.66473209428602","249.66473209428602"
"1348","248.9829247281514","248.9829247281514","248.9829247281514"
"1349","248.5808443819359","248.5808443819359","248.5808443819359"
"1350","248.40256353203208","248.40256353203208","248.40256353203208"
"1351","248.20960640806706","248.20960640806706","248.20960640806706"
"1352","248.1420222632773","248.1420222632773","248.1420222632773"
"1353","247.7032373213582","247.7032373213582","247.7032373213582"
"1354","247.63610199132935","247.63610199132935","247.63610199132935"
"1355","247.48659398091957","247.48659398091957","247.48659398091957"
"1356","247.22687425203623","247.22687425203623","247.22687425203623"
"1357","247.09592219853775","247.09592219853775","247.09592219853775"
"1358","246.95915640724823","246.95915640724823","246.95915640724823"
"1359","246.79599392279982","246.79599392279982","246.79599392279982"
"1360","246.64392722576858","246.64392722576858","246.64392722576858"
"1361","246.32000434167682","246.32000434167682","246.32000434167682"
"1362","245.76731065006928","245.76731065006928","245.76731065006928"
"1363","245.34699308168143","245.34699308168143","245.34699308168143"
"1364","244.75638182688505","244.75638182688505","244.75638182688505"
"1365","244.25127977110446","244.25127977110446","244.25127977110446"
"1366","243.67285330746324","243.67285330746324","243.67285330746324"
"1367","243.1050773592107","243.1050773592107","243.1050773592107"
"1368","242.53829113656656","242.53829113656656","242.53829113656656"
"1369","242.06128706106915","242.06128706106915","242.06128706106915"
"1370","241.46300009295345","241.46300009295345","241.46300009295345"
"1371","240.9335166961886","240.9335166961886","240.9335166961886"
"1372","240.4055956986174","240.4055956986174","240.4055956986174"
"1373","239.8823249077145","239.8823249077145","239.8823249077145"
"1374","239.44233879526146","239.44233879526146","239.44233879526146"
"1375","238.9717284113448","238.9717284113448","238.9717284113448"
"1376","238.68715350865386","238.68715350865386","238.68715350865386"
"1377","238.5624517108593","238.5624517108593","238.5624517108593"
"1378","238.0974994188454","238.0974994188454","238.0974994188454"
"1379","237.43819164304062","237.43819164304062","237.43819164304062"
"1380","236.73824446616695","236.73824446616695","236.73824446616695"
"1381","236.37654009612277","236.37654009612277","236.37654009612277"
"1382","235.88350197631866","235.88350197631866","235.88350197631866"
"1383","235.14806377880277","235.14806377880277","235.14806377880277"
"1384","234.7978321727179","234.7978321727179","234.7978321727179"
"1385","234.31143396329134","234.31143396329134","234.31143396329134"
"1386","233.6941799146682","233.6941799146682","233.6941799146682"
"1387","233.1920372169465","233.1920372169465","233.1920372169465"
"1388","232.89917178424076","232.89917178424076","232.89917178424076"
"1389","232.4304996834323","232.4304996834323","232.4304996834323"
"1390","232.1660324603319","232.1660324603319","232.1660324603319"
"1391","231.4516778453067","231.4516778453067","231.4516778453067"
"1392","230.9943290332891","230.9943290332891","230.9943290332891"
"1393","230.74043094439432","230.74043094439432","230.74043094439432"
"1394","230.17761625139042","230.17761625139042","230.17761625139042"
"1395","229.6598246339988","229.6598246339988","229.6598246339988"
"1396","229.28829268996603","229.28829268996603","229.28829268996603"
"1397","228.98589902713894","228.98589902713894","228.98589902713894"
"1398","228.68317560803146","228.68317560803146","228.68317560803146"
"1399","228.2948198760487","228.2948198760487","228.2948198760487"
"1400","227.8742688673176","227.8742688673176","227.8742688673176"
"1401","224.97764088393188","224.97764088393188","224.97764088393188"
"1402","222.27043836639263","222.27043836639263","222.27043836639263"
"1403","219.34741076054982","219.34741076054982","219.34741076054982"
"1404","216.50560128069483","216.50560128069483","216.50560128069483"
"1405","213.74698172456584","213.74698172456584","213.74698172456584"
"1406","211.0596429363545","211.0596429363545","211.0596429363545"
"1407","208.31374907136896","208.31374907136896","208.31374907136896"
"1408","205.442699445663","205.442699445663","205.442699445663"
"1409","205.10453619300387","205.10453619300387","205.10453619300387"
"1410","204.42399455937556","204.42399455937556","204.42399455937556"
"1411","203.78842694216408","203.78842694216408","203.78842694216408"
"1412","203.25209941246547","203.25209941246547","203.25209941246547"
"1413","202.765898258565","202.765898258565","202.765898258565"
"1414","204.95709431565368","204.95709431565368","204.95709431565368"
"1415","204.4756112171244","204.4756112171244","204.4756112171244"
"1416","204.13050644042903","204.13050644042903","204.13050644042903"
"1417","203.6938586020749","203.6938586020749","203.6938586020749"
"1418","202.9627955777291","202.9627955777291","202.9627955777291"
"1419","202.51304433318785","202.51304433318785","202.51304433318785"
"1420","202.2168455425743","202.2168455425743","202.2168455425743"
"1421","201.94397212044336","201.94397212044336","201.94397212044336"
"1422","201.81925464437344","201.81925464437344","201.81925464437344"
"1423","201.93188543223775","201.93188543223775","201.93188543223775"
"1424","201.40907179716044","201.40907179716044","201.40907179716044"
"1425","201.29697832376695","201.29697832376695","201.29697832376695"
"1426","201.89256493545136","201.89256493545136","201.89256493545136"
"1427","202.37146029827184","202.37146029827184","202.37146029827184"
"1428","202.66468639140018","202.66468639140018","202.66468639140018"
"1429","203.1804635007959","203.1804635007959","203.1804635007959"
"1430","203.58499986370094","203.58499986370094","203.58499986370094"
"1431","203.8146472981479","203.8146472981479","203.8146472981479"
"1432","204.05437468857505","204.05437468857505","204.05437468857505"
"1433","206.4164500170853","206.4164500170853","206.4164500170853"
"1434","206.74833857177757","206.74833857177757","206.74833857177757"
"1435","207.0451121018175","207.0451121018175","207.0451121018175"
"1436","207.39512529772708","207.39512529772708","207.39512529772708"
"1437","207.76945809680038","207.76945809680038","207.76945809680038"
"1438","208.33023160121402","208.33023160121402","208.33023160121402"
"1439","208.95145099240355","208.95145099240355","208.95145099240355"
"1440","209.61540807974524","209.61540807974524","209.61540807974524"
"1441","210.42799204275943","210.42799204275943","210.42799204275943"
"1442","210.86408070391974","210.86408070391974","210.86408070391974"
"1443","211.54013428079895","211.54013428079895","211.54013428079895"
"1444","212.07625429981388","212.07625429981388","212.07625429981388"
"1445","212.7358784167934","212.7358784167934","212.7358784167934"
"1446","213.03489737012424","213.03489737012424","213.03489737012424"
"1447","213.5638425534498","213.5638425534498","213.5638425534498"
"1448","213.91773375154472","213.91773375154472","213.91773375154472"
"1449","214.20162516330367","214.20162516330367","214.20162516330367"
"1450","214.0986090024654","214.0986090024654","214.0986090024654"
"1451","214.29948402342387","214.29948402342387","214.29948402342387"
"1452","214.18733197095804","214.18733197095804","214.18733197095804"
"1453","214.5460256227385","214.5460256227385","214.5460256227385"
"1454","214.4526344134193","214.4526344134193","214.4526344134193"
"1455","214.27661226897501","214.27661226897501","214.27661226897501"
"1456","214.37628227612936","214.37628227612936","214.37628227612936"
"1457","214.14731529747135","214.14731529747135","214.14731529747135"
"1458","213.98212959165684","213.98212959165684","213.98212959165684"
"1459","213.8194351479318","213.8194351479318","213.8194351479318"
"1460","213.4027081742417","213.4027081742417","213.4027081742417"
"1461","213.4944083782006","213.4944083782006","213.4944083782006"
"1462","213.3833078318741","213.3833078318741","213.3833078318741"
"1463","213.53270557708106","213.53270557708106","213.53270557708106"
"1464","213.36407109822147","213.36407109822147","213.36407109822147"
"1465","213.314142395379","213.314142395379","213.314142395379"
"1466","213.32373879021964","213.32373879021964","213.32373879021964"
"1467","213.06610717714764","213.06610717714764","213.06610717714764"
"1468","213.08585305930114","213.08585305930114","213.08585305930114"
"1469","213.17584598510527","213.17584598510527","213.17584598510527"
"1470","213.30861105169168","213.30861105169168","213.30861105169168"
"1471","213.13837059191428","213.13837059191428","213.13837059191428"
"1472","213.19294719363563","213.19294719363563","213.19294719363563"
"1473","213.45813093190083","213.45813093190083","213.45813093190083"
"1474","213.35658143128268","213.35658143128268","213.35658143128268"
"1475","213.46251420316287","213.46251420316287","213.46251420316287"
"1476","213.17833953752182","213.17833953752182","213.17833953752182"
"1477","212.590986112291","212.590986112291","212.590986112291"
"1478","212.58050340975635","212.58050340975635","212.58050340975635"
"1479","212.6190899120923","212.6190899120923","212.6190899120923"
"1480","212.8573586150352","212.8573586150352","212.8573586150352"
"1481","212.80397299346515","212.80397299346515","212.80397299346515"
"1482","212.82765999513677","212.82765999513677","212.82765999513677"
"1483","213.01887416428886","213.01887416428886","213.01887416428886"
"1484","212.96467833796515","212.96467833796515","212.96467833796515"
"1485","213.07729690372943","213.07729690372943","213.07729690372943"
"1486","213.2990115165524","213.2990115165524","213.2990115165524"
"1487","213.76140993932262","213.76140993932262","213.76140993932262"
"1488","213.70870558932424","213.70870558932424","213.70870558932424"
"1489","214.1363721255213","214.1363721255213","214.1363721255213"
"1490","214.04890116518362","214.04890116518362","214.04890116518362"
"1491","214.6611993299052","214.6611993299052","214.6611993299052"
"1492","214.9826872267388","214.9826872267388","214.9826872267388"
"1493","215.14045512137935","215.14045512137935","215.14045512137935"
"1494","215.69509302470834","215.69509302470834","215.69509302470834"
"1495","216.14867318600417","216.14867318600417","216.14867318600417"
"1496","216.34978515813128","216.34978515813128","216.34978515813128"
"1497","216.68397940932772","216.68397940932772","216.68397940932772"
"1498","217.05529184681365","217.05529184681365","217.05529184681365"
"1499","217.4107757785637","217.4107757785637","217.4107757785637"
"1500","217.89467846942134","217.89467846942134","217.89467846942134"
"1501","220.85242604645902","220.85242604645902","220.85242604645902"
"1502","223.66380734547042","223.66380734547042","223.66380734547042"
"1503","226.68201662776062","226.68201662776062","226.68201662776062"
"1504","229.5894539863337","229.5894539863337","229.5894539863337"
"1505","232.41040035143496","232.41040035143496","232.41040035143496"
"1506","235.24957958254964","235.24957958254964","235.24957958254964"
"1507","238.15977687597274","238.15977687597274","238.15977687597274"
"1508","241.28156602654607","241.28156602654607","241.28156602654607"
"1509","239.74513083900325","239.74513083900325","239.74513083900325"
"1510","240.61603262219344","240.61603262219344","240.61603262219344"
"1511","241.42830544437982","241.42830544437982","241.42830544437982"
"1512","242.24167270676","242.24167270676","242.24167270676"
"1513","242.9905296204635","242.9905296204635","242.9905296204635"
"1514","243.77600075215335","243.77600075215335","243.77600075215335"
"1515","244.54066718030953","244.54066718030953","244.54066718030953"
"1516","245.5734368593269","245.5734368593269","245.5734368593269"
"1517","246.49883812543237","246.49883812543237","246.49883812543237"
"1518","247.45761554438855","247.45761554438855","247.45761554438855"
"1519","248.51377207607263","248.51377207607263","248.51377207607263"
"1520","249.56322854148922","249.56322854148922","249.56322854148922"
"1521","250.45500862993998","250.45500862993998","250.45500862993998"
"1522","251.412445769615","251.412445769615","251.412445769615"
"1523","252.1667068584147","252.1667068584147","252.1667068584147"
"1524","253.03337089280365","253.03337089280365","253.03337089280365"
"1525","253.88802246395267","253.88802246395267","253.88802246395267"
"1526","254.20352892804658","254.20352892804658","254.20352892804658"
"1527","254.52518351122504","254.52518351122504","254.52518351122504"
"1528","254.980907631421","254.980907631421","254.980907631421"
"1529","255.2616986908368","255.2616986908368","255.2616986908368"
"1530","255.62351847070968","255.62351847070968","255.62351847070968"
"1531","256.1916234874888","256.1916234874888","256.1916234874888"
"1532","256.72024478997804","256.72024478997804","256.72024478997804"
"1533","257.3099210345722","257.3099210345722","257.3099210345722"
"1534","257.5758604363515","257.5758604363515","257.5758604363515"
"1535","257.90686342617266","257.90686342617266","257.90686342617266"
"1536","258.3409765381715","258.3409765381715","258.3409765381715"
"1537","258.6909144067555","258.6909144067555","258.6909144067555"
"1538","259.0171877770661","259.0171877770661","259.0171877770661"
"1539","259.20031360180815","259.20031360180815","259.20031360180815"
"1540","259.4722391097015","259.4722391097015","259.4722391097015"
"1541","259.62440307210665","259.62440307210665","259.62440307210665"
"1542","260.11972900071646","260.11972900071646","260.11972900071646"
"1543","258.3735982392123","258.3735982392123","258.3735982392123"
"1544","258.8174653165927","258.8174653165927","258.8174653165927"
"1545","259.0614204506157","259.0614204506157","259.0614204506157"
"1546","259.4808716004854","259.4808716004854","259.4808716004854"
"1547","259.55670572196135","259.55670572196135","259.55670572196135"
"1548","259.83587732090615","259.83587732090615","259.83587732090615"
"1549","259.91381981301123","259.91381981301123","259.91381981301123"
"1550","260.1371909863967","260.1371909863967","260.1371909863967"
"1551","260.20679201602934","260.20679201602934","260.20679201602934"
"1552","260.4451356315054","260.4451356315054","260.4451356315054"
"1553","260.58405464759096","260.58405464759096","260.58405464759096"
"1554","260.6652517242171","260.6652517242171","260.6652517242171"
"1555","260.9538015905395","260.9538015905395","260.9538015905395"
"1556","261.0799991621077","261.0799991621077","261.0799991621077"
"1557","261.34242318676786","261.34242318676786","261.34242318676786"
"1558","261.5735845168494","261.5735845168494","261.5735845168494"
"1559","261.5556131872907","261.5556131872907","261.5556131872907"
"1560","262.0342485362664","262.0342485362664","262.0342485362664"
"1561","262.07031571030615","262.07031571030615","262.07031571030615"
"1562","262.4992576004565","262.4992576004565","262.4992576004565"
"1563","262.6924503718317","262.6924503718317","262.6924503718317"
"1564","263.27959941478446","263.27959941478446","263.27959941478446"
"1565","263.75913598271086","263.75913598271086","263.75913598271086"
"1566","264.0908748292178","264.0908748292178","264.0908748292178"
"1567","264.74875642385337","264.74875642385337","264.74875642385337"
"1568","264.87576533049344","264.87576533049344","264.87576533049344"
"1569","265.18027334224433","265.18027334224433","265.18027334224433"
"1570","265.0931627374142","265.0931627374142","265.0931627374142"
"1571","265.72880690589545","265.72880690589545","265.72880690589545"
"1572","266.16296087171884","266.16296087171884","266.16296087171884"
"1573","266.3304750252701","266.3304750252701","266.3304750252701"
"1574","266.52278455771506","266.52278455771506","266.52278455771506"
"1575","266.84358096666637","266.84358096666637","266.84358096666637"
"1576","267.28642131786796","267.28642131786796","267.28642131786796"
"1577","267.93346249552445","267.93346249552445","267.93346249552445"
"1578","268.33018224258905","268.33018224258905","268.33018224258905"
"1579","268.84182232225317","268.84182232225317","268.84182232225317"
"1580","269.2902910592407","269.2902910592407","269.2902910592407"
"1581","269.6418233555183","269.6418233555183","269.6418233555183"
"1582","270.00822395661845","270.00822395661845","270.00822395661845"
"1583","270.6354650461674","270.6354650461674","270.6354650461674"
"1584","271.0729095046595","271.0729095046595","271.0729095046595"
"1585","271.55561372868715","271.55561372868715","271.55561372868715"
"1586","271.92912798644977","271.92912798644977","271.92912798644977"
"1587","272.0761581233982","272.0761581233982","272.0761581233982"
"1588","272.241148605356","272.241148605356","272.241148605356"
"1589","272.30010186471975","272.30010186471975","272.30010186471975"
"1590","272.53221068917776","272.53221068917776","272.53221068917776"
"1591","272.5754834826756","272.5754834826756","272.5754834826756"
"1592","272.7165735270735","272.7165735270735","272.7165735270735"
"1593","272.8383288808074","272.8383288808074","272.8383288808074"
"1594","272.85458219598047","272.85458219598047","272.85458219598047"
"1595","272.90826054379346","272.90826054379346","272.90826054379346"
"1596","273.08867816381155","273.08867816381155","273.08867816381155"
"1597","273.06687939856204","273.06687939856204","273.06687939856204"
"1598","273.0720154781453","273.0720154781453","273.0720154781453"
"1599","273.17982304196806","273.17982304196806","273.17982304196806"
"1600","273.17140575304626","273.17140575304626","273.17140575304626"
"1601","273.140882649757","273.140882649757","273.140882649757"
"1602","273.0583885944076","273.0583885944076","273.0583885944076"
"1603","272.95123941412197","272.95123941412197","272.95123941412197"
"1604","272.9717193775624","272.9717193775624","272.9717193775624"
"1605","272.8784874839801","272.8784874839801","272.8784874839801"
"1606","272.6913451154623","272.6913451154623","272.6913451154623"
"1607","272.5888690526132","272.5888690526132","272.5888690526132"
"1608","272.357726580007","272.357726580007","272.357726580007"
"1609","274.3437206376903","274.3437206376903","274.3437206376903"
"1610","274.18387410589725","274.18387410589725","274.18387410589725"
"1611","273.9729398448323","273.9729398448323","273.9729398448323"
"1612","273.74825338892873","273.74825338892873","273.74825338892873"
"1613","273.60829111375614","273.60829111375614","273.60829111375614"
"1614","273.49496503812026","273.49496503812026","273.49496503812026"
"1615","273.4418233373645","273.4418233373645","273.4418233373645"
"1616","273.28067168221577","273.28067168221577","273.28067168221577"
"1617","273.1674742184649","273.1674742184649","273.1674742184649"
"1618","273.0260635389085","273.0260635389085","273.0260635389085"
"1619","272.82228805209274","272.82228805209274","272.82228805209274"
"1620","272.6788237925456","272.6788237925456","272.6788237925456"
"1621","272.5243499967572","272.5243499967572","272.5243499967572"
"1622","272.347459538274","272.347459538274","272.347459538274"
"1623","272.1999093983439","272.1999093983439","272.1999093983439"
"1624","272.0834121304867","272.0834121304867","272.0834121304867"
"1625","271.9725969419558","271.9725969419558","271.9725969419558"
"1626","271.7861860573967","271.7861860573967","271.7861860573967"
"1627","271.74426683019146","271.74426683019146","271.74426683019146"
"1628","271.58237120239295","271.58237120239295","271.58237120239295"
"1629","271.4917323598475","271.4917323598475","271.4917323598475"
"1630","271.5111772788153","271.5111772788153","271.5111772788153"
"1631","271.35252897462107","271.35252897462107","271.35252897462107"
"1632","271.33064066170016","271.33064066170016","271.33064066170016"
"1633","271.22400389099727","271.22400389099727","271.22400389099727"
"1634","271.07875675324584","271.07875675324584","271.07875675324584"
"1635","270.9898570626252","270.9898570626252","270.9898570626252"
"1636","270.8288185563893","270.8288185563893","270.8288185563893"
"1637","270.8210953487293","270.8210953487293","270.8210953487293"
"1638","270.72698423901807","270.72698423901807","270.72698423901807"
"1639","270.5749480664753","270.5749480664753","270.5749480664753"
"1640","270.4302043457003","270.4302043457003","270.4302043457003"
"1641","270.2645937265409","270.2645937265409","270.2645937265409"
"1642","270.0642547127372","270.0642547127372","270.0642547127372"
"1643","272.0672225253703","272.0672225253703","272.0672225253703"
"1644","271.89606953962243","271.89606953962243","271.89606953962243"
"1645","271.7910722955363","271.7910722955363","271.7910722955363"
"1646","271.80508806743194","271.80508806743194","271.80508806743194"
"1647","271.8582060974184","271.8582060974184","271.8582060974184"
"1648","271.8770230795536","271.8770230795536","271.8770230795536"
"1649","271.90374912091534","271.90374912091534","271.90374912091534"
"1650","272.0445194930211","272.0445194930211","272.0445194930211"
"1651","272.0982701887097","272.0982701887097","272.0982701887097"
"1652","272.24514605433683","272.24514605433683","272.24514605433683"
"1653","272.2107671710476","272.2107671710476","272.2107671710476"
"1654","272.3856220380962","272.3856220380962","272.3856220380962"
"1655","272.5410786064528","272.5410786064528","272.5410786064528"
"1656","272.66778397953135","272.66778397953135","272.66778397953135"
"1657","272.88871759319676","272.88871759319676","272.88871759319676"
"1658","273.00513658737765","273.00513658737765","273.00513658737765"
"1659","273.46011920074","273.46011920074","273.46011920074"
"1660","273.63322586456314","273.63322586456314","273.63322586456314"
"1661","273.8822916697525","273.8822916697525","273.8822916697525"
"1662","274.1282145080809","274.1282145080809","274.1282145080809"
"1663","274.33308528167197","274.33308528167197","274.33308528167197"
"1664","274.5234204934444","274.5234204934444","274.5234204934444"
"1665","274.6440436150972","274.6440436150972","274.6440436150972"
"1666","274.94650859403424","274.94650859403424","274.94650859403424"
"1667","275.1164353266824","275.1164353266824","275.1164353266824"
"1668","275.6191017051693","275.6191017051693","275.6191017051693"
"1669","275.746484598564","275.746484598564","275.746484598564"
"1670","276.29686807787976","276.29686807787976","276.29686807787976"
"1671","276.4229067269433","276.4229067269433","276.4229067269433"
"1672","276.42894234004433","276.42894234004433","276.42894234004433"
"1673","276.54847316130065","276.54847316130065","276.54847316130065"
"1674","276.96821273560636","276.96821273560636","276.96821273560636"
"1675","276.9673784237262","276.9673784237262","276.9673784237262"
"1676","277.0917661363352","277.0917661363352","277.0917661363352"
"1677","277.2137584410142","277.2137584410142","277.2137584410142"
"1678","277.26308770900124","277.26308770900124","277.26308770900124"
"1679","277.3153010393912","277.3153010393912","277.3153010393912"
"1680","277.28455816688484","277.28455816688484","277.28455816688484"
"1681","277.27722054167185","277.27722054167185","277.27722054167185"
"1682","277.2482486824738","277.2482486824738","277.2482486824738"
"1683","277.0893273301842","277.0893273301842","277.0893273301842"
"1684","277.1392635489395","277.1392635489395","277.1392635489395"
"1685","277.15175651179163","277.15175651179163","277.15175651179163"
"1686","277.1816471965378","277.1816471965378","277.1816471965378"
"1687","277.0926543395454","277.0926543395454","277.0926543395454"
"1688","277.20567586573304","277.20567586573304","277.20567586573304"
"1689","277.24166778577955","277.24166778577955","277.24166778577955"
"1690","277.3219391400786","277.3219391400786","277.3219391400786"
"1691","277.2711049263412","277.2711049263412","277.2711049263412"
"1692","277.21738111345564","277.21738111345564","277.21738111345564"
"1693","277.2928411804372","277.2928411804372","277.2928411804372"
"1694","277.3699461238482","277.3699461238482","277.3699461238482"
"1695","277.3903221983765","277.3903221983765","277.3903221983765"
"1696","277.4801479596388","277.4801479596388","277.4801479596388"
"1697","277.55621466330484","277.55621466330484","277.55621466330484"
"1698","277.6692583696474","277.6692583696474","277.6692583696474"
"1699","277.6301216220972","277.6301216220972","277.6301216220972"
"1700","277.64897231289416","277.64897231289416","277.64897231289416"
"1701","277.6556693053362","277.6556693053362","277.6556693053362"
"1702","277.7548977656965","277.7548977656965","277.7548977656965"
"1703","277.9894410483935","277.9894410483935","277.9894410483935"
"1704","278.038718276734","278.038718276734","278.038718276734"
"1705","276.1425407956238","276.1425407956238","276.1425407956238"
"1706","276.20932653809666","276.20932653809666","276.20932653809666"
"1707","276.25585712690605","276.25585712690605","276.25585712690605"
"1708","276.3741530452366","276.3741530452366","276.3741530452366"
"1709","276.43174496250924","276.43174496250924","276.43174496250924"
"1710","274.5429702282022","274.5429702282022","274.5429702282022"
"1711","274.66625505364266","274.66625505364266","274.66625505364266"
"1712","272.64481900856595","272.64481900856595","272.64481900856595"
"1713","272.7426021730597","272.7426021730597","272.7426021730597"
"1714","272.790106722943","272.790106722943","272.790106722943"
"1715","272.9337757117744","272.9337757117744","272.9337757117744"
"1716","272.9592188231158","272.9592188231158","272.9592188231158"
"1717","272.9543156856182","272.9543156856182","272.9543156856182"
"1718","273.00769564521266","273.00769564521266","273.00769564521266"
"1719","271.01427982720315","271.01427982720315","271.01427982720315"
"1720","271.07942759663564","271.07942759663564","271.07942759663564"
"1721","269.0411961146048","269.0411961146048","269.0411961146048"
"1722","269.1864226138382","269.1864226138382","269.1864226138382"
"1723","269.29465606290614","269.29465606290614","269.29465606290614"
"1724","269.4656009665108","269.4656009665108","269.4656009665108"
"1725","269.60299801966875","269.60299801966875","269.60299801966875"
"1726","269.80668375449955","269.80668375449955","269.80668375449955"
"1727","270.04125773947453","270.04125773947453","270.04125773947453"
"1728","270.2707862521219","270.2707862521219","270.2707862521219"
"1729","270.6291098394501","270.6291098394501","270.6291098394501"
"1730","268.74002910275476","268.74002910275476","268.74002910275476"
"1731","268.9743439034233","268.9743439034233","268.9743439034233"
"1732","269.335152700576","269.335152700576","269.335152700576"
"1733","269.6323932291148","269.6323932291148","269.6323932291148"
"1734","269.97747651749756","269.97747651749756","269.97747651749756"
"1735","270.2569736309862","270.2569736309862","270.2569736309862"
"1736","270.4564721308788","270.4564721308788","270.4564721308788"
"1737","270.57353295597716","270.57353295597716","270.57353295597716"
"1738","270.7593451643689","270.7593451643689","270.7593451643689"
"1739","270.96201892816","270.96201892816","270.96201892816"
"1740","271.1545218336978","271.1545218336978","271.1545218336978"
"1741","271.4083066266221","271.4083066266221","271.4083066266221"
"1742","271.5508483336242","271.5508483336242","271.5508483336242"
"1743","271.65025829793234","271.65025829793234","271.65025829793234"
"1744","271.78248293527685","271.78248293527685","271.78248293527685"
"1745","271.87643534771445","271.87643534771445","271.87643534771445"
"1746","271.7717283861646","271.7717283861646","271.7717283861646"
"1747","271.8529532883065","271.8529532883065","271.8529532883065"
"1748","269.9373858396993","269.9373858396993","269.9373858396993"
"1749","270.05500293669337","270.05500293669337","270.05500293669337"
"1750","270.10192968331324","270.10192968331324","270.10192968331324"
"1751","270.1420329168257","270.1420329168257","270.1420329168257"
"1752","270.185299616829","270.185299616829","270.185299616829"
"1753","270.3586962530115","270.3586962530115","270.3586962530115"
"1754","268.4566626760834","268.4566626760834","268.4566626760834"
"1755","268.5303721431741","268.5303721431741","268.5303721431741"
"1756","268.5996008321741","268.5996008321741","268.5996008321741"
"1757","268.64619615750433","268.64619615750433","268.64619615750433"
"1758","268.60951960433323","268.60951960433323","268.60951960433323"
"1759","268.55206894176126","268.55206894176126","268.55206894176126"
"1760","268.55467515714514","268.55467515714514","268.55467515714514"
"1761","268.5027050822233","268.5027050822233","268.5027050822233"
"1762","268.5579143949696","268.5579143949696","268.5579143949696"
"1763","268.4728052068413","268.4728052068413","268.4728052068413"
"1764","268.44870608805724","268.44870608805724","268.44870608805724"
"1765","268.35134666566785","268.35134666566785","268.35134666566785"
"1766","268.33784867755185","268.33784867755185","268.33784867755185"
"1767","268.32535105447334","268.32535105447334","268.32535105447334"
"1768","268.1850928286933","268.1850928286933","268.1850928286933"
"1769","268.1361390568414","268.1361390568414","268.1361390568414"
"1770","268.13538787717977","268.13538787717977","268.13538787717977"
"1771","268.0433480736618","268.0433480736618","268.0433480736618"
"1772","268.0510366151021","268.0510366151021","268.0510366151021"
"1773","268.0559435951994","268.0559435951994","268.0559435951994"
"1774","267.93988027774776","267.93988027774776","267.93988027774776"
"1775","267.95709240566055","267.95709240566055","267.95709240566055"
"1776","267.9349118761071","267.9349118761071","267.9349118761071"
"1777","267.8031240029358","267.8031240029358","267.8031240029358"
"1778","267.69606182029054","267.69606182029054","267.69606182029054"
"1779","267.59000785896137","267.59000785896137","267.59000785896137"
"1780","267.5760700700949","267.5760700700949","267.5760700700949"
"1781","267.56985366556376","267.56985366556376","267.56985366556376"
"1782","267.621537593748","267.621537593748","267.621537593748"
"1783","267.61939000907864","267.61939000907864","267.61939000907864"
"1784","267.4711014652583","267.4711014652583","267.4711014652583"
"1785","267.3597217352833","267.3597217352833","267.3597217352833"
"1786","267.2593520064424","267.2593520064424","267.2593520064424"
"1787","267.2019634061265","267.2019634061265","267.2019634061265"
"1788","267.1131178212683","267.1131178212683","267.1131178212683"
"1789","267.02171500851915","267.02171500851915","267.02171500851915"
"1790","266.54071769615217","266.54071769615217","266.54071769615217"
"1791","265.9515873468253","265.9515873468253","265.9515873468253"
"1792","265.6536113780695","265.6536113780695","265.6536113780695"
"1793","264.9439969111192","264.9439969111192","264.9439969111192"
"1794","264.80207084225304","264.80207084225304","264.80207084225304"
"1795","264.41710588993317","264.41710588993317","264.41710588993317"
"1796","264.1974903054517","264.1974903054517","264.1974903054517"
"1797","264.02244910666536","264.02244910666536","264.02244910666536"
"1798","263.51672229930574","263.51672229930574","263.51672229930574"
"1799","263.0784183250535","263.0784183250535","263.0784183250535"
"1800","262.51909714260887","262.51909714260887","262.51909714260887"
"1801","261.7102185022999","261.7102185022999","261.7102185022999"
"1802","260.8675527002271","260.8675527002271","260.8675527002271"
"1803","260.1891772372909","260.1891772372909","260.1891772372909"
"1804","259.48648982559143","259.48648982559143","259.48648982559143"
"1805","261.3610774449287","261.3610774449287","261.3610774449287"
"1806","261.2556816801457","261.2556816801457","261.2556816801457"
"1807","260.8721897492772","260.8721897492772","260.8721897492772"
"1808","260.491359180904","260.491359180904","260.491359180904"
"1809","260.05635139551293","260.05635139551293","260.05635139551293"
"1810","261.6563370696111","261.6563370696111","261.6563370696111"
"1811","261.21510049257705","261.21510049257705","261.21510049257705"
"1812","262.98149668870775","262.98149668870775","262.98149668870775"
"1813","262.6502150378777","262.6502150378777","262.6502150378777"
"1814","262.1833450306794","262.1833450306794","262.1833450306794"
"1815","261.6539932028791","261.6539932028791","261.6539932028791"
"1816","261.14207844805253","261.14207844805253","261.14207844805253"
"1817","260.8592758180229","260.8592758180229","260.8592758180229"
"1818","260.46123111646904","260.46123111646904","260.46123111646904"
"1819","262.0209594557742","262.0209594557742","262.0209594557742"
"1820","261.4483767592469","261.4483767592469","261.4483767592469"
"1821","262.97344544158597","262.97344544158597","262.97344544158597"
"1822","262.4678741856599","262.4678741856599","262.4678741856599"
"1823","262.23827175402363","262.23827175402363","262.23827175402363"
"1824","261.8208163125189","261.8208163125189","261.8208163125189"
"1825","261.5517553869197","261.5517553869197","261.5517553869197"
"1826","261.17682363703193","261.17682363703193","261.17682363703193"
"1827","260.9076524513429","260.9076524513429","260.9076524513429"
"1828","260.59106576780135","260.59106576780135","260.59106576780135"
"1829","260.2353438668726","260.2353438668726","260.2353438668726"
"1830","262.0841701518609","262.0841701518609","262.0841701518609"
"1831","261.8364371834374","261.8364371834374","261.8364371834374"
"1832","261.36535298185004","261.36535298185004","261.36535298185004"
"1833","260.755636935174","260.755636935174","260.755636935174"
"1834","260.42196694688454","260.42196694688454","260.42196694688454"
"1835","260.13452776008796","260.13452776008796","260.13452776008796"
"1836","259.8673143835324","259.8673143835324","259.8673143835324"
"1837","259.6270667714956","259.6270667714956","259.6270667714956"
"1838","259.2541828114125","259.2541828114125","259.2541828114125"
"1839","258.9990562198921","258.9990562198921","258.9990562198921"
"1840","258.78852081944046","258.78852081944046","258.78852081944046"
"1841","258.5484657171741","258.5484657171741","258.5484657171741"
"1842","258.3508782850276","258.3508782850276","258.3508782850276"
"1843","258.0427899563476","258.0427899563476","258.0427899563476"
"1844","257.8419089009217","257.8419089009217","257.8419089009217"
"1845","257.65236351404104","257.65236351404104","257.65236351404104"
"1846","257.56559691758594","257.56559691758594","257.56559691758594"
"1847","257.389818863885","257.389818863885","257.389818863885"
"1848","259.1949148789607","259.1949148789607","259.1949148789607"
"1849","258.7161091740243","258.7161091740243","258.7161091740243"
"1850","258.41329976458104","258.41329976458104","258.41329976458104"
"1851","258.25598381718623","258.25598381718623","258.25598381718623"
"1852","258.10161155490204","258.10161155490204","258.10161155490204"
"1853","257.86564432327634","257.86564432327634","257.86564432327634"
"1854","259.7149681832362","259.7149681832362","259.7149681832362"
"1855","259.46004558577204","259.46004558577204","259.46004558577204"
"1856","259.17287668266334","259.17287668266334","259.17287668266334"
"1857","259.0479446509853","259.0479446509853","259.0479446509853"
"1858","259.0263276924938","259.0263276924938","259.0263276924938"
"1859","259.01975159451365","259.01975159451365","259.01975159451365"
"1860","258.90048612095416","258.90048612095416","258.90048612095416"
"1861","258.84230487570164","258.84230487570164","258.84230487570164"
"1862","258.7122452325746","258.7122452325746","258.7122452325746"
"1863","258.5644560177438","258.5644560177438","258.5644560177438"
"1864","258.477533740066","258.477533740066","258.477533740066"
"1865","258.5791256228648","258.5791256228648","258.5791256228648"
"1866","258.47269812302665","258.47269812302665","258.47269812302665"
"1867","256.19991891492157","256.19991891492157","256.19991891492157"
"1868","256.14465302458035","256.14465302458035","256.14465302458035"
"1869","256.1449557184428","256.1449557184428","256.1449557184428"
"1870","256.06869629345834","256.06869629345834","256.06869629345834"
"1871","253.44876022889278","253.44876022889278","253.44876022889278"
"1872","251.2434583362378","251.2434583362378","251.2434583362378"
"1873","251.12475723134355","251.12475723134355","251.12475723134355"
"1874","251.17962837696075","251.17962837696075","251.17962837696075"
"1875","248.6767172389105","248.6767172389105","248.6767172389105"
"1876","246.2546168664284","246.2546168664284","246.2546168664284"
"1877","246.18107185579836","246.18107185579836","246.18107185579836"
"1878","246.24137756017967","246.24137756017967","246.24137756017967"
"1879","243.88205748459325","243.88205748459325","243.88205748459325"
"1880","243.83696275502444","243.83696275502444","243.83696275502444"
"1881","243.85462857639416","243.85462857639416","243.85462857639416"
"1882","241.25889142625965","241.25889142625965","241.25889142625965"
"1883","238.78399332287722","238.78399332287722","238.78399332287722"
"1884","236.29455176982097","236.29455176982097","236.29455176982097"
"1885","233.75952106797138","233.75952106797138","233.75952106797138"
"1886","233.73670922948978","233.73670922948978","233.73670922948978"
"1887","233.5397955758404","233.5397955758404","233.5397955758404"
"1888","230.94669860101305","230.94669860101305","230.94669860101305"
"1889","228.24965858996845","228.24965858996845","228.24965858996845"
"1890","225.99118127542548","225.99118127542548","225.99118127542548"
"1891","224.0099236484524","224.0099236484524","224.0099236484524"
"1892","224.31181628250516","224.31181628250516","224.31181628250516"
"1893","224.84629764356652","224.84629764356652","224.84629764356652"
"1894","224.8458066254016","224.8458066254016","224.8458066254016"
"1895","225.04671734091826","225.04671734091826","225.04671734091826"
"1896","225.0920284525212","225.0920284525212","225.0920284525212"
"1897","224.9091493940819","224.9091493940819","224.9091493940819"
"1898","225.22279342711903","225.22279342711903","225.22279342711903"
"1899","225.39108582426795","225.39108582426795","225.39108582426795"
"1900","225.75335872485303","225.75335872485303","225.75335872485303"
"1901","226.3813935185503","226.3813935185503","226.3813935185503"
"1902","227.03877727852202","227.03877727852202","227.03877727852202"
"1903","227.4683004935924","227.4683004935924","227.4683004935924"
"1904","228.0647773070354","228.0647773070354","228.0647773070354"
"1905","228.06645000874065","228.06645000874065","228.06645000874065"
"1906","228.13426272216253","228.13426272216253","228.13426272216253"
"1907","228.42498866475188","228.42498866475188","228.42498866475188"
"1908","228.70071448639968","228.70071448639968","228.70071448639968"
"1909","228.95305580678396","228.95305580678396","228.95305580678396"
"1910","229.22118634472602","229.22118634472602","229.22118634472602"
"1911","229.59399600627833","229.59399600627833","229.59399600627833"
"1912","229.72825922018848","229.72825922018848","229.72825922018848"
"1913","229.84112740159966","229.84112740159966","229.84112740159966"
"1914","230.1707924688887","230.1707924688887","230.1707924688887"
"1915","230.44194099676795","230.44194099676795","230.44194099676795"
"1916","230.87223505974748","230.87223505974748","230.87223505974748"
"1917","231.06550413683988","231.06550413683988","231.06550413683988"
"1918","231.32692084033974","231.32692084033974","231.32692084033974"
"1919","231.70078680599107","231.70078680599107","231.70078680599107"
"1920","232.16983898533508","232.16983898533508","232.16983898533508"
"1921","232.68089370090513","232.68089370090513","232.68089370090513"
"1922","232.96577197149395","232.96577197149395","232.96577197149395"
"1923","232.92976246746258","232.92976246746258","232.92976246746258"
"1924","233.09573135063053","233.09573135063053","233.09573135063053"
"1925","233.1033991588466","233.1033991588466","233.1033991588466"
"1926","233.33000267497263","233.33000267497263","233.33000267497263"
"1927","233.3307503282372","233.3307503282372","233.3307503282372"
"1928","233.42762451489455","233.42762451489455","233.42762451489455"
"1929","233.41884475921282","233.41884475921282","233.41884475921282"
"1930","233.4017705184128","233.4017705184128","233.4017705184128"
"1931","233.4780057246145","233.4780057246145","233.4780057246145"
"1932","233.53537959872745","233.53537959872745","233.53537959872745"
"1933","233.84440333654172","233.84440333654172","233.84440333654172"
"1934","233.9117559965607","233.9117559965607","233.9117559965607"
"1935","233.97500638394615","233.97500638394615","233.97500638394615"
"1936","233.99012644375674","233.99012644375674","233.99012644375674"
"1937","234.02028696239927","234.02028696239927","234.02028696239927"
"1938","234.14864615241996","234.14864615241996","234.14864615241996"
"1939","234.1113149280753","234.1113149280753","234.1113149280753"
"1940","234.13720149955714","234.13720149955714","234.13720149955714"
"1941","234.18901613737455","234.18901613737455","234.18901613737455"
"1942","234.21501596863382","234.21501596863382","234.21501596863382"
"1943","234.3009999631252","234.3009999631252","234.3009999631252"
"1944","234.3079027400445","234.3079027400445","234.3079027400445"
"1945","234.3231371322181","234.3231371322181","234.3231371322181"
"1946","234.35442833607084","234.35442833607084","234.35442833607084"
"1947","234.42126723163761","234.42126723163761","234.42126723163761"
"1948","234.5674308213126","234.5674308213126","234.5674308213126"
"1949","234.91457309824415","234.91457309824415","234.91457309824415"
"1950","235.0759646942187","235.0759646942187","235.0759646942187"
"1951","235.0381729632709","235.0381729632709","235.0381729632709"
"1952","235.00329202952796","235.00329202952796","235.00329202952796"
"1953","235.02260043056683","235.02260043056683","235.02260043056683"
"1954","234.996183434017","234.996183434017","234.996183434017"
"1955","235.01661599704997","235.01661599704997","235.01661599704997"
"1956","235.17226963477208","235.17226963477208","235.17226963477208"
"1957","235.2629895610921","235.2629895610921","235.2629895610921"
"1958","235.30503454504534","235.30503454504534","235.30503454504534"
"1959","235.34498694999144","235.34498694999144","235.34498694999144"
"1960","235.53912896929307","235.53912896929307","235.53912896929307"
"1961","235.6502432907559","235.6502432907559","235.6502432907559"
"1962","235.77381873629986","235.77381873629986","235.77381873629986"
"1963","235.9868840501085","235.9868840501085","235.9868840501085"
"1964","236.1533259803429","236.1533259803429","236.1533259803429"
"1965","236.18614299671725","236.18614299671725","236.18614299671725"
"1966","236.32784699236973","236.32784699236973","236.32784699236973"
"1967","238.6941195013374","238.6941195013374","238.6941195013374"
"1968","238.8670523276739","238.8670523276739","238.8670523276739"
"1969","238.8947226542607","238.8947226542607","238.8947226542607"
"1970","239.00729244690388","239.00729244690388","239.00729244690388"
"1971","241.77046973051503","241.77046973051503","241.77046973051503"
"1972","244.03588470246643","244.03588470246643","244.03588470246643"
"1973","244.13583791011013","244.13583791011013","244.13583791011013"
"1974","244.16596758692526","244.16596758692526","244.16596758692526"
"1975","246.72642402532512","246.72642402532512","246.72642402532512"
"1976","249.18569280368277","249.18569280368277","249.18569280368277"
"1977","249.30758556726389","249.30758556726389","249.30758556726389"
"1978","249.33278025084175","249.33278025084175","249.33278025084175"
"1979","251.81622354864143","251.81622354864143","251.81622354864143"
"1980","251.89480054958725","251.89480054958725","251.89480054958725"
"1981","251.8831568065565","251.8831568065565","251.8831568065565"
"1982","254.45350899433717","254.45350899433717","254.45350899433717"
"1983","256.97872719818724","256.97872719818724","256.97872719818724"
"1984","259.66949298854917","259.66949298854917","259.66949298854917"
"1985","262.39232935644685","262.39232935644685","262.39232935644685"
"1986","262.60131197353826","262.60131197353826","262.60131197353826"
"1987","262.9017125428282","262.9017125428282","262.9017125428282"
"1988","265.6859745389811","265.6859745389811","265.6859745389811"
"1989","268.54144951565485","268.54144951565485","268.54144951565485"
"1990","271.37275223980015","271.37275223980015","271.37275223980015"
"1991","274.08495463460974","274.08495463460974","274.08495463460974"
"1992","274.1369396076567","274.1369396076567","274.1369396076567"
"1993","274.2890758625447","274.2890758625447","274.2890758625447"
"1994","274.37749190137083","274.37749190137083","274.37749190137083"
"1995","274.57198598800517","274.57198598800517","274.57198598800517"
"1996","274.7658019985474","274.7658019985474","274.7658019985474"
"1997","275.0771076261095","275.0771076261095","275.0771076261095"
"1998","275.23548453374127","275.23548453374127","275.23548453374127"
"1999","275.63767821753686","275.63767821753686","275.63767821753686"
"2000","275.8138837557315","275.8138837557315","275.8138837557315"