"Step","dqn - train/reward_mean","dqn - train/reward_mean__MIN","dqn - train/reward_mean__MAX"
"1","-81.31784233544022","-81.31784233544022","-81.31784233544022"
"2","-65.4529693685472","-65.4529693685472","-65.4529693685472"
"3","-58.760808072829","-58.760808072829","-58.760808072829"
"4","-56.855288020684384","-56.855288020684384","-56.855288020684384"
"5","-66.08769309138879","-66.08769309138879","-66.08769309138879"
"6","-71.41285302016574","-71.41285302016574","-71.41285302016574"
"7","-68.26539003656113","-68.26539003656113","-68.26539003656113"
"8","-65.65637402900029","-65.65637402900029","-65.65637402900029"
"9","-64.0751897890845","-64.0751897890845","-64.0751897890845"
"10","-67.36032736883499","-67.36032736883499","-67.36032736883499"
"11","-65.4767833345739","-65.4767833345739","-65.4767833345739"
"12","-66.97685937067338","-66.97685937067338","-66.97685937067338"
"13","-68.10977821592958","-68.10977821592958","-68.10977821592958"
"14","-66.70199578425049","-66.70199578425049","-66.70199578425049"
"15","-65.44124960126355","-65.44124960126355","-65.44124960126355"
"16","-68.20950108589022","-68.20950108589022","-68.20950108589022"
"17","-66.9458932825912","-66.9458932825912","-66.9458932825912"
"18","-69.19743955670856","-69.19743955670856","-69.19743955670856"
"19","-70.44648367955692","-70.44648367955692","-70.44648367955692"
"20","-69.48189371654298","-69.48189371654298","-69.48189371654298"
"21","-70.17023903071615","-70.17023903071615","-70.17023903071615"
"22","-72.00228846576911","-72.00228846576911","-72.00228846576911"
"23","-73.10616871143651","-73.10616871143651","-73.10616871143651"
"24","-73.52957468638972","-73.52957468638972","-73.52957468638972"
"25","-74.79303682669997","-74.79303682669997","-74.79303682669997"
"26","-75.58748097488514","-75.58748097488514","-75.58748097488514"
"27","-74.38108073968303","-74.38108073968303","-74.38108073968303"
"28","-73.4599633459667","-73.4599633459667","-73.4599633459667"
"29","-74.05204015006792","-74.05204015006792","-74.05204015006792"
"30","-75.3183505708507","-75.3183505708507","-75.3183505708507"
"31","-74.45568312755636","-74.45568312755636","-74.45568312755636"
"32","-73.5087360018806","-73.5087360018806","-73.5087360018806"
"33","-73.72923974131206","-73.72923974131206","-73.72923974131206"
"34","-72.90303706606467","-72.90303706606467","-72.90303706606467"
"35","-73.29234293411885","-73.29234293411885","-73.29234293411885"
"36","-73.68063048252628","-73.68063048252628","-73.68063048252628"
"37","-73.96465611256458","-73.96465611256458","-73.96465611256458"
"38","-74.26786488860748","-74.26786488860748","-74.26786488860748"
"39","-73.61234474295559","-73.61234474295559","-73.61234474295559"
"40","-73.98800888735568","-73.98800888735568","-73.98800888735568"
"41","-73.36379237459381","-73.36379237459381","-73.36379237459381"
"42","-73.6291261441296","-73.6291261441296","-73.6291261441296"
"43","-74.5964936255694","-74.5964936255694","-74.5964936255694"
"44","-74.01430679855615","-74.01430679855615","-74.01430679855615"
"45","-74.38141654893342","-74.38141654893342","-74.38141654893342"
"46","-74.60274615642898","-74.60274615642898","-74.60274615642898"
"47","-75.16002440410963","-75.16002440410963","-75.16002440410963"
"48","-74.62073449982563","-74.62073449982563","-74.62073449982563"
"49","-74.07206341376224","-74.07206341376224","-74.07206341376224"
"50","-74.24744786103255","-74.24744786103255","-74.24744786103255"
"51","-73.72170091460586","-73.72170091460586","-73.72170091460586"
"52","-73.2079288977055","-73.2079288977055","-73.2079288977055"
"53","-73.50744390888315","-73.50744390888315","-73.50744390888315"
"54","-73.72993163240177","-73.72993163240177","-73.72993163240177"
"55","-73.29413849348202","-73.29413849348202","-73.29413849348202"
"56","-73.46571616787696","-73.46571616787696","-73.46571616787696"
"57","-73.68743931357504","-73.68743931357504","-73.68743931357504"
"58","-73.3011420261163","-73.3011420261163","-73.3011420261163"
"59","-72.87683093108205","-72.87683093108205","-72.87683093108205"
"60","-72.50946078021079","-72.50946078021079","-72.50946078021079"
"61","-73.09888121052826","-73.09888121052826","-73.09888121052826"
"62","-73.5277077100956","-73.5277077100956","-73.5277077100956"
"63","-73.76617669274187","-73.76617669274187","-73.76617669274187"
"64","-74.05396789589531","-74.05396789589531","-74.05396789589531"
"65","-74.40340188452213","-74.40340188452213","-74.40340188452213"
"66","-74.00224237456507","-74.00224237456507","-74.00224237456507"
"67","-74.1385560748719","-74.1385560748719","-74.1385560748719"
"68","-73.81497145671464","-73.81497145671464","-73.81497145671464"
"69","-73.40827249473702","-73.40827249473702","-73.40827249473702"
"70","-73.70555369356339","-73.70555369356339","-73.70555369356339"
"71","-73.9000088087948","-73.9000088087948","-73.9000088087948"
"72","-74.00055096719451","-74.00055096719451","-74.00055096719451"
"73","-74.28952181817642","-74.28952181817642","-74.28952181817642"
"74","-74.41780110019396","-74.41780110019396","-74.41780110019396"
"75","-74.53365009307822","-74.53365009307822","-74.53365009307822"
"76","-74.63858320122227","-74.63858320122227","-74.63858320122227"
"77","-74.72810416664382","-74.72810416664382","-74.72810416664382"
"78","-74.80671878454525","-74.80671878454525","-74.80671878454525"
"79","-74.40232951525869","-74.40232951525869","-74.40232951525869"
"80","-74.51093440235672","-74.51093440235672","-74.51093440235672"
"81","-74.74896635696899","-74.74896635696899","-74.74896635696899"
"82","-74.4112037696486","-74.4112037696486","-74.4112037696486"
"83","-74.51536477294277","-74.51536477294277","-74.51536477294277"
"84","-74.18180059699219","-74.18180059699219","-74.18180059699219"
"85","-74.25895798090154","-74.25895798090154","-74.25895798090154"
"86","-73.95464640938059","-73.95464640938059","-73.95464640938059"
"87","-74.4332651610044","-74.4332651610044","-74.4332651610044"
"88","-74.6493240474212","-74.6493240474212","-74.6493240474212"
"89","-74.72291915170983","-74.72291915170983","-74.72291915170983"
"90","-74.46803362578535","-74.46803362578535","-74.46803362578535"
"91","-74.77999110365828","-74.77999110365828","-74.77999110365828"
"92","-74.48766523401181","-74.48766523401181","-74.48766523401181"
"93","-74.57932575413506","-74.57932575413506","-74.57932575413506"
"94","-74.87541086084","-74.87541086084","-74.87541086084"
"95","-75.231348275839","-75.231348275839","-75.231348275839"
"96","-75.5084301130164","-75.5084301130164","-75.5084301130164"
"97","-75.87166150693378","-75.87166150693378","-75.87166150693378"
"98","-75.95033661209074","-75.95033661209074","-75.95033661209074"
"99","-76.19700890876831","-76.19700890876831","-76.19700890876831"
"100","-76.33371084684943","-76.33371084684943","-76.33371084684943"
"101","-76.33528096639988","-76.33528096639988","-76.33528096639988"
"102","-76.30063680980791","-76.30063680980791","-76.30063680980791"
"103","-77.0509081191101","-77.0509081191101","-77.0509081191101"
"104","-77.35765020483144","-77.35765020483144","-77.35765020483144"
"105","-76.78354262693756","-76.78354262693756","-76.78354262693756"
"106","-76.24261135543202","-76.24261135543202","-76.24261135543202"
"107","-76.57290042538632","-76.57290042538632","-76.57290042538632"
"108","-76.89073241691077","-76.89073241691077","-76.89073241691077"
"109","-77.34540208662365","-77.34540208662365","-77.34540208662365"
"110","-76.86282158400834","-76.86282158400834","-76.86282158400834"
"111","-77.22763636903808","-77.22763636903808","-77.22763636903808"
"112","-77.18410574133479","-77.18410574133479","-77.18410574133479"
"113","-77.18927967342519","-77.18927967342519","-77.18927967342519"
"114","-77.58386460096546","-77.58386460096546","-77.58386460096546"
"115","-77.91487211786182","-77.91487211786182","-77.91487211786182"
"116","-77.65775467799016","-77.65775467799016","-77.65775467799016"
"117","-77.69256839473702","-77.69256839473702","-77.69256839473702"
"118","-77.66890612804768","-77.66890612804768","-77.66890612804768"
"119","-77.57345570700214","-77.57345570700214","-77.57345570700214"
"120","-78.06039166202274","-78.06039166202274","-78.06039166202274"
"121","-77.69160606404738","-77.69160606404738","-77.69160606404738"
"122","-77.56218869082134","-77.56218869082134","-77.56218869082134"
"123","-77.55400578740489","-77.55400578740489","-77.55400578740489"
"124","-77.61438002339536","-77.61438002339536","-77.61438002339536"
"125","-77.36850760650792","-77.36850760650792","-77.36850760650792"
"126","-77.25003181650274","-77.25003181650274","-77.25003181650274"
"127","-77.6528318403798","-77.6528318403798","-77.6528318403798"
"128","-77.66413408252848","-77.66413408252848","-77.66413408252848"
"129","-77.59952923384","-77.59952923384","-77.59952923384"
"130","-76.92232132117701","-76.92232132117701","-76.92232132117701"
"131","-77.41062683644675","-77.41062683644675","-77.41062683644675"
"132","-77.45474122147512","-77.45474122147512","-77.45474122147512"
"133","-77.46471925572929","-77.46471925572929","-77.46471925572929"
"134","-77.86145481049054","-77.86145481049054","-77.86145481049054"
"135","-78.08291906643164","-78.08291906643164","-78.08291906643164"
"136","-78.04191010539857","-78.04191010539857","-78.04191010539857"
"137","-78.06444037438807","-78.06444037438807","-78.06444037438807"
"138","-77.7010541685528","-77.7010541685528","-77.7010541685528"
"139","-78.14911014301673","-78.14911014301673","-78.14911014301673"
"140","-78.09142704767612","-78.09142704767612","-78.09142704767612"
"141","-78.09252248301142","-78.09252248301142","-78.09252248301142"
"142","-78.087204793384","-78.087204793384","-78.087204793384"
"143","-77.81065329396603","-77.81065329396603","-77.81065329396603"
"144","-78.40685299730364","-78.40685299730364","-78.40685299730364"
"145","-78.00032476926658","-78.00032476926658","-78.00032476926658"
"146","-77.98563097089034","-77.98563097089034","-77.98563097089034"
"147","-77.47354076724005","-77.47354076724005","-77.47354076724005"
"148","-77.88866970782605","-77.88866970782605","-77.88866970782605"
"149","-78.48094480964326","-78.48094480964326","-78.48094480964326"
"150","-78.54483652610303","-78.54483652610303","-78.54483652610303"
"151","-78.96659605164517","-78.96659605164517","-78.96659605164517"
"152","-79.31196758831356","-79.31196758831356","-79.31196758831356"
"153","-79.24413322598178","-79.24413322598178","-79.24413322598178"
"154","-78.82028144151874","-78.82028144151874","-78.82028144151874"
"155","-79.20114772343513","-79.20114772343513","-79.20114772343513"
"156","-79.17674850100157","-79.17674850100157","-79.17674850100157"
"157","-79.16357630034413","-79.16357630034413","-79.16357630034413"
"158","-79.13289430893929","-79.13289430893929","-79.13289430893929"
"159","-79.48989163808496","-79.48989163808496","-79.48989163808496"
"160","-79.86371623293934","-79.86371623293934","-79.86371623293934"
"161","-79.68214313051664","-79.68214313051664","-79.68214313051664"
"162","-79.50167358570732","-79.50167358570732","-79.50167358570732"
"163","-79.72580489091109","-79.72580489091109","-79.72580489091109"
"164","-79.63138476347551","-79.63138476347551","-79.63138476347551"
"165","-79.52922278610058","-79.52922278610058","-79.52922278610058"
"166","-79.9573001595866","-79.9573001595866","-79.9573001595866"
"167","-79.96588933353313","-79.96588933353313","-79.96588933353313"
"168","-80.30485334286932","-80.30485334286932","-80.30485334286932"
"169","-80.34623656934593","-80.34623656934593","-80.34623656934593"
"170","-80.23220370492898","-80.23220370492898","-80.23220370492898"
"171","-80.29882975238375","-80.29882975238375","-80.29882975238375"
"172","-80.62132932797074","-80.62132932797074","-80.62132932797074"
"173","-80.50205304157454","-80.50205304157454","-80.50205304157454"
"174","-80.1217845335463","-80.1217845335463","-80.1217845335463"
"175","-80.12413298864384","-80.12413298864384","-80.12413298864384"
"176","-80.11504297706298","-80.11504297706298","-80.11504297706298"
"177","-79.7722316664504","-79.7722316664504","-79.7722316664504"
"178","-79.44861200220417","-79.44861200220417","-79.44861200220417"
"179","-79.86047196365428","-79.86047196365428","-79.86047196365428"
"180","-79.49303373244125","-79.49303373244125","-79.49303373244125"
"181","-79.04992014140822","-79.04992014140822","-79.04992014140822"
"182","-79.48576395898127","-79.48576395898127","-79.48576395898127"
"183","-79.69696642604657","-79.69696642604657","-79.69696642604657"
"184","-80.04434690096416","-80.04434690096416","-80.04434690096416"
"185","-80.36137316084466","-80.36137316084466","-80.36137316084466"
"186","-80.78706735551823","-80.78706735551823","-80.78706735551823"
"187","-80.07876186114271","-80.07876186114271","-80.07876186114271"
"188","-79.97414732447359","-79.97414732447359","-79.97414732447359"
"189","-80.07089270536322","-80.07089270536322","-80.07089270536322"
"190","-80.39538887929638","-80.39538887929638","-80.39538887929638"
"191","-80.26515285082627","-80.26515285082627","-80.26515285082627"
"192","-80.61532128771768","-80.61532128771768","-80.61532128771768"
"193","-80.68972335910425","-80.68972335910425","-80.68972335910425"
"194","-80.52996275464074","-80.52996275464074","-80.52996275464074"
"195","-80.43164285348729","-80.43164285348729","-80.43164285348729"
"196","-80.46533714392223","-80.46533714392223","-80.46533714392223"
"197","-79.75748801820446","-79.75748801820446","-79.75748801820446"
"198","-79.39711166052147","-79.39711166052147","-79.39711166052147"
"199","-79.20676768634468","-79.20676768634468","-79.20676768634468"
"200","-79.12115783262998","-79.12115783262998","-79.12115783262998"
"201","-78.73515337938909","-78.73515337938909","-78.73515337938909"
"202","-79.09100496579427","-79.09100496579427","-79.09100496579427"
"203","-78.75259726090822","-78.75259726090822","-78.75259726090822"
"204","-78.38362946317065","-78.38362946317065","-78.38362946317065"
"205","-78.80246019823011","-78.80246019823011","-78.80246019823011"
"206","-79.17672173688189","-79.17672173688189","-79.17672173688189"
"207","-79.34019045203924","-79.34019045203924","-79.34019045203924"
"208","-79.37352822057903","-79.37352822057903","-79.37352822057903"
"209","-79.22048201857135","-79.22048201857135","-79.22048201857135"
"210","-79.52138619813603","-79.52138619813603","-79.52138619813603"
"211","-79.45938237828203","-79.45938237828203","-79.45938237828203"
"212","-79.49671010395977","-79.49671010395977","-79.49671010395977"
"213","-79.67771374712233","-79.67771374712233","-79.67771374712233"
"214","-79.81199169121683","-79.81199169121683","-79.81199169121683"
"215","-79.83210223496891","-79.83210223496891","-79.83210223496891"
"216","-79.49162846840917","-79.49162846840917","-79.49162846840917"
"217","-80.07486015195958","-80.07486015195958","-80.07486015195958"
"218","-80.03637899131515","-80.03637899131515","-80.03637899131515"
"219","-80.00254476659931","-80.00254476659931","-80.00254476659931"
"220","-80.13203151887748","-80.13203151887748","-80.13203151887748"
"221","-80.71223647450097","-80.71223647450097","-80.71223647450097"
"222","-80.60281525720842","-80.60281525720842","-80.60281525720842"
"223","-80.45602099505719","-80.45602099505719","-80.45602099505719"
"224","-80.38583924835548","-80.38583924835548","-80.38583924835548"
"225","-80.44002914411016","-80.44002914411016","-80.44002914411016"
"226","-80.65798047645949","-80.65798047645949","-80.65798047645949"
"227","-80.6562054406898","-80.6562054406898","-80.6562054406898"
"228","-80.97289023938123","-80.97289023938123","-80.97289023938123"
"229","-80.99314166252967","-80.99314166252967","-80.99314166252967"
"230","-81.51179265158717","-81.51179265158717","-81.51179265158717"
"231","-81.22861280777026","-81.22861280777026","-81.22861280777026"
"232","-81.83252291468438","-81.83252291468438","-81.83252291468438"
"233","-82.1138902257476","-82.1138902257476","-82.1138902257476"
"234","-82.1052855053777","-82.1052855053777","-82.1052855053777"
"235","-81.79779000613372","-81.79779000613372","-81.79779000613372"
"236","-81.90731486973819","-81.90731486973819","-81.90731486973819"
"237","-81.88208537315484","-81.88208537315484","-81.88208537315484"
"238","-82.40617362628691","-82.40617362628691","-82.40617362628691"
"239","-82.27479160984046","-82.27479160984046","-82.27479160984046"
"240","-82.5644378266111","-82.5644378266111","-82.5644378266111"
"241","-82.53785382006318","-82.53785382006318","-82.53785382006318"
"242","-82.5765709235333","-82.5765709235333","-82.5765709235333"
"243","-82.59609546408522","-82.59609546408522","-82.59609546408522"
"244","-82.37765312961302","-82.37765312961302","-82.37765312961302"
"245","-82.85793168399948","-82.85793168399948","-82.85793168399948"
"246","-82.84095525219571","-82.84095525219571","-82.84095525219571"
"247","-83.19721966853831","-83.19721966853831","-83.19721966853831"
"248","-83.14014712666162","-83.14014712666162","-83.14014712666162"
"249","-82.8987256236095","-82.8987256236095","-82.8987256236095"
"250","-83.10408114725229","-83.10408114725229","-83.10408114725229"
"251","-83.26565948665113","-83.26565948665113","-83.26565948665113"
"252","-83.28383974142344","-83.28383974142344","-83.28383974142344"
"253","-82.85591469723236","-82.85591469723236","-82.85591469723236"
"254","-83.57172143725154","-83.57172143725154","-83.57172143725154"
"255","-83.51628101970476","-83.51628101970476","-83.51628101970476"
"256","-83.81334505708364","-83.81334505708364","-83.81334505708364"
"257","-83.84809194538684","-83.84809194538684","-83.84809194538684"
"258","-84.17930963403022","-84.17930963403022","-84.17930963403022"
"259","-84.12803207280521","-84.12803207280521","-84.12803207280521"
"260","-84.05731888572161","-84.05731888572161","-84.05731888572161"
"261","-84.24123668254761","-84.24123668254761","-84.24123668254761"
"262","-84.13969166083669","-84.13969166083669","-84.13969166083669"
"263","-83.89079616242961","-83.89079616242961","-83.89079616242961"
"264","-83.86131667179929","-83.86131667179929","-83.86131667179929"
"265","-84.09395018031297","-84.09395018031297","-84.09395018031297"
"266","-83.9773489187559","-83.9773489187559","-83.9773489187559"
"267","-83.96472288525605","-83.96472288525605","-83.96472288525605"
"268","-84.01716628699505","-84.01716628699505","-84.01716628699505"
"269","-84.53830082058849","-84.53830082058849","-84.53830082058849"
"270","-84.59808879939781","-84.59808879939781","-84.59808879939781"
"271","-84.09354716924426","-84.09354716924426","-84.09354716924426"
"272","-83.96508245416858","-83.96508245416858","-83.96508245416858"
"273","-83.61124095003528","-83.61124095003528","-83.61124095003528"
"274","-84.00419539184718","-84.00419539184718","-84.00419539184718"
"275","-83.99853961177578","-83.99853961177578","-83.99853961177578"
"276","-84.09802047165518","-84.09802047165518","-84.09802047165518"
"277","-84.07507597458024","-84.07507597458024","-84.07507597458024"
"278","-84.63631173150556","-84.63631173150556","-84.63631173150556"
"279","-84.30187179829868","-84.30187179829868","-84.30187179829868"
"280","-84.68777749514149","-84.68777749514149","-84.68777749514149"
"281","-85.03371980620024","-85.03371980620024","-85.03371980620024"
"282","-85.02354141995252","-85.02354141995252","-85.02354141995252"
"283","-84.79407761279901","-84.79407761279901","-84.79407761279901"
"284","-84.87961199603916","-84.87961199603916","-84.87961199603916"
"285","-84.62009267941059","-84.62009267941059","-84.62009267941059"
"286","-84.72147364853357","-84.72147364853357","-84.72147364853357"
"287","-85.21127623639012","-85.21127623639012","-85.21127623639012"
"288","-85.19521447231004","-85.19521447231004","-85.19521447231004"
"289","-85.14282445464225","-85.14282445464225","-85.14282445464225"
"290","-85.13720259355323","-85.13720259355323","-85.13720259355323"
"291","-85.06220655613055","-85.06220655613055","-85.06220655613055"
"292","-85.04043892026355","-85.04043892026355","-85.04043892026355"
"293","-85.13027426578512","-85.13027426578512","-85.13027426578512"
"294","-84.9638171580428","-84.9638171580428","-84.9638171580428"
"295","-84.36596140673791","-84.36596140673791","-84.36596140673791"
"296","-83.76911435896473","-83.76911435896473","-83.76911435896473"
"297","-84.22041067188547","-84.22041067188547","-84.22041067188547"
"298","-84.48932686955145","-84.48932686955145","-84.48932686955145"
"299","-84.51193464750831","-84.51193464750831","-84.51193464750831"
"300","-84.18079328812601","-84.18079328812601","-84.18079328812601"
"301","-84.55919278620219","-84.55919278620219","-84.55919278620219"
"302","-84.594770068996","-84.594770068996","-84.594770068996"
"303","-84.62334034461935","-84.62334034461935","-84.62334034461935"
"304","-85.02999215577205","-85.02999215577205","-85.02999215577205"
"305","-84.64881727277229","-84.64881727277229","-84.64881727277229"
"306","-84.66907360928526","-84.66907360928526","-84.66907360928526"
"307","-84.65516926911587","-84.65516926911587","-84.65516926911587"
"308","-84.81176549056006","-84.81176549056006","-84.81176549056006"
"309","-84.86181518503858","-84.86181518503858","-84.86181518503858"
"310","-84.91707112898511","-84.91707112898511","-84.91707112898511"
"311","-84.6323958797373","-84.6323958797373","-84.6323958797373"
"312","-84.2814130275177","-84.2814130275177","-84.2814130275177"
"313","-84.35823407985168","-84.35823407985168","-84.35823407985168"
"314","-84.154477030266","-84.154477030266","-84.154477030266"
"315","-84.36829364508755","-84.36829364508755","-84.36829364508755"
"316","-84.38455483388519","-84.38455483388519","-84.38455483388519"
"317","-84.399706897688","-84.399706897688","-84.399706897688"
"318","-83.85064681182979","-83.85064681182979","-83.85064681182979"
"319","-83.88750985089122","-83.88750985089122","-83.88750985089122"
"320","-83.62287443703404","-83.62287443703404","-83.62287443703404"
"321","-82.98330237795483","-82.98330237795483","-82.98330237795483"
"322","-82.92402068079333","-82.92402068079333","-82.92402068079333"
"323","-82.86713947423152","-82.86713947423152","-82.86713947423152"
"324","-83.22141634533531","-83.22141634533531","-83.22141634533531"
"325","-83.4007366070093","-83.4007366070093","-83.4007366070093"
"326","-82.86638453563093","-82.86638453563093","-82.86638453563093"
"327","-83.05393576733186","-83.05393576733186","-83.05393576733186"
"328","-83.12138291234034","-83.12138291234034","-83.12138291234034"
"329","-83.12483678283053","-83.12483678283053","-83.12483678283053"
"330","-82.9626989410387","-82.9626989410387","-82.9626989410387"
"331","-83.13956848861068","-83.13956848861068","-83.13956848861068"
"332","-82.93484194166842","-82.93484194166842","-82.93484194166842"
"333","-82.69920113661675","-82.69920113661675","-82.69920113661675"
"334","-82.73753749128315","-82.73753749128315","-82.73753749128315"
"335","-82.80008096312056","-82.80008096312056","-82.80008096312056"
"336","-82.69740428618039","-82.69740428618039","-82.69740428618039"
"337","-82.75470080957632","-82.75470080957632","-82.75470080957632"
"338","-82.5488527158962","-82.5488527158962","-82.5488527158962"
"339","-82.22632613632712","-82.22632613632712","-82.22632613632712"
"340","-81.99323827981833","-81.99323827981833","-81.99323827981833"
"341","-82.64941169453668","-82.64941169453668","-82.64941169453668"
"342","-82.58111235571909","-82.58111235571909","-82.58111235571909"
"343","-82.5801747803003","-82.5801747803003","-82.5801747803003"
"344","-82.55007348288636","-82.55007348288636","-82.55007348288636"
"345","-82.67727292700991","-82.67727292700991","-82.67727292700991"
"346","-82.67837946215033","-82.67837946215033","-82.67837946215033"
"347","-82.69609293736838","-82.69609293736838","-82.69609293736838"
"348","-82.68513971621024","-82.68513971621024","-82.68513971621024"
"349","-82.69285012140725","-82.69285012140725","-82.69285012140725"
"350","-82.30269870343967","-82.30269870343967","-82.30269870343967"
"351","-81.70705705624422","-81.70705705624422","-81.70705705624422"
"352","-81.67054280646495","-81.67054280646495","-81.67054280646495"
"353","-82.11458392131026","-82.11458392131026","-82.11458392131026"
"354","-81.75677241774655","-81.75677241774655","-81.75677241774655"
"355","-81.77007331105328","-81.77007331105328","-81.77007331105328"
"356","-81.5761600996778","-81.5761600996778","-81.5761600996778"
"357","-81.53808865806931","-81.53808865806931","-81.53808865806931"
"358","-81.61925732174801","-81.61925732174801","-81.61925732174801"
"359","-81.64171248780477","-81.64171248780477","-81.64171248780477"
"360","-81.89515433653636","-81.89515433653636","-81.89515433653636"
"361","-81.66913657708007","-81.66913657708007","-81.66913657708007"
"362","-81.90379101006226","-81.90379101006226","-81.90379101006226"
"363","-82.13300274891691","-82.13300274891691","-82.13300274891691"
"364","-82.23363997306122","-82.23363997306122","-82.23363997306122"
"365","-81.89823039592622","-81.89823039592622","-81.89823039592622"
"366","-81.60618461043953","-81.60618461043953","-81.60618461043953"
"367","-82.00233720089687","-82.00233720089687","-82.00233720089687"
"368","-81.97855901292904","-81.97855901292904","-81.97855901292904"
"369","-81.77830386496062","-81.77830386496062","-81.77830386496062"
"370","-81.41206151346123","-81.41206151346123","-81.41206151346123"
"371","-81.78765010039234","-81.78765010039234","-81.78765010039234"
"372","-81.58745507783169","-81.58745507783169","-81.58745507783169"
"373","-82.18956157355017","-82.18956157355017","-82.18956157355017"
"374","-82.28776563268534","-82.28776563268534","-82.28776563268534"
"375","-82.35793001870071","-82.35793001870071","-82.35793001870071"
"376","-82.59741674023127","-82.59741674023127","-82.59741674023127"
"377","-82.96668151275168","-82.96668151275168","-82.96668151275168"
"378","-82.86770692571444","-82.86770692571444","-82.86770692571444"
"379","-83.22802619992203","-83.22802619992203","-83.22802619992203"
"380","-83.20295361999801","-83.20295361999801","-83.20295361999801"
"381","-83.1649938382479","-83.1649938382479","-83.1649938382479"
"382","-83.12156793008006","-83.12156793008006","-83.12156793008006"
"383","-83.39433836718469","-83.39433836718469","-83.39433836718469"
"384","-83.3461393606654","-83.3461393606654","-83.3461393606654"
"385","-82.96063813664398","-82.96063813664398","-82.96063813664398"
"386","-82.33422318193043","-82.33422318193043","-82.33422318193043"
"387","-82.2150482429043","-82.2150482429043","-82.2150482429043"
"388","-82.22962635588279","-82.22962635588279","-82.22962635588279"
"389","-82.45700267286418","-82.45700267286418","-82.45700267286418"
"390","-82.52557883874891","-82.52557883874891","-82.52557883874891"
"391","-82.17178922356484","-82.17178922356484","-82.17178922356484"
"392","-82.49256968825037","-82.49256968825037","-82.49256968825037"
"393","-82.29444931461389","-82.29444931461389","-82.29444931461389"
"394","-82.60115208206145","-82.60115208206145","-82.60115208206145"
"395","-82.67116503759665","-82.67116503759665","-82.67116503759665"
"396","-82.93099491185887","-82.93099491185887","-82.93099491185887"
"397","-83.19787412400736","-83.19787412400736","-83.19787412400736"
"398","-83.53585844219575","-83.53585844219575","-83.53585844219575"
"399","-83.19622916084161","-83.19622916084161","-83.19622916084161"
"400","-83.5257546109325","-83.5257546109325","-83.5257546109325"
"401","-83.57260350403288","-83.57260350403288","-83.57260350403288"
"402","-83.60084895665204","-83.60084895665204","-83.60084895665204"
"403","-83.6241257813797","-83.6241257813797","-83.6241257813797"
"404","-83.57302853683387","-83.57302853683387","-83.57302853683387"
"405","-84.07187928494925","-84.07187928494925","-84.07187928494925"
"406","-84.07349456401003","-84.07349456401003","-84.07349456401003"
"407","-84.07977642256228","-84.07977642256228","-84.07977642256228"
"408","-83.62487105113381","-83.62487105113381","-83.62487105113381"
"409","-83.27107033640074","-83.27107033640074","-83.27107033640074"
"410","-83.46543209349664","-83.46543209349664","-83.46543209349664"
"411","-83.83753425227405","-83.83753425227405","-83.83753425227405"
"412","-84.37654706455228","-84.37654706455228","-84.37654706455228"
"413","-84.14471298849166","-84.14471298849166","-84.14471298849166"
"414","-84.18494254043748","-84.18494254043748","-84.18494254043748"
"415","-83.60858437134375","-83.60858437134375","-83.60858437134375"
"416","-83.98501297753727","-83.98501297753727","-83.98501297753727"
"417","-83.6913077133424","-83.6913077133424","-83.6913077133424"
"418","-83.9811747736852","-83.9811747736852","-83.9811747736852"
"419","-84.0163248537849","-84.0163248537849","-84.0163248537849"
"420","-83.49579992413011","-83.49579992413011","-83.49579992413011"
"421","-83.92356222315662","-83.92356222315662","-83.92356222315662"
"422","-83.95821851913789","-83.95821851913789","-83.95821851913789"
"423","-83.99681605058693","-83.99681605058693","-83.99681605058693"
"424","-83.28188082632084","-83.28188082632084","-83.28188082632084"
"425","-83.30834014972613","-83.30834014972613","-83.30834014972613"
"426","-83.84197513987718","-83.84197513987718","-83.84197513987718"
"427","-83.63172752921876","-83.63172752921876","-83.63172752921876"
"428","-83.54551870186755","-83.54551870186755","-83.54551870186755"
"429","-83.54279288208986","-83.54279288208986","-83.54279288208986"
"430","-83.14325191895885","-83.14325191895885","-83.14325191895885"
"431","-83.29648717984033","-83.29648717984033","-83.29648717984033"
"432","-83.35410734154226","-83.35410734154226","-83.35410734154226"
"433","-83.38846188561932","-83.38846188561932","-83.38846188561932"
"434","-82.95132709430938","-82.95132709430938","-82.95132709430938"
"435","-82.94051663379592","-82.94051663379592","-82.94051663379592"
"436","-82.92844353969616","-82.92844353969616","-82.92844353969616"
"437","-82.8773703657597","-82.8773703657597","-82.8773703657597"
"438","-82.84426555782964","-82.84426555782964","-82.84426555782964"
"439","-83.23689017767029","-83.23689017767029","-83.23689017767029"
"440","-83.25449195980502","-83.25449195980502","-83.25449195980502"
"441","-82.96084578239767","-82.96084578239767","-82.96084578239767"
"442","-83.22094563026825","-83.22094563026825","-83.22094563026825"
"443","-83.18167999185563","-83.18167999185563","-83.18167999185563"
"444","-83.16886059753539","-83.16886059753539","-83.16886059753539"
"445","-82.86738434614556","-82.86738434614556","-82.86738434614556"
"446","-82.89024223648404","-82.89024223648404","-82.89024223648404"
"447","-82.91990792841112","-82.91990792841112","-82.91990792841112"
"448","-83.1083355205918","-83.1083355205918","-83.1083355205918"
"449","-83.25176232714598","-83.25176232714598","-83.25176232714598"
"450","-83.31494391819855","-83.31494391819855","-83.31494391819855"
"451","-83.64817955675463","-83.64817955675463","-83.64817955675463"
"452","-83.48647545795815","-83.48647545795815","-83.48647545795815"
"453","-83.60562152480634","-83.60562152480634","-83.60562152480634"
"454","-83.6802085520087","-83.6802085520087","-83.6802085520087"
"455","-83.67255857967699","-83.67255857967699","-83.67255857967699"
"456","-83.60696744372063","-83.60696744372063","-83.60696744372063"
"457","-83.63406146174223","-83.63406146174223","-83.63406146174223"
"458","-83.67202005607004","-83.67202005607004","-83.67202005607004"
"459","-83.67718987951913","-83.67718987951913","-83.67718987951913"
"460","-83.4035125880169","-83.4035125880169","-83.4035125880169"
"461","-83.6809179581415","-83.6809179581415","-83.6809179581415"
"462","-83.50111580252108","-83.50111580252108","-83.50111580252108"
"463","-83.44257665087862","-83.44257665087862","-83.44257665087862"
"464","-83.35887406334209","-83.35887406334209","-83.35887406334209"
"465","-83.44449997681586","-83.44449997681586","-83.44449997681586"
"466","-83.7246004252175","-83.7246004252175","-83.7246004252175"
"467","-82.88394879589251","-82.88394879589251","-82.88394879589251"
"468","-82.79231379850229","-82.79231379850229","-82.79231379850229"
"469","-82.76883004667165","-82.76883004667165","-82.76883004667165"
"470","-82.93922981169003","-82.93922981169003","-82.93922981169003"
"471","-82.9624377310455","-82.9624377310455","-82.9624377310455"
"472","-82.99314256723898","-82.99314256723898","-82.99314256723898"
"473","-82.74892692733484","-82.74892692733484","-82.74892692733484"
"474","-82.63876215524898","-82.63876215524898","-82.63876215524898"
"475","-82.67866548673642","-82.67866548673642","-82.67866548673642"
"476","-82.68438474223876","-82.68438474223876","-82.68438474223876"
"477","-82.84667291741745","-82.84667291741745","-82.84667291741745"
"478","-82.69758290278652","-82.69758290278652","-82.69758290278652"
"479","-82.58503354309055","-82.58503354309055","-82.58503354309055"
"480","-82.59611144099311","-82.59611144099311","-82.59611144099311"
"481","-82.610014780489","-82.610014780489","-82.610014780489"
"482","-82.60372256501505","-82.60372256501505","-82.60372256501505"
"483","-82.59180720355289","-82.59180720355289","-82.59180720355289"
"484","-82.63152056230159","-82.63152056230159","-82.63152056230159"
"485","-82.993264684858","-82.993264684858","-82.993264684858"
"486","-83.44604313966745","-83.44604313966745","-83.44604313966745"
"487","-83.49303273230719","-83.49303273230719","-83.49303273230719"
"488","-83.53798276062501","-83.53798276062501","-83.53798276062501"
"489","-83.26604509943543","-83.26604509943543","-83.26604509943543"
"490","-83.33173980501859","-83.33173980501859","-83.33173980501859"
"491","-83.34026291133283","-83.34026291133283","-83.34026291133283"
"492","-82.7000098820441","-82.7000098820441","-82.7000098820441"
"493","-82.75222800426563","-82.75222800426563","-82.75222800426563"
"494","-82.71150685761968","-82.71150685761968","-82.71150685761968"
"495","-83.12204421191389","-83.12204421191389","-83.12204421191389"
"496","-83.22515442456962","-83.22515442456962","-83.22515442456962"
"497","-82.96317618899891","-82.96317618899891","-82.96317618899891"
"498","-82.73871564711823","-82.73871564711823","-82.73871564711823"
"499","-83.08204810961993","-83.08204810961993","-83.08204810961993"
"500","-83.05997063647868","-83.05997063647868","-83.05997063647868"
"501","-83.10100793402555","-83.10100793402555","-83.10100793402555"
"502","-83.24267448549071","-83.24267448549071","-83.24267448549071"
"503","-83.14444371719757","-83.14444371719757","-83.14444371719757"
"504","-83.181149760861","-83.181149760861","-83.181149760861"
"505","-83.02296485914296","-83.02296485914296","-83.02296485914296"
"506","-83.11458855368575","-83.11458855368575","-83.11458855368575"
"507","-83.09680523279967","-83.09680523279967","-83.09680523279967"
"508","-83.43384593274357","-83.43384593274357","-83.43384593274357"
"509","-83.74461441677907","-83.74461441677907","-83.74461441677907"
"510","-83.56440860972653","-83.56440860972653","-83.56440860972653"
"511","-83.47004735029681","-83.47004735029681","-83.47004735029681"
"512","-83.21700141584414","-83.21700141584414","-83.21700141584414"
"513","-82.81374098097818","-82.81374098097818","-82.81374098097818"
"514","-82.39338115503459","-82.39338115503459","-82.39338115503459"
"515","-82.82134437774687","-82.82134437774687","-82.82134437774687"
"516","-82.22007935054047","-82.22007935054047","-82.22007935054047"
"517","-82.24898145904677","-82.24898145904677","-82.24898145904677"
"518","-82.30233149857624","-82.30233149857624","-82.30233149857624"
"519","-82.38514997051927","-82.38514997051927","-82.38514997051927"
"520","-83.01619666697356","-83.01619666697356","-83.01619666697356"
"521","-82.88951800044524","-82.88951800044524","-82.88951800044524"
"522","-82.96775005934659","-82.96775005934659","-82.96775005934659"
"523","-83.28837665891639","-83.28837665891639","-83.28837665891639"
"524","-83.69877459657306","-83.69877459657306","-83.69877459657306"
"525","-83.3434884781616","-83.3434884781616","-83.3434884781616"
"526","-83.10340902031793","-83.10340902031793","-83.10340902031793"
"527","-83.13663122760991","-83.13663122760991","-83.13663122760991"
"528","-83.18350590898582","-83.18350590898582","-83.18350590898582"
"529","-83.21589381457234","-83.21589381457234","-83.21589381457234"
"530","-83.66046989519542","-83.66046989519542","-83.66046989519542"
"531","-83.48490530375318","-83.48490530375318","-83.48490530375318"
"532","-83.7284566950558","-83.7284566950558","-83.7284566950558"
"533","-83.54318443911544","-83.54318443911544","-83.54318443911544"
"534","-83.89305463295358","-83.89305463295358","-83.89305463295358"
"535","-83.89465751826691","-83.89465751826691","-83.89465751826691"
"536","-83.93582397200095","-83.93582397200095","-83.93582397200095"
"537","-83.93047963316013","-83.93047963316013","-83.93047963316013"
"538","-83.97321609282328","-83.97321609282328","-83.97321609282328"
"539","-83.92473239102793","-83.92473239102793","-83.92473239102793"
"540","-83.7506205283005","-83.7506205283005","-83.7506205283005"
"541","-83.76051688519233","-83.76051688519233","-83.76051688519233"
"542","-83.39806265204635","-83.39806265204635","-83.39806265204635"
"543","-82.99827607363419","-82.99827607363419","-82.99827607363419"
"544","-83.03283990839452","-83.03283990839452","-83.03283990839452"
"545","-83.19335023403124","-83.19335023403124","-83.19335023403124"
"546","-83.2036836011379","-83.2036836011379","-83.2036836011379"
"547","-83.12724807737831","-83.12724807737831","-83.12724807737831"
"548","-82.44004056674399","-82.44004056674399","-82.44004056674399"
"549","-82.12856388120883","-82.12856388120883","-82.12856388120883"
"550","-82.18487645660498","-82.18487645660498","-82.18487645660498"
"551","-82.26806538437464","-82.26806538437464","-82.26806538437464"
"552","-82.64215248514404","-82.64215248514404","-82.64215248514404"
"553","-82.52076461669029","-82.52076461669029","-82.52076461669029"
"554","-82.34570593294193","-82.34570593294193","-82.34570593294193"
"555","-82.31917058230349","-82.31917058230349","-82.31917058230349"
"556","-81.9725922783694","-81.9725922783694","-81.9725922783694"
"557","-81.9354778692915","-81.9354778692915","-81.9354778692915"
"558","-81.69806671009836","-81.69806671009836","-81.69806671009836"
"559","-81.91719870509085","-81.91719870509085","-81.91719870509085"
"560","-82.03491775643516","-82.03491775643516","-82.03491775643516"
"561","-81.70678944549495","-81.70678944549495","-81.70678944549495"
"562","-81.75313441942417","-81.75313441942417","-81.75313441942417"
"563","-81.55037278423988","-81.55037278423988","-81.55037278423988"
"564","-81.56298663930006","-81.56298663930006","-81.56298663930006"
"565","-81.7712674735437","-81.7712674735437","-81.7712674735437"
"566","-81.76720051388693","-81.76720051388693","-81.76720051388693"
"567","-82.24043469359603","-82.24043469359603","-82.24043469359603"
"568","-82.25018378890556","-82.25018378890556","-82.25018378890556"
"569","-82.39641336699452","-82.39641336699452","-82.39641336699452"
"570","-82.09246290239011","-82.09246290239011","-82.09246290239011"
"571","-82.07922668327083","-82.07922668327083","-82.07922668327083"
"572","-82.11992204372741","-82.11992204372741","-82.11992204372741"
"573","-82.1059624921807","-82.1059624921807","-82.1059624921807"
"574","-82.130253227418","-82.130253227418","-82.130253227418"
"575","-82.14120565584831","-82.14120565584831","-82.14120565584831"
"576","-81.86260505048064","-81.86260505048064","-81.86260505048064"
"577","-81.97553743489989","-81.97553743489989","-81.97553743489989"
"578","-82.02029493939102","-82.02029493939102","-82.02029493939102"
"579","-82.1075609130782","-82.1075609130782","-82.1075609130782"
"580","-82.14117632311275","-82.14117632311275","-82.14117632311275"
"581","-81.81427809329209","-81.81427809329209","-81.81427809329209"
"582","-81.97441855243844","-81.97441855243844","-81.97441855243844"
"583","-81.9978501462654","-81.9978501462654","-81.9978501462654"
"584","-81.40672612932481","-81.40672612932481","-81.40672612932481"
"585","-81.40106646952191","-81.40106646952191","-81.40106646952191"
"586","-81.36600819329702","-81.36600819329702","-81.36600819329702"
"587","-81.2943728066978","-81.2943728066978","-81.2943728066978"
"588","-81.11257909892578","-81.11257909892578","-81.11257909892578"
"589","-81.10745186187313","-81.10745186187313","-81.10745186187313"
"590","-80.84546047242344","-80.84546047242344","-80.84546047242344"
"591","-81.18479691181318","-81.18479691181318","-81.18479691181318"
"592","-81.72075230353963","-81.72075230353963","-81.72075230353963"
"593","-81.70264745374661","-81.70264745374661","-81.70264745374661"
"594","-81.52002730871536","-81.52002730871536","-81.52002730871536"
"595","-81.44085185830467","-81.44085185830467","-81.44085185830467"
"596","-81.44923946606447","-81.44923946606447","-81.44923946606447"
"597","-81.28248206307632","-81.28248206307632","-81.28248206307632"
"598","-80.84826370857176","-80.84826370857176","-80.84826370857176"
"599","-80.9501022999872","-80.9501022999872","-80.9501022999872"
"600","-80.99408360687535","-80.99408360687535","-80.99408360687535"
"601","-80.79669123529908","-80.79669123529908","-80.79669123529908"
"602","-80.73547227579155","-80.73547227579155","-80.73547227579155"
"603","-80.72995947943055","-80.72995947943055","-80.72995947943055"
"604","-80.5768390013602","-80.5768390013602","-80.5768390013602"
"605","-80.7218662815493","-80.7218662815493","-80.7218662815493"
"606","-80.61326775697977","-80.61326775697977","-80.61326775697977"
"607","-80.48029483092934","-80.48029483092934","-80.48029483092934"
"608","-80.31732367358155","-80.31732367358155","-80.31732367358155"
"609","-80.2034835202711","-80.2034835202711","-80.2034835202711"
"610","-79.97919121290542","-79.97919121290542","-79.97919121290542"
"611","-80.25971134372507","-80.25971134372507","-80.25971134372507"
"612","-80.33488503756453","-80.33488503756453","-80.33488503756453"
"613","-80.69825094659332","-80.69825094659332","-80.69825094659332"
"614","-81.03159301605993","-81.03159301605993","-81.03159301605993"
"615","-80.96787929751896","-80.96787929751896","-80.96787929751896"
"616","-81.50869743733652","-81.50869743733652","-81.50869743733652"
"617","-81.78009861751445","-81.78009861751445","-81.78009861751445"
"618","-81.80410379325505","-81.80410379325505","-81.80410379325505"
"619","-81.43265755071305","-81.43265755071305","-81.43265755071305"
"620","-81.30732181473635","-81.30732181473635","-81.30732181473635"
"621","-81.72831023187842","-81.72831023187842","-81.72831023187842"
"622","-81.79347330590244","-81.79347330590244","-81.79347330590244"
"623","-81.50495635285043","-81.50495635285043","-81.50495635285043"
"624","-81.64578775678761","-81.64578775678761","-81.64578775678761"
"625","-81.85904573139734","-81.85904573139734","-81.85904573139734"
"626","-81.868066927162","-81.868066927162","-81.868066927162"
"627","-81.68268808460795","-81.68268808460795","-81.68268808460795"
"628","-81.65556744812987","-81.65556744812987","-81.65556744812987"
"629","-81.91967964843847","-81.91967964843847","-81.91967964843847"
"630","-81.8388317639241","-81.8388317639241","-81.8388317639241"
"631","-82.00213085277937","-82.00213085277937","-82.00213085277937"
"632","-81.7640165678691","-81.7640165678691","-81.7640165678691"
"633","-81.53468793631531","-81.53468793631531","-81.53468793631531"
"634","-81.4208533298783","-81.4208533298783","-81.4208533298783"
"635","-81.40975333621725","-81.40975333621725","-81.40975333621725"
"636","-81.38852813242003","-81.38852813242003","-81.38852813242003"
"637","-81.38861296861899","-81.38861296861899","-81.38861296861899"
"638","-81.31571430358571","-81.31571430358571","-81.31571430358571"
"639","-81.6399098811578","-81.6399098811578","-81.6399098811578"
"640","-81.39636846084613","-81.39636846084613","-81.39636846084613"
"641","-81.5400310992822","-81.5400310992822","-81.5400310992822"
"642","-81.90398394759744","-81.90398394759744","-81.90398394759744"
"643","-82.30528093476315","-82.30528093476315","-82.30528093476315"
"644","-82.28420412820299","-82.28420412820299","-82.28420412820299"
"645","-82.24352164126933","-82.24352164126933","-82.24352164126933"
"646","-82.22725419689901","-82.22725419689901","-82.22725419689901"
"647","-82.22499361486175","-82.22499361486175","-82.22499361486175"
"648","-82.92314508846495","-82.92314508846495","-82.92314508846495"
"649","-83.0177714739088","-83.0177714739088","-83.0177714739088"
"650","-82.89382269819266","-82.89382269819266","-82.89382269819266"
"651","-82.85569313979708","-82.85569313979708","-82.85569313979708"
"652","-82.83811991626862","-82.83811991626862","-82.83811991626862"
"653","-82.70341740087606","-82.70341740087606","-82.70341740087606"
"654","-82.88561550900806","-82.88561550900806","-82.88561550900806"
"655","-82.95967079814524","-82.95967079814524","-82.95967079814524"
"656","-83.3460078860959","-83.3460078860959","-83.3460078860959"
"657","-83.27460227699484","-83.27460227699484","-83.27460227699484"
"658","-83.27619706885423","-83.27619706885423","-83.27619706885423"
"659","-83.0042128544068","-83.0042128544068","-83.0042128544068"
"660","-82.77022693488748","-82.77022693488748","-82.77022693488748"
"661","-82.66330610902514","-82.66330610902514","-82.66330610902514"
"662","-82.67676839448046","-82.67676839448046","-82.67676839448046"
"663","-82.78667232246603","-82.78667232246603","-82.78667232246603"
"664","-82.97960676477756","-82.97960676477756","-82.97960676477756"
"665","-82.94849439649843","-82.94849439649843","-82.94849439649843"
"666","-83.11154930347577","-83.11154930347577","-83.11154930347577"
"667","-82.68732678515372","-82.68732678515372","-82.68732678515372"
"668","-82.57837768462952","-82.57837768462952","-82.57837768462952"
"669","-82.55813900038135","-82.55813900038135","-82.55813900038135"
"670","-83.01879312291742","-83.01879312291742","-83.01879312291742"
"671","-83.03851018996909","-83.03851018996909","-83.03851018996909"
"672","-82.99041066087317","-82.99041066087317","-82.99041066087317"
"673","-83.0081801200984","-83.0081801200984","-83.0081801200984"
"674","-82.62650715878233","-82.62650715878233","-82.62650715878233"
"675","-82.51797417153139","-82.51797417153139","-82.51797417153139"
"676","-82.74584450358525","-82.74584450358525","-82.74584450358525"
"677","-82.3708145997161","-82.3708145997161","-82.3708145997161"
"678","-82.35552088309545","-82.35552088309545","-82.35552088309545"
"679","-82.37222151669208","-82.37222151669208","-82.37222151669208"
"680","-82.35052367929369","-82.35052367929369","-82.35052367929369"
"681","-82.61530156484339","-82.61530156484339","-82.61530156484339"
"682","-82.45138555927667","-82.45138555927667","-82.45138555927667"
"683","-82.15897570644971","-82.15897570644971","-82.15897570644971"
"684","-82.80624310340266","-82.80624310340266","-82.80624310340266"
"685","-82.68495053532999","-82.68495053532999","-82.68495053532999"
"686","-82.90752141318283","-82.90752141318283","-82.90752141318283"
"687","-82.65148644669448","-82.65148644669448","-82.65148644669448"
"688","-82.78753087386954","-82.78753087386954","-82.78753087386954"
"689","-82.7849407134112","-82.7849407134112","-82.7849407134112"
"690","-83.00012516833841","-83.00012516833841","-83.00012516833841"
"691","-83.01342732755467","-83.01342732755467","-83.01342732755467"
"692","-82.82556472452357","-82.82556472452357","-82.82556472452357"
"693","-82.80165627080015","-82.80165627080015","-82.80165627080015"
"694","-82.70270144955255","-82.70270144955255","-82.70270144955255"
"695","-83.06580170758534","-83.06580170758534","-83.06580170758534"
"696","-83.32938503999263","-83.32938503999263","-83.32938503999263"
"697","-83.14193498793989","-83.14193498793989","-83.14193498793989"
"698","-83.53043081862852","-83.53043081862852","-83.53043081862852"
"699","-83.41375956943259","-83.41375956943259","-83.41375956943259"
"700","-83.40670773796737","-83.40670773796737","-83.40670773796737"
"701","-83.59857806290965","-83.59857806290965","-83.59857806290965"
"702","-83.03844544300344","-83.03844544300344","-83.03844544300344"
"703","-83.11889641539659","-83.11889641539659","-83.11889641539659"
"704","-83.27327693694737","-83.27327693694737","-83.27327693694737"
"705","-83.12139912815299","-83.12139912815299","-83.12139912815299"
"706","-83.12181090229191","-83.12181090229191","-83.12181090229191"
"707","-82.74933670555707","-82.74933670555707","-82.74933670555707"
"708","-82.84482352160383","-82.84482352160383","-82.84482352160383"
"709","-82.84316932611632","-82.84316932611632","-82.84316932611632"
"710","-82.90811828182991","-82.90811828182991","-82.90811828182991"
"711","-82.40809661421906","-82.40809661421906","-82.40809661421906"
"712","-82.27329474452864","-82.27329474452864","-82.27329474452864"
"713","-82.4392741088381","-82.4392741088381","-82.4392741088381"
"714","-82.16428577510622","-82.16428577510622","-82.16428577510622"
"715","-82.05848245104757","-82.05848245104757","-82.05848245104757"
"716","-82.04763359131273","-82.04763359131273","-82.04763359131273"
"717","-81.78134844604396","-81.78134844604396","-81.78134844604396"
"718","-81.6636844940994","-81.6636844940994","-81.6636844940994"
"719","-81.89112750004493","-81.89112750004493","-81.89112750004493"
"720","-81.75493493986764","-81.75493493986764","-81.75493493986764"
"721","-81.61459262448345","-81.61459262448345","-81.61459262448345"
"722","-81.16037868611497","-81.16037868611497","-81.16037868611497"
"723","-81.03138504439947","-81.03138504439947","-81.03138504439947"
"724","-80.84438462581467","-80.84438462581467","-80.84438462581467"
"725","-80.84813819773943","-80.84813819773943","-80.84813819773943"
"726","-81.04906138634756","-81.04906138634756","-81.04906138634756"
"727","-81.23473862365336","-81.23473862365336","-81.23473862365336"
"728","-81.47330322182253","-81.47330322182253","-81.47330322182253"
"729","-81.06792260933649","-81.06792260933649","-81.06792260933649"
"730","-81.3040991639996","-81.3040991639996","-81.3040991639996"
"731","-81.1069968803132","-81.1069968803132","-81.1069968803132"
"732","-81.15171439939161","-81.15171439939161","-81.15171439939161"
"733","-81.49737416886707","-81.49737416886707","-81.49737416886707"
"734","-81.84702025116403","-81.84702025116403","-81.84702025116403"
"735","-81.69195778080244","-81.69195778080244","-81.69195778080244"
"736","-81.49310344613139","-81.49310344613139","-81.49310344613139"
"737","-81.31354592724219","-81.31354592724219","-81.31354592724219"
"738","-81.60696107290201","-81.60696107290201","-81.60696107290201"
"739","-81.24370761346985","-81.24370761346985","-81.24370761346985"
"740","-81.59973922524583","-81.59973922524583","-81.59973922524583"
"741","-81.56577842273265","-81.56577842273265","-81.56577842273265"
"742","-81.17212882558331","-81.17212882558331","-81.17212882558331"
"743","-81.3338654103687","-81.3338654103687","-81.3338654103687"
"744","-81.2950742576642","-81.2950742576642","-81.2950742576642"
"745","-81.29607298179046","-81.29607298179046","-81.29607298179046"
"746","-81.38876135242154","-81.38876135242154","-81.38876135242154"
"747","-81.4208476872461","-81.4208476872461","-81.4208476872461"
"748","-81.08537656742129","-81.08537656742129","-81.08537656742129"
"749","-81.1146291191033","-81.1146291191033","-81.1146291191033"
"750","-81.27462033524131","-81.27462033524131","-81.27462033524131"
"751","-81.12720820165192","-81.12720820165192","-81.12720820165192"
"752","-80.85075373415788","-80.85075373415788","-80.85075373415788"
"753","-80.93351634764065","-80.93351634764065","-80.93351634764065"
"754","-81.16528106541791","-81.16528106541791","-81.16528106541791"
"755","-81.14044816544232","-81.14044816544232","-81.14044816544232"
"756","-81.36950050415425","-81.36950050415425","-81.36950050415425"
"757","-81.35496495401439","-81.35496495401439","-81.35496495401439"
"758","-81.35541075291064","-81.35541075291064","-81.35541075291064"
"759","-81.37809310546098","-81.37809310546098","-81.37809310546098"
"760","-81.41166843605646","-81.41166843605646","-81.41166843605646"
"761","-81.61175073857343","-81.61175073857343","-81.61175073857343"
"762","-81.60954877435154","-81.60954877435154","-81.60954877435154"
"763","-81.47259643730631","-81.47259643730631","-81.47259643730631"
"764","-81.20787873382604","-81.20787873382604","-81.20787873382604"
"765","-80.88964540294761","-80.88964540294761","-80.88964540294761"
"766","-80.91950720765085","-80.91950720765085","-80.91950720765085"
"767","-81.30390881537383","-81.30390881537383","-81.30390881537383"
"768","-81.40270998268312","-81.40270998268312","-81.40270998268312"
"769","-81.44681965942418","-81.44681965942418","-81.44681965942418"
"770","-81.33740371856761","-81.33740371856761","-81.33740371856761"
"771","-81.22034893624408","-81.22034893624408","-81.22034893624408"
"772","-81.20795602623296","-81.20795602623296","-81.20795602623296"
"773","-81.18464635470805","-81.18464635470805","-81.18464635470805"
"774","-81.48131737165076","-81.48131737165076","-81.48131737165076"
"775","-81.48759350636898","-81.48759350636898","-81.48759350636898"
"776","-81.09761706717701","-81.09761706717701","-81.09761706717701"
"777","-80.78623108940589","-80.78623108940589","-80.78623108940589"
"778","-80.66585469030233","-80.66585469030233","-80.66585469030233"
"779","-80.25198957284836","-80.25198957284836","-80.25198957284836"
"780","-80.21442641249782","-80.21442641249782","-80.21442641249782"
"781","-80.50091044534388","-80.50091044534388","-80.50091044534388"
"782","-80.62024599139502","-80.62024599139502","-80.62024599139502"
"783","-80.50374753773136","-80.50374753773136","-80.50374753773136"
"784","-80.32070791982504","-80.32070791982504","-80.32070791982504"
"785","-80.35635212282108","-80.35635212282108","-80.35635212282108"
"786","-80.11713965474551","-80.11713965474551","-80.11713965474551"
"787","-80.35728059863129","-80.35728059863129","-80.35728059863129"
"788","-80.20223342481458","-80.20223342481458","-80.20223342481458"
"789","-80.19255014009232","-80.19255014009232","-80.19255014009232"
"790","-79.73150945006327","-79.73150945006327","-79.73150945006327"
"791","-79.53614846330991","-79.53614846330991","-79.53614846330991"
"792","-79.80608930158353","-79.80608930158353","-79.80608930158353"
"793","-80.04300855265853","-80.04300855265853","-80.04300855265853"
"794","-79.76971764764207","-79.76971764764207","-79.76971764764207"
"795","-79.32627277039846","-79.32627277039846","-79.32627277039846"
"796","-78.88428690607583","-78.88428690607583","-78.88428690607583"
"797","-79.03201965208089","-79.03201965208089","-79.03201965208089"
"798","-79.17128166415652","-79.17128166415652","-79.17128166415652"
"799","-79.54004572489688","-79.54004572489688","-79.54004572489688"
"800","-79.6257683024315","-79.6257683024315","-79.6257683024315"
"801","-79.62660038117242","-79.62660038117242","-79.62660038117242"
"802","-80.15066149014903","-80.15066149014903","-80.15066149014903"
"803","-80.10196227909921","-80.10196227909921","-80.10196227909921"
"804","-80.16616290924995","-80.16616290924995","-80.16616290924995"
"805","-79.52297646721749","-79.52297646721749","-79.52297646721749"
"806","-79.50323331030941","-79.50323331030941","-79.50323331030941"
"807","-80.06819339082034","-80.06819339082034","-80.06819339082034"
"808","-80.10702219393494","-80.10702219393494","-80.10702219393494"
"809","-80.38078076888264","-80.38078076888264","-80.38078076888264"
"810","-80.5335897942906","-80.5335897942906","-80.5335897942906"
"811","-80.82226226308325","-80.82226226308325","-80.82226226308325"
"812","-80.96101242150122","-80.96101242150122","-80.96101242150122"
"813","-80.86615986511984","-80.86615986511984","-80.86615986511984"
"814","-81.08431909244915","-81.08431909244915","-81.08431909244915"
"815","-81.20329535859113","-81.20329535859113","-81.20329535859113"
"816","-81.21789941326192","-81.21789941326192","-81.21789941326192"
"817","-81.38427461405692","-81.38427461405692","-81.38427461405692"
"818","-81.31731529093754","-81.31731529093754","-81.31731529093754"
"819","-81.34366325891985","-81.34366325891985","-81.34366325891985"
"820","-81.45449550935474","-81.45449550935474","-81.45449550935474"
"821","-81.18468401751423","-81.18468401751423","-81.18468401751423"
"822","-81.70780235588492","-81.70780235588492","-81.70780235588492"
"823","-81.97735791586281","-81.97735791586281","-81.97735791586281"
"824","-82.08851057419001","-82.08851057419001","-82.08851057419001"
"825","-81.78651631045068","-81.78651631045068","-81.78651631045068"
"826","-81.58520723012188","-81.58520723012188","-81.58520723012188"
"827","-81.6072345815497","-81.6072345815497","-81.6072345815497"
"828","-81.40545618432486","-81.40545618432486","-81.40545618432486"
"829","-81.50613681367977","-81.50613681367977","-81.50613681367977"
"830","-81.40515553732315","-81.40515553732315","-81.40515553732315"
"831","-81.5209037984992","-81.5209037984992","-81.5209037984992"
"832","-81.36432681808161","-81.36432681808161","-81.36432681808161"
"833","-81.34307223778131","-81.34307223778131","-81.34307223778131"
"834","-81.15923449936236","-81.15923449936236","-81.15923449936236"
"835","-81.29535041314462","-81.29535041314462","-81.29535041314462"
"836","-81.5718574405872","-81.5718574405872","-81.5718574405872"
"837","-81.67354467759753","-81.67354467759753","-81.67354467759753"
"838","-81.6532725989251","-81.6532725989251","-81.6532725989251"
"839","-81.57913991835812","-81.57913991835812","-81.57913991835812"
"840","-81.11947213388892","-81.11947213388892","-81.11947213388892"
"841","-81.03643817160192","-81.03643817160192","-81.03643817160192"
"842","-81.20227459525603","-81.20227459525603","-81.20227459525603"
"843","-80.65304084699514","-80.65304084699514","-80.65304084699514"
"844","-80.70323422258167","-80.70323422258167","-80.70323422258167"
"845","-80.42323548700108","-80.42323548700108","-80.42323548700108"
"846","-79.97144421887496","-79.97144421887496","-79.97144421887496"
"847","-80.0486020409959","-80.0486020409959","-80.0486020409959"
"848","-80.29278252137271","-80.29278252137271","-80.29278252137271"
"849","-80.20567411235942","-80.20567411235942","-80.20567411235942"
"850","-80.03466265450639","-80.03466265450639","-80.03466265450639"
"851","-80.2167396071687","-80.2167396071687","-80.2167396071687"
"852","-80.35417831927015","-80.35417831927015","-80.35417831927015"
"853","-80.28303341647086","-80.28303341647086","-80.28303341647086"
"854","-80.12453087876493","-80.12453087876493","-80.12453087876493"
"855","-80.12418257853889","-80.12418257853889","-80.12418257853889"
"856","-79.86700745910348","-79.86700745910348","-79.86700745910348"
"857","-80.03476428215785","-80.03476428215785","-80.03476428215785"
"858","-80.18551210270657","-80.18551210270657","-80.18551210270657"
"859","-80.25631188101528","-80.25631188101528","-80.25631188101528"
"860","-80.49535886868296","-80.49535886868296","-80.49535886868296"
"861","-80.39597799374678","-80.39597799374678","-80.39597799374678"
"862","-80.55516235958741","-80.55516235958741","-80.55516235958741"
"863","-80.41874759292186","-80.41874759292186","-80.41874759292186"
"864","-80.51320655947508","-80.51320655947508","-80.51320655947508"
"865","-80.65391591405918","-80.65391591405918","-80.65391591405918"
"866","-80.6023637369131","-80.6023637369131","-80.6023637369131"
"867","-80.77799142349933","-80.77799142349933","-80.77799142349933"
"868","-80.67367480811154","-80.67367480811154","-80.67367480811154"
"869","-80.56133558592249","-80.56133558592249","-80.56133558592249"
"870","-80.67406437575774","-80.67406437575774","-80.67406437575774"
"871","-80.78858642099381","-80.78858642099381","-80.78858642099381"
"872","-80.8104829551508","-80.8104829551508","-80.8104829551508"
"873","-80.27915119054218","-80.27915119054218","-80.27915119054218"
"874","-80.35165111696304","-80.35165111696304","-80.35165111696304"
"875","-80.17504382397937","-80.17504382397937","-80.17504382397937"
"876","-80.41484167840288","-80.41484167840288","-80.41484167840288"
"877","-80.85085464363874","-80.85085464363874","-80.85085464363874"
"878","-80.8141870381865","-80.8141870381865","-80.8141870381865"
"879","-81.47883110987445","-81.47883110987445","-81.47883110987445"
"880","-81.50953825247896","-81.50953825247896","-81.50953825247896"
"881","-81.32156786690888","-81.32156786690888","-81.32156786690888"
"882","-81.21606107960412","-81.21606107960412","-81.21606107960412"
"883","-81.38755542517596","-81.38755542517596","-81.38755542517596"
"884","-81.47786084576","-81.47786084576","-81.47786084576"
"885","-81.6599830110879","-81.6599830110879","-81.6599830110879"
"886","-81.78226420543578","-81.78226420543578","-81.78226420543578"
"887","-82.02971841508014","-82.02971841508014","-82.02971841508014"
"888","-82.30880040244621","-82.30880040244621","-82.30880040244621"
"889","-82.43621002785352","-82.43621002785352","-82.43621002785352"
"890","-82.805964845204","-82.805964845204","-82.805964845204"
"891","-83.16529263602031","-83.16529263602031","-83.16529263602031"
"892","-82.7190264677575","-82.7190264677575","-82.7190264677575"
"893","-82.37557336391343","-82.37557336391343","-82.37557336391343"
"894","-82.63317240114252","-82.63317240114252","-82.63317240114252"
"895","-82.76766452887023","-82.76766452887023","-82.76766452887023"
"896","-82.95018630194404","-82.95018630194404","-82.95018630194404"
"897","-83.14902937228719","-83.14902937228719","-83.14902937228719"
"898","-82.98123043951506","-82.98123043951506","-82.98123043951506"
"899","-82.62443140082455","-82.62443140082455","-82.62443140082455"
"900","-82.52907697504779","-82.52907697504779","-82.52907697504779"
"901","-82.52227663981189","-82.52227663981189","-82.52227663981189"
"902","-82.42685537480658","-82.42685537480658","-82.42685537480658"
"903","-82.61241945854763","-82.61241945854763","-82.61241945854763"
"904","-82.5112828870062","-82.5112828870062","-82.5112828870062"
"905","-83.18413536836768","-83.18413536836768","-83.18413536836768"
"906","-83.22435600571708","-83.22435600571708","-83.22435600571708"
"907","-82.48996298594776","-82.48996298594776","-82.48996298594776"
"908","-82.62090035727623","-82.62090035727623","-82.62090035727623"
"909","-82.46577089433002","-82.46577089433002","-82.46577089433002"
"910","-82.3338889920749","-82.3338889920749","-82.3338889920749"
"911","-82.49719086991998","-82.49719086991998","-82.49719086991998"
"912","-82.81558141626792","-82.81558141626792","-82.81558141626792"
"913","-82.77053361377122","-82.77053361377122","-82.77053361377122"
"914","-82.90096133755895","-82.90096133755895","-82.90096133755895"
"915","-82.92140125822651","-82.92140125822651","-82.92140125822651"
"916","-82.87123534480484","-82.87123534480484","-82.87123534480484"
"917","-82.66491579599122","-82.66491579599122","-82.66491579599122"
"918","-82.86004356506655","-82.86004356506655","-82.86004356506655"
"919","-82.88095586722626","-82.88095586722626","-82.88095586722626"
"920","-82.97837595423593","-82.97837595423593","-82.97837595423593"
"921","-83.10829937776926","-83.10829937776926","-83.10829937776926"
"922","-82.8849526986331","-82.8849526986331","-82.8849526986331"
"923","-82.6039876187444","-82.6039876187444","-82.6039876187444"
"924","-82.70027134968838","-82.70027134968838","-82.70027134968838"
"925","-82.76530994889265","-82.76530994889265","-82.76530994889265"
"926","-82.65521609771004","-82.65521609771004","-82.65521609771004"
"927","-82.62183605962372","-82.62183605962372","-82.62183605962372"
"928","-82.89231233813273","-82.89231233813273","-82.89231233813273"
"929","-82.84802671647103","-82.84802671647103","-82.84802671647103"
"930","-82.37545937879415","-82.37545937879415","-82.37545937879415"
"931","-81.92653857600348","-81.92653857600348","-81.92653857600348"
"932","-81.9451167858153","-81.9451167858153","-81.9451167858153"
"933","-81.88271281282822","-81.88271281282822","-81.88271281282822"
"934","-81.5732340832747","-81.5732340832747","-81.5732340832747"
"935","-81.59988519023577","-81.59988519023577","-81.59988519023577"
"936","-81.53492192743285","-81.53492192743285","-81.53492192743285"
"937","-81.68876208566067","-81.68876208566067","-81.68876208566067"
"938","-81.46175358051373","-81.46175358051373","-81.46175358051373"
"939","-81.46738450888482","-81.46738450888482","-81.46738450888482"
"940","-81.84585542005425","-81.84585542005425","-81.84585542005425"
"941","-81.73044755066684","-81.73044755066684","-81.73044755066684"
"942","-81.71594790785511","-81.71594790785511","-81.71594790785511"
"943","-82.00982102062957","-82.00982102062957","-82.00982102062957"
"944","-82.05086851644268","-82.05086851644268","-82.05086851644268"
"945","-82.21214693788843","-82.21214693788843","-82.21214693788843"
"946","-82.51936437759487","-82.51936437759487","-82.51936437759487"
"947","-82.3967377413058","-82.3967377413058","-82.3967377413058"
"948","-82.43245221604997","-82.43245221604997","-82.43245221604997"
"949","-82.72894936007386","-82.72894936007386","-82.72894936007386"
"950","-82.84086731699233","-82.84086731699233","-82.84086731699233"
"951","-82.68456546337282","-82.68456546337282","-82.68456546337282"
"952","-82.63088359192884","-82.63088359192884","-82.63088359192884"
"953","-82.86279785404851","-82.86279785404851","-82.86279785404851"
"954","-82.29264798681656","-82.29264798681656","-82.29264798681656"
"955","-82.17840447814608","-82.17840447814608","-82.17840447814608"
"956","-82.1321064251981","-82.1321064251981","-82.1321064251981"
"957","-81.62024737491225","-81.62024737491225","-81.62024737491225"
"958","-81.8791712876684","-81.8791712876684","-81.8791712876684"
"959","-81.843545941086","-81.843545941086","-81.843545941086"
"960","-81.7533399473219","-81.7533399473219","-81.7533399473219"
"961","-82.05282237788614","-82.05282237788614","-82.05282237788614"
"962","-82.11324335308699","-82.11324335308699","-82.11324335308699"
"963","-82.271675538979","-82.271675538979","-82.271675538979"
"964","-82.26901049451855","-82.26901049451855","-82.26901049451855"
"965","-82.09991014830256","-82.09991014830256","-82.09991014830256"
"966","-81.9809768357682","-81.9809768357682","-81.9809768357682"
"967","-81.70113247107668","-81.70113247107668","-81.70113247107668"
"968","-81.73486908469302","-81.73486908469302","-81.73486908469302"
"969","-81.69130681980354","-81.69130681980354","-81.69130681980354"
"970","-81.64693084474605","-81.64693084474605","-81.64693084474605"
"971","-81.48679577043232","-81.48679577043232","-81.48679577043232"
"972","-81.32371105138165","-81.32371105138165","-81.32371105138165"
"973","-81.93535706998733","-81.93535706998733","-81.93535706998733"
"974","-81.76136731347022","-81.76136731347022","-81.76136731347022"
"975","-81.75212443638546","-81.75212443638546","-81.75212443638546"
"976","-81.61003079739352","-81.61003079739352","-81.61003079739352"
"977","-81.59100998758291","-81.59100998758291","-81.59100998758291"
"978","-81.79555931537365","-81.79555931537365","-81.79555931537365"
"979","-81.6133931546933","-81.6133931546933","-81.6133931546933"
"980","-81.4336187297753","-81.4336187297753","-81.4336187297753"
"981","-81.08482646834989","-81.08482646834989","-81.08482646834989"
"982","-81.0628261443316","-81.0628261443316","-81.0628261443316"
"983","-80.98718486105045","-80.98718486105045","-80.98718486105045"
"984","-80.98223753222217","-80.98223753222217","-80.98223753222217"
"985","-80.88426242575002","-80.88426242575002","-80.88426242575002"
"986","-80.75015289168758","-80.75015289168758","-80.75015289168758"
"987","-80.76317944018123","-80.76317944018123","-80.76317944018123"
"988","-80.74950296853622","-80.74950296853622","-80.74950296853622"
"989","-80.55589290454937","-80.55589290454937","-80.55589290454937"
"990","-80.13600276366789","-80.13600276366789","-80.13600276366789"
"991","-79.74236480755714","-79.74236480755714","-79.74236480755714"
"992","-79.87732968663778","-79.87732968663778","-79.87732968663778"
"993","-80.07181855451297","-80.07181855451297","-80.07181855451297"
"994","-80.09094469731656","-80.09094469731656","-80.09094469731656"
"995","-80.26014982324075","-80.26014982324075","-80.26014982324075"
"996","-80.159729328621","-80.159729328621","-80.159729328621"
"997","-80.12559485523012","-80.12559485523012","-80.12559485523012"
"998","-80.05285591619071","-80.05285591619071","-80.05285591619071"
"999","-80.04713292751443","-80.04713292751443","-80.04713292751443"
"1000","-79.44340988541003","-79.44340988541003","-79.44340988541003"
"1001","-79.33901902997849","-79.33901902997849","-79.33901902997849"
"1002","-79.37243586001918","-79.37243586001918","-79.37243586001918"
"1003","-79.4515999423759","-79.4515999423759","-79.4515999423759"
"1004","-79.10992765039671","-79.10992765039671","-79.10992765039671"
"1005","-79.05162275998387","-79.05162275998387","-79.05162275998387"
"1006","-79.0143275443511","-79.0143275443511","-79.0143275443511"
"1007","-79.56214838622604","-79.56214838622604","-79.56214838622604"
"1008","-79.71977403492201","-79.71977403492201","-79.71977403492201"
"1009","-79.65794152778574","-79.65794152778574","-79.65794152778574"
"1010","-79.74123028215486","-79.74123028215486","-79.74123028215486"
"1011","-79.62400158761535","-79.62400158761535","-79.62400158761535"
"1012","-79.13578692459036","-79.13578692459036","-79.13578692459036"
"1013","-79.10457748448943","-79.10457748448943","-79.10457748448943"
"1014","-79.11757625755388","-79.11757625755388","-79.11757625755388"
"1015","-79.07536735425238","-79.07536735425238","-79.07536735425238"
"1016","-79.1001350013772","-79.1001350013772","-79.1001350013772"
"1017","-79.39117084882223","-79.39117084882223","-79.39117084882223"
"1018","-79.2086272530537","-79.2086272530537","-79.2086272530537"
"1019","-79.0444348448934","-79.0444348448934","-79.0444348448934"
"1020","-79.07294873610604","-79.07294873610604","-79.07294873610604"
"1021","-79.25197535039392","-79.25197535039392","-79.25197535039392"
"1022","-79.23360982162413","-79.23360982162413","-79.23360982162413"
"1023","-79.36726161375177","-79.36726161375177","-79.36726161375177"
"1024","-79.10868524741382","-79.10868524741382","-79.10868524741382"
"1025","-79.4258717409335","-79.4258717409335","-79.4258717409335"
"1026","-78.83120864061638","-78.83120864061638","-78.83120864061638"
"1027","-78.80678018800914","-78.80678018800914","-78.80678018800914"
"1028","-78.5544934752537","-78.5544934752537","-78.5544934752537"
"1029","-78.54797556576784","-78.54797556576784","-78.54797556576784"
"1030","-78.95414107210469","-78.95414107210469","-78.95414107210469"
"1031","-79.3168690336449","-79.3168690336449","-79.3168690336449"
"1032","-79.14088126178365","-79.14088126178365","-79.14088126178365"
"1033","-79.24386293563526","-79.24386293563526","-79.24386293563526"
"1034","-79.65230039464309","-79.65230039464309","-79.65230039464309"
"1035","-79.79155994275585","-79.79155994275585","-79.79155994275585"
"1036","-79.74299633201211","-79.74299633201211","-79.74299633201211"
"1037","-79.59157857099082","-79.59157857099082","-79.59157857099082"
"1038","-79.73541473438497","-79.73541473438497","-79.73541473438497"
"1039","-79.73347115160432","-79.73347115160432","-79.73347115160432"
"1040","-79.65220745425205","-79.65220745425205","-79.65220745425205"
"1041","-79.7946419769479","-79.7946419769479","-79.7946419769479"
"1042","-79.754859826467","-79.754859826467","-79.754859826467"
"1043","-79.90660516088829","-79.90660516088829","-79.90660516088829"
"1044","-79.74121050579474","-79.74121050579474","-79.74121050579474"
"1045","-79.98910557655152","-79.98910557655152","-79.98910557655152"
"1046","-80.0318467480503","-80.0318467480503","-80.0318467480503"
"1047","-80.04078985527158","-80.04078985527158","-80.04078985527158"
"1048","-79.76346076345071","-79.76346076345071","-79.76346076345071"
"1049","-79.58335259476677","-79.58335259476677","-79.58335259476677"
"1050","-79.59182460702955","-79.59182460702955","-79.59182460702955"
"1051","-78.96218981850892","-78.96218981850892","-78.96218981850892"
"1052","-78.84243397423998","-78.84243397423998","-78.84243397423998"
"1053","-78.61885227893013","-78.61885227893013","-78.61885227893013"
"1054","-78.6584390947735","-78.6584390947735","-78.6584390947735"
"1055","-78.74776804800611","-78.74776804800611","-78.74776804800611"
"1056","-78.76089706437196","-78.76089706437196","-78.76089706437196"
"1057","-79.17708934469614","-79.17708934469614","-79.17708934469614"
"1058","-78.90135091113392","-78.90135091113392","-78.90135091113392"
"1059","-78.89175748007838","-78.89175748007838","-78.89175748007838"
"1060","-78.84308089443017","-78.84308089443017","-78.84308089443017"
"1061","-78.63004468061496","-78.63004468061496","-78.63004468061496"
"1062","-78.41277126224246","-78.41277126224246","-78.41277126224246"
"1063","-78.41605118603911","-78.41605118603911","-78.41605118603911"
"1064","-78.38858420624864","-78.38858420624864","-78.38858420624864"
"1065","-78.36122889738064","-78.36122889738064","-78.36122889738064"
"1066","-78.41473062506877","-78.41473062506877","-78.41473062506877"
"1067","-78.68662714510225","-78.68662714510225","-78.68662714510225"
"1068","-78.76156359841116","-78.76156359841116","-78.76156359841116"
"1069","-78.63430593867321","-78.63430593867321","-78.63430593867321"
"1070","-78.53606284082402","-78.53606284082402","-78.53606284082402"
"1071","-78.68080608692486","-78.68080608692486","-78.68080608692486"
"1072","-78.83025542285293","-78.83025542285293","-78.83025542285293"
"1073","-78.78201713204383","-78.78201713204383","-78.78201713204383"
"1074","-78.8078396195732","-78.8078396195732","-78.8078396195732"
"1075","-78.94535449037329","-78.94535449037329","-78.94535449037329"
"1076","-79.06897450582125","-79.06897450582125","-79.06897450582125"
"1077","-78.98070323099383","-78.98070323099383","-78.98070323099383"
"1078","-78.7931945966743","-78.7931945966743","-78.7931945966743"
"1079","-78.29208394439891","-78.29208394439891","-78.29208394439891"
"1080","-78.56546552667395","-78.56546552667395","-78.56546552667395"
"1081","-79.12238206743729","-79.12238206743729","-79.12238206743729"
"1082","-79.12452988566365","-79.12452988566365","-79.12452988566365"
"1083","-79.02922170117031","-79.02922170117031","-79.02922170117031"
"1084","-79.03734128221404","-79.03734128221404","-79.03734128221404"
"1085","-79.05595508217345","-79.05595508217345","-79.05595508217345"
"1086","-79.11527133715805","-79.11527133715805","-79.11527133715805"
"1087","-79.10154452844057","-79.10154452844057","-79.10154452844057"
"1088","-79.0441564116953","-79.0441564116953","-79.0441564116953"
"1089","-79.36081535835285","-79.36081535835285","-79.36081535835285"
"1090","-79.95407130546867","-79.95407130546867","-79.95407130546867"
"1091","-80.35091130170039","-80.35091130170039","-80.35091130170039"
"1092","-80.22085474985651","-80.22085474985651","-80.22085474985651"
"1093","-80.31847076718695","-80.31847076718695","-80.31847076718695"
"1094","-80.78710390579887","-80.78710390579887","-80.78710390579887"
"1095","-80.50412558614276","-80.50412558614276","-80.50412558614276"
"1096","-80.53569061046001","-80.53569061046001","-80.53569061046001"
"1097","-80.73479250059928","-80.73479250059928","-80.73479250059928"
"1098","-80.7630730720656","-80.7630730720656","-80.7630730720656"
"1099","-80.75989889575634","-80.75989889575634","-80.75989889575634"
"1100","-81.36820960261393","-81.36820960261393","-81.36820960261393"
"1101","-81.61111637656577","-81.61111637656577","-81.61111637656577"
"1102","-81.47036569774616","-81.47036569774616","-81.47036569774616"
"1103","-81.19167240445502","-81.19167240445502","-81.19167240445502"
"1104","-81.0951341967471","-81.0951341967471","-81.0951341967471"
"1105","-81.02535826055333","-81.02535826055333","-81.02535826055333"
"1106","-81.0402173438482","-81.0402173438482","-81.0402173438482"
"1107","-81.01197763741017","-81.01197763741017","-81.01197763741017"
"1108","-80.73044908542187","-80.73044908542187","-80.73044908542187"
"1109","-80.92996610147412","-80.92996610147412","-80.92996610147412"
"1110","-81.07845222672448","-81.07845222672448","-81.07845222672448"
"1111","-81.13699973376002","-81.13699973376002","-81.13699973376002"
"1112","-81.22258933370932","-81.22258933370932","-81.22258933370932"
"1113","-81.2262557895109","-81.2262557895109","-81.2262557895109"
"1114","-81.22008409034461","-81.22008409034461","-81.22008409034461"
"1115","-81.2200948434323","-81.2200948434323","-81.2200948434323"
"1116","-81.41815495777875","-81.41815495777875","-81.41815495777875"
"1117","-81.22390155585018","-81.22390155585018","-81.22390155585018"
"1118","-81.26340313059744","-81.26340313059744","-81.26340313059744"
"1119","-81.58814304329455","-81.58814304329455","-81.58814304329455"
"1120","-81.62489860188217","-81.62489860188217","-81.62489860188217"
"1121","-81.41427364527247","-81.41427364527247","-81.41427364527247"
"1122","-81.73355743654538","-81.73355743654538","-81.73355743654538"
"1123","-81.32623551076279","-81.32623551076279","-81.32623551076279"
"1124","-81.27589248179459","-81.27589248179459","-81.27589248179459"
"1125","-81.08859186221845","-81.08859186221845","-81.08859186221845"
"1126","-81.85774105586577","-81.85774105586577","-81.85774105586577"
"1127","-81.85909975326155","-81.85909975326155","-81.85909975326155"
"1128","-81.79366555792745","-81.79366555792745","-81.79366555792745"
"1129","-81.79792783058714","-81.79792783058714","-81.79792783058714"
"1130","-81.82246144629549","-81.82246144629549","-81.82246144629549"
"1131","-81.78050411574077","-81.78050411574077","-81.78050411574077"
"1132","-81.48191783437039","-81.48191783437039","-81.48191783437039"
"1133","-81.46762138407678","-81.46762138407678","-81.46762138407678"
"1134","-81.3774954983918","-81.3774954983918","-81.3774954983918"
"1135","-81.25944738773164","-81.25944738773164","-81.25944738773164"
"1136","-81.17105308191385","-81.17105308191385","-81.17105308191385"
"1137","-81.38756454168819","-81.38756454168819","-81.38756454168819"
"1138","-81.30944515979849","-81.30944515979849","-81.30944515979849"
"1139","-81.41980024361051","-81.41980024361051","-81.41980024361051"
"1140","-81.55463278961368","-81.55463278961368","-81.55463278961368"
"1141","-81.62700356819667","-81.62700356819667","-81.62700356819667"
"1142","-81.43294567043893","-81.43294567043893","-81.43294567043893"
"1143","-81.54139610558282","-81.54139610558282","-81.54139610558282"
"1144","-81.73731002239045","-81.73731002239045","-81.73731002239045"
"1145","-81.51696302608121","-81.51696302608121","-81.51696302608121"
"1146","-81.53605515907053","-81.53605515907053","-81.53605515907053"
"1147","-81.54147833358962","-81.54147833358962","-81.54147833358962"
"1148","-81.6666660974035","-81.6666660974035","-81.6666660974035"
"1149","-81.96941183088813","-81.96941183088813","-81.96941183088813"
"1150","-81.89191141307819","-81.89191141307819","-81.89191141307819"
"1151","-82.90312056612689","-82.90312056612689","-82.90312056612689"
"1152","-83.13074097645003","-83.13074097645003","-83.13074097645003"
"1153","-83.0838810912706","-83.0838810912706","-83.0838810912706"
"1154","-83.3333421460446","-83.3333421460446","-83.3333421460446"
"1155","-83.23318677457515","-83.23318677457515","-83.23318677457515"
"1156","-83.19903442411218","-83.19903442411218","-83.19903442411218"
"1157","-83.209286537976","-83.209286537976","-83.209286537976"
"1158","-83.2268087475421","-83.2268087475421","-83.2268087475421"
"1159","-83.25136032313574","-83.25136032313574","-83.25136032313574"
"1160","-83.28448163509835","-83.28448163509835","-83.28448163509835"
"1161","-83.30445071019697","-83.30445071019697","-83.30445071019697"
"1162","-83.72555941096041","-83.72555941096041","-83.72555941096041"
"1163","-83.70397028197068","-83.70397028197068","-83.70397028197068"
"1164","-83.70281907486263","-83.70281907486263","-83.70281907486263"
"1165","-83.77925293826497","-83.77925293826497","-83.77925293826497"
"1166","-83.96214691339992","-83.96214691339992","-83.96214691339992"
"1167","-83.8121946684178","-83.8121946684178","-83.8121946684178"
"1168","-83.75956532594748","-83.75956532594748","-83.75956532594748"
"1169","-83.80134753346444","-83.80134753346444","-83.80134753346444"
"1170","-83.94397131634877","-83.94397131634877","-83.94397131634877"
"1171","-83.97383536271751","-83.97383536271751","-83.97383536271751"
"1172","-83.99566537545994","-83.99566537545994","-83.99566537545994"
"1173","-83.98719845855608","-83.98719845855608","-83.98719845855608"
"1174","-83.98696952797472","-83.98696952797472","-83.98696952797472"
"1175","-84.00552275821566","-84.00552275821566","-84.00552275821566"
"1176","-83.97051756482571","-83.97051756482571","-83.97051756482571"
"1177","-84.02654812645167","-84.02654812645167","-84.02654812645167"
"1178","-84.01574119121767","-84.01574119121767","-84.01574119121767"
"1179","-84.48584192979149","-84.48584192979149","-84.48584192979149"
"1180","-84.66631391058677","-84.66631391058677","-84.66631391058677"
"1181","-84.2333905158518","-84.2333905158518","-84.2333905158518"
"1182","-84.22649448390584","-84.22649448390584","-84.22649448390584"
"1183","-84.54398879506626","-84.54398879506626","-84.54398879506626"
"1184","-84.15313407120294","-84.15313407120294","-84.15313407120294"
"1185","-84.13569784873165","-84.13569784873165","-84.13569784873165"
"1186","-84.11145959778689","-84.11145959778689","-84.11145959778689"
"1187","-83.97645656201989","-83.97645656201989","-83.97645656201989"
"1188","-83.9425861806795","-83.9425861806795","-83.9425861806795"
"1189","-83.71440888684243","-83.71440888684243","-83.71440888684243"
"1190","-83.48153031256982","-83.48153031256982","-83.48153031256982"
"1191","-82.99726926715579","-82.99726926715579","-82.99726926715579"
"1192","-83.32966559316031","-83.32966559316031","-83.32966559316031"
"1193","-82.76799755297601","-82.76799755297601","-82.76799755297601"
"1194","-82.46513924762607","-82.46513924762607","-82.46513924762607"
"1195","-82.34334033997729","-82.34334033997729","-82.34334033997729"
"1196","-82.26393316376489","-82.26393316376489","-82.26393316376489"
"1197","-82.07522899884265","-82.07522899884265","-82.07522899884265"
"1198","-82.01804082014132","-82.01804082014132","-82.01804082014132"
"1199","-81.96111633098218","-81.96111633098218","-81.96111633098218"
"1200","-81.97855714254547","-81.97855714254547","-81.97855714254547"
"1201","-81.764444984179","-81.764444984179","-81.764444984179"
"1202","-81.85730309704319","-81.85730309704319","-81.85730309704319"
"1203","-81.92845584808383","-81.92845584808383","-81.92845584808383"
"1204","-82.41193732557353","-82.41193732557353","-82.41193732557353"
"1205","-82.51342391235288","-82.51342391235288","-82.51342391235288"
"1206","-82.5491837570211","-82.5491837570211","-82.5491837570211"
"1207","-82.81080638811923","-82.81080638811923","-82.81080638811923"
"1208","-82.82348485405092","-82.82348485405092","-82.82348485405092"
"1209","-82.53604869813192","-82.53604869813192","-82.53604869813192"
"1210","-82.49795756092296","-82.49795756092296","-82.49795756092296"
"1211","-82.45713861585129","-82.45713861585129","-82.45713861585129"
"1212","-82.48215835629031","-82.48215835629031","-82.48215835629031"
"1213","-82.4729661870608","-82.4729661870608","-82.4729661870608"
"1214","-82.47443019807804","-82.47443019807804","-82.47443019807804"
"1215","-82.50236349631567","-82.50236349631567","-82.50236349631567"
"1216","-82.28442813395057","-82.28442813395057","-82.28442813395057"
"1217","-82.20299424859229","-82.20299424859229","-82.20299424859229"
"1218","-82.31445976751391","-82.31445976751391","-82.31445976751391"
"1219","-82.1503994713351","-82.1503994713351","-82.1503994713351"
"1220","-82.0193846992217","-82.0193846992217","-82.0193846992217"
"1221","-82.10413103496656","-82.10413103496656","-82.10413103496656"
"1222","-81.74830128992443","-81.74830128992443","-81.74830128992443"
"1223","-82.16973960029893","-82.16973960029893","-82.16973960029893"
"1224","-82.41715032418725","-82.41715032418725","-82.41715032418725"
"1225","-82.49433455783408","-82.49433455783408","-82.49433455783408"
"1226","-82.48633740698453","-82.48633740698453","-82.48633740698453"
"1227","-82.67996529893485","-82.67996529893485","-82.67996529893485"
"1228","-82.691495132423","-82.691495132423","-82.691495132423"
"1229","-82.68442636906634","-82.68442636906634","-82.68442636906634"
"1230","-82.66089852921199","-82.66089852921199","-82.66089852921199"
"1231","-82.71582252002787","-82.71582252002787","-82.71582252002787"
"1232","-83.17590856965165","-83.17590856965165","-83.17590856965165"
"1233","-83.06003992143087","-83.06003992143087","-83.06003992143087"
"1234","-82.90360238601454","-82.90360238601454","-82.90360238601454"
"1235","-82.88509096073918","-82.88509096073918","-82.88509096073918"
"1236","-82.95951388278044","-82.95951388278044","-82.95951388278044"
"1237","-82.83119844220579","-82.83119844220579","-82.83119844220579"
"1238","-82.81814541816712","-82.81814541816712","-82.81814541816712"
"1239","-82.84397083872929","-82.84397083872929","-82.84397083872929"
"1240","-82.69372953424231","-82.69372953424231","-82.69372953424231"
"1241","-82.4127155560255","-82.4127155560255","-82.4127155560255"
"1242","-82.68751349609346","-82.68751349609346","-82.68751349609346"
"1243","-82.71735409322194","-82.71735409322194","-82.71735409322194"
"1244","-82.49134732746519","-82.49134732746519","-82.49134732746519"
"1245","-82.3822405826021","-82.3822405826021","-82.3822405826021"
"1246","-82.44175257234834","-82.44175257234834","-82.44175257234834"
"1247","-82.46808295766823","-82.46808295766823","-82.46808295766823"
"1248","-82.34421320754103","-82.34421320754103","-82.34421320754103"
"1249","-82.20015408289619","-82.20015408289619","-82.20015408289619"
"1250","-82.1541996410722","-82.1541996410722","-82.1541996410722"
"1251","-81.45101426891982","-81.45101426891982","-81.45101426891982"
"1252","-81.39442192427813","-81.39442192427813","-81.39442192427813"
"1253","-81.56852998422458","-81.56852998422458","-81.56852998422458"
"1254","-81.70707851989195","-81.70707851989195","-81.70707851989195"
"1255","-81.81204056408723","-81.81204056408723","-81.81204056408723"
"1256","-81.8251043714257","-81.8251043714257","-81.8251043714257"
"1257","-81.82014711391646","-81.82014711391646","-81.82014711391646"
"1258","-82.09034632089082","-82.09034632089082","-82.09034632089082"
"1259","-82.13326319938992","-82.13326319938992","-82.13326319938992"
"1260","-82.11634580009151","-82.11634580009151","-82.11634580009151"
"1261","-81.76416012712289","-81.76416012712289","-81.76416012712289"
"1262","-81.38189111155924","-81.38189111155924","-81.38189111155924"
"1263","-81.51091491691302","-81.51091491691302","-81.51091491691302"
"1264","-81.49070599689614","-81.49070599689614","-81.49070599689614"
"1265","-81.05051185228862","-81.05051185228862","-81.05051185228862"
"1266","-80.77204824234359","-80.77204824234359","-80.77204824234359"
"1267","-80.75579385793768","-80.75579385793768","-80.75579385793768"
"1268","-80.8241741089616","-80.8241741089616","-80.8241741089616"
"1269","-80.93504379002843","-80.93504379002843","-80.93504379002843"
"1270","-80.9530875762878","-80.9530875762878","-80.9530875762878"
"1271","-80.41925863718149","-80.41925863718149","-80.41925863718149"
"1272","-80.26769300659653","-80.26769300659653","-80.26769300659653"
"1273","-80.20951501623261","-80.20951501623261","-80.20951501623261"
"1274","-80.09178725110833","-80.09178725110833","-80.09178725110833"
"1275","-80.04520052804146","-80.04520052804146","-80.04520052804146"
"1276","-79.90365296280477","-79.90365296280477","-79.90365296280477"
"1277","-79.95926917674485","-79.95926917674485","-79.95926917674485"
"1278","-79.80128771046643","-79.80128771046643","-79.80128771046643"
"1279","-79.74369914470707","-79.74369914470707","-79.74369914470707"
"1280","-79.44927805651444","-79.44927805651444","-79.44927805651444"
"1281","-79.72221998573747","-79.72221998573747","-79.72221998573747"
"1282","-79.73057395517361","-79.73057395517361","-79.73057395517361"
"1283","-79.83660556804854","-79.83660556804854","-79.83660556804854"
"1284","-80.35126615948975","-80.35126615948975","-80.35126615948975"
"1285","-80.33898991547525","-80.33898991547525","-80.33898991547525"
"1286","-80.53562955406029","-80.53562955406029","-80.53562955406029"
"1287","-80.39917791974266","-80.39917791974266","-80.39917791974266"
"1288","-80.30837950958404","-80.30837950958404","-80.30837950958404"
"1289","-79.92726261316798","-79.92726261316798","-79.92726261316798"
"1290","-80.06702598882839","-80.06702598882839","-80.06702598882839"
"1291","-80.72187280336861","-80.72187280336861","-80.72187280336861"
"1292","-80.7008027560357","-80.7008027560357","-80.7008027560357"
"1293","-81.21295505046379","-81.21295505046379","-81.21295505046379"
"1294","-81.48128356647211","-81.48128356647211","-81.48128356647211"
"1295","-81.70212186998222","-81.70212186998222","-81.70212186998222"
"1296","-81.73738628339488","-81.73738628339488","-81.73738628339488"
"1297","-81.81006161813158","-81.81006161813158","-81.81006161813158"
"1298","-81.93853923865129","-81.93853923865129","-81.93853923865129"
"1299","-81.87226491697598","-81.87226491697598","-81.87226491697598"
"1300","-81.8134025245579","-81.8134025245579","-81.8134025245579"
"1301","-81.8193344763806","-81.8193344763806","-81.8193344763806"
"1302","-81.81200922194402","-81.81200922194402","-81.81200922194402"
"1303","-81.58556000275071","-81.58556000275071","-81.58556000275071"
"1304","-81.67972840737086","-81.67972840737086","-81.67972840737086"
"1305","-81.54462565049063","-81.54462565049063","-81.54462565049063"
"1306","-81.43723893707153","-81.43723893707153","-81.43723893707153"
"1307","-81.40358314537443","-81.40358314537443","-81.40358314537443"
"1308","-81.37602260194254","-81.37602260194254","-81.37602260194254"
"1309","-81.0358419784205","-81.0358419784205","-81.0358419784205"
"1310","-79.92469635943883","-79.92469635943883","-79.92469635943883"
"1311","-79.74465099408292","-79.74465099408292","-79.74465099408292"
"1312","-79.6790242137108","-79.6790242137108","-79.6790242137108"
"1313","-79.44192977155093","-79.44192977155093","-79.44192977155093"
"1314","-79.44316997031216","-79.44316997031216","-79.44316997031216"
"1315","-79.33211760217324","-79.33211760217324","-79.33211760217324"
"1316","-79.24863520650193","-79.24863520650193","-79.24863520650193"
"1317","-79.15859727362171","-79.15859727362171","-79.15859727362171"
"1318","-79.16420007245615","-79.16420007245615","-79.16420007245615"
"1319","-79.31599416822661","-79.31599416822661","-79.31599416822661"
"1320","-79.35096901359502","-79.35096901359502","-79.35096901359502"
"1321","-79.20257332997862","-79.20257332997862","-79.20257332997862"
"1322","-79.06027255306486","-79.06027255306486","-79.06027255306486"
"1323","-78.54038788261357","-78.54038788261357","-78.54038788261357"
"1324","-78.2980148546258","-78.2980148546258","-78.2980148546258"
"1325","-78.19749811863993","-78.19749811863993","-78.19749811863993"
"1326","-77.9723006823752","-77.9723006823752","-77.9723006823752"
"1327","-77.6748411744181","-77.6748411744181","-77.6748411744181"
"1328","-77.69026268451475","-77.69026268451475","-77.69026268451475"
"1329","-77.59347137230448","-77.59347137230448","-77.59347137230448"
"1330","-77.48829957260284","-77.48829957260284","-77.48829957260284"
"1331","-77.72142318293918","-77.72142318293918","-77.72142318293918"
"1332","-77.6839244499104","-77.6839244499104","-77.6839244499104"
"1333","-77.77705247404519","-77.77705247404519","-77.77705247404519"
"1334","-77.89484281260985","-77.89484281260985","-77.89484281260985"
"1335","-77.72923739800696","-77.72923739800696","-77.72923739800696"
"1336","-76.91157319859136","-76.91157319859136","-76.91157319859136"
"1337","-76.77558716001455","-76.77558716001455","-76.77558716001455"
"1338","-76.73495802660007","-76.73495802660007","-76.73495802660007"
"1339","-76.65478800021577","-76.65478800021577","-76.65478800021577"
"1340","-76.31815898176748","-76.31815898176748","-76.31815898176748"
"1341","-76.47400894389487","-76.47400894389487","-76.47400894389487"
"1342","-76.48790054215584","-76.48790054215584","-76.48790054215584"
"1343","-76.2629066745611","-76.2629066745611","-76.2629066745611"
"1344","-76.37390857791529","-76.37390857791529","-76.37390857791529"
"1345","-76.39301555797458","-76.39301555797458","-76.39301555797458"
"1346","-76.45592596963048","-76.45592596963048","-76.45592596963048"
"1347","-76.32805261641741","-76.32805261641741","-76.32805261641741"
"1348","-76.31667676253244","-76.31667676253244","-76.31667676253244"
"1349","-76.38988103207201","-76.38988103207201","-76.38988103207201"
"1350","-76.20340592602733","-76.20340592602733","-76.20340592602733"
"1351","-75.79145130151417","-75.79145130151417","-75.79145130151417"
"1352","-75.91718440219294","-75.91718440219294","-75.91718440219294"
"1353","-75.89125810481143","-75.89125810481143","-75.89125810481143"
"1354","-76.20181951090228","-76.20181951090228","-76.20181951090228"
"1355","-76.20268508662936","-76.20268508662936","-76.20268508662936"
"1356","-76.14758289981168","-76.14758289981168","-76.14758289981168"
"1357","-76.112384495656","-76.112384495656","-76.112384495656"
"1358","-75.60162235723342","-75.60162235723342","-75.60162235723342"
"1359","-75.32126673934516","-75.32126673934516","-75.32126673934516"
"1360","-75.27970754779409","-75.27970754779409","-75.27970754779409"
"1361","-75.54363146818709","-75.54363146818709","-75.54363146818709"
"1362","-75.50710089279805","-75.50710089279805","-75.50710089279805"
"1363","-75.79202746910974","-75.79202746910974","-75.79202746910974"
"1364","-75.6771845594421","-75.6771845594421","-75.6771845594421"
"1365","-76.11320796588436","-76.11320796588436","-76.11320796588436"
"1366","-76.42213698619045","-76.42213698619045","-76.42213698619045"
"1367","-76.29625769332517","-76.29625769332517","-76.29625769332517"
"1368","-76.03461189116817","-76.03461189116817","-76.03461189116817"
"1369","-76.17475561338942","-76.17475561338942","-76.17475561338942"
"1370","-76.26759424863849","-76.26759424863849","-76.26759424863849"
"1371","-76.87586373890285","-76.87586373890285","-76.87586373890285"
"1372","-76.78876113036182","-76.78876113036182","-76.78876113036182"
"1373","-76.6448874690989","-76.6448874690989","-76.6448874690989"
"1374","-77.02369541459717","-77.02369541459717","-77.02369541459717"
"1375","-77.08143332343549","-77.08143332343549","-77.08143332343549"
"1376","-77.11885254360736","-77.11885254360736","-77.11885254360736"
"1377","-77.35933615054469","-77.35933615054469","-77.35933615054469"
"1378","-77.51944336125162","-77.51944336125162","-77.51944336125162"
"1379","-77.15165536997374","-77.15165536997374","-77.15165536997374"
"1380","-77.29924378070514","-77.29924378070514","-77.29924378070514"
"1381","-77.36469770088326","-77.36469770088326","-77.36469770088326"
"1382","-77.58282519196626","-77.58282519196626","-77.58282519196626"
"1383","-77.3006174042914","-77.3006174042914","-77.3006174042914"
"1384","-77.38556805246975","-77.38556805246975","-77.38556805246975"
"1385","-77.3098303094227","-77.3098303094227","-77.3098303094227"
"1386","-77.02860040028114","-77.02860040028114","-77.02860040028114"
"1387","-77.00833091179375","-77.00833091179375","-77.00833091179375"
"1388","-76.98032596931327","-76.98032596931327","-76.98032596931327"
"1389","-76.93626153686084","-76.93626153686084","-76.93626153686084"
"1390","-76.73685207732953","-76.73685207732953","-76.73685207732953"
"1391","-76.4275922347745","-76.4275922347745","-76.4275922347745"
"1392","-76.18056420490146","-76.18056420490146","-76.18056420490146"
"1393","-76.3492150962213","-76.3492150962213","-76.3492150962213"
"1394","-76.29818800930865","-76.29818800930865","-76.29818800930865"
"1395","-75.88328860436566","-75.88328860436566","-75.88328860436566"
"1396","-76.21892884961329","-76.21892884961329","-76.21892884961329"
"1397","-76.07812935835682","-76.07812935835682","-76.07812935835682"
"1398","-75.72425899430644","-75.72425899430644","-75.72425899430644"
"1399","-75.70482267550659","-75.70482267550659","-75.70482267550659"
"1400","-74.76668995838146","-74.76668995838146","-74.76668995838146"
"1401","-74.82044480193872","-74.82044480193872","-74.82044480193872"
"1402","-74.73449028755073","-74.73449028755073","-74.73449028755073"
"1403","-74.52533609506673","-74.52533609506673","-74.52533609506673"
"1404","-73.97729599519633","-73.97729599519633","-73.97729599519633"
"1405","-73.99081626026891","-73.99081626026891","-73.99081626026891"
"1406","-73.95943211200647","-73.95943211200647","-73.95943211200647"
"1407","-73.68031342228875","-73.68031342228875","-73.68031342228875"
"1408","-73.86507448624819","-73.86507448624819","-73.86507448624819"
"1409","-74.18695177343675","-74.18695177343675","-74.18695177343675"
"1410","-75.32265089177527","-75.32265089177527","-75.32265089177527"
"1411","-75.33451481628232","-75.33451481628232","-75.33451481628232"
"1412","-75.4391699765157","-75.4391699765157","-75.4391699765157"
"1413","-75.67238238123245","-75.67238238123245","-75.67238238123245"
"1414","-75.67424023938365","-75.67424023938365","-75.67424023938365"
"1415","-75.87352038200478","-75.87352038200478","-75.87352038200478"
"1416","-75.95332688319962","-75.95332688319962","-75.95332688319962"
"1417","-76.17599672849755","-76.17599672849755","-76.17599672849755"
"1418","-76.51388534808066","-76.51388534808066","-76.51388534808066"
"1419","-76.49721979876048","-76.49721979876048","-76.49721979876048"
"1420","-76.35366192241199","-76.35366192241199","-76.35366192241199"
"1421","-76.38426876424812","-76.38426876424812","-76.38426876424812"
"1422","-76.54451125013642","-76.54451125013642","-76.54451125013642"
"1423","-77.01374339965172","-77.01374339965172","-77.01374339965172"
"1424","-77.08766707503237","-77.08766707503237","-77.08766707503237"
"1425","-76.6114143934194","-76.6114143934194","-76.6114143934194"
"1426","-76.79065915043466","-76.79065915043466","-76.79065915043466"
"1427","-76.20977791890968","-76.20977791890968","-76.20977791890968"
"1428","-76.27088949691039","-76.27088949691039","-76.27088949691039"
"1429","-76.61450143683236","-76.61450143683236","-76.61450143683236"
"1430","-76.36973124839365","-76.36973124839365","-76.36973124839365"
"1431","-75.9671624856349","-75.9671624856349","-75.9671624856349"
"1432","-75.7262723848503","-75.7262723848503","-75.7262723848503"
"1433","-75.41642137335613","-75.41642137335613","-75.41642137335613"
"1434","-75.36385669074953","-75.36385669074953","-75.36385669074953"
"1435","-75.64566942883656","-75.64566942883656","-75.64566942883656"
"1436","-76.51432423012331","-76.51432423012331","-76.51432423012331"
"1437","-76.70013892413117","-76.70013892413117","-76.70013892413117"
"1438","-77.01490906872765","-77.01490906872765","-77.01490906872765"
"1439","-77.27223008562788","-77.27223008562788","-77.27223008562788"
"1440","-77.44253158003535","-77.44253158003535","-77.44253158003535"
"1441","-77.312059590332","-77.312059590332","-77.312059590332"
"1442","-77.27891427576986","-77.27891427576986","-77.27891427576986"
"1443","-77.35405398715265","-77.35405398715265","-77.35405398715265"
"1444","-77.45909947411602","-77.45909947411602","-77.45909947411602"
"1445","-77.8184974691223","-77.8184974691223","-77.8184974691223"
"1446","-77.68240816136334","-77.68240816136334","-77.68240816136334"
"1447","-77.90298868970459","-77.90298868970459","-77.90298868970459"
"1448","-78.03374012607594","-78.03374012607594","-78.03374012607594"
"1449","-78.01608720436205","-78.01608720436205","-78.01608720436205"
"1450","-78.36793805457164","-78.36793805457164","-78.36793805457164"
"1451","-79.23075149505377","-79.23075149505377","-79.23075149505377"
"1452","-79.08425864816621","-79.08425864816621","-79.08425864816621"
"1453","-79.11207988859132","-79.11207988859132","-79.11207988859132"
"1454","-78.84642102668971","-78.84642102668971","-78.84642102668971"
"1455","-78.92837015041128","-78.92837015041128","-78.92837015041128"
"1456","-78.56386216578983","-78.56386216578983","-78.56386216578983"
"1457","-78.68178565570132","-78.68178565570132","-78.68178565570132"
"1458","-79.09733998729826","-79.09733998729826","-79.09733998729826"
"1459","-79.21552403866292","-79.21552403866292","-79.21552403866292"
"1460","-79.49199832965598","-79.49199832965598","-79.49199832965598"
"1461","-79.15943080746547","-79.15943080746547","-79.15943080746547"
"1462","-79.03219050495863","-79.03219050495863","-79.03219050495863"
"1463","-77.67869586644207","-77.67869586644207","-77.67869586644207"
"1464","-77.46884288673733","-77.46884288673733","-77.46884288673733"
"1465","-77.08245978893224","-77.08245978893224","-77.08245978893224"
"1466","-77.09399802409061","-77.09399802409061","-77.09399802409061"
"1467","-77.12056845574124","-77.12056845574124","-77.12056845574124"
"1468","-76.62147566530336","-76.62147566530336","-76.62147566530336"
"1469","-76.37569446829097","-76.37569446829097","-76.37569446829097"
"1470","-76.362114194198","-76.362114194198","-76.362114194198"
"1471","-76.39353472586204","-76.39353472586204","-76.39353472586204"
"1472","-76.6351789017296","-76.6351789017296","-76.6351789017296"
"1473","-76.859323976831","-76.859323976831","-76.859323976831"
"1474","-77.11001234408883","-77.11001234408883","-77.11001234408883"
"1475","-76.98802371886974","-76.98802371886974","-76.98802371886974"
"1476","-77.00972427764391","-77.00972427764391","-77.00972427764391"
"1477","-76.95809849873135","-76.95809849873135","-76.95809849873135"
"1478","-77.11007472379082","-77.11007472379082","-77.11007472379082"
"1479","-77.45048001103052","-77.45048001103052","-77.45048001103052"
"1480","-77.32448577685231","-77.32448577685231","-77.32448577685231"
"1481","-77.15912107768418","-77.15912107768418","-77.15912107768418"
"1482","-76.91750226126001","-76.91750226126001","-76.91750226126001"
"1483","-76.3333748641186","-76.3333748641186","-76.3333748641186"
"1484","-75.49558266164219","-75.49558266164219","-75.49558266164219"
"1485","-75.48289783714289","-75.48289783714289","-75.48289783714289"
"1486","-75.46918191829646","-75.46918191829646","-75.46918191829646"
"1487","-75.76312857070887","-75.76312857070887","-75.76312857070887"
"1488","-75.49354087249326","-75.49354087249326","-75.49354087249326"
"1489","-75.93357781045088","-75.93357781045088","-75.93357781045088"
"1490","-76.02911310651288","-76.02911310651288","-76.02911310651288"
"1491","-75.90771913849233","-75.90771913849233","-75.90771913849233"
"1492","-76.00820878790641","-76.00820878790641","-76.00820878790641"
"1493","-75.51288248823904","-75.51288248823904","-75.51288248823904"
"1494","-75.22469397503366","-75.22469397503366","-75.22469397503366"
"1495","-75.65684039614578","-75.65684039614578","-75.65684039614578"
"1496","-75.44361627216865","-75.44361627216865","-75.44361627216865"
"1497","-75.40457933250298","-75.40457933250298","-75.40457933250298"
"1498","-75.77719478555905","-75.77719478555905","-75.77719478555905"
"1499","-76.23902895947387","-76.23902895947387","-76.23902895947387"
"1500","-77.50024964108532","-77.50024964108532","-77.50024964108532"
"1501","-77.45423653624421","-77.45423653624421","-77.45423653624421"
"1502","-77.551214618007","-77.551214618007","-77.551214618007"
"1503","-77.06306358744325","-77.06306358744325","-77.06306358744325"
"1504","-77.45555732342349","-77.45555732342349","-77.45555732342349"
"1505","-77.08889706748006","-77.08889706748006","-77.08889706748006"
"1506","-77.32246587718306","-77.32246587718306","-77.32246587718306"
"1507","-77.3212076099257","-77.3212076099257","-77.3212076099257"
"1508","-76.57920029631285","-76.57920029631285","-76.57920029631285"
"1509","-76.97577038868731","-76.97577038868731","-76.97577038868731"
"1510","-76.09760671592717","-76.09760671592717","-76.09760671592717"
"1511","-76.1708996327727","-76.1708996327727","-76.1708996327727"
"1512","-76.29469970557308","-76.29469970557308","-76.29469970557308"
"1513","-76.43164937217189","-76.43164937217189","-76.43164937217189"
"1514","-76.08586364806098","-76.08586364806098","-76.08586364806098"
"1515","-75.98575441001384","-75.98575441001384","-75.98575441001384"
"1516","-76.02229365095896","-76.02229365095896","-76.02229365095896"
"1517","-75.89634114586217","-75.89634114586217","-75.89634114586217"
"1518","-75.29025618691848","-75.29025618691848","-75.29025618691848"
"1519","-75.20465989184486","-75.20465989184486","-75.20465989184486"
"1520","-75.21503672440457","-75.21503672440457","-75.21503672440457"
"1521","-75.15509821672379","-75.15509821672379","-75.15509821672379"
"1522","-75.2040090764725","-75.2040090764725","-75.2040090764725"
"1523","-75.15293868573768","-75.15293868573768","-75.15293868573768"
"1524","-75.17528042523575","-75.17528042523575","-75.17528042523575"
"1525","-75.65516170668336","-75.65516170668336","-75.65516170668336"
"1526","-75.94043382492768","-75.94043382492768","-75.94043382492768"
"1527","-76.81373139375275","-76.81373139375275","-76.81373139375275"
"1528","-76.69533425011126","-76.69533425011126","-76.69533425011126"
"1529","-76.49214364692955","-76.49214364692955","-76.49214364692955"
"1530","-76.71364252889914","-76.71364252889914","-76.71364252889914"
"1531","-76.44149172715296","-76.44149172715296","-76.44149172715296"
"1532","-77.0912604512406","-77.0912604512406","-77.0912604512406"
"1533","-77.41175328465565","-77.41175328465565","-77.41175328465565"
"1534","-77.50053611560179","-77.50053611560179","-77.50053611560179"
"1535","-77.39814705277247","-77.39814705277247","-77.39814705277247"
"1536","-77.4608482045905","-77.4608482045905","-77.4608482045905"
"1537","-77.27941303574866","-77.27941303574866","-77.27941303574866"
"1538","-77.17569313391519","-77.17569313391519","-77.17569313391519"
"1539","-76.9690005534835","-76.9690005534835","-76.9690005534835"
"1540","-77.31417942291067","-77.31417942291067","-77.31417942291067"
"1541","-77.64766657406406","-77.64766657406406","-77.64766657406406"
"1542","-77.61829013759213","-77.61829013759213","-77.61829013759213"
"1543","-77.435578445149","-77.435578445149","-77.435578445149"
"1544","-77.43204028479697","-77.43204028479697","-77.43204028479697"
"1545","-77.12488981177972","-77.12488981177972","-77.12488981177972"
"1546","-77.35439707543642","-77.35439707543642","-77.35439707543642"
"1547","-77.32723898844735","-77.32723898844735","-77.32723898844735"
"1548","-76.62364908479096","-76.62364908479096","-76.62364908479096"
"1549","-76.53016804505081","-76.53016804505081","-76.53016804505081"
"1550","-76.4870787458861","-76.4870787458861","-76.4870787458861"
"1551","-76.47969254514145","-76.47969254514145","-76.47969254514145"
"1552","-76.67582115978875","-76.67582115978875","-76.67582115978875"
"1553","-76.63519115467497","-76.63519115467497","-76.63519115467497"
"1554","-76.55322734911402","-76.55322734911402","-76.55322734911402"
"1555","-76.44453913003613","-76.44453913003613","-76.44453913003613"
"1556","-76.95996692150307","-76.95996692150307","-76.95996692150307"
"1557","-76.79675013689732","-76.79675013689732","-76.79675013689732"
"1558","-76.69016939914727","-76.69016939914727","-76.69016939914727"
"1559","-76.38889766960347","-76.38889766960347","-76.38889766960347"
"1560","-76.05265728932747","-76.05265728932747","-76.05265728932747"
"1561","-76.37056479613238","-76.37056479613238","-76.37056479613238"
"1562","-76.68439140693692","-76.68439140693692","-76.68439140693692"
"1563","-77.49157576549274","-77.49157576549274","-77.49157576549274"
"1564","-77.8740679546952","-77.8740679546952","-77.8740679546952"
"1565","-78.36247675246966","-78.36247675246966","-78.36247675246966"
"1566","-77.36455161765655","-77.36455161765655","-77.36455161765655"
"1567","-77.60031042190705","-77.60031042190705","-77.60031042190705"
"1568","-78.3104949710748","-78.3104949710748","-78.3104949710748"
"1569","-78.27720036518731","-78.27720036518731","-78.27720036518731"
"1570","-78.16132469348959","-78.16132469348959","-78.16132469348959"
"1571","-77.89412968097604","-77.89412968097604","-77.89412968097604"
"1572","-77.8981693552609","-77.8981693552609","-77.8981693552609"
"1573","-77.62978713208693","-77.62978713208693","-77.62978713208693"
"1574","-76.80325925702112","-76.80325925702112","-76.80325925702112"
"1575","-76.95082752516377","-76.95082752516377","-76.95082752516377"
"1576","-77.01510096188518","-77.01510096188518","-77.01510096188518"
"1577","-76.41752289136755","-76.41752289136755","-76.41752289136755"
"1578","-76.43492246447015","-76.43492246447015","-76.43492246447015"
"1579","-75.87951936958241","-75.87951936958241","-75.87951936958241"
"1580","-75.86810961464303","-75.86810961464303","-75.86810961464303"
"1581","-76.014731347583","-76.014731347583","-76.014731347583"
"1582","-76.10510376446298","-76.10510376446298","-76.10510376446298"
"1583","-76.67819349078346","-76.67819349078346","-76.67819349078346"
"1584","-77.17028357948992","-77.17028357948992","-77.17028357948992"
"1585","-76.94437591968453","-76.94437591968453","-76.94437591968453"
"1586","-77.21735202734243","-77.21735202734243","-77.21735202734243"
"1587","-77.04183421234484","-77.04183421234484","-77.04183421234484"
"1588","-77.11115433921921","-77.11115433921921","-77.11115433921921"
"1589","-77.32773393075797","-77.32773393075797","-77.32773393075797"
"1590","-77.5773378453299","-77.5773378453299","-77.5773378453299"
"1591","-77.33354375778116","-77.33354375778116","-77.33354375778116"
"1592","-77.03587341783917","-77.03587341783917","-77.03587341783917"
"1593","-77.25318834407604","-77.25318834407604","-77.25318834407604"
"1594","-77.27974184620544","-77.27974184620544","-77.27974184620544"
"1595","-77.2108303070895","-77.2108303070895","-77.2108303070895"
"1596","-77.17052495210315","-77.17052495210315","-77.17052495210315"
"1597","-77.22723741250928","-77.22723741250928","-77.22723741250928"
"1598","-77.23234849833767","-77.23234849833767","-77.23234849833767"
"1599","-77.17904148400194","-77.17904148400194","-77.17904148400194"
"1600","-76.21089152522283","-76.21089152522283","-76.21089152522283"
"1601","-75.91353618239881","-75.91353618239881","-75.91353618239881"
"1602","-76.08164271140369","-76.08164271140369","-76.08164271140369"
"1603","-76.15644032700817","-76.15644032700817","-76.15644032700817"
"1604","-75.61698427881478","-75.61698427881478","-75.61698427881478"
"1605","-76.07829224731671","-76.07829224731671","-76.07829224731671"
"1606","-75.972274040169","-75.972274040169","-75.972274040169"
"1607","-76.1370588876064","-76.1370588876064","-76.1370588876064"
"1608","-76.84895061445786","-76.84895061445786","-76.84895061445786"
"1609","-76.30312575733653","-76.30312575733653","-76.30312575733653"
"1610","-77.05652582070223","-77.05652582070223","-77.05652582070223"
"1611","-77.08228632912403","-77.08228632912403","-77.08228632912403"
"1612","-76.96732105007759","-76.96732105007759","-76.96732105007759"
"1613","-76.77631467924817","-76.77631467924817","-76.77631467924817"
"1614","-77.11047482339097","-77.11047482339097","-77.11047482339097"
"1615","-77.13015337749748","-77.13015337749748","-77.13015337749748"
"1616","-77.13321351289181","-77.13321351289181","-77.13321351289181"
"1617","-77.13985848187832","-77.13985848187832","-77.13985848187832"
"1618","-77.43230589578306","-77.43230589578306","-77.43230589578306"
"1619","-77.32910614697641","-77.32910614697641","-77.32910614697641"
"1620","-76.94226175967982","-76.94226175967982","-76.94226175967982"
"1621","-76.9646827860261","-76.9646827860261","-76.9646827860261"
"1622","-76.95015869471158","-76.95015869471158","-76.95015869471158"
"1623","-77.29010605283925","-77.29010605283925","-77.29010605283925"
"1624","-77.24319344582881","-77.24319344582881","-77.24319344582881"
"1625","-77.26955435334152","-77.26955435334152","-77.26955435334152"
"1626","-76.53414484601846","-76.53414484601846","-76.53414484601846"
"1627","-75.57433662336697","-75.57433662336697","-75.57433662336697"
"1628","-75.77708713215688","-75.77708713215688","-75.77708713215688"
"1629","-75.75768178838217","-75.75768178838217","-75.75768178838217"
"1630","-75.68826974890108","-75.68826974890108","-75.68826974890108"
"1631","-76.0329699129882","-76.0329699129882","-76.0329699129882"
"1632","-75.50579803914675","-75.50579803914675","-75.50579803914675"
"1633","-75.37557141632686","-75.37557141632686","-75.37557141632686"
"1634","-75.34113650751213","-75.34113650751213","-75.34113650751213"
"1635","-75.40583660512144","-75.40583660512144","-75.40583660512144"
"1636","-75.1573160984079","-75.1573160984079","-75.1573160984079"
"1637","-75.25057088323781","-75.25057088323781","-75.25057088323781"
"1638","-75.08258245299483","-75.08258245299483","-75.08258245299483"
"1639","-75.05247704357753","-75.05247704357753","-75.05247704357753"
"1640","-75.0269475192661","-75.0269475192661","-75.0269475192661"
"1641","-74.8002399230274","-74.8002399230274","-74.8002399230274"
"1642","-74.77818540726702","-74.77818540726702","-74.77818540726702"
"1643","-74.85953070918941","-74.85953070918941","-74.85953070918941"
"1644","-73.73887580958107","-73.73887580958107","-73.73887580958107"
"1645","-73.8958887009407","-73.8958887009407","-73.8958887009407"
"1646","-73.86769964010368","-73.86769964010368","-73.86769964010368"
"1647","-73.75833973229776","-73.75833973229776","-73.75833973229776"
"1648","-74.44633566114032","-74.44633566114032","-74.44633566114032"
"1649","-74.31617178649554","-74.31617178649554","-74.31617178649554"
"1650","-74.48179010346911","-74.48179010346911","-74.48179010346911"
"1651","-74.47108319983265","-74.47108319983265","-74.47108319983265"
"1652","-74.3077349263188","-74.3077349263188","-74.3077349263188"
"1653","-74.33326939923136","-74.33326939923136","-74.33326939923136"
"1654","-74.39131822783412","-74.39131822783412","-74.39131822783412"
"1655","-74.41005307042884","-74.41005307042884","-74.41005307042884"
"1656","-74.40607167761685","-74.40607167761685","-74.40607167761685"
"1657","-74.18476845601487","-74.18476845601487","-74.18476845601487"
"1658","-74.12274066095618","-74.12274066095618","-74.12274066095618"
"1659","-74.54481464156328","-74.54481464156328","-74.54481464156328"
"1660","-74.8538404701036","-74.8538404701036","-74.8538404701036"
"1661","-74.77906236031471","-74.77906236031471","-74.77906236031471"
"1662","-74.70922739632806","-74.70922739632806","-74.70922739632806"
"1663","-74.88365832228592","-74.88365832228592","-74.88365832228592"
"1664","-74.88235430349509","-74.88235430349509","-74.88235430349509"
"1665","-74.75983303424815","-74.75983303424815","-74.75983303424815"
"1666","-75.53451468089973","-75.53451468089973","-75.53451468089973"
"1667","-75.24813979939005","-75.24813979939005","-75.24813979939005"
"1668","-75.37652551358944","-75.37652551358944","-75.37652551358944"
"1669","-75.51607299993194","-75.51607299993194","-75.51607299993194"
"1670","-75.53197064042557","-75.53197064042557","-75.53197064042557"
"1671","-75.46735722069162","-75.46735722069162","-75.46735722069162"
"1672","-75.44279845487792","-75.44279845487792","-75.44279845487792"
"1673","-75.85258606639225","-75.85258606639225","-75.85258606639225"
"1674","-76.33539430028293","-76.33539430028293","-76.33539430028293"
"1675","-76.30416141277645","-76.30416141277645","-76.30416141277645"
"1676","-76.27344872525427","-76.27344872525427","-76.27344872525427"
"1677","-76.6852700556675","-76.6852700556675","-76.6852700556675"
"1678","-76.67158916825895","-76.67158916825895","-76.67158916825895"
"1679","-77.06018486869056","-77.06018486869056","-77.06018486869056"
"1680","-76.6264075272344","-76.6264075272344","-76.6264075272344"
"1681","-75.95702954355161","-75.95702954355161","-75.95702954355161"
"1682","-75.71843300124165","-75.71843300124165","-75.71843300124165"
"1683","-75.77469831862953","-75.77469831862953","-75.77469831862953"
"1684","-75.77239599702415","-75.77239599702415","-75.77239599702415"
"1685","-75.92950769179501","-75.92950769179501","-75.92950769179501"
"1686","-75.76358135253656","-75.76358135253656","-75.76358135253656"
"1687","-75.7571858879039","-75.7571858879039","-75.7571858879039"
"1688","-76.08566483226139","-76.08566483226139","-76.08566483226139"
"1689","-75.89347944159526","-75.89347944159526","-75.89347944159526"
"1690","-75.63410363089758","-75.63410363089758","-75.63410363089758"
"1691","-75.9540245118644","-75.9540245118644","-75.9540245118644"
"1692","-76.4350178965088","-76.4350178965088","-76.4350178965088"
"1693","-75.91619914534502","-75.91619914534502","-75.91619914534502"
"1694","-75.97092384690418","-75.97092384690418","-75.97092384690418"
"1695","-75.97493843392003","-75.97493843392003","-75.97493843392003"
"1696","-75.97267699305434","-75.97267699305434","-75.97267699305434"
"1697","-75.9319339578459","-75.9319339578459","-75.9319339578459"
"1698","-75.92715433121194","-75.92715433121194","-75.92715433121194"
"1699","-75.67735117715318","-75.67735117715318","-75.67735117715318"
"1700","-76.34833386621438","-76.34833386621438","-76.34833386621438"
"1701","-76.25017039376311","-76.25017039376311","-76.25017039376311"
"1702","-76.1090840769466","-76.1090840769466","-76.1090840769466"
"1703","-76.30089879401028","-76.30089879401028","-76.30089879401028"
"1704","-76.89448350803461","-76.89448350803461","-76.89448350803461"
"1705","-76.89959131756332","-76.89959131756332","-76.89959131756332"
"1706","-76.87421613445039","-76.87421613445039","-76.87421613445039"
"1707","-76.70213353240862","-76.70213353240862","-76.70213353240862"
"1708","-76.49470737857744","-76.49470737857744","-76.49470737857744"
"1709","-76.68908123381436","-76.68908123381436","-76.68908123381436"
"1710","-76.67767761169002","-76.67767761169002","-76.67767761169002"
"1711","-76.53844575542956","-76.53844575542956","-76.53844575542956"
"1712","-76.63674053421244","-76.63674053421244","-76.63674053421244"
"1713","-76.56373758183793","-76.56373758183793","-76.56373758183793"
"1714","-76.54491513114422","-76.54491513114422","-76.54491513114422"
"1715","-76.4864225000143","-76.4864225000143","-76.4864225000143"
"1716","-76.40745323519222","-76.40745323519222","-76.40745323519222"
"1717","-76.34899802532513","-76.34899802532513","-76.34899802532513"
"1718","-76.32583507190458","-76.32583507190458","-76.32583507190458"
"1719","-76.33020957122557","-76.33020957122557","-76.33020957122557"
"1720","-76.76649708931335","-76.76649708931335","-76.76649708931335"
"1721","-76.23710077501833","-76.23710077501833","-76.23710077501833"
"1722","-76.22804118525237","-76.22804118525237","-76.22804118525237"
"1723","-75.80005982723087","-75.80005982723087","-75.80005982723087"
"1724","-75.83391110636293","-75.83391110636293","-75.83391110636293"
"1725","-75.91729805698618","-75.91729805698618","-75.91729805698618"
"1726","-76.34394707245752","-76.34394707245752","-76.34394707245752"
"1727","-77.08268881162628","-77.08268881162628","-77.08268881162628"
"1728","-76.80649792160374","-76.80649792160374","-76.80649792160374"
"1729","-76.75312017090152","-76.75312017090152","-76.75312017090152"
"1730","-76.23457895967644","-76.23457895967644","-76.23457895967644"
"1731","-76.30061331651639","-76.30061331651639","-76.30061331651639"
"1732","-76.44075177289079","-76.44075177289079","-76.44075177289079"
"1733","-76.56332637339365","-76.56332637339365","-76.56332637339365"
"1734","-76.57590500279795","-76.57590500279795","-76.57590500279795"
"1735","-76.41375400341582","-76.41375400341582","-76.41375400341582"
"1736","-76.56626888125669","-76.56626888125669","-76.56626888125669"
"1737","-76.56297937768977","-76.56297937768977","-76.56297937768977"
"1738","-76.34420218908694","-76.34420218908694","-76.34420218908694"
"1739","-76.44872736174148","-76.44872736174148","-76.44872736174148"
"1740","-76.44556168833282","-76.44556168833282","-76.44556168833282"
"1741","-76.4134821373364","-76.4134821373364","-76.4134821373364"
"1742","-76.42503210376482","-76.42503210376482","-76.42503210376482"
"1743","-76.43332012533676","-76.43332012533676","-76.43332012533676"
"1744","-77.31869568366092","-77.31869568366092","-77.31869568366092"
"1745","-77.06587213744875","-77.06587213744875","-77.06587213744875"
"1746","-76.56045570695773","-76.56045570695773","-76.56045570695773"
"1747","-76.54034222671763","-76.54034222671763","-76.54034222671763"
"1748","-76.5460427494906","-76.5460427494906","-76.5460427494906"
"1749","-76.58591774653644","-76.58591774653644","-76.58591774653644"
"1750","-76.3845303025702","-76.3845303025702","-76.3845303025702"
"1751","-76.37312016319949","-76.37312016319949","-76.37312016319949"
"1752","-76.28330645388458","-76.28330645388458","-76.28330645388458"
"1753","-76.29732814578806","-76.29732814578806","-76.29732814578806"
"1754","-76.2059662578581","-76.2059662578581","-76.2059662578581"
"1755","-76.09600294589531","-76.09600294589531","-76.09600294589531"
"1756","-76.25889970120508","-76.25889970120508","-76.25889970120508"
"1757","-76.55080781860742","-76.55080781860742","-76.55080781860742"
"1758","-76.48839828312863","-76.48839828312863","-76.48839828312863"
"1759","-76.33233103076462","-76.33233103076462","-76.33233103076462"
"1760","-76.1174173728237","-76.1174173728237","-76.1174173728237"
"1761","-76.44732856436633","-76.44732856436633","-76.44732856436633"
"1762","-76.1675702292053","-76.1675702292053","-76.1675702292053"
"1763","-76.1354670735402","-76.1354670735402","-76.1354670735402"
"1764","-76.11181406126357","-76.11181406126357","-76.11181406126357"
"1765","-76.2113226374377","-76.2113226374377","-76.2113226374377"
"1766","-76.19138374752816","-76.19138374752816","-76.19138374752816"
"1767","-76.3317478520934","-76.3317478520934","-76.3317478520934"
"1768","-76.21787199874859","-76.21787199874859","-76.21787199874859"
"1769","-76.16199146558982","-76.16199146558982","-76.16199146558982"
"1770","-76.00633700707448","-76.00633700707448","-76.00633700707448"
"1771","-76.2070600865547","-76.2070600865547","-76.2070600865547"
"1772","-76.0926456636515","-76.0926456636515","-76.0926456636515"
"1773","-75.89532390970257","-75.89532390970257","-75.89532390970257"
"1774","-75.79393120342385","-75.79393120342385","-75.79393120342385"
"1775","-75.68593128041816","-75.68593128041816","-75.68593128041816"
"1776","-75.51615419798982","-75.51615419798982","-75.51615419798982"
"1777","-75.47571171311182","-75.47571171311182","-75.47571171311182"
"1778","-75.22845811930937","-75.22845811930937","-75.22845811930937"
"1779","-75.38719946192097","-75.38719946192097","-75.38719946192097"
"1780","-75.85384231019285","-75.85384231019285","-75.85384231019285"
"1781","-76.26797049161033","-76.26797049161033","-76.26797049161033"
"1782","-75.98503358816714","-75.98503358816714","-75.98503358816714"
"1783","-75.92125446580336","-75.92125446580336","-75.92125446580336"
"1784","-76.16691626965985","-76.16691626965985","-76.16691626965985"
"1785","-76.24176924779997","-76.24176924779997","-76.24176924779997"
"1786","-76.22105577832073","-76.22105577832073","-76.22105577832073"
"1787","-76.18278498498708","-76.18278498498708","-76.18278498498708"
"1788","-76.08548621015609","-76.08548621015609","-76.08548621015609"
"1789","-76.0128413729927","-76.0128413729927","-76.0128413729927"
"1790","-76.01831391323343","-76.01831391323343","-76.01831391323343"
"1791","-75.60571737213046","-75.60571737213046","-75.60571737213046"
"1792","-75.34037859743447","-75.34037859743447","-75.34037859743447"
"1793","-75.60288804380208","-75.60288804380208","-75.60288804380208"
"1794","-75.76092925895922","-75.76092925895922","-75.76092925895922"
"1795","-75.79897406331249","-75.79897406331249","-75.79897406331249"
"1796","-75.82915509740808","-75.82915509740808","-75.82915509740808"
"1797","-75.9070533662381","-75.9070533662381","-75.9070533662381"
"1798","-75.81095770406988","-75.81095770406988","-75.81095770406988"
"1799","-75.76265721676391","-75.76265721676391","-75.76265721676391"
"1800","-75.72951905712006","-75.72951905712006","-75.72951905712006"
"1801","-75.97648454166469","-75.97648454166469","-75.97648454166469"
"1802","-75.77348962945383","-75.77348962945383","-75.77348962945383"
"1803","-76.49965639659655","-76.49965639659655","-76.49965639659655"
"1804","-76.49745183586595","-76.49745183586595","-76.49745183586595"
"1805","-76.50024761786204","-76.50024761786204","-76.50024761786204"
"1806","-76.53218597013023","-76.53218597013023","-76.53218597013023"
"1807","-76.64575623575118","-76.64575623575118","-76.64575623575118"
"1808","-76.73320779213202","-76.73320779213202","-76.73320779213202"
"1809","-76.72204570440095","-76.72204570440095","-76.72204570440095"
"1810","-76.7683905572955","-76.7683905572955","-76.7683905572955"
"1811","-76.90139539733049","-76.90139539733049","-76.90139539733049"
"1812","-76.72537907948237","-76.72537907948237","-76.72537907948237"
"1813","-76.74997453301665","-76.74997453301665","-76.74997453301665"
"1814","-76.76409359704223","-76.76409359704223","-76.76409359704223"
"1815","-76.67930348222595","-76.67930348222595","-76.67930348222595"
"1816","-76.7919893831246","-76.7919893831246","-76.7919893831246"
"1817","-77.1416072364895","-77.1416072364895","-77.1416072364895"
"1818","-77.17891556248054","-77.17891556248054","-77.17891556248054"
"1819","-76.80738875414677","-76.80738875414677","-76.80738875414677"
"1820","-76.85709559140228","-76.85709559140228","-76.85709559140228"
"1821","-77.21829718238176","-77.21829718238176","-77.21829718238176"
"1822","-77.33245128022008","-77.33245128022008","-77.33245128022008"
"1823","-77.41095490095638","-77.41095490095638","-77.41095490095638"
"1824","-77.28242389313378","-77.28242389313378","-77.28242389313378"
"1825","-77.04945984445014","-77.04945984445014","-77.04945984445014"
"1826","-76.97434980783113","-76.97434980783113","-76.97434980783113"
"1827","-77.25978632842623","-77.25978632842623","-77.25978632842623"
"1828","-76.92392947418116","-76.92392947418116","-76.92392947418116"
"1829","-76.88468272389346","-76.88468272389346","-76.88468272389346"
"1830","-77.58105334044868","-77.58105334044868","-77.58105334044868"
"1831","-77.56810614570477","-77.56810614570477","-77.56810614570477"
"1832","-77.52203613538262","-77.52203613538262","-77.52203613538262"
"1833","-77.04474246209921","-77.04474246209921","-77.04474246209921"
"1834","-77.04176757779871","-77.04176757779871","-77.04176757779871"
"1835","-77.10284071079423","-77.10284071079423","-77.10284071079423"
"1836","-77.13302196335945","-77.13302196335945","-77.13302196335945"
"1837","-77.4426331269831","-77.4426331269831","-77.4426331269831"
"1838","-77.62793178620716","-77.62793178620716","-77.62793178620716"
"1839","-77.45728684121245","-77.45728684121245","-77.45728684121245"
"1840","-77.33500073898085","-77.33500073898085","-77.33500073898085"
"1841","-76.539126838911","-76.539126838911","-76.539126838911"
"1842","-76.2120969145183","-76.2120969145183","-76.2120969145183"
"1843","-76.20043401207742","-76.20043401207742","-76.20043401207742"
"1844","-76.32907640751418","-76.32907640751418","-76.32907640751418"
"1845","-76.22973023954746","-76.22973023954746","-76.22973023954746"
"1846","-76.60978373519578","-76.60978373519578","-76.60978373519578"
"1847","-76.54719242324555","-76.54719242324555","-76.54719242324555"
"1848","-76.7376111387784","-76.7376111387784","-76.7376111387784"
"1849","-76.66225949989133","-76.66225949989133","-76.66225949989133"
"1850","-76.77540500178435","-76.77540500178435","-76.77540500178435"
"1851","-76.75634645595647","-76.75634645595647","-76.75634645595647"
"1852","-76.94450628471994","-76.94450628471994","-76.94450628471994"
"1853","-76.86838841044776","-76.86838841044776","-76.86838841044776"
"1854","-77.11221634073615","-77.11221634073615","-77.11221634073615"
"1855","-77.40516981985387","-77.40516981985387","-77.40516981985387"
"1856","-76.88655820439537","-76.88655820439537","-76.88655820439537"
"1857","-76.89934707510253","-76.89934707510253","-76.89934707510253"
"1858","-76.9316056645379","-76.9316056645379","-76.9316056645379"
"1859","-77.02923805667986","-77.02923805667986","-77.02923805667986"
"1860","-77.04904838462328","-77.04904838462328","-77.04904838462328"
"1861","-76.64065671225511","-76.64065671225511","-76.64065671225511"
"1862","-76.69656930775814","-76.69656930775814","-76.69656930775814"
"1863","-76.62151096730926","-76.62151096730926","-76.62151096730926"
"1864","-76.63154960317038","-76.63154960317038","-76.63154960317038"
"1865","-76.67474158183653","-76.67474158183653","-76.67474158183653"
"1866","-76.57057189966534","-76.57057189966534","-76.57057189966534"
"1867","-76.53078384463657","-76.53078384463657","-76.53078384463657"
"1868","-76.82244195687566","-76.82244195687566","-76.82244195687566"
"1869","-76.8878798622124","-76.8878798622124","-76.8878798622124"
"1870","-76.99129781729057","-76.99129781729057","-76.99129781729057"
"1871","-76.99586723827274","-76.99586723827274","-76.99586723827274"
"1872","-76.91259220179617","-76.91259220179617","-76.91259220179617"
"1873","-76.78372277122439","-76.78372277122439","-76.78372277122439"
"1874","-76.7869307037674","-76.7869307037674","-76.7869307037674"
"1875","-76.74962118117587","-76.74962118117587","-76.74962118117587"
"1876","-76.15597091696672","-76.15597091696672","-76.15597091696672"
"1877","-76.09311458369699","-76.09311458369699","-76.09311458369699"
"1878","-76.29033319756371","-76.29033319756371","-76.29033319756371"
"1879","-76.31726533243415","-76.31726533243415","-76.31726533243415"
"1880","-76.28374657510295","-76.28374657510295","-76.28374657510295"
"1881","-76.3492693009412","-76.3492693009412","-76.3492693009412"
"1882","-76.8879127814712","-76.8879127814712","-76.8879127814712"
"1883","-76.3976605403049","-76.3976605403049","-76.3976605403049"
"1884","-76.17958276988921","-76.17958276988921","-76.17958276988921"
"1885","-76.26629394136351","-76.26629394136351","-76.26629394136351"
"1886","-76.32924432070908","-76.32924432070908","-76.32924432070908"
"1887","-76.31870221352186","-76.31870221352186","-76.31870221352186"
"1888","-76.24702783435565","-76.24702783435565","-76.24702783435565"
"1889","-76.2491886509208","-76.2491886509208","-76.2491886509208"
"1890","-76.22576274309289","-76.22576274309289","-76.22576274309289"
"1891","-76.62258108785358","-76.62258108785358","-76.62258108785358"
"1892","-76.6977041071279","-76.6977041071279","-76.6977041071279"
"1893","-76.8986926457284","-76.8986926457284","-76.8986926457284"
"1894","-76.73628454526869","-76.73628454526869","-76.73628454526869"
"1895","-76.762661199197","-76.762661199197","-76.762661199197"
"1896","-76.7954044089837","-76.7954044089837","-76.7954044089837"
"1897","-76.82461600275693","-76.82461600275693","-76.82461600275693"
"1898","-76.76335326738172","-76.76335326738172","-76.76335326738172"
"1899","-76.71160380504541","-76.71160380504541","-76.71160380504541"
"1900","-76.79567004311346","-76.79567004311346","-76.79567004311346"
"1901","-76.85403772364818","-76.85403772364818","-76.85403772364818"
"1902","-77.03010993534215","-77.03010993534215","-77.03010993534215"
"1903","-76.94956447528192","-76.94956447528192","-76.94956447528192"
"1904","-76.91227995234989","-76.91227995234989","-76.91227995234989"
"1905","-76.75318604804092","-76.75318604804092","-76.75318604804092"
"1906","-75.75680100089852","-75.75680100089852","-75.75680100089852"
"1907","-75.71723641091008","-75.71723641091008","-75.71723641091008"
"1908","-75.58059080113638","-75.58059080113638","-75.58059080113638"
"1909","-75.74658819659595","-75.74658819659595","-75.74658819659595"
"1910","-75.63282318814639","-75.63282318814639","-75.63282318814639"
"1911","-75.64587939693574","-75.64587939693574","-75.64587939693574"
"1912","-75.71682788222078","-75.71682788222078","-75.71682788222078"
"1913","-75.8597901681157","-75.8597901681157","-75.8597901681157"
"1914","-75.85926931616832","-75.85926931616832","-75.85926931616832"
"1915","-75.8618993781645","-75.8618993781645","-75.8618993781645"
"1916","-75.8158045705732","-75.8158045705732","-75.8158045705732"
"1917","-75.54036682776623","-75.54036682776623","-75.54036682776623"
"1918","-75.28876319890358","-75.28876319890358","-75.28876319890358"
"1919","-75.67463051399216","-75.67463051399216","-75.67463051399216"
"1920","-75.27637796223163","-75.27637796223163","-75.27637796223163"
"1921","-75.49711216239258","-75.49711216239258","-75.49711216239258"
"1922","-75.44555902990047","-75.44555902990047","-75.44555902990047"
"1923","-75.38200810492505","-75.38200810492505","-75.38200810492505"
"1924","-75.4528939739475","-75.4528939739475","-75.4528939739475"
"1925","-75.58266097654123","-75.58266097654123","-75.58266097654123"
"1926","-75.69461289769504","-75.69461289769504","-75.69461289769504"
"1927","-75.28042330418248","-75.28042330418248","-75.28042330418248"
"1928","-75.71032772995997","-75.71032772995997","-75.71032772995997"
"1929","-75.90704370654653","-75.90704370654653","-75.90704370654653"
"1930","-75.7665576706035","-75.7665576706035","-75.7665576706035"
"1931","-75.84894072679337","-75.84894072679337","-75.84894072679337"
"1932","-76.08785136641004","-76.08785136641004","-76.08785136641004"
"1933","-76.4588703031512","-76.4588703031512","-76.4588703031512"
"1934","-75.75546733387746","-75.75546733387746","-75.75546733387746"
"1935","-75.38618579233997","-75.38618579233997","-75.38618579233997"
"1936","-74.75586570934392","-74.75586570934392","-74.75586570934392"
"1937","-74.12889450671616","-74.12889450671616","-74.12889450671616"
"1938","-73.96773617566097","-73.96773617566097","-73.96773617566097"
"1939","-74.01970323968679","-74.01970323968679","-74.01970323968679"
"1940","-74.0916670881072","-74.0916670881072","-74.0916670881072"
"1941","-74.76798574792221","-74.76798574792221","-74.76798574792221"
"1942","-74.6601545171719","-74.6601545171719","-74.6601545171719"
"1943","-74.69806372246705","-74.69806372246705","-74.69806372246705"
"1944","-74.72917579627595","-74.72917579627595","-74.72917579627595"
"1945","-74.54975035338197","-74.54975035338197","-74.54975035338197"
"1946","-74.48648393972312","-74.48648393972312","-74.48648393972312"
"1947","-74.53026999935973","-74.53026999935973","-74.53026999935973"
"1948","-74.24449487418401","-74.24449487418401","-74.24449487418401"
"1949","-73.86128666873556","-73.86128666873556","-73.86128666873556"
"1950","-73.8058154492313","-73.8058154492313","-73.8058154492313"
"1951","-73.79407321416308","-73.79407321416308","-73.79407321416308"
"1952","-73.63884419894312","-73.63884419894312","-73.63884419894312"
"1953","-73.64619346969295","-73.64619346969295","-73.64619346969295"
"1954","-73.29242412088905","-73.29242412088905","-73.29242412088905"
"1955","-72.63548101657071","-72.63548101657071","-72.63548101657071"
"1956","-72.40891657606699","-72.40891657606699","-72.40891657606699"
"1957","-72.12340299130418","-72.12340299130418","-72.12340299130418"
"1958","-72.25378153847065","-72.25378153847065","-72.25378153847065"
"1959","-72.29717833511066","-72.29717833511066","-72.29717833511066"
"1960","-72.27330911099445","-72.27330911099445","-72.27330911099445"
"1961","-72.40666552408133","-72.40666552408133","-72.40666552408133"
"1962","-72.66339623265434","-72.66339623265434","-72.66339623265434"
"1963","-73.01734006109182","-73.01734006109182","-73.01734006109182"
"1964","-72.9313416733034","-72.9313416733034","-72.9313416733034"
"1965","-72.76956688480452","-72.76956688480452","-72.76956688480452"
"1966","-72.91871472334489","-72.91871472334489","-72.91871472334489"
"1967","-72.85390813296661","-72.85390813296661","-72.85390813296661"
"1968","-72.63531567847822","-72.63531567847822","-72.63531567847822"
"1969","-72.67931224294938","-72.67931224294938","-72.67931224294938"
"1970","-71.87116673343814","-71.87116673343814","-71.87116673343814"
"1971","-71.69072508635931","-71.69072508635931","-71.69072508635931"
"1972","-71.90911276803352","-71.90911276803352","-71.90911276803352"
"1973","-71.24447173266671","-71.24447173266671","-71.24447173266671"
"1974","-70.90047298851422","-70.90047298851422","-70.90047298851422"
"1975","-71.11991229001899","-71.11991229001899","-71.11991229001899"
"1976","-72.02584773454815","-72.02584773454815","-72.02584773454815"
"1977","-72.09603487142827","-72.09603487142827","-72.09603487142827"
"1978","-72.0121750662243","-72.0121750662243","-72.0121750662243"
"1979","-71.87090284676756","-71.87090284676756","-71.87090284676756"
"1980","-71.84420960736927","-71.84420960736927","-71.84420960736927"
"1981","-72.1869762997143","-72.1869762997143","-72.1869762997143"
"1982","-72.0840816078987","-72.0840816078987","-72.0840816078987"
"1983","-72.60730312785134","-72.60730312785134","-72.60730312785134"
"1984","-72.7388865348883","-72.7388865348883","-72.7388865348883"
"1985","-72.74176761556417","-72.74176761556417","-72.74176761556417"
"1986","-72.33744256302249","-72.33744256302249","-72.33744256302249"
"1987","-72.26253683700692","-72.26253683700692","-72.26253683700692"
"1988","-72.37980553941335","-72.37980553941335","-72.37980553941335"
"1989","-72.43323973021936","-72.43323973021936","-72.43323973021936"
"1990","-72.11819110497366","-72.11819110497366","-72.11819110497366"
"1991","-72.09068296633195","-72.09068296633195","-72.09068296633195"
"1992","-72.16577075546142","-72.16577075546142","-72.16577075546142"
"1993","-72.15779160900507","-72.15779160900507","-72.15779160900507"
"1994","-71.93604431193788","-71.93604431193788","-71.93604431193788"
"1995","-71.90231997821945","-71.90231997821945","-71.90231997821945"
"1996","-71.76108250369784","-71.76108250369784","-71.76108250369784"
"1997","-71.5928031848697","-71.5928031848697","-71.5928031848697"
"1998","-71.63731166228186","-71.63731166228186","-71.63731166228186"
"1999","-71.69929821323137","-71.69929821323137","-71.69929821323137"
"2000","-71.63437807432841","-71.63437807432841","-71.63437807432841"