"Step","sac - train/reward_mean","sac - train/reward_mean__MIN","sac - train/reward_mean__MAX"
"1","40.992594265553635","40.992594265553635","40.992594265553635"
"2","41.41946570624714","41.41946570624714","41.41946570624714"
"3","38.46803089202149","38.46803089202149","38.46803089202149"
"4","37.74792842585612","37.74792842585612","37.74792842585612"
"5","34.09805494415123","34.09805494415123","34.09805494415123"
"6","35.122475705641286","35.122475705641286","35.122475705641286"
"7","33.87547166701084","33.87547166701084","33.87547166701084"
"8","34.75591594390289","34.75591594390289","34.75591594390289"
"9","24.9366078980242","24.9366078980242","24.9366078980242"
"10","25.286129426949266","25.286129426949266","25.286129426949266"
"11","24.75887108920572","24.75887108920572","24.75887108920572"
"12","22.964454613513528","22.964454613513528","22.964454613513528"
"13","17.204703199286786","17.204703199286786","17.204703199286786"
"14","15.275794587467317","15.275794587467317","15.275794587467317"
"15","10.142728194814845","10.142728194814845","10.142728194814845"
"16","8.48609018150023","8.48609018150023","8.48609018150023"
"17","7.997767301436611","7.997767301436611","7.997767301436611"
"18","5.224444883250827","5.224444883250827","5.224444883250827"
"19","3.995428909272098","3.995428909272098","3.995428909272098"
"20","0.47571233182115974","0.47571233182115974","0.47571233182115974"
"21","-2.88707795449227","-2.88707795449227","-2.88707795449227"
"22","-5.934331889205913","-5.934331889205913","-5.934331889205913"
"23","-6.531838923012401","-6.531838923012401","-6.531838923012401"
"24","-7.593725408182915","-7.593725408182915","-7.593725408182915"
"25","-8.563074177694652","-8.563074177694652","-8.563074177694652"
"26","-9.683821228519333","-9.683821228519333","-9.683821228519333"
"27","-10.76179124080919","-10.76179124080919","-10.76179124080919"
"28","-11.683101944085966","-11.683101944085966","-11.683101944085966"
"29","-12.527747143460193","-12.527747143460193","-12.527747143460193"
"30","-13.390587087542418","-13.390587087542418","-13.390587087542418"
"31","-14.202272934314482","-14.202272934314482","-14.202272934314482"
"32","-13.322199337425966","-13.322199337425966","-13.322199337425966"
"33","-11.401874140596036","-11.401874140596036","-11.401874140596036"
"34","-12.105174844984887","-12.105174844984887","-12.105174844984887"
"35","-12.586000180015418","-12.586000180015418","-12.586000180015418"
"36","-11.758054568452035","-11.758054568452035","-11.758054568452035"
"37","-12.213673057506918","-12.213673057506918","-12.213673057506918"
"38","-12.685390012602566","-12.685390012602566","-12.685390012602566"
"39","-13.200788483376206","-13.200788483376206","-13.200788483376206"
"40","-12.604293532910614","-12.604293532910614","-12.604293532910614"
"41","-11.95753962418482","-11.95753962418482","-11.95753962418482"
"42","-11.41888442252029","-11.41888442252029","-11.41888442252029"
"43","-11.833948268420801","-11.833948268420801","-11.833948268420801"
"44","-11.922726752512357","-11.922726752512357","-11.922726752512357"
"45","-12.346518630590563","-12.346518630590563","-12.346518630590563"
"46","-13.831060143687989","-13.831060143687989","-13.831060143687989"
"47","-15.314678604173873","-15.314678604173873","-15.314678604173873"
"48","-16.747798218134037","-16.747798218134037","-16.747798218134037"
"49","-17.047018792531084","-17.047018792531084","-17.047018792531084"
"50","-17.482758151062548","-17.482758151062548","-17.482758151062548"
"51","-17.90784058657284","-17.90784058657284","-17.90784058657284"
"52","-18.23566551799893","-18.23566551799893","-18.23566551799893"
"53","-18.628210933327818","-18.628210933327818","-18.628210933327818"
"54","-19.107714390595348","-19.107714390595348","-19.107714390595348"
"55","-19.618718288240665","-19.618718288240665","-19.618718288240665"
"56","-20.104000282720545","-20.104000282720545","-20.104000282720545"
"57","-20.56583502284049","-20.56583502284049","-20.56583502284049"
"58","-20.949513080210245","-20.949513080210245","-20.949513080210245"
"59","-21.39779649290594","-21.39779649290594","-21.39779649290594"
"60","-21.740173032686243","-21.740173032686243","-21.740173032686243"
"61","-22.940333511343002","-22.940333511343002","-22.940333511343002"
"62","-24.25771899645918","-24.25771899645918","-24.25771899645918"
"63","-25.47875497871689","-25.47875497871689","-25.47875497871689"
"64","-26.364102342036247","-26.364102342036247","-26.364102342036247"
"65","-27.201355582519835","-27.201355582519835","-27.201355582519835"
"66","-28.027298938103176","-28.027298938103176","-28.027298938103176"
"67","-28.811991360498382","-28.811991360498382","-28.811991360498382"
"68","-29.573950171951136","-29.573950171951136","-29.573950171951136"
"69","-30.27640639635698","-30.27640639635698","-30.27640639635698"
"70","-30.86452048760284","-30.86452048760284","-30.86452048760284"
"71","-31.385954227765247","-31.385954227765247","-31.385954227765247"
"72","-32.08393503339558","-32.08393503339558","-32.08393503339558"
"73","-32.64931925281425","-32.64931925281425","-32.64931925281425"
"74","-33.17552535932966","-33.17552535932966","-33.17552535932966"
"75","-33.60134444232418","-33.60134444232418","-33.60134444232418"
"76","-34.06592230901456","-34.06592230901456","-34.06592230901456"
"77","-33.685839763929444","-33.685839763929444","-33.685839763929444"
"78","-33.35443455019244","-33.35443455019244","-33.35443455019244"
"79","-33.147498221869","-33.147498221869","-33.147498221869"
"80","-32.95181204167246","-32.95181204167246","-32.95181204167246"
"81","-32.84890822714905","-32.84890822714905","-32.84890822714905"
"82","-32.89122752775137","-32.89122752775137","-32.89122752775137"
"83","-32.85102780626103","-32.85102780626103","-32.85102780626103"
"84","-32.71142324176106","-32.71142324176106","-32.71142324176106"
"85","-32.68911604744815","-32.68911604744815","-32.68911604744815"
"86","-32.571529463096994","-32.571529463096994","-32.571529463096994"
"87","-32.527242529172796","-32.527242529172796","-32.527242529172796"
"88","-32.47578267424633","-32.47578267424633","-32.47578267424633"
"89","-32.45010170797086","-32.45010170797086","-32.45010170797086"
"90","-32.33094209130498","-32.33094209130498","-32.33094209130498"
"91","-32.29041163684765","-32.29041163684765","-32.29041163684765"
"92","-32.285272562014875","-32.285272562014875","-32.285272562014875"
"93","-32.27129275892681","-32.27129275892681","-32.27129275892681"
"94","-32.25285280367471","-32.25285280367471","-32.25285280367471"
"95","-32.17534572342795","-32.17534572342795","-32.17534572342795"
"96","-32.10260470258453","-32.10260470258453","-32.10260470258453"
"97","-31.998451461827255","-31.998451461827255","-31.998451461827255"
"98","-31.700550735908834","-31.700550735908834","-31.700550735908834"
"99","-31.55236589131829","-31.55236589131829","-31.55236589131829"
"100","-31.45498859522653","-31.45498859522653","-31.45498859522653"
"101","-31.913787310601837","-31.913787310601837","-31.913787310601837"
"102","-32.48655753982479","-32.48655753982479","-32.48655753982479"
"103","-32.467804964811","-32.467804964811","-32.467804964811"
"104","-32.553778595139846","-32.553778595139846","-32.553778595139846"
"105","-32.73444849360163","-32.73444849360163","-32.73444849360163"
"106","-32.96604533425689","-32.96604533425689","-32.96604533425689"
"107","-33.22511931967656","-33.22511931967656","-33.22511931967656"
"108","-33.58559633676905","-33.58559633676905","-33.58559633676905"
"109","-32.89927147941369","-32.89927147941369","-32.89927147941369"
"110","-32.9211971789818","-32.9211971789818","-32.9211971789818"
"111","-32.83615908376696","-32.83615908376696","-32.83615908376696"
"112","-32.528915110359065","-32.528915110359065","-32.528915110359065"
"113","-31.6348776069359","-31.6348776069359","-31.6348776069359"
"114","-31.140570517059516","-31.140570517059516","-31.140570517059516"
"115","-30.137869979597728","-30.137869979597728","-30.137869979597728"
"116","-29.565123279942764","-29.565123279942764","-29.565123279942764"
"117","-29.18819580990994","-29.18819580990994","-29.18819580990994"
"118","-28.356197298049793","-28.356197298049793","-28.356197298049793"
"119","-27.79123469070195","-27.79123469070195","-27.79123469070195"
"120","-26.757797700675564","-26.757797700675564","-26.757797700675564"
"121","-25.683677425539482","-25.683677425539482","-25.683677425539482"
"122","-24.649583895706","-24.649583895706","-24.649583895706"
"123","-24.052187179038864","-24.052187179038864","-24.052187179038864"
"124","-23.40559816983112","-23.40559816983112","-23.40559816983112"
"125","-22.760643923135632","-22.760643923135632","-22.760643923135632"
"126","-22.041100329143354","-22.041100329143354","-22.041100329143354"
"127","-21.29640554391012","-21.29640554391012","-21.29640554391012"
"128","-20.55959368545155","-20.55959368545155","-20.55959368545155"
"129","-19.869402848248214","-19.869402848248214","-19.869402848248214"
"130","-19.233602066739337","-19.233602066739337","-19.233602066739337"
"131","-18.61651566576966","-18.61651566576966","-18.61651566576966"
"132","-18.756371112941267","-18.756371112941267","-18.756371112941267"
"133","-19.537408895649566","-19.537408895649566","-19.537408895649566"
"134","-19.484038550080584","-19.484038550080584","-19.484038550080584"
"135","-19.318610787223587","-19.318610787223587","-19.318610787223587"
"136","-19.28584566010704","-19.28584566010704","-19.28584566010704"
"137","-18.956009850768204","-18.956009850768204","-18.956009850768204"
"138","-18.420427762517537","-18.420427762517537","-18.420427762517537"
"139","-17.873125519459897","-17.873125519459897","-17.873125519459897"
"140","-17.597008361818368","-17.597008361818368","-17.597008361818368"
"141","-17.442905636351714","-17.442905636351714","-17.442905636351714"
"142","-17.184965821591174","-17.184965821591174","-17.184965821591174"
"143","-16.62703286003032","-16.62703286003032","-16.62703286003032"
"144","-15.988092369230742","-15.988092369230742","-15.988092369230742"
"145","-15.284679295962212","-15.284679295962212","-15.284679295962212"
"146","-14.106859592552677","-14.106859592552677","-14.106859592552677"
"147","-12.927043114444563","-12.927043114444563","-12.927043114444563"
"148","-11.750154819731573","-11.750154819731573","-11.750154819731573"
"149","-11.090133000195584","-11.090133000195584","-11.090133000195584"
"150","-10.320020191390505","-10.320020191390505","-10.320020191390505"
"151","-9.56002358591496","-9.56002358591496","-9.56002358591496"
"152","-8.850607182013396","-8.850607182013396","-8.850607182013396"
"153","-8.07118028513089","-8.07118028513089","-8.07118028513089"
"154","-7.3508262073415676","-7.3508262073415676","-7.3508262073415676"
"155","-6.526947274809761","-6.526947274809761","-6.526947274809761"
"156","-5.7412856176793206","-5.7412856176793206","-5.7412856176793206"
"157","-4.944659084529455","-4.944659084529455","-4.944659084529455"
"158","-4.261838622550101","-4.261838622550101","-4.261838622550101"
"159","-3.4674531713586543","-3.4674531713586543","-3.4674531713586543"
"160","-2.7153091401414056","-2.7153091401414056","-2.7153091401414056"
"161","-1.4905911458891274","-1.4905911458891274","-1.4905911458891274"
"162","-0.13342596124392686","-0.13342596124392686","-0.13342596124392686"
"163","1.1870476084170445","1.1870476084170445","1.1870476084170445"
"164","2.297251170469965","2.297251170469965","2.297251170469965"
"165","3.3993763732039883","3.3993763732039883","3.3993763732039883"
"166","4.5091008530245675","4.5091008530245675","4.5091008530245675"
"167","5.565506455569114","5.565506455569114","5.565506455569114"
"168","6.689416955790068","6.689416955790068","6.689416955790068"
"169","7.682052363945688","7.682052363945688","7.682052363945688"
"170","8.635452005180117","8.635452005180117","8.635452005180117"
"171","9.538833184141252","9.538833184141252","9.538833184141252"
"172","10.927815987639999","10.927815987639999","10.927815987639999"
"173","12.143044007648871","12.143044007648871","12.143044007648871"
"174","13.246524730585673","13.246524730585673","13.246524730585673"
"175","14.346853221856447","14.346853221856447","14.346853221856447"
"176","15.580354899514726","15.580354899514726","15.580354899514726"
"177","16.195232195619695","16.195232195619695","16.195232195619695"
"178","16.578407908789607","16.578407908789607","16.578407908789607"
"179","17.12509391439978","17.12509391439978","17.12509391439978"
"180","17.672263951890283","17.672263951890283","17.672263951890283"
"181","18.4886483392418","18.4886483392418","18.4886483392418"
"182","19.264877102708006","19.264877102708006","19.264877102708006"
"183","19.961161911695207","19.961161911695207","19.961161911695207"
"184","20.694800749946104","20.694800749946104","20.694800749946104"
"185","21.407307624176852","21.407307624176852","21.407307624176852"
"186","22.013312236253864","22.013312236253864","22.013312236253864"
"187","22.71218635106907","22.71218635106907","22.71218635106907"
"188","23.60219902342364","23.60219902342364","23.60219902342364"
"189","24.172440330059004","24.172440330059004","24.172440330059004"
"190","24.593277042085653","24.593277042085653","24.593277042085653"
"191","25.104334646971953","25.104334646971953","25.104334646971953"
"192","25.64754836197459","25.64754836197459","25.64754836197459"
"193","26.165866214434903","26.165866214434903","26.165866214434903"
"194","26.6042190967358","26.6042190967358","26.6042190967358"
"195","26.984468328188854","26.984468328188854","26.984468328188854"
"196","26.806871625804092","26.806871625804092","26.806871625804092"
"197","26.495951939006087","26.495951939006087","26.495951939006087"
"198","26.0022408327791","26.0022408327791","26.0022408327791"
"199","25.603297949781357","25.603297949781357","25.603297949781357"
"200","25.320958861097264","25.320958861097264","25.320958861097264"
"201","24.79623947446477","24.79623947446477","24.79623947446477"
"202","24.521721062713866","24.521721062713866","24.521721062713866"
"203","23.865222475233118","23.865222475233118","23.865222475233118"
"204","23.03114202712701","23.03114202712701","23.03114202712701"
"205","22.451239092955753","22.451239092955753","22.451239092955753"
"206","21.742879134405616","21.742879134405616","21.742879134405616"
"207","21.380281850501145","21.380281850501145","21.380281850501145"
"208","21.344449115455305","21.344449115455305","21.344449115455305"
"209","21.17829941803672","21.17829941803672","21.17829941803672"
"210","21.1030669614115","21.1030669614115","21.1030669614115"
"211","20.48193979100641","20.48193979100641","20.48193979100641"
"212","19.814544951518442","19.814544951518442","19.814544951518442"
"213","19.740760838191804","19.740760838191804","19.740760838191804"
"214","19.503880683060583","19.503880683060583","19.503880683060583"
"215","19.327508694711163","19.327508694711163","19.327508694711163"
"216","19.10419571773617","19.10419571773617","19.10419571773617"
"217","19.285229318714723","19.285229318714723","19.285229318714723"
"218","19.33967228558186","19.33967228558186","19.33967228558186"
"219","19.21223672484319","19.21223672484319","19.21223672484319"
"220","19.268424873659775","19.268424873659775","19.268424873659775"
"221","19.410442747586444","19.410442747586444","19.410442747586444"
"222","19.528960897383318","19.528960897383318","19.528960897383318"
"223","19.44638444898747","19.44638444898747","19.44638444898747"
"224","19.39760739178312","19.39760739178312","19.39760739178312"
"225","19.211653874646895","19.211653874646895","19.211653874646895"
"226","19.05667856012968","19.05667856012968","19.05667856012968"
"227","19.003042781913997","19.003042781913997","19.003042781913997"
"228","18.731727810909383","18.731727810909383","18.731727810909383"
"229","18.646660586052917","18.646660586052917","18.646660586052917"
"230","18.699881674721787","18.699881674721787","18.699881674721787"
"231","18.82321843266453","18.82321843266453","18.82321843266453"
"232","18.240605640355156","18.240605640355156","18.240605640355156"
"233","18.71954467423226","18.71954467423226","18.71954467423226"
"234","19.35121895924642","19.35121895924642","19.35121895924642"
"235","19.81478513877339","19.81478513877339","19.81478513877339"
"236","19.941739432573907","19.941739432573907","19.941739432573907"
"237","20.165837118491204","20.165837118491204","20.165837118491204"
"238","20.24087923342568","20.24087923342568","20.24087923342568"
"239","20.287336122288565","20.287336122288565","20.287336122288565"
"240","20.140517278452776","20.140517278452776","20.140517278452776"
"241","20.148767765061372","20.148767765061372","20.148767765061372"
"242","20.04641632167683","20.04641632167683","20.04641632167683"
"243","19.968160640189495","19.968160640189495","19.968160640189495"
"244","19.657547528093243","19.657547528093243","19.657547528093243"
"245","19.433955902582934","19.433955902582934","19.433955902582934"
"246","19.253672142655887","19.253672142655887","19.253672142655887"
"247","19.093855644940813","19.093855644940813","19.093855644940813"
"248","18.980625675509692","18.980625675509692","18.980625675509692"
"249","18.71201901839744","18.71201901839744","18.71201901839744"
"250","18.48462472759875","18.48462472759875","18.48462472759875"
"251","18.260000513865926","18.260000513865926","18.260000513865926"
"252","18.002258744299912","18.002258744299912","18.002258744299912"
"253","17.759308120651625","17.759308120651625","17.759308120651625"
"254","17.485728756910618","17.485728756910618","17.485728756910618"
"255","17.12140855585087","17.12140855585087","17.12140855585087"
"256","16.88163903620006","16.88163903620006","16.88163903620006"
"257","16.534274297540822","16.534274297540822","16.534274297540822"
"258","16.234985171043654","16.234985171043654","16.234985171043654"
"259","15.8673893341844","15.8673893341844","15.8673893341844"
"260","15.508099223598592","15.508099223598592","15.508099223598592"
"261","15.193057505859297","15.193057505859297","15.193057505859297"
"262","14.893659468056404","14.893659468056404","14.893659468056404"
"263","14.607394175201307","14.607394175201307","14.607394175201307"
"264","14.384360268603896","14.384360268603896","14.384360268603896"
"265","14.155069022513244","14.155069022513244","14.155069022513244"
"266","13.885442522321801","13.885442522321801","13.885442522321801"
"267","13.599584023696925","13.599584023696925","13.599584023696925"
"268","13.293209690976683","13.293209690976683","13.293209690976683"
"269","13.094518788583455","13.094518788583455","13.094518788583455"
"270","12.903032339233405","12.903032339233405","12.903032339233405"
"271","12.644130621354206","12.644130621354206","12.644130621354206"
"272","12.025130141649578","12.025130141649578","12.025130141649578"
"273","11.454109021857594","11.454109021857594","11.454109021857594"
"274","11.175759135009075","11.175759135009075","11.175759135009075"
"275","10.639604377762307","10.639604377762307","10.639604377762307"
"276","9.968173092128136","9.968173092128136","9.968173092128136"
"277","9.33431132877654","9.33431132877654","9.33431132877654"
"278","8.981533136209045","8.981533136209045","8.981533136209045"
"279","8.483352071578128","8.483352071578128","8.483352071578128"
"280","8.24830622985196","8.24830622985196","8.24830622985196"
"281","7.584554378435541","7.584554378435541","7.584554378435541"
"282","7.249309045961827","7.249309045961827","7.249309045961827"
"283","6.743373979675862","6.743373979675862","6.743373979675862"
"284","6.248083545275831","6.248083545275831","6.248083545275831"
"285","6.096895406509093","6.096895406509093","6.096895406509093"
"286","5.9031437215812455","5.9031437215812455","5.9031437215812455"
"287","5.537259743295026","5.537259743295026","5.537259743295026"
"288","4.2495705244386315","4.2495705244386315","4.2495705244386315"
"289","4.0073880672363975","4.0073880672363975","4.0073880672363975"
"290","3.1546066540202538","3.1546066540202538","3.1546066540202538"
"291","2.999743511649076","2.999743511649076","2.999743511649076"
"292","2.8341192327558473","2.8341192327558473","2.8341192327558473"
"293","2.950401509793237","2.950401509793237","2.950401509793237"
"294","3.0188577541420183","3.0188577541420183","3.0188577541420183"
"295","3.101274641648861","3.101274641648861","3.101274641648861"
"296","3.60185477852262","3.60185477852262","3.60185477852262"
"297","4.311029331936379","4.311029331936379","4.311029331936379"
"298","4.995862231418369","4.995862231418369","4.995862231418369"
"299","5.822544418946718","5.822544418946718","5.822544418946718"
"300","6.701937566893985","6.701937566893985","6.701937566893985"
"301","7.555867117024836","7.555867117024836","7.555867117024836"
"302","7.587220484261698","7.587220484261698","7.587220484261698"
"303","7.736323264750017","7.736323264750017","7.736323264750017"
"304","8.170118992578564","8.170118992578564","8.170118992578564"
"305","8.446692307374896","8.446692307374896","8.446692307374896"
"306","8.246329099203436","8.246329099203436","8.246329099203436"
"307","8.438480593905702","8.438480593905702","8.438480593905702"
"308","8.000941275974824","8.000941275974824","8.000941275974824"
"309","8.336098404164282","8.336098404164282","8.336098404164282"
"310","8.541719396571484","8.541719396571484","8.541719396571484"
"311","8.72773071271868","8.72773071271868","8.72773071271868"
"312","9.218298027674086","9.218298027674086","9.218298027674086"
"313","9.202449896534386","9.202449896534386","9.202449896534386"
"314","9.171272212710178","9.171272212710178","9.171272212710178"
"315","9.256881367443716","9.256881367443716","9.256881367443716"
"316","8.876064422446657","8.876064422446657","8.876064422446657"
"317","8.252659762460176","8.252659762460176","8.252659762460176"
"318","7.690428884612052","7.690428884612052","7.690428884612052"
"319","7.394781943788771","7.394781943788771","7.394781943788771"
"320","6.89429337330494","6.89429337330494","6.89429337330494"
"321","6.09827542183059","6.09827542183059","6.09827542183059"
"322","5.392611102669257","5.392611102669257","5.392611102669257"
"323","4.83070727380888","4.83070727380888","4.83070727380888"
"324","4.330040727733872","4.330040727733872","4.330040727733872"
"325","3.934079767374792","3.934079767374792","3.934079767374792"
"326","3.4670609584983367","3.4670609584983367","3.4670609584983367"
"327","3.5078569082218793","3.5078569082218793","3.5078569082218793"
"328","3.168716176223029","3.168716176223029","3.168716176223029"
"329","3.2609605262577723","3.2609605262577723","3.2609605262577723"
"330","3.2486758577296904","3.2486758577296904","3.2486758577296904"
"331","3.2594753895269286","3.2594753895269286","3.2594753895269286"
"332","4.1236930561345115","4.1236930561345115","4.1236930561345115"
"333","4.346909293660724","4.346909293660724","4.346909293660724"
"334","3.8550882806046913","3.8550882806046913","3.8550882806046913"
"335","3.976783126398227","3.976783126398227","3.976783126398227"
"336","3.715128800964162","3.715128800964162","3.715128800964162"
"337","3.498106202595959","3.498106202595959","3.498106202595959"
"338","3.3197596841016686","3.3197596841016686","3.3197596841016686"
"339","3.4865491207167407","3.4865491207167407","3.4865491207167407"
"340","3.7154973053317417","3.7154973053317417","3.7154973053317417"
"341","3.786258735862143","3.786258735862143","3.786258735862143"
"342","3.780107386634904","3.780107386634904","3.780107386634904"
"343","3.8773934409033837","3.8773934409033837","3.8773934409033837"
"344","4.152780105118204","4.152780105118204","4.152780105118204"
"345","4.285466788301332","4.285466788301332","4.285466788301332"
"346","4.3817454231266355","4.3817454231266355","4.3817454231266355"
"347","4.495108139020527","4.495108139020527","4.495108139020527"
"348","4.358509424401113","4.358509424401113","4.358509424401113"
"349","4.630176663608422","4.630176663608422","4.630176663608422"
"350","4.693162100963914","4.693162100963914","4.693162100963914"
"351","4.9453628914217465","4.9453628914217465","4.9453628914217465"
"352","5.1824099608528424","5.1824099608528424","5.1824099608528424"
"353","5.443221737123045","5.443221737123045","5.443221737123045"
"354","6.012964373839009","6.012964373839009","6.012964373839009"
"355","6.330905227623685","6.330905227623685","6.330905227623685"
"356","6.582703705957865","6.582703705957865","6.582703705957865"
"357","6.99814122200758","6.99814122200758","6.99814122200758"
"358","7.481821694016872","7.481821694016872","7.481821694016872"
"359","8.119675525982057","8.119675525982057","8.119675525982057"
"360","8.13311721824959","8.13311721824959","8.13311721824959"
"361","8.554621731760253","8.554621731760253","8.554621731760253"
"362","8.348567668239394","8.348567668239394","8.348567668239394"
"363","9.03950105349153","9.03950105349153","9.03950105349153"
"364","9.522437110757146","9.522437110757146","9.522437110757146"
"365","9.876727858552968","9.876727858552968","9.876727858552968"
"366","10.316236178279924","10.316236178279924","10.316236178279924"
"367","10.798724187205972","10.798724187205972","10.798724187205972"
"368","11.23843029286738","11.23843029286738","11.23843029286738"
"369","11.668413408368997","11.668413408368997","11.668413408368997"
"370","12.393168407105458","12.393168407105458","12.393168407105458"
"371","12.841271155483028","12.841271155483028","12.841271155483028"
"372","13.24201927619868","13.24201927619868","13.24201927619868"
"373","13.804973558931797","13.804973558931797","13.804973558931797"
"374","14.822456815677342","14.822456815677342","14.822456815677342"
"375","15.736965814592823","15.736965814592823","15.736965814592823"
"376","16.570283192860934","16.570283192860934","16.570283192860934"
"377","16.93254195266547","16.93254195266547","16.93254195266547"
"378","17.757480703996972","17.757480703996972","17.757480703996972"
"379","18.197244659142214","18.197244659142214","18.197244659142214"
"380","18.365325398370896","18.365325398370896","18.365325398370896"
"381","18.78892334841521","18.78892334841521","18.78892334841521"
"382","19.039160466803096","19.039160466803096","19.039160466803096"
"383","19.408329101978033","19.408329101978033","19.408329101978033"
"384","19.65256695934815","19.65256695934815","19.65256695934815"
"385","19.734528882987032","19.734528882987032","19.734528882987032"
"386","19.88229194370022","19.88229194370022","19.88229194370022"
"387","20.192971940531024","20.192971940531024","20.192971940531024"
"388","20.960997651169638","20.960997651169638","20.960997651169638"
"389","20.3601440509816","20.3601440509816","20.3601440509816"
"390","21.38322746580814","21.38322746580814","21.38322746580814"
"391","21.643593775409954","21.643593775409954","21.643593775409954"
"392","21.90950772043432","21.90950772043432","21.90950772043432"
"393","21.929500668846284","21.929500668846284","21.929500668846284"
"394","22.02318011022171","22.02318011022171","22.02318011022171"
"395","22.124038469384523","22.124038469384523","22.124038469384523"
"396","22.296631555821495","22.296631555821495","22.296631555821495"
"397","22.397202073612117","22.397202073612117","22.397202073612117"
"398","22.466600424365005","22.466600424365005","22.466600424365005"
"399","22.36475536627402","22.36475536627402","22.36475536627402"
"400","22.025269339561326","22.025269339561326","22.025269339561326"
"401","22.003770325874775","22.003770325874775","22.003770325874775"
"402","22.622124434478028","22.622124434478028","22.622124434478028"
"403","23.067649301217315","23.067649301217315","23.067649301217315"
"404","23.50858392488153","23.50858392488153","23.50858392488153"
"405","24.059217742977417","24.059217742977417","24.059217742977417"
"406","25.117363800105874","25.117363800105874","25.117363800105874"
"407","25.534162344873245","25.534162344873245","25.534162344873245"
"408","26.245501288553356","26.245501288553356","26.245501288553356"
"409","26.20248490764469","26.20248490764469","26.20248490764469"
"410","26.102958686283678","26.102958686283678","26.102958686283678"
"411","26.59409484287477","26.59409484287477","26.59409484287477"
"412","26.767784952449006","26.767784952449006","26.767784952449006"
"413","26.76442421904809","26.76442421904809","26.76442421904809"
"414","26.95232913587985","26.95232913587985","26.95232913587985"
"415","26.952153159460146","26.952153159460146","26.952153159460146"
"416","27.43553638808182","27.43553638808182","27.43553638808182"
"417","27.744404260573287","27.744404260573287","27.744404260573287"
"418","28.110144056066133","28.110144056066133","28.110144056066133"
"419","28.4445245950835","28.4445245950835","28.4445245950835"
"420","28.81411787152549","28.81411787152549","28.81411787152549"
"421","29.412202717796866","29.412202717796866","29.412202717796866"
"422","30.019597942459374","30.019597942459374","30.019597942459374"
"423","30.597140591159555","30.597140591159555","30.597140591159555"
"424","31.152234442631094","31.152234442631094","31.152234442631094"
"425","31.726700593358913","31.726700593358913","31.726700593358913"
"426","32.355320411031215","32.355320411031215","32.355320411031215"
"427","32.47425409580589","32.47425409580589","32.47425409580589"
"428","33.04205138689301","33.04205138689301","33.04205138689301"
"429","33.05886508018172","33.05886508018172","33.05886508018172"
"430","33.1144217021337","33.1144217021337","33.1144217021337"
"431","33.09815730564689","33.09815730564689","33.09815730564689"
"432","33.1434023337513","33.1434023337513","33.1434023337513"
"433","32.254848264320906","32.254848264320906","32.254848264320906"
"434","32.90003482096873","32.90003482096873","32.90003482096873"
"435","32.83156886427358","32.83156886427358","32.83156886427358"
"436","33.142975679511004","33.142975679511004","33.142975679511004"
"437","33.51342110873746","33.51342110873746","33.51342110873746"
"438","33.725971797128594","33.725971797128594","33.725971797128594"
"439","33.64585279178006","33.64585279178006","33.64585279178006"
"440","33.6324364029443","33.6324364029443","33.6324364029443"
"441","33.663830119018826","33.663830119018826","33.663830119018826"
"442","33.7943730988919","33.7943730988919","33.7943730988919"
"443","33.97594702588462","33.97594702588462","33.97594702588462"
"444","33.87528509710518","33.87528509710518","33.87528509710518"
"445","33.91532021901638","33.91532021901638","33.91532021901638"
"446","33.97588911112466","33.97588911112466","33.97588911112466"
"447","34.03547638202649","34.03547638202649","34.03547638202649"
"448","34.30700694760923","34.30700694760923","34.30700694760923"
"449","34.31792157321852","34.31792157321852","34.31792157321852"
"450","34.391336317962924","34.391336317962924","34.391336317962924"
"451","34.35649188564934","34.35649188564934","34.35649188564934"
"452","34.34829518075876","34.34829518075876","34.34829518075876"
"453","34.306381158212496","34.306381158212496","34.306381158212496"
"454","34.064976156259256","34.064976156259256","34.064976156259256"
"455","34.1084297980076","34.1084297980076","34.1084297980076"
"456","34.084761868658134","34.084761868658134","34.084761868658134"
"457","33.99150481184817","33.99150481184817","33.99150481184817"
"458","33.86450736007642","33.86450736007642","33.86450736007642"
"459","33.54558473727422","33.54558473727422","33.54558473727422"
"460","33.880746884376165","33.880746884376165","33.880746884376165"
"461","33.784472879583376","33.784472879583376","33.784472879583376"
"462","34.30750566758437","34.30750566758437","34.30750566758437"
"463","34.0015453862747","34.0015453862747","34.0015453862747"
"464","33.67632128585177","33.67632128585177","33.67632128585177"
"465","33.616859007142956","33.616859007142956","33.616859007142956"
"466","33.43669299120829","33.43669299120829","33.43669299120829"
"467","33.33869511949364","33.33869511949364","33.33869511949364"
"468","33.060998253664","33.060998253664","33.060998253664"
"469","32.979674736941234","32.979674736941234","32.979674736941234"
"470","32.55992932877969","32.55992932877969","32.55992932877969"
"471","32.367067532059735","32.367067532059735","32.367067532059735"
"472","32.29403136961628","32.29403136961628","32.29403136961628"
"473","32.02248822912108","32.02248822912108","32.02248822912108"
"474","31.563068490321747","31.563068490321747","31.563068490321747"
"475","30.693078582922464","30.693078582922464","30.693078582922464"
"476","30.274832658276427","30.274832658276427","30.274832658276427"
"477","30.388848796952516","30.388848796952516","30.388848796952516"
"478","29.783166655665262","29.783166655665262","29.783166655665262"
"479","29.68112002556445","29.68112002556445","29.68112002556445"
"480","29.481365749663674","29.481365749663674","29.481365749663674"
"481","29.500959685994314","29.500959685994314","29.500959685994314"
"482","28.768622140502558","28.768622140502558","28.768622140502558"
"483","28.707539949677884","28.707539949677884","28.707539949677884"
"484","28.65487441192381","28.65487441192381","28.65487441192381"
"485","28.311340534598568","28.311340534598568","28.311340534598568"
"486","27.815643743607215","27.815643743607215","27.815643743607215"
"487","27.242109927712008","27.242109927712008","27.242109927712008"
"488","27.633150067487733","27.633150067487733","27.633150067487733"
"489","28.762530387565494","28.762530387565494","28.762530387565494"
"490","28.15425489571877","28.15425489571877","28.15425489571877"
"491","28.013290572958066","28.013290572958066","28.013290572958066"
"492","27.90813864058815","27.90813864058815","27.90813864058815"
"493","27.414873073361814","27.414873073361814","27.414873073361814"
"494","27.266001061024145","27.266001061024145","27.266001061024145"
"495","26.736549478254165","26.736549478254165","26.736549478254165"
"496","26.03615347469342","26.03615347469342","26.03615347469342"
"497","25.93697673437302","25.93697673437302","25.93697673437302"
"498","25.86846556217526","25.86846556217526","25.86846556217526"
"499","25.901907138021198","25.901907138021198","25.901907138021198"
"500","26.13510655479506","26.13510655479506","26.13510655479506"
"501","26.049480287414045","26.049480287414045","26.049480287414045"
"502","26.025505285803227","26.025505285803227","26.025505285803227"
"503","25.903733129575848","25.903733129575848","25.903733129575848"
"504","25.86701119600795","25.86701119600795","25.86701119600795"
"505","25.826723047296984","25.826723047296984","25.826723047296984"
"506","25.680162569403183","25.680162569403183","25.680162569403183"
"507","25.64940344601637","25.64940344601637","25.64940344601637"
"508","25.500373514625245","25.500373514625245","25.500373514625245"
"509","25.439971102639102","25.439971102639102","25.439971102639102"
"510","25.382902318923733","25.382902318923733","25.382902318923733"
"511","25.099686741954645","25.099686741954645","25.099686741954645"
"512","24.992255033324472","24.992255033324472","24.992255033324472"
"513","24.962776447375653","24.962776447375653","24.962776447375653"
"514","24.92116915677616","24.92116915677616","24.92116915677616"
"515","24.888712682714104","24.888712682714104","24.888712682714104"
"516","24.837475881697028","24.837475881697028","24.837475881697028"
"517","24.81681064442673","24.81681064442673","24.81681064442673"
"518","24.54865185189934","24.54865185189934","24.54865185189934"
"519","24.503013605060406","24.503013605060406","24.503013605060406"
"520","24.439908407958573","24.439908407958573","24.439908407958573"
"521","24.349936344138698","24.349936344138698","24.349936344138698"
"522","24.26301803106384","24.26301803106384","24.26301803106384"
"523","24.181301446016295","24.181301446016295","24.181301446016295"
"524","23.78170488428266","23.78170488428266","23.78170488428266"
"525","23.517810868527157","23.517810868527157","23.517810868527157"
"526","23.3982631589839","23.3982631589839","23.3982631589839"
"527","22.88052291328029","22.88052291328029","22.88052291328029"
"528","22.146676134839073","22.146676134839073","22.146676134839073"
"529","21.649209373038612","21.649209373038612","21.649209373038612"
"530","20.895725901531407","20.895725901531407","20.895725901531407"
"531","20.06786856693623","20.06786856693623","20.06786856693623"
"532","19.261716325277813","19.261716325277813","19.261716325277813"
"533","19.379102483838214","19.379102483838214","19.379102483838214"
"534","18.444007478393033","18.444007478393033","18.444007478393033"
"535","17.660627220244496","17.660627220244496","17.660627220244496"
"536","17.005213701254107","17.005213701254107","17.005213701254107"
"537","16.073113182386734","16.073113182386734","16.073113182386734"
"538","15.14361847007589","15.14361847007589","15.14361847007589"
"539","14.176900779646239","14.176900779646239","14.176900779646239"
"540","13.339888461431837","13.339888461431837","13.339888461431837"
"541","12.421628358321614","12.421628358321614","12.421628358321614"
"542","11.685295681421994","11.685295681421994","11.685295681421994"
"543","11.367305372082047","11.367305372082047","11.367305372082047"
"544","11.19206028715671","11.19206028715671","11.19206028715671"
"545","10.237502066218221","10.237502066218221","10.237502066218221"
"546","9.32788915601086","9.32788915601086","9.32788915601086"
"547","8.73773516847279","8.73773516847279","8.73773516847279"
"548","7.912570566548893","7.912570566548893","7.912570566548893"
"549","7.562718805656695","7.562718805656695","7.562718805656695"
"550","7.300071807946006","7.300071807946006","7.300071807946006"
"551","7.181862888126561","7.181862888126561","7.181862888126561"
"552","7.15527180434663","7.15527180434663","7.15527180434663"
"553","7.124641657317916","7.124641657317916","7.124641657317916"
"554","7.036161784748474","7.036161784748474","7.036161784748474"
"555","7.0048707533952985","7.0048707533952985","7.0048707533952985"
"556","6.969100193590784","6.969100193590784","6.969100193590784"
"557","6.933411971910318","6.933411971910318","6.933411971910318"
"558","6.955331636567061","6.955331636567061","6.955331636567061"
"559","7.232431692893078","7.232431692893078","7.232431692893078"
"560","7.217717288732456","7.217717288732456","7.217717288732456"
"561","7.319053596747035","7.319053596747035","7.319053596747035"
"562","7.551565473754818","7.551565473754818","7.551565473754818"
"563","7.467591688535103","7.467591688535103","7.467591688535103"
"564","7.4901499987573334","7.4901499987573334","7.4901499987573334"
"565","7.35096812989963","7.35096812989963","7.35096812989963"
"566","7.411631025284805","7.411631025284805","7.411631025284805"
"567","7.431645045666301","7.431645045666301","7.431645045666301"
"568","7.581553346136861","7.581553346136861","7.581553346136861"
"569","7.463491791062333","7.463491791062333","7.463491791062333"
"570","7.411969260982514","7.411969260982514","7.411969260982514"
"571","7.455708560179264","7.455708560179264","7.455708560179264"
"572","7.387474176547767","7.387474176547767","7.387474176547767"
"573","7.368633626559094","7.368633626559094","7.368633626559094"
"574","6.959063076155071","6.959063076155071","6.959063076155071"
"575","7.190689079628137","7.190689079628137","7.190689079628137"
"576","7.39494911365844","7.39494911365844","7.39494911365844"
"577","7.264681011486609","7.264681011486609","7.264681011486609"
"578","7.467319758331214","7.467319758331214","7.467319758331214"
"579","7.3464088863290815","7.3464088863290815","7.3464088863290815"
"580","7.43535103227412","7.43535103227412","7.43535103227412"
"581","7.27716772477077","7.27716772477077","7.27716772477077"
"582","7.954123321687148","7.954123321687148","7.954123321687148"
"583","7.993939848811642","7.993939848811642","7.993939848811642"
"584","8.051578958758546","8.051578958758546","8.051578958758546"
"585","8.302019602358268","8.302019602358268","8.302019602358268"
"586","8.607134032538088","8.607134032538088","8.607134032538088"
"587","8.939302480495462","8.939302480495462","8.939302480495462"
"588","8.837909024269248","8.837909024269248","8.837909024269248"
"589","8.336318291425632","8.336318291425632","8.336318291425632"
"590","8.785517669850888","8.785517669850888","8.785517669850888"
"591","8.751036453097987","8.751036453097987","8.751036453097987"
"592","9.164974964763896","9.164974964763896","9.164974964763896"
"593","9.633578460039498","9.633578460039498","9.633578460039498"
"594","9.743434174805806","9.743434174805806","9.743434174805806"
"595","10.177924964900521","10.177924964900521","10.177924964900521"
"596","10.950567357900946","10.950567357900946","10.950567357900946"
"597","10.910766871317684","10.910766871317684","10.910766871317684"
"598","10.937134109518883","10.937134109518883","10.937134109518883"
"599","11.078047353011716","11.078047353011716","11.078047353011716"
"600","11.03228602196432","11.03228602196432","11.03228602196432"
"601","11.162991012124039","11.162991012124039","11.162991012124039"
"602","11.06963906222365","11.06963906222365","11.06963906222365"
"603","11.158562599591605","11.158562599591605","11.158562599591605"
"604","11.154748768148638","11.154748768148638","11.154748768148638"
"605","11.133809191429682","11.133809191429682","11.133809191429682"
"606","11.284892236286469","11.284892236286469","11.284892236286469"
"607","11.672867984998666","11.672867984998666","11.672867984998666"
"608","11.778156843407706","11.778156843407706","11.778156843407706"
"609","12.074010507936292","12.074010507936292","12.074010507936292"
"610","12.16585288771119","12.16585288771119","12.16585288771119"
"611","12.588388150107749","12.588388150107749","12.588388150107749"
"612","12.881710661953948","12.881710661953948","12.881710661953948"
"613","12.932091297718397","12.932091297718397","12.932091297718397"
"614","13.124495332917832","13.124495332917832","13.124495332917832"
"615","13.58027844619628","13.58027844619628","13.58027844619628"
"616","13.773694213397503","13.773694213397503","13.773694213397503"
"617","13.928192449148446","13.928192449148446","13.928192449148446"
"618","14.4154941743139","14.4154941743139","14.4154941743139"
"619","14.705712598123755","14.705712598123755","14.705712598123755"
"620","14.865692531490167","14.865692531490167","14.865692531490167"
"621","15.076807315890147","15.076807315890147","15.076807315890147"
"622","15.206596330553694","15.206596330553694","15.206596330553694"
"623","15.300213833910348","15.300213833910348","15.300213833910348"
"624","15.658565293880347","15.658565293880347","15.658565293880347"
"625","16.02905643818358","16.02905643818358","16.02905643818358"
"626","16.110193697581234","16.110193697581234","16.110193697581234"
"627","16.64926958966458","16.64926958966458","16.64926958966458"
"628","17.462438764454966","17.462438764454966","17.462438764454966"
"629","17.899620443907732","17.899620443907732","17.899620443907732"
"630","18.647781217656267","18.647781217656267","18.647781217656267"
"631","19.467856372035275","19.467856372035275","19.467856372035275"
"632","20.24215107867418","20.24215107867418","20.24215107867418"
"633","20.951408125701526","20.951408125701526","20.951408125701526"
"634","21.7276927342817","21.7276927342817","21.7276927342817"
"635","22.447686354433355","22.447686354433355","22.447686354433355"
"636","23.19765830545144","23.19765830545144","23.19765830545144"
"637","24.273926173270848","24.273926173270848","24.273926173270848"
"638","25.226016187951135","25.226016187951135","25.226016187951135"
"639","26.228208147407678","26.228208147407678","26.228208147407678"
"640","26.994985072081146","26.994985072081146","26.994985072081146"
"641","27.906780375520867","27.906780375520867","27.906780375520867"
"642","28.564138459269124","28.564138459269124","28.564138459269124"
"643","28.72846611087134","28.72846611087134","28.72846611087134"
"644","28.924398095592807","28.924398095592807","28.924398095592807"
"645","29.880409693092698","29.880409693092698","29.880409693092698"
"646","30.872280701481394","30.872280701481394","30.872280701481394"
"647","31.530219179846934","31.530219179846934","31.530219179846934"
"648","32.330433252061376","32.330433252061376","32.330433252061376"
"649","32.63624556063547","32.63624556063547","32.63624556063547"
"650","33.011362441027195","33.011362441027195","33.011362441027195"
"651","33.10873527801934","33.10873527801934","33.10873527801934"
"652","33.10713982979174","33.10713982979174","33.10713982979174"
"653","32.98418001313614","32.98418001313614","32.98418001313614"
"654","33.01365950050684","33.01365950050684","33.01365950050684"
"655","32.99373833494181","32.99373833494181","32.99373833494181"
"656","33.01628439466389","33.01628439466389","33.01628439466389"
"657","32.96054187987822","32.96054187987822","32.96054187987822"
"658","32.890621123256935","32.890621123256935","32.890621123256935"
"659","32.625572124942046","32.625572124942046","32.625572124942046"
"660","32.632580367465344","32.632580367465344","32.632580367465344"
"661","32.57931742228924","32.57931742228924","32.57931742228924"
"662","32.342948047578176","32.342948047578176","32.342948047578176"
"663","32.338438541287395","32.338438541287395","32.338438541287395"
"664","32.42422533069395","32.42422533069395","32.42422533069395"
"665","32.50316585801666","32.50316585801666","32.50316585801666"
"666","32.50267251234625","32.50267251234625","32.50267251234625"
"667","32.44989538588685","32.44989538588685","32.44989538588685"
"668","32.46987487211016","32.46987487211016","32.46987487211016"
"669","32.57087740779047","32.57087740779047","32.57087740779047"
"670","32.60400553623338","32.60400553623338","32.60400553623338"
"671","32.657625184563294","32.657625184563294","32.657625184563294"
"672","32.792942777817444","32.792942777817444","32.792942777817444"
"673","32.92935075767462","32.92935075767462","32.92935075767462"
"674","33.009702392519756","33.009702392519756","33.009702392519756"
"675","33.14221984963988","33.14221984963988","33.14221984963988"
"676","32.94649977920701","32.94649977920701","32.94649977920701"
"677","32.97271404944484","32.97271404944484","32.97271404944484"
"678","32.87661608062808","32.87661608062808","32.87661608062808"
"679","33.11542596862309","33.11542596862309","33.11542596862309"
"680","33.214184841538156","33.214184841538156","33.214184841538156"
"681","33.27759443653405","33.27759443653405","33.27759443653405"
"682","33.35866391915486","33.35866391915486","33.35866391915486"
"683","33.63629578533241","33.63629578533241","33.63629578533241"
"684","33.696028731454355","33.696028731454355","33.696028731454355"
"685","33.80223956787093","33.80223956787093","33.80223956787093"
"686","33.97729800346373","33.97729800346373","33.97729800346373"
"687","34.2072511348228","34.2072511348228","34.2072511348228"
"688","34.155788774658646","34.155788774658646","34.155788774658646"
"689","34.42036713612797","34.42036713612797","34.42036713612797"
"690","34.54842206572714","34.54842206572714","34.54842206572714"
"691","34.735803800957","34.735803800957","34.735803800957"
"692","34.43003486793088","34.43003486793088","34.43003486793088"
"693","34.43615457228916","34.43615457228916","34.43615457228916"
"694","34.520923033613435","34.520923033613435","34.520923033613435"
"695","34.61076925696638","34.61076925696638","34.61076925696638"
"696","34.618400465900265","34.618400465900265","34.618400465900265"
"697","34.77783279299569","34.77783279299569","34.77783279299569"
"698","34.892469148671445","34.892469148671445","34.892469148671445"
"699","34.8001639289951","34.8001639289951","34.8001639289951"
"700","34.87624537295029","34.87624537295029","34.87624537295029"
"701","34.88251790965274","34.88251790965274","34.88251790965274"
"702","35.04844027405903","35.04844027405903","35.04844027405903"
"703","34.96532122149431","34.96532122149431","34.96532122149431"
"704","34.93767108265609","34.93767108265609","34.93767108265609"
"705","34.99339989093896","34.99339989093896","34.99339989093896"
"706","34.88912914758846","34.88912914758846","34.88912914758846"
"707","34.54314995803237","34.54314995803237","34.54314995803237"
"708","34.61096055825074","34.61096055825074","34.61096055825074"
"709","34.23052777217719","34.23052777217719","34.23052777217719"
"710","34.175345009509655","34.175345009509655","34.175345009509655"
"711","33.769146889532166","33.769146889532166","33.769146889532166"
"712","33.52716445239279","33.52716445239279","33.52716445239279"
"713","33.484264999013575","33.484264999013575","33.484264999013575"
"714","33.28703070973996","33.28703070973996","33.28703070973996"
"715","32.90935105681437","32.90935105681437","32.90935105681437"
"716","32.732154169450695","32.732154169450695","32.732154169450695"
"717","32.63924563092664","32.63924563092664","32.63924563092664"
"718","32.37145199819253","32.37145199819253","32.37145199819253"
"719","32.13497057200195","32.13497057200195","32.13497057200195"
"720","31.943456545911214","31.943456545911214","31.943456545911214"
"721","31.761278170823534","31.761278170823534","31.761278170823534"
"722","31.668351903102774","31.668351903102774","31.668351903102774"
"723","31.647642708233505","31.647642708233505","31.647642708233505"
"724","31.627004633152573","31.627004633152573","31.627004633152573"
"725","31.432423714471696","31.432423714471696","31.432423714471696"
"726","31.352119969965607","31.352119969965607","31.352119969965607"
"727","30.983997608011304","30.983997608011304","30.983997608011304"
"728","30.83989964458877","30.83989964458877","30.83989964458877"
"729","30.821031312865852","30.821031312865852","30.821031312865852"
"730","29.89808328844858","29.89808328844858","29.89808328844858"
"731","29.81011247931299","29.81011247931299","29.81011247931299"
"732","29.00852479766374","29.00852479766374","29.00852479766374"
"733","28.826711101115396","28.826711101115396","28.826711101115396"
"734","28.626872284629098","28.626872284629098","28.626872284629098"
"735","28.59198795843189","28.59198795843189","28.59198795843189"
"736","28.36076191346412","28.36076191346412","28.36076191346412"
"737","28.07258536065714","28.07258536065714","28.07258536065714"
"738","27.968083695348067","27.968083695348067","27.968083695348067"
"739","27.870947480776994","27.870947480776994","27.870947480776994"
"740","27.774391572724745","27.774391572724745","27.774391572724745"
"741","27.646185126451492","27.646185126451492","27.646185126451492"
"742","27.594085826853007","27.594085826853007","27.594085826853007"
"743","27.542760207259743","27.542760207259743","27.542760207259743"
"744","27.439155571253686","27.439155571253686","27.439155571253686"
"745","27.325178866756797","27.325178866756797","27.325178866756797"
"746","27.169654923116504","27.169654923116504","27.169654923116504"
"747","27.00627315072128","27.00627315072128","27.00627315072128"
"748","26.993566419750167","26.993566419750167","26.993566419750167"
"749","26.888313996538237","26.888313996538237","26.888313996538237"
"750","26.697907925283253","26.697907925283253","26.697907925283253"
"751","26.65645437753079","26.65645437753079","26.65645437753079"
"752","26.640670839420235","26.640670839420235","26.640670839420235"
"753","26.73296230349428","26.73296230349428","26.73296230349428"
"754","26.767576368616137","26.767576368616137","26.767576368616137"
"755","26.743397705878305","26.743397705878305","26.743397705878305"
"756","26.720046817760156","26.720046817760156","26.720046817760156"
"757","26.825399202061817","26.825399202061817","26.825399202061817"
"758","26.84095749876462","26.84095749876462","26.84095749876462"
"759","26.882041816534475","26.882041816534475","26.882041816534475"
"760","26.872984697325155","26.872984697325155","26.872984697325155"
"761","26.827300259312615","26.827300259312615","26.827300259312615"
"762","26.830939689548686","26.830939689548686","26.830939689548686"
"763","26.816645458051934","26.816645458051934","26.816645458051934"
"764","26.772456156508998","26.772456156508998","26.772456156508998"
"765","26.77001257722266","26.77001257722266","26.77001257722266"
"766","26.721543234428392","26.721543234428392","26.721543234428392"
"767","26.693690932998432","26.693690932998432","26.693690932998432"
"768","26.663018170902504","26.663018170902504","26.663018170902504"
"769","26.616256546210497","26.616256546210497","26.616256546210497"
"770","26.524576760660857","26.524576760660857","26.524576760660857"
"771","26.47334528297186","26.47334528297186","26.47334528297186"
"772","26.43393506342545","26.43393506342545","26.43393506342545"
"773","26.444832115229218","26.444832115229218","26.444832115229218"
"774","26.412605409203678","26.412605409203678","26.412605409203678"
"775","26.448503846219392","26.448503846219392","26.448503846219392"
"776","26.440536727700966","26.440536727700966","26.440536727700966"
"777","26.437256832924323","26.437256832924323","26.437256832924323"
"778","26.445252631921903","26.445252631921903","26.445252631921903"
"779","26.400557480641293","26.400557480641293","26.400557480641293"
"780","26.381264212076204","26.381264212076204","26.381264212076204"
"781","26.38849525956495","26.38849525956495","26.38849525956495"
"782","26.32312457844673","26.32312457844673","26.32312457844673"
"783","26.07798403102963","26.07798403102963","26.07798403102963"
"784","26.0110628136812","26.0110628136812","26.0110628136812"
"785","25.95011180728732","25.95011180728732","25.95011180728732"
"786","25.71133076246886","25.71133076246886","25.71133076246886"
"787","25.606194068473414","25.606194068473414","25.606194068473414"
"788","25.551989676580416","25.551989676580416","25.551989676580416"
"789","25.53606322674139","25.53606322674139","25.53606322674139"
"790","25.455680884719477","25.455680884719477","25.455680884719477"
"791","25.405574971270397","25.405574971270397","25.405574971270397"
"792","25.390775914500118","25.390775914500118","25.390775914500118"
"793","25.350496954015107","25.350496954015107","25.350496954015107"
"794","25.227549509804813","25.227549509804813","25.227549509804813"
"795","25.22234163855028","25.22234163855028","25.22234163855028"
"796","25.073122843467864","25.073122843467864","25.073122843467864"
"797","25.039927374460966","25.039927374460966","25.039927374460966"
"798","25.000091464259896","25.000091464259896","25.000091464259896"
"799","24.950835309104296","24.950835309104296","24.950835309104296"
"800","24.9306096336816","24.9306096336816","24.9306096336816"
"801","24.908505180237118","24.908505180237118","24.908505180237118"
"802","24.90766184263048","24.90766184263048","24.90766184263048"
"803","24.996868257225724","24.996868257225724","24.996868257225724"
"804","25.017175421855644","25.017175421855644","25.017175421855644"
"805","25.03860166461789","25.03860166461789","25.03860166461789"
"806","25.066765315673546","25.066765315673546","25.066765315673546"
"807","25.076141868616688","25.076141868616688","25.076141868616688"
"808","25.032711195192533","25.032711195192533","25.032711195192533"
"809","25.1987007942528","25.1987007942528","25.1987007942528"
"810","25.234745564135956","25.234745564135956","25.234745564135956"
"811","25.44753222408821","25.44753222408821","25.44753222408821"
"812","25.509299416422145","25.509299416422145","25.509299416422145"
"813","25.537854366648244","25.537854366648244","25.537854366648244"
"814","25.540030232399005","25.540030232399005","25.540030232399005"
"815","25.489069231442407","25.489069231442407","25.489069231442407"
"816","25.535728632799582","25.535728632799582","25.535728632799582"
"817","25.55912035462563","25.55912035462563","25.55912035462563"
"818","25.654874853315995","25.654874853315995","25.654874853315995"
"819","25.652501282758312","25.652501282758312","25.652501282758312"
"820","25.764050333044725","25.764050333044725","25.764050333044725"
"821","25.81586003267323","25.81586003267323","25.81586003267323"
"822","25.80803241158952","25.80803241158952","25.80803241158952"
"823","25.76647484489833","25.76647484489833","25.76647484489833"
"824","25.793883907004492","25.793883907004492","25.793883907004492"
"825","25.872005320481257","25.872005320481257","25.872005320481257"
"826","25.94013742848416","25.94013742848416","25.94013742848416"
"827","26.139221905424492","26.139221905424492","26.139221905424492"
"828","26.193924379880773","26.193924379880773","26.193924379880773"
"829","26.219756468042032","26.219756468042032","26.219756468042032"
"830","27.092679209714987","27.092679209714987","27.092679209714987"
"831","27.096159613585332","27.096159613585332","27.096159613585332"
"832","27.881762973848964","27.881762973848964","27.881762973848964"
"833","27.965673236135626","27.965673236135626","27.965673236135626"
"834","28.127822353333467","28.127822353333467","28.127822353333467"
"835","28.124737193674083","28.124737193674083","28.124737193674083"
"836","28.171242724281036","28.171242724281036","28.171242724281036"
"837","28.11293917807401","28.11293917807401","28.11293917807401"
"838","28.092603349356214","28.092603349356214","28.092603349356214"
"839","28.112008498819776","28.112008498819776","28.112008498819776"
"840","28.14542472838075","28.14542472838075","28.14542472838075"
"841","28.15864768408821","28.15864768408821","28.15864768408821"
"842","28.205282115923474","28.205282115923474","28.205282115923474"
"843","28.246054705349962","28.246054705349962","28.246054705349962"
"844","28.253056163979927","28.253056163979927","28.253056163979927"
"845","28.346373349266358","28.346373349266358","28.346373349266358"
"846","28.37263068445609","28.37263068445609","28.37263068445609"
"847","28.414314096519956","28.414314096519956","28.414314096519956"
"848","28.390788009423996","28.390788009423996","28.390788009423996"
"849","28.49797530635842","28.49797530635842","28.49797530635842"
"850","28.59427763497108","28.59427763497108","28.59427763497108"
"851","28.614201797443673","28.614201797443673","28.614201797443673"
"852","28.652506547375815","28.652506547375815","28.652506547375815"
"853","28.6602813837782","28.6602813837782","28.6602813837782"
"854","28.66933495906298","28.66933495906298","28.66933495906298"
"855","28.716632549102652","28.716632549102652","28.716632549102652"
"856","28.740881782817887","28.740881782817887","28.740881782817887"
"857","28.740805817163782","28.740805817163782","28.740805817163782"
"858","28.752772433470238","28.752772433470238","28.752772433470238"
"859","28.7403878319182","28.7403878319182","28.7403878319182"
"860","28.75378187867929","28.75378187867929","28.75378187867929"
"861","28.749048988941357","28.749048988941357","28.749048988941357"
"862","28.69695278947358","28.69695278947358","28.69695278947358"
"863","28.672405461325543","28.672405461325543","28.672405461325543"
"864","28.698404182597297","28.698404182597297","28.698404182597297"
"865","28.713145052856998","28.713145052856998","28.713145052856998"
"866","28.691072963076877","28.691072963076877","28.691072963076877"
"867","28.66948126911302","28.66948126911302","28.66948126911302"
"868","28.59360638766666","28.59360638766666","28.59360638766666"
"869","28.608486208060057","28.608486208060057","28.608486208060057"
"870","28.66648138586548","28.66648138586548","28.66648138586548"
"871","28.67956115700421","28.67956115700421","28.67956115700421"
"872","28.66776438672212","28.66776438672212","28.66776438672212"
"873","28.62593258414534","28.62593258414534","28.62593258414534"
"874","28.5796680676291","28.5796680676291","28.5796680676291"
"875","28.496173701575607","28.496173701575607","28.496173701575607"
"876","28.45426523935108","28.45426523935108","28.45426523935108"
"877","28.39215822797327","28.39215822797327","28.39215822797327"
"878","28.378598395698354","28.378598395698354","28.378598395698354"
"879","28.424202460554078","28.424202460554078","28.424202460554078"
"880","28.476789278090582","28.476789278090582","28.476789278090582"
"881","28.371957255323068","28.371957255323068","28.371957255323068"
"882","28.330217565708445","28.330217565708445","28.330217565708445"
"883","28.34225927429332","28.34225927429332","28.34225927429332"
"884","28.385436769929367","28.385436769929367","28.385436769929367"
"885","28.369652589616017","28.369652589616017","28.369652589616017"
"886","28.573007840663777","28.573007840663777","28.573007840663777"
"887","28.622731718049035","28.622731718049035","28.622731718049035"
"888","28.653158177510488","28.653158177510488","28.653158177510488"
"889","28.659048992340104","28.659048992340104","28.659048992340104"
"890","28.663066170644598","28.663066170644598","28.663066170644598"
"891","28.633140564915376","28.633140564915376","28.633140564915376"
"892","28.44518920818402","28.44518920818402","28.44518920818402"
"893","28.36908005235775","28.36908005235775","28.36908005235775"
"894","28.362898692133022","28.362898692133022","28.362898692133022"
"895","28.33075637355272","28.33075637355272","28.33075637355272"
"896","28.475596502437256","28.475596502437256","28.475596502437256"
"897","28.39575412049424","28.39575412049424","28.39575412049424"
"898","28.28852206452284","28.28852206452284","28.28852206452284"
"899","28.35221807143651","28.35221807143651","28.35221807143651"
"900","28.397134179575367","28.397134179575367","28.397134179575367"
"901","28.44356767657213","28.44356767657213","28.44356767657213"
"902","28.49220830399543","28.49220830399543","28.49220830399543"
"903","28.546485851090402","28.546485851090402","28.546485851090402"
"904","28.549848105888813","28.549848105888813","28.549848105888813"
"905","28.50211663177237","28.50211663177237","28.50211663177237"
"906","28.545025340374558","28.545025340374558","28.545025340374558"
"907","28.55103034613654","28.55103034613654","28.55103034613654"
"908","28.6217634161748","28.6217634161748","28.6217634161748"
"909","28.69539070352912","28.69539070352912","28.69539070352912"
"910","28.629498732680005","28.629498732680005","28.629498732680005"
"911","28.573385107567084","28.573385107567084","28.573385107567084"
"912","28.580448175997955","28.580448175997955","28.580448175997955"
"913","28.589577235061224","28.589577235061224","28.589577235061224"
"914","28.616772322341347","28.616772322341347","28.616772322341347"
"915","28.44647584172526","28.44647584172526","28.44647584172526"
"916","28.467648052504302","28.467648052504302","28.467648052504302"
"917","28.379841971314526","28.379841971314526","28.379841971314526"
"918","28.280398590500482","28.280398590500482","28.280398590500482"
"919","28.244133241745658","28.244133241745658","28.244133241745658"
"920","28.201045606724","28.201045606724","28.201045606724"
"921","28.18788885307593","28.18788885307593","28.18788885307593"
"922","28.164385925765163","28.164385925765163","28.164385925765163"
"923","28.10900026527794","28.10900026527794","28.10900026527794"
"924","28.0777853297603","28.0777853297603","28.0777853297603"
"925","28.11334403011693","28.11334403011693","28.11334403011693"
"926","28.148884086885737","28.148884086885737","28.148884086885737"
"927","28.135398182652207","28.135398182652207","28.135398182652207"
"928","28.017822483747512","28.017822483747512","28.017822483747512"
"929","27.867468673370094","27.867468673370094","27.867468673370094"
"930","27.682782794737506","27.682782794737506","27.682782794737506"
"931","27.659220980561585","27.659220980561585","27.659220980561585"
"932","27.64553226171738","27.64553226171738","27.64553226171738"
"933","27.755990496675732","27.755990496675732","27.755990496675732"
"934","27.72857246235224","27.72857246235224","27.72857246235224"
"935","27.612049352723826","27.612049352723826","27.612049352723826"
"936","27.52670827584034","27.52670827584034","27.52670827584034"
"937","27.631790033790004","27.631790033790004","27.631790033790004"
"938","27.58704251017929","27.58704251017929","27.58704251017929"
"939","27.440476052803405","27.440476052803405","27.440476052803405"
"940","27.31414804535494","27.31414804535494","27.31414804535494"
"941","27.242978005153546","27.242978005153546","27.242978005153546"
"942","27.244919386445964","27.244919386445964","27.244919386445964"
"943","27.296332052457565","27.296332052457565","27.296332052457565"
"944","27.387280838401477","27.387280838401477","27.387280838401477"
"945","27.436053704829373","27.436053704829373","27.436053704829373"
"946","27.33692491035019","27.33692491035019","27.33692491035019"
"947","27.349634129098103","27.349634129098103","27.349634129098103"
"948","27.427220446160483","27.427220446160483","27.427220446160483"
"949","27.410579274138854","27.410579274138854","27.410579274138854"
"950","27.242492931755677","27.242492931755677","27.242492931755677"
"951","27.166965772659005","27.166965772659005","27.166965772659005"
"952","27.0880307199717","27.0880307199717","27.0880307199717"
"953","27.013035727693186","27.013035727693186","27.013035727693186"
"954","27.17808300710325","27.17808300710325","27.17808300710325"
"955","27.15626175115858","27.15626175115858","27.15626175115858"
"956","27.50254201928661","27.50254201928661","27.50254201928661"
"957","27.55283682888881","27.55283682888881","27.55283682888881"
"958","27.61960507368245","27.61960507368245","27.61960507368245"
"959","27.669592544767493","27.669592544767493","27.669592544767493"
"960","27.67926819189959","27.67926819189959","27.67926819189959"
"961","27.716257993500168","27.716257993500168","27.716257993500168"
"962","27.806272750050248","27.806272750050248","27.806272750050248"
"963","28.00997586197218","28.00997586197218","28.00997586197218"
"964","28.07054181806392","28.07054181806392","28.07054181806392"
"965","28.115446917172502","28.115446917172502","28.115446917172502"
"966","28.18190201216783","28.18190201216783","28.18190201216783"
"967","28.544264544153684","28.544264544153684","28.544264544153684"
"968","28.568984697552494","28.568984697552494","28.568984697552494"
"969","28.888772911452087","28.888772911452087","28.888772911452087"
"970","28.951421756394538","28.951421756394538","28.951421756394538"
"971","28.95864448035192","28.95864448035192","28.95864448035192"
"972","28.922452463899372","28.922452463899372","28.922452463899372"
"973","28.877676588381274","28.877676588381274","28.877676588381274"
"974","28.818815752734064","28.818815752734064","28.818815752734064"
"975","28.721521320678857","28.721521320678857","28.721521320678857"
"976","28.71011069390979","28.71011069390979","28.71011069390979"
"977","28.83917072133683","28.83917072133683","28.83917072133683"
"978","29.00681147126072","29.00681147126072","29.00681147126072"
"979","28.939084775024657","28.939084775024657","28.939084775024657"
"980","28.840402142000947","28.840402142000947","28.840402142000947"
"981","28.963425211520498","28.963425211520498","28.963425211520498"
"982","29.056510767187557","29.056510767187557","29.056510767187557"
"983","29.07399434610792","29.07399434610792","29.07399434610792"
"984","29.203593180697045","29.203593180697045","29.203593180697045"
"985","29.173895743289595","29.173895743289595","29.173895743289595"
"986","29.233009136436138","29.233009136436138","29.233009136436138"
"987","29.19456697052867","29.19456697052867","29.19456697052867"
"988","29.357613121565063","29.357613121565063","29.357613121565063"
"989","29.693182106600705","29.693182106600705","29.693182106600705"
"990","30.065207432997976","30.065207432997976","30.065207432997976"
"991","30.774213263509427","30.774213263509427","30.774213263509427"
"992","31.09990433017314","31.09990433017314","31.09990433017314"
"993","31.78568266072367","31.78568266072367","31.78568266072367"
"994","32.528935800870514","32.528935800870514","32.528935800870514"
"995","32.717647999046","32.717647999046","32.717647999046"
"996","32.67518849505634","32.67518849505634","32.67518849505634"
"997","32.8185967178695","32.8185967178695","32.8185967178695"
"998","32.845436576433116","32.845436576433116","32.845436576433116"
"999","32.90492827772219","32.90492827772219","32.90492827772219"
"1000","32.77665204805378","32.77665204805378","32.77665204805378"
"1001","32.87642836649959","32.87642836649959","32.87642836649959"
"1002","33.10134394047838","33.10134394047838","33.10134394047838"
"1003","33.09432617235054","33.09432617235054","33.09432617235054"
"1004","34.04855614977945","34.04855614977945","34.04855614977945"
"1005","34.004412193513105","34.004412193513105","34.004412193513105"
"1006","34.1694645327801","34.1694645327801","34.1694645327801"
"1007","34.31309964827318","34.31309964827318","34.31309964827318"
"1008","33.710926491870175","33.710926491870175","33.710926491870175"
"1009","33.82587397460882","33.82587397460882","33.82587397460882"
"1010","33.8365445921543","33.8365445921543","33.8365445921543"
"1011","33.94291010805134","33.94291010805134","33.94291010805134"
"1012","33.86903662356277","33.86903662356277","33.86903662356277"
"1013","33.790095596143125","33.790095596143125","33.790095596143125"
"1014","34.35188193573345","34.35188193573345","34.35188193573345"
"1015","35.05632540623154","35.05632540623154","35.05632540623154"
"1016","35.35378681561406","35.35378681561406","35.35378681561406"
"1017","35.690498563991476","35.690498563991476","35.690498563991476"
"1018","36.034715091376185","36.034715091376185","36.034715091376185"
"1019","36.49767983715478","36.49767983715478","36.49767983715478"
"1020","36.48817997486758","36.48817997486758","36.48817997486758"
"1021","36.569730834024575","36.569730834024575","36.569730834024575"
"1022","36.671098911719945","36.671098911719945","36.671098911719945"
"1023","36.706956029207994","36.706956029207994","36.706956029207994"
"1024","37.238889571138046","37.238889571138046","37.238889571138046"
"1025","37.344134390415476","37.344134390415476","37.344134390415476"
"1026","37.23761099147223","37.23761099147223","37.23761099147223"
"1027","37.828487717132866","37.828487717132866","37.828487717132866"
"1028","38.483104984998555","38.483104984998555","38.483104984998555"
"1029","39.006945745957985","39.006945745957985","39.006945745957985"
"1030","39.24311276194077","39.24311276194077","39.24311276194077"
"1031","39.29061053869684","39.29061053869684","39.29061053869684"
"1032","39.902135526061954","39.902135526061954","39.902135526061954"
"1033","40.416449295961264","40.416449295961264","40.416449295961264"
"1034","40.390234516313264","40.390234516313264","40.390234516313264"
"1035","40.87142031799784","40.87142031799784","40.87142031799784"
"1036","40.91232927256511","40.91232927256511","40.91232927256511"
"1037","41.37919857588902","41.37919857588902","41.37919857588902"
"1038","41.200475102457716","41.200475102457716","41.200475102457716"
"1039","41.31128422385038","41.31128422385038","41.31128422385038"
"1040","41.41167415488468","41.41167415488468","41.41167415488468"
"1041","41.43002440659286","41.43002440659286","41.43002440659286"
"1042","41.39907763817304","41.39907763817304","41.39907763817304"
"1043","41.30469342483397","41.30469342483397","41.30469342483397"
"1044","41.20284590966257","41.20284590966257","41.20284590966257"
"1045","41.08807691832262","41.08807691832262","41.08807691832262"
"1046","41.148701465471675","41.148701465471675","41.148701465471675"
"1047","41.12068940099984","41.12068940099984","41.12068940099984"
"1048","41.34755710789657","41.34755710789657","41.34755710789657"
"1049","41.352709298335974","41.352709298335974","41.352709298335974"
"1050","41.51921008683465","41.51921008683465","41.51921008683465"
"1051","41.543337406503994","41.543337406503994","41.543337406503994"
"1052","41.572395334222385","41.572395334222385","41.572395334222385"
"1053","41.60397934517547","41.60397934517547","41.60397934517547"
"1054","41.39227985529884","41.39227985529884","41.39227985529884"
"1055","41.39617499761938","41.39617499761938","41.39617499761938"
"1056","41.454310580996825","41.454310580996825","41.454310580996825"
"1057","41.381732388084785","41.381732388084785","41.381732388084785"
"1058","41.70280167095552","41.70280167095552","41.70280167095552"
"1059","41.60154011583145","41.60154011583145","41.60154011583145"
"1060","41.95103265684287","41.95103265684287","41.95103265684287"
"1061","41.93964235058243","41.93964235058243","41.93964235058243"
"1062","41.82534334990618","41.82534334990618","41.82534334990618"
"1063","41.66562259357888","41.66562259357888","41.66562259357888"
"1064","41.59499732099357","41.59499732099357","41.59499732099357"
"1065","41.566880432874896","41.566880432874896","41.566880432874896"
"1066","41.56258923323883","41.56258923323883","41.56258923323883"
"1067","41.24288811392791","41.24288811392791","41.24288811392791"
"1068","41.57749833122216","41.57749833122216","41.57749833122216"
"1069","41.25869993485249","41.25869993485249","41.25869993485249"
"1070","41.22239033781196","41.22239033781196","41.22239033781196"
"1071","41.24831259980885","41.24831259980885","41.24831259980885"
"1072","41.300392699577785","41.300392699577785","41.300392699577785"
"1073","41.407395829121526","41.407395829121526","41.407395829121526"
"1074","41.75813110615214","41.75813110615214","41.75813110615214"
"1075","42.29418994742533","42.29418994742533","42.29418994742533"
"1076","42.69060535808181","42.69060535808181","42.69060535808181"
"1077","42.8716159469969","42.8716159469969","42.8716159469969"
"1078","42.760299716904704","42.760299716904704","42.760299716904704"
"1079","42.805168543444886","42.805168543444886","42.805168543444886"
"1080","42.89444829810964","42.89444829810964","42.89444829810964"
"1081","43.33441826567607","43.33441826567607","43.33441826567607"
"1082","43.55191949438624","43.55191949438624","43.55191949438624"
"1083","43.57196897629969","43.57196897629969","43.57196897629969"
"1084","43.468376883415914","43.468376883415914","43.468376883415914"
"1085","43.66843440314144","43.66843440314144","43.66843440314144"
"1086","43.649819862808506","43.649819862808506","43.649819862808506"
"1087","43.72592053495202","43.72592053495202","43.72592053495202"
"1088","43.58748829185817","43.58748829185817","43.58748829185817"
"1089","43.30738631811546","43.30738631811546","43.30738631811546"
"1090","43.03852046400861","43.03852046400861","43.03852046400861"
"1091","42.42541459713684","42.42541459713684","42.42541459713684"
"1092","42.305430294969995","42.305430294969995","42.305430294969995"
"1093","41.78514028009115","41.78514028009115","41.78514028009115"
"1094","41.160485700975116","41.160485700975116","41.160485700975116"
"1095","41.2137563418792","41.2137563418792","41.2137563418792"
"1096","41.29197171467444","41.29197171467444","41.29197171467444"
"1097","41.62524628020444","41.62524628020444","41.62524628020444"
"1098","41.99646408028522","41.99646408028522","41.99646408028522"
"1099","42.379610978696434","42.379610978696434","42.379610978696434"
"1100","42.58415119553072","42.58415119553072","42.58415119553072"
"1101","42.92299179182475","42.92299179182475","42.92299179182475"
"1102","42.72047864418389","42.72047864418389","42.72047864418389"
"1103","43.089919586404285","43.089919586404285","43.089919586404285"
"1104","42.416245129410235","42.416245129410235","42.416245129410235"
"1105","42.94172955924558","42.94172955924558","42.94172955924558"
"1106","43.1628143135822","43.1628143135822","43.1628143135822"
"1107","43.25222611959005","43.25222611959005","43.25222611959005"
"1108","43.999673348152136","43.999673348152136","43.999673348152136"
"1109","44.105945242595915","44.105945242595915","44.105945242595915"
"1110","44.50784458490991","44.50784458490991","44.50784458490991"
"1111","44.7171704859726","44.7171704859726","44.7171704859726"
"1112","44.94524206005706","44.94524206005706","44.94524206005706"
"1113","45.2972821772538","45.2972821772538","45.2972821772538"
"1114","45.20165136517695","45.20165136517695","45.20165136517695"
"1115","45.036002758962276","45.036002758962276","45.036002758962276"
"1116","45.0426075086018","45.0426075086018","45.0426075086018"
"1117","45.00530551354837","45.00530551354837","45.00530551354837"
"1118","45.11794570135855","45.11794570135855","45.11794570135855"
"1119","44.899285351149445","44.899285351149445","44.899285351149445"
"1120","45.3513110546206","45.3513110546206","45.3513110546206"
"1121","45.75445338813559","45.75445338813559","45.75445338813559"
"1122","45.95533147138049","45.95533147138049","45.95533147138049"
"1123","46.3225678995371","46.3225678995371","46.3225678995371"
"1124","45.8130344438579","45.8130344438579","45.8130344438579"
"1125","45.61580393302749","45.61580393302749","45.61580393302749"
"1126","45.87492771780846","45.87492771780846","45.87492771780846"
"1127","45.46405339389137","45.46405339389137","45.46405339389137"
"1128","45.23927835916664","45.23927835916664","45.23927835916664"
"1129","45.18343706909538","45.18343706909538","45.18343706909538"
"1130","45.38445995425078","45.38445995425078","45.38445995425078"
"1131","45.861542924057865","45.861542924057865","45.861542924057865"
"1132","45.795206972059965","45.795206972059965","45.795206972059965"
"1133","45.45822380127123","45.45822380127123","45.45822380127123"
"1134","45.869260593002835","45.869260593002835","45.869260593002835"
"1135","45.90003355164925","45.90003355164925","45.90003355164925"
"1136","45.41350404881785","45.41350404881785","45.41350404881785"
"1137","45.197496470740006","45.197496470740006","45.197496470740006"
"1138","45.620170998313405","45.620170998313405","45.620170998313405"
"1139","45.9629469809038","45.9629469809038","45.9629469809038"
"1140","46.34437547041889","46.34437547041889","46.34437547041889"
"1141","46.622854269254894","46.622854269254894","46.622854269254894"
"1142","46.82073294046888","46.82073294046888","46.82073294046888"
"1143","47.23388288816757","47.23388288816757","47.23388288816757"
"1144","47.35391484176129","47.35391484176129","47.35391484176129"
"1145","47.94703904444992","47.94703904444992","47.94703904444992"
"1146","48.74898199520714","48.74898199520714","48.74898199520714"
"1147","49.20938806150982","49.20938806150982","49.20938806150982"
"1148","48.36437622913567","48.36437622913567","48.36437622913567"
"1149","48.8599022373691","48.8599022373691","48.8599022373691"
"1150","49.175850741224714","49.175850741224714","49.175850741224714"
"1151","49.63434485708072","49.63434485708072","49.63434485708072"
"1152","49.82455360873311","49.82455360873311","49.82455360873311"
"1153","50.378227810074456","50.378227810074456","50.378227810074456"
"1154","50.733507925213196","50.733507925213196","50.733507925213196"
"1155","50.6722690976382","50.6722690976382","50.6722690976382"
"1156","50.338504660083565","50.338504660083565","50.338504660083565"
"1157","50.66682201491034","50.66682201491034","50.66682201491034"
"1158","50.23767265422566","50.23767265422566","50.23767265422566"
"1159","50.43879627140652","50.43879627140652","50.43879627140652"
"1160","50.209868421400515","50.209868421400515","50.209868421400515"
"1161","50.534932799883734","50.534932799883734","50.534932799883734"
"1162","50.806841833216225","50.806841833216225","50.806841833216225"
"1163","51.152955086831845","51.152955086831845","51.152955086831845"
"1164","51.518474724679166","51.518474724679166","51.518474724679166"
"1165","51.73221042675721","51.73221042675721","51.73221042675721"
"1166","52.159896561911864","52.159896561911864","52.159896561911864"
"1167","52.23285638303887","52.23285638303887","52.23285638303887"
"1168","52.205623737282714","52.205623737282714","52.205623737282714"
"1169","52.48194116959594","52.48194116959594","52.48194116959594"
"1170","52.49245156988282","52.49245156988282","52.49245156988282"
"1171","52.77310286212492","52.77310286212492","52.77310286212492"
"1172","53.19592823514495","53.19592823514495","53.19592823514495"
"1173","53.379634778837335","53.379634778837335","53.379634778837335"
"1174","53.29389924298839","53.29389924298839","53.29389924298839"
"1175","52.95369181970322","52.95369181970322","52.95369181970322"
"1176","52.91647280934454","52.91647280934454","52.91647280934454"
"1177","52.87524784054329","52.87524784054329","52.87524784054329"
"1178","53.02513947293561","53.02513947293561","53.02513947293561"
"1179","53.22861811418572","53.22861811418572","53.22861811418572"
"1180","53.39690535937922","53.39690535937922","53.39690535937922"
"1181","53.07330976755844","53.07330976755844","53.07330976755844"
"1182","53.01744293723043","53.01744293723043","53.01744293723043"
"1183","53.126361531598576","53.126361531598576","53.126361531598576"
"1184","53.3867020736724","53.3867020736724","53.3867020736724"
"1185","53.304966320003935","53.304966320003935","53.304966320003935"
"1186","53.418115528487284","53.418115528487284","53.418115528487284"
"1187","53.578068420423115","53.578068420423115","53.578068420423115"
"1188","53.69346976865261","53.69346976865261","53.69346976865261"
"1189","53.71858478030601","53.71858478030601","53.71858478030601"
"1190","53.993259121537605","53.993259121537605","53.993259121537605"
"1191","54.467870472114924","54.467870472114924","54.467870472114924"
"1192","54.929124462766964","54.929124462766964","54.929124462766964"
"1193","55.366185193485045","55.366185193485045","55.366185193485045"
"1194","55.29258530719618","55.29258530719618","55.29258530719618"
"1195","55.30973232227324","55.30973232227324","55.30973232227324"
"1196","55.53560620319976","55.53560620319976","55.53560620319976"
"1197","55.60543176916665","55.60543176916665","55.60543176916665"
"1198","55.83759928963384","55.83759928963384","55.83759928963384"
"1199","55.57819187567108","55.57819187567108","55.57819187567108"
"1200","55.9479745866545","55.9479745866545","55.9479745866545"
"1201","55.93550326627684","55.93550326627684","55.93550326627684"
"1202","56.1717534190993","56.1717534190993","56.1717534190993"
"1203","55.934752360267495","55.934752360267495","55.934752360267495"
"1204","55.842660431368216","55.842660431368216","55.842660431368216"
"1205","55.939705163696715","55.939705163696715","55.939705163696715"
"1206","55.62049514827312","55.62049514827312","55.62049514827312"
"1207","55.81292082978406","55.81292082978406","55.81292082978406"
"1208","55.76799510532984","55.76799510532984","55.76799510532984"
"1209","55.49637896904716","55.49637896904716","55.49637896904716"
"1210","55.51651089186017","55.51651089186017","55.51651089186017"
"1211","55.39855936193308","55.39855936193308","55.39855936193308"
"1212","55.64805358565813","55.64805358565813","55.64805358565813"
"1213","55.216103975525414","55.216103975525414","55.216103975525414"
"1214","54.72337493828899","54.72337493828899","54.72337493828899"
"1215","54.45239161918341","54.45239161918341","54.45239161918341"
"1216","54.169516958239775","54.169516958239775","54.169516958239775"
"1217","54.26672470844985","54.26672470844985","54.26672470844985"
"1218","54.25164900932164","54.25164900932164","54.25164900932164"
"1219","54.29570857722946","54.29570857722946","54.29570857722946"
"1220","53.90504602896684","53.90504602896684","53.90504602896684"
"1221","53.43988509350159","53.43988509350159","53.43988509350159"
"1222","53.187019914856","53.187019914856","53.187019914856"
"1223","53.170268287643495","53.170268287643495","53.170268287643495"
"1224","53.53519644531997","53.53519644531997","53.53519644531997"
"1225","53.88293562895263","53.88293562895263","53.88293562895263"
"1226","54.01389963320567","54.01389963320567","54.01389963320567"
"1227","53.91469474126462","53.91469474126462","53.91469474126462"
"1228","53.94181416906759","53.94181416906759","53.94181416906759"
"1229","53.90436541769763","53.90436541769763","53.90436541769763"
"1230","53.70769336570863","53.70769336570863","53.70769336570863"
"1231","53.33016053154709","53.33016053154709","53.33016053154709"
"1232","53.124821848865764","53.124821848865764","53.124821848865764"
"1233","53.16919219353812","53.16919219353812","53.16919219353812"
"1234","53.2069080074515","53.2069080074515","53.2069080074515"
"1235","52.998635385037566","52.998635385037566","52.998635385037566"
"1236","53.809757269063205","53.809757269063205","53.809757269063205"
"1237","53.80862809284002","53.80862809284002","53.80862809284002"
"1238","53.98348160645336","53.98348160645336","53.98348160645336"
"1239","53.78906285844155","53.78906285844155","53.78906285844155"
"1240","53.534973660079935","53.534973660079935","53.534973660079935"
"1241","53.374896059901154","53.374896059901154","53.374896059901154"
"1242","53.54836569501896","53.54836569501896","53.54836569501896"
"1243","53.21163896485109","53.21163896485109","53.21163896485109"
"1244","53.1256121883529","53.1256121883529","53.1256121883529"
"1245","52.71304371345345","52.71304371345345","52.71304371345345"
"1246","52.203688067174745","52.203688067174745","52.203688067174745"
"1247","52.14439582439395","52.14439582439395","52.14439582439395"
"1248","53.03105795244476","53.03105795244476","53.03105795244476"
"1249","52.917366788310694","52.917366788310694","52.917366788310694"
"1250","52.75629410322546","52.75629410322546","52.75629410322546"
"1251","52.564014032637","52.564014032637","52.564014032637"
"1252","52.79086697619897","52.79086697619897","52.79086697619897"
"1253","52.68443199772876","52.68443199772876","52.68443199772876"
"1254","52.81259040685859","52.81259040685859","52.81259040685859"
"1255","53.22052255572541","53.22052255572541","53.22052255572541"
"1256","53.48256214800663","53.48256214800663","53.48256214800663"
"1257","53.57242677684075","53.57242677684075","53.57242677684075"
"1258","54.04719094609975","54.04719094609975","54.04719094609975"
"1259","54.2498137231359","54.2498137231359","54.2498137231359"
"1260","54.1314692510944","54.1314692510944","54.1314692510944"
"1261","53.85330886217767","53.85330886217767","53.85330886217767"
"1262","53.71427239095794","53.71427239095794","53.71427239095794"
"1263","53.72175379967523","53.72175379967523","53.72175379967523"
"1264","53.721289613146524","53.721289613146524","53.721289613146524"
"1265","54.07906082248223","54.07906082248223","54.07906082248223"
"1266","53.88880321900224","53.88880321900224","53.88880321900224"
"1267","54.21462152490198","54.21462152490198","54.21462152490198"
"1268","54.236387802944904","54.236387802944904","54.236387802944904"
"1269","53.945479622520885","53.945479622520885","53.945479622520885"
"1270","54.29496454523915","54.29496454523915","54.29496454523915"
"1271","54.52735268628496","54.52735268628496","54.52735268628496"
"1272","54.25654137954387","54.25654137954387","54.25654137954387"
"1273","54.427677843438374","54.427677843438374","54.427677843438374"
"1274","54.84687510256839","54.84687510256839","54.84687510256839"
"1275","55.25372266848435","55.25372266848435","55.25372266848435"
"1276","55.4152902663532","55.4152902663532","55.4152902663532"
"1277","55.60846577831408","55.60846577831408","55.60846577831408"
"1278","55.94629652200385","55.94629652200385","55.94629652200385"
"1279","56.05403959481077","56.05403959481077","56.05403959481077"
"1280","56.26589750694142","56.26589750694142","56.26589750694142"
"1281","56.269205383630776","56.269205383630776","56.269205383630776"
"1282","56.451008924777","56.451008924777","56.451008924777"
"1283","56.746486904473","56.746486904473","56.746486904473"
"1284","56.78679895695155","56.78679895695155","56.78679895695155"
"1285","56.96278241391616","56.96278241391616","56.96278241391616"
"1286","57.457499340886606","57.457499340886606","57.457499340886606"
"1287","57.613260138927615","57.613260138927615","57.613260138927615"
"1288","57.92522537609901","57.92522537609901","57.92522537609901"
"1289","58.24894475193567","58.24894475193567","58.24894475193567"
"1290","58.21652830624826","58.21652830624826","58.21652830624826"
"1291","58.149089997376905","58.149089997376905","58.149089997376905"
"1292","58.1197295208216","58.1197295208216","58.1197295208216"
"1293","57.99679839961104","57.99679839961104","57.99679839961104"
"1294","58.49726653174835","58.49726653174835","58.49726653174835"
"1295","58.581669019692235","58.581669019692235","58.581669019692235"
"1296","58.68121926152951","58.68121926152951","58.68121926152951"
"1297","58.69054351654882","58.69054351654882","58.69054351654882"
"1298","58.45769393135375","58.45769393135375","58.45769393135375"
"1299","58.76452114147647","58.76452114147647","58.76452114147647"
"1300","59.39248757773592","59.39248757773592","59.39248757773592"
"1301","59.38729106271221","59.38729106271221","59.38729106271221"
"1302","59.565431553759154","59.565431553759154","59.565431553759154"
"1303","59.73266825317452","59.73266825317452","59.73266825317452"
"1304","59.81054944942473","59.81054944942473","59.81054944942473"
"1305","59.514730277687775","59.514730277687775","59.514730277687775"
"1306","59.60130061997334","59.60130061997334","59.60130061997334"
"1307","59.58820618096972","59.58820618096972","59.58820618096972"
"1308","59.8177071340871","59.8177071340871","59.8177071340871"
"1309","60.566305588141546","60.566305588141546","60.566305588141546"
"1310","60.629122059410435","60.629122059410435","60.629122059410435"
"1311","61.001426330292595","61.001426330292595","61.001426330292595"
"1312","60.617967859286","60.617967859286","60.617967859286"
"1313","61.213248053177374","61.213248053177374","61.213248053177374"
"1314","61.52682167871681","61.52682167871681","61.52682167871681"
"1315","61.88826951749448","61.88826951749448","61.88826951749448"
"1316","62.176429423191436","62.176429423191436","62.176429423191436"
"1317","62.14132692677886","62.14132692677886","62.14132692677886"
"1318","62.25911242731832","62.25911242731832","62.25911242731832"
"1319","62.95825276751988","62.95825276751988","62.95825276751988"
"1320","63.582093612039316","63.582093612039316","63.582093612039316"
"1321","64.02658402991001","64.02658402991001","64.02658402991001"
"1322","64.43565098531995","64.43565098531995","64.43565098531995"
"1323","64.58938810309614","64.58938810309614","64.58938810309614"
"1324","64.55008396638543","64.55008396638543","64.55008396638543"
"1325","64.4636225790529","64.4636225790529","64.4636225790529"
"1326","64.66268685728355","64.66268685728355","64.66268685728355"
"1327","65.08348110851176","65.08348110851176","65.08348110851176"
"1328","65.16753956390356","65.16753956390356","65.16753956390356"
"1329","65.03170908850429","65.03170908850429","65.03170908850429"
"1330","65.28377825756368","65.28377825756368","65.28377825756368"
"1331","65.47809233758642","65.47809233758642","65.47809233758642"
"1332","65.36675018893598","65.36675018893598","65.36675018893598"
"1333","65.62748492220577","65.62748492220577","65.62748492220577"
"1334","65.86113720380978","65.86113720380978","65.86113720380978"
"1335","66.09825061165073","66.09825061165073","66.09825061165073"
"1336","66.26249082739741","66.26249082739741","66.26249082739741"
"1337","66.42260830144208","66.42260830144208","66.42260830144208"
"1338","66.110871787801","66.110871787801","66.110871787801"
"1339","66.42070053998715","66.42070053998715","66.42070053998715"
"1340","66.86312036862","66.86312036862","66.86312036862"
"1341","67.30137295194305","67.30137295194305","67.30137295194305"
"1342","67.41801928511923","67.41801928511923","67.41801928511923"
"1343","67.89004004908594","67.89004004908594","67.89004004908594"
"1344","68.25974451381582","68.25974451381582","68.25974451381582"
"1345","68.33746567598705","68.33746567598705","68.33746567598705"
"1346","68.1937585381155","68.1937585381155","68.1937585381155"
"1347","68.01194754495445","68.01194754495445","68.01194754495445"
"1348","67.71944527049709","67.71944527049709","67.71944527049709"
"1349","67.78727945774023","67.78727945774023","67.78727945774023"
"1350","68.12362431251604","68.12362431251604","68.12362431251604"
"1351","68.35481471320308","68.35481471320308","68.35481471320308"
"1352","68.27459056284948","68.27459056284948","68.27459056284948"
"1353","68.01132038100593","68.01132038100593","68.01132038100593"
"1354","67.91728340382659","67.91728340382659","67.91728340382659"
"1355","67.91243715919292","67.91243715919292","67.91243715919292"
"1356","67.77447933411895","67.77447933411895","67.77447933411895"
"1357","67.61255546101107","67.61255546101107","67.61255546101107"
"1358","67.30859689339734","67.30859689339734","67.30859689339734"
"1359","67.20348810053169","67.20348810053169","67.20348810053169"
"1360","67.60399180578038","67.60399180578038","67.60399180578038"
"1361","67.9484977998954","67.9484977998954","67.9484977998954"
"1362","68.31507987054036","68.31507987054036","68.31507987054036"
"1363","68.36757455416927","68.36757455416927","68.36757455416927"
"1364","68.54836085422866","68.54836085422866","68.54836085422866"
"1365","68.34116861899355","68.34116861899355","68.34116861899355"
"1366","68.5432354744614","68.5432354744614","68.5432354744614"
"1367","68.62617500281864","68.62617500281864","68.62617500281864"
"1368","68.91799873273558","68.91799873273558","68.91799873273558"
"1369","69.27003201121202","69.27003201121202","69.27003201121202"
"1370","69.3860550655864","69.3860550655864","69.3860550655864"
"1371","69.31982800583093","69.31982800583093","69.31982800583093"
"1372","69.58290009461547","69.58290009461547","69.58290009461547"
"1373","69.44275098493526","69.44275098493526","69.44275098493526"
"1374","69.2284731096236","69.2284731096236","69.2284731096236"
"1375","69.25621056041884","69.25621056041884","69.25621056041884"
"1376","69.31406233162357","69.31406233162357","69.31406233162357"
"1377","69.34793292289338","69.34793292289338","69.34793292289338"
"1378","69.2123344959246","69.2123344959246","69.2123344959246"
"1379","69.3819399314301","69.3819399314301","69.3819399314301"
"1380","69.30771057469974","69.30771057469974","69.30771057469974"
"1381","69.7109179602025","69.7109179602025","69.7109179602025"
"1382","69.86929335725465","69.86929335725465","69.86929335725465"
"1383","69.98813816235837","69.98813816235837","69.98813816235837"
"1384","70.0137380971809","70.0137380971809","70.0137380971809"
"1385","69.98127172824024","69.98127172824024","69.98127172824024"
"1386","69.78231527881726","69.78231527881726","69.78231527881726"
"1387","69.96536572263838","69.96536572263838","69.96536572263838"
"1388","70.0072588745624","70.0072588745624","70.0072588745624"
"1389","70.10463865694386","70.10463865694386","70.10463865694386"
"1390","70.21170928313194","70.21170928313194","70.21170928313194"
"1391","70.07456200585031","70.07456200585031","70.07456200585031"
"1392","69.84863485923299","69.84863485923299","69.84863485923299"
"1393","69.86710474576597","69.86710474576597","69.86710474576597"
"1394","69.5794024796065","69.5794024796065","69.5794024796065"
"1395","69.67054408150987","69.67054408150987","69.67054408150987"
"1396","69.72951446038932","69.72951446038932","69.72951446038932"
"1397","69.78346082258577","69.78346082258577","69.78346082258577"
"1398","69.91103743576983","69.91103743576983","69.91103743576983"
"1399","69.68281941038862","69.68281941038862","69.68281941038862"
"1400","69.14994523790737","69.14994523790737","69.14994523790737"
"1401","68.84599243953257","68.84599243953257","68.84599243953257"
"1402","68.56764331792427","68.56764331792427","68.56764331792427"
"1403","68.61750407633318","68.61750407633318","68.61750407633318"
"1404","68.85852297518348","68.85852297518348","68.85852297518348"
"1405","69.11352612135644","69.11352612135644","69.11352612135644"
"1406","69.43459009799818","69.43459009799818","69.43459009799818"
"1407","69.51763015648994","69.51763015648994","69.51763015648994"
"1408","69.67009327673998","69.67009327673998","69.67009327673998"
"1409","69.32660640574704","69.32660640574704","69.32660640574704"
"1410","69.27360742747962","69.27360742747962","69.27360742747962"
"1411","69.1369464760664","69.1369464760664","69.1369464760664"
"1412","68.97649553452739","68.97649553452739","68.97649553452739"
"1413","68.8212865683169","68.8212865683169","68.8212865683169"
"1414","69.01024035069746","69.01024035069746","69.01024035069746"
"1415","68.702183425654","68.702183425654","68.702183425654"
"1416","68.8091847866425","68.8091847866425","68.8091847866425"
"1417","68.8429325872544","68.8429325872544","68.8429325872544"
"1418","68.84934411873816","68.84934411873816","68.84934411873816"
"1419","68.10628738871084","68.10628738871084","68.10628738871084"
"1420","67.7412462043693","67.7412462043693","67.7412462043693"
"1421","67.30872373083147","67.30872373083147","67.30872373083147"
"1422","67.32233026521288","67.32233026521288","67.32233026521288"
"1423","67.36334670287798","67.36334670287798","67.36334670287798"
"1424","67.45516968985328","67.45516968985328","67.45516968985328"
"1425","67.48350949128398","67.48350949128398","67.48350949128398"
"1426","67.46601459087287","67.46601459087287","67.46601459087287"
"1427","67.37641958452477","67.37641958452477","67.37641958452477"
"1428","67.22146254889384","67.22146254889384","67.22146254889384"
"1429","67.47217706430419","67.47217706430419","67.47217706430419"
"1430","67.4095093172574","67.4095093172574","67.4095093172574"
"1431","67.50609251332418","67.50609251332418","67.50609251332418"
"1432","67.73800562245255","67.73800562245255","67.73800562245255"
"1433","67.53041632977659","67.53041632977659","67.53041632977659"
"1434","67.05582708682162","67.05582708682162","67.05582708682162"
"1435","66.9399950355128","66.9399950355128","66.9399950355128"
"1436","66.89350565721044","66.89350565721044","66.89350565721044"
"1437","66.92120033427369","66.92120033427369","66.92120033427369"
"1438","67.31103155735585","67.31103155735585","67.31103155735585"
"1439","67.19805181626866","67.19805181626866","67.19805181626866"
"1440","66.84763542197815","66.84763542197815","66.84763542197815"
"1441","66.71200980652294","66.71200980652294","66.71200980652294"
"1442","66.71041252796941","66.71041252796941","66.71041252796941"
"1443","66.50967232437509","66.50967232437509","66.50967232437509"
"1444","66.4512402384652","66.4512402384652","66.4512402384652"
"1445","66.55202061098181","66.55202061098181","66.55202061098181"
"1446","66.75032602741494","66.75032602741494","66.75032602741494"
"1447","66.95078419100605","66.95078419100605","66.95078419100605"
"1448","67.33391533792829","67.33391533792829","67.33391533792829"
"1449","67.44859384764796","67.44859384764796","67.44859384764796"
"1450","67.43159876591405","67.43159876591405","67.43159876591405"
"1451","67.52369340130939","67.52369340130939","67.52369340130939"
"1452","67.68747397725306","67.68747397725306","67.68747397725306"
"1453","68.25465361394522","68.25465361394522","68.25465361394522"
"1454","68.29665351780898","68.29665351780898","68.29665351780898"
"1455","68.54036496113123","68.54036496113123","68.54036496113123"
"1456","68.60942816964885","68.60942816964885","68.60942816964885"
"1457","68.86735032195526","68.86735032195526","68.86735032195526"
"1458","69.34732663860845","69.34732663860845","69.34732663860845"
"1459","69.52641408411155","69.52641408411155","69.52641408411155"
"1460","69.6010269321089","69.6010269321089","69.6010269321089"
"1461","69.72127430769217","69.72127430769217","69.72127430769217"
"1462","69.77985810612164","69.77985810612164","69.77985810612164"
"1463","69.89257920286221","69.89257920286221","69.89257920286221"
"1464","69.96122838598977","69.96122838598977","69.96122838598977"
"1465","70.19549601387534","70.19549601387534","70.19549601387534"
"1466","70.29064782508019","70.29064782508019","70.29064782508019"
"1467","70.41363748484825","70.41363748484825","70.41363748484825"
"1468","70.47784913405845","70.47784913405845","70.47784913405845"
"1469","70.76631508934379","70.76631508934379","70.76631508934379"
"1470","70.84812768230981","70.84812768230981","70.84812768230981"
"1471","71.00755856580635","71.00755856580635","71.00755856580635"
"1472","71.15889124294812","71.15889124294812","71.15889124294812"
"1473","71.50060282531962","71.50060282531962","71.50060282531962"
"1474","71.62007896675098","71.62007896675098","71.62007896675098"
"1475","71.73960658669307","71.73960658669307","71.73960658669307"
"1476","71.77001882675405","71.77001882675405","71.77001882675405"
"1477","71.97294841504957","71.97294841504957","71.97294841504957"
"1478","72.18027394380023","72.18027394380023","72.18027394380023"
"1479","72.26574201498714","72.26574201498714","72.26574201498714"
"1480","72.47702448087347","72.47702448087347","72.47702448087347"
"1481","72.4882428954502","72.4882428954502","72.4882428954502"
"1482","72.46679766841825","72.46679766841825","72.46679766841825"
"1483","72.41989743518303","72.41989743518303","72.41989743518303"
"1484","72.62297682840911","72.62297682840911","72.62297682840911"
"1485","72.97323145671001","72.97323145671001","72.97323145671001"
"1486","72.93072848606108","72.93072848606108","72.93072848606108"
"1487","72.88514878132099","72.88514878132099","72.88514878132099"
"1488","72.75373339108376","72.75373339108376","72.75373339108376"
"1489","72.78633676592445","72.78633676592445","72.78633676592445"
"1490","72.8282342885686","72.8282342885686","72.8282342885686"
"1491","73.0280443488499","73.0280443488499","73.0280443488499"
"1492","73.3049369036192","73.3049369036192","73.3049369036192"
"1493","73.42121379527913","73.42121379527913","73.42121379527913"
"1494","73.79785425750258","73.79785425750258","73.79785425750258"
"1495","74.13248586319106","74.13248586319106","74.13248586319106"
"1496","74.26390498045551","74.26390498045551","74.26390498045551"
"1497","74.25506452828786","74.25506452828786","74.25506452828786"
"1498","74.93560736845825","74.93560736845825","74.93560736845825"
"1499","75.8473136639094","75.8473136639094","75.8473136639094"
"1500","76.61629927008758","76.61629927008758","76.61629927008758"
"1501","77.65309118126572","77.65309118126572","77.65309118126572"
"1502","77.82570695564448","77.82570695564448","77.82570695564448"
"1503","77.92741985662207","77.92741985662207","77.92741985662207"
"1504","78.3319480006799","78.3319480006799","78.3319480006799"
"1505","78.37143910808088","78.37143910808088","78.37143910808088"
"1506","78.6568075423147","78.6568075423147","78.6568075423147"
"1507","79.14207226620702","79.14207226620702","79.14207226620702"
"1508","79.09600001898309","79.09600001898309","79.09600001898309"
"1509","79.681140841847","79.681140841847","79.681140841847"
"1510","80.5164420175959","80.5164420175959","80.5164420175959"
"1511","80.6329873664525","80.6329873664525","80.6329873664525"
"1512","81.31262380029125","81.31262380029125","81.31262380029125"
"1513","81.58777892099744","81.58777892099744","81.58777892099744"
"1514","81.6391727709682","81.6391727709682","81.6391727709682"
"1515","82.53526247550504","82.53526247550504","82.53526247550504"
"1516","83.07251893508484","83.07251893508484","83.07251893508484"
"1517","83.21353573744422","83.21353573744422","83.21353573744422"
"1518","83.13497156870788","83.13497156870788","83.13497156870788"
"1519","83.3553254117817","83.3553254117817","83.3553254117817"
"1520","84.24584566853478","84.24584566853478","84.24584566853478"
"1521","84.91871094049242","84.91871094049242","84.91871094049242"
"1522","85.01989000856597","85.01989000856597","85.01989000856597"
"1523","85.66722716289757","85.66722716289757","85.66722716289757"
"1524","86.7006600137446","86.7006600137446","86.7006600137446"
"1525","86.96424254961498","86.96424254961498","86.96424254961498"
"1526","87.76342584490496","87.76342584490496","87.76342584490496"
"1527","88.64045520224794","88.64045520224794","88.64045520224794"
"1528","88.85707828350085","88.85707828350085","88.85707828350085"
"1529","88.96086684898194","88.96086684898194","88.96086684898194"
"1530","89.15314130254741","89.15314130254741","89.15314130254741"
"1531","89.84423233065242","89.84423233065242","89.84423233065242"
"1532","90.64156636410345","90.64156636410345","90.64156636410345"
"1533","91.56200520292761","91.56200520292761","91.56200520292761"
"1534","92.48845359102961","92.48845359102961","92.48845359102961"
"1535","93.5179680679147","93.5179680679147","93.5179680679147"
"1536","94.41595891133555","94.41595891133555","94.41595891133555"
"1537","95.23328449894171","95.23328449894171","95.23328449894171"
"1538","95.65462653223301","95.65462653223301","95.65462653223301"
"1539","96.68106178399984","96.68106178399984","96.68106178399984"
"1540","97.8513596872647","97.8513596872647","97.8513596872647"
"1541","98.98273715863579","98.98273715863579","98.98273715863579"
"1542","99.85819717333295","99.85819717333295","99.85819717333295"
"1543","100.8060790901642","100.8060790901642","100.8060790901642"
"1544","101.9165884675143","101.9165884675143","101.9165884675143"
"1545","102.93744365140206","102.93744365140206","102.93744365140206"
"1546","104.04154665974777","104.04154665974777","104.04154665974777"
"1547","104.28615250795025","104.28615250795025","104.28615250795025"
"1548","105.06582878846609","105.06582878846609","105.06582878846609"
"1549","106.04777290343009","106.04777290343009","106.04777290343009"
"1550","107.12347867051773","107.12347867051773","107.12347867051773"
"1551","108.23189023881386","108.23189023881386","108.23189023881386"
"1552","108.4753055796137","108.4753055796137","108.4753055796137"
"1553","108.02094655008223","108.02094655008223","108.02094655008223"
"1554","108.94724957297956","108.94724957297956","108.94724957297956"
"1555","110.27270033219764","110.27270033219764","110.27270033219764"
"1556","111.45550316192144","111.45550316192144","111.45550316192144"
"1557","112.21220004819268","112.21220004819268","112.21220004819268"
"1558","112.0826190316298","112.0826190316298","112.0826190316298"
"1559","113.07943286240035","113.07943286240035","113.07943286240035"
"1560","114.09068773467028","114.09068773467028","114.09068773467028"
"1561","114.71926533553683","114.71926533553683","114.71926533553683"
"1562","115.45206363404104","115.45206363404104","115.45206363404104"
"1563","116.35115821824576","116.35115821824576","116.35115821824576"
"1564","116.10556557464814","116.10556557464814","116.10556557464814"
"1565","117.01435318855037","117.01435318855037","117.01435318855037"
"1566","118.10792377601778","118.10792377601778","118.10792377601778"
"1567","119.08767958968579","119.08767958968579","119.08767958968579"
"1568","119.33551654235627","119.33551654235627","119.33551654235627"
"1569","120.1069368632364","120.1069368632364","120.1069368632364"
"1570","120.95896187193394","120.95896187193394","120.95896187193394"
"1571","121.75514915622007","121.75514915622007","121.75514915622007"
"1572","122.29681182452877","122.29681182452877","122.29681182452877"
"1573","123.07179983643982","123.07179983643982","123.07179983643982"
"1574","124.10720173975155","124.10720173975155","124.10720173975155"
"1575","124.88701680371531","124.88701680371531","124.88701680371531"
"1576","125.67871401245233","125.67871401245233","125.67871401245233"
"1577","126.33980430815245","126.33980430815245","126.33980430815245"
"1578","127.03457556312547","127.03457556312547","127.03457556312547"
"1579","128.04973653786809","128.04973653786809","128.04973653786809"
"1580","128.84387672304868","128.84387672304868","128.84387672304868"
"1581","129.5769795520072","129.5769795520072","129.5769795520072"
"1582","130.2738359773157","130.2738359773157","130.2738359773157"
"1583","130.7592912573552","130.7592912573552","130.7592912573552"
"1584","131.08255233350715","131.08255233350715","131.08255233350715"
"1585","131.86648492657852","131.86648492657852","131.86648492657852"
"1586","133.31230044164968","133.31230044164968","133.31230044164968"
"1587","134.15270477532215","134.15270477532215","134.15270477532215"
"1588","135.87614772385726","135.87614772385726","135.87614772385726"
"1589","136.7589798786961","136.7589798786961","136.7589798786961"
"1590","138.38947707491502","138.38947707491502","138.38947707491502"
"1591","139.3354819570998","139.3354819570998","139.3354819570998"
"1592","140.75763209572568","140.75763209572568","140.75763209572568"
"1593","142.18599251636854","142.18599251636854","142.18599251636854"
"1594","143.4087426391491","143.4087426391491","143.4087426391491"
"1595","144.56186780550195","144.56186780550195","144.56186780550195"
"1596","145.6334864637596","145.6334864637596","145.6334864637596"
"1597","146.37796908144747","146.37796908144747","146.37796908144747"
"1598","147.30317023853942","147.30317023853942","147.30317023853942"
"1599","147.41391359239057","147.41391359239057","147.41391359239057"
"1600","147.78704464519566","147.78704464519566","147.78704464519566"
"1601","148.93126504740383","148.93126504740383","148.93126504740383"
"1602","149.9702454842784","149.9702454842784","149.9702454842784"
"1603","151.16156427157748","151.16156427157748","151.16156427157748"
"1604","152.11124583058697","152.11124583058697","152.11124583058697"
"1605","153.22352272776826","153.22352272776826","153.22352272776826"
"1606","154.1821439803537","154.1821439803537","154.1821439803537"
"1607","154.88937062948065","154.88937062948065","154.88937062948065"
"1608","155.25713951404262","155.25713951404262","155.25713951404262"
"1609","155.90921270423974","155.90921270423974","155.90921270423974"
"1610","156.52499218320602","156.52499218320602","156.52499218320602"
"1611","157.6299107245741","157.6299107245741","157.6299107245741"
"1612","158.5860919520906","158.5860919520906","158.5860919520906"
"1613","159.7132714054426","159.7132714054426","159.7132714054426"
"1614","160.90393140380922","160.90393140380922","160.90393140380922"
"1615","161.4950945950417","161.4950945950417","161.4950945950417"
"1616","161.9381257032441","161.9381257032441","161.9381257032441"
"1617","163.2281627871493","163.2281627871493","163.2281627871493"
"1618","162.77781133198715","162.77781133198715","162.77781133198715"
"1619","163.9935948451406","163.9935948451406","163.9935948451406"
"1620","164.5296355003242","164.5296355003242","164.5296355003242"
"1621","165.5666741340586","165.5666741340586","165.5666741340586"
"1622","165.71644620927228","165.71644620927228","165.71644620927228"
"1623","166.0709747388325","166.0709747388325","166.0709747388325"
"1624","166.22124913742945","166.22124913742945","166.22124913742945"
"1625","167.2339116950444","167.2339116950444","167.2339116950444"
"1626","167.52334525805145","167.52334525805145","167.52334525805145"
"1627","167.961917759722","167.961917759722","167.961917759722"
"1628","167.65412192706196","167.65412192706196","167.65412192706196"
"1629","168.83250118551487","168.83250118551487","168.83250118551487"
"1630","170.15277597653392","170.15277597653392","170.15277597653392"
"1631","170.8296201425762","170.8296201425762","170.8296201425762"
"1632","171.33502890946755","171.33502890946755","171.33502890946755"
"1633","171.66909011962304","171.66909011962304","171.66909011962304"
"1634","172.31777134358128","172.31777134358128","172.31777134358128"
"1635","172.6985256184446","172.6985256184446","172.6985256184446"
"1636","173.0477464523161","173.0477464523161","173.0477464523161"
"1637","173.51912598157887","173.51912598157887","173.51912598157887"
"1638","174.3117662261354","174.3117662261354","174.3117662261354"
"1639","174.88889558160653","174.88889558160653","174.88889558160653"
"1640","175.34124636119904","175.34124636119904","175.34124636119904"
"1641","175.90284327503036","175.90284327503036","175.90284327503036"
"1642","176.3130370830346","176.3130370830346","176.3130370830346"
"1643","177.10309174348808","177.10309174348808","177.10309174348808"
"1644","177.7813252308194","177.7813252308194","177.7813252308194"
"1645","178.2724303039353","178.2724303039353","178.2724303039353"
"1646","178.77797259035552","178.77797259035552","178.77797259035552"
"1647","179.81708551152641","179.81708551152641","179.81708551152641"
"1648","180.30619899072425","180.30619899072425","180.30619899072425"
"1649","180.63764886847903","180.63764886847903","180.63764886847903"
"1650","180.8700863180889","180.8700863180889","180.8700863180889"
"1651","180.95207950837653","180.95207950837653","180.95207950837653"
"1652","181.89234857626002","181.89234857626002","181.89234857626002"
"1653","183.4548057514473","183.4548057514473","183.4548057514473"
"1654","184.01731234301323","184.01731234301323","184.01731234301323"
"1655","184.12230294162148","184.12230294162148","184.12230294162148"
"1656","184.01901179394892","184.01901179394892","184.01901179394892"
"1657","184.64654426316008","184.64654426316008","184.64654426316008"
"1658","186.11040043231307","186.11040043231307","186.11040043231307"
"1659","186.7817444317605","186.7817444317605","186.7817444317605"
"1660","187.1613810829379","187.1613810829379","187.1613810829379"
"1661","187.96807492618015","187.96807492618015","187.96807492618015"
"1662","188.73333681816501","188.73333681816501","188.73333681816501"
"1663","189.17967233948252","189.17967233948252","189.17967233948252"
"1664","190.83526667565883","190.83526667565883","190.83526667565883"
"1665","191.23506228985107","191.23506228985107","191.23506228985107"
"1666","191.46422677788726","191.46422677788726","191.46422677788726"
"1667","191.87873476708617","191.87873476708617","191.87873476708617"
"1668","193.00466813959957","193.00466813959957","193.00466813959957"
"1669","193.55205382892473","193.55205382892473","193.55205382892473"
"1670","194.13838439130765","194.13838439130765","194.13838439130765"
"1671","194.61682702526062","194.61682702526062","194.61682702526062"
"1672","195.48291295090067","195.48291295090067","195.48291295090067"
"1673","195.92622939674027","195.92622939674027","195.92622939674027"
"1674","196.21192588213674","196.21192588213674","196.21192588213674"
"1675","196.70366130384636","196.70366130384636","196.70366130384636"
"1676","197.38691152573583","197.38691152573583","197.38691152573583"
"1677","198.27823569041811","198.27823569041811","198.27823569041811"
"1678","198.90825910132048","198.90825910132048","198.90825910132048"
"1679","199.0779004849472","199.0779004849472","199.0779004849472"
"1680","199.6824498186751","199.6824498186751","199.6824498186751"
"1681","200.3436960916294","200.3436960916294","200.3436960916294"
"1682","200.887608554771","200.887608554771","200.887608554771"
"1683","201.64110445729253","201.64110445729253","201.64110445729253"
"1684","202.75519631566218","202.75519631566218","202.75519631566218"
"1685","203.15789271727058","203.15789271727058","203.15789271727058"
"1686","203.11129772626649","203.11129772626649","203.11129772626649"
"1687","203.83900685552362","203.83900685552362","203.83900685552362"
"1688","203.57995840800083","203.57995840800083","203.57995840800083"
"1689","203.4152206063489","203.4152206063489","203.4152206063489"
"1690","202.65418279943376","202.65418279943376","202.65418279943376"
"1691","202.99551631487105","202.99551631487105","202.99551631487105"
"1692","202.83739272243474","202.83739272243474","202.83739272243474"
"1693","202.85320270143828","202.85320270143828","202.85320270143828"
"1694","203.18108828355645","203.18108828355645","203.18108828355645"
"1695","203.124986556285","203.124986556285","203.124986556285"
"1696","203.17632125254576","203.17632125254576","203.17632125254576"
"1697","203.7930907916659","203.7930907916659","203.7930907916659"
"1698","202.98751847193432","202.98751847193432","202.98751847193432"
"1699","203.4629402323425","203.4629402323425","203.4629402323425"
"1700","203.73361562264938","203.73361562264938","203.73361562264938"
"1701","203.149686728463","203.149686728463","203.149686728463"
"1702","202.99557234611856","202.99557234611856","202.99557234611856"
"1703","202.3283450749659","202.3283450749659","202.3283450749659"
"1704","202.23303916037577","202.23303916037577","202.23303916037577"
"1705","202.29879901483218","202.29879901483218","202.29879901483218"
"1706","202.22542196237745","202.22542196237745","202.22542196237745"
"1707","201.90684589715005","201.90684589715005","201.90684589715005"
"1708","202.79633298620843","202.79633298620843","202.79633298620843"
"1709","202.80668280228826","202.80668280228826","202.80668280228826"
"1710","202.73658215335425","202.73658215335425","202.73658215335425"
"1711","202.69041414771317","202.69041414771317","202.69041414771317"
"1712","202.8613064312175","202.8613064312175","202.8613064312175"
"1713","202.76364208103246","202.76364208103246","202.76364208103246"
"1714","202.77701919327345","202.77701919327345","202.77701919327345"
"1715","202.902328025529","202.902328025529","202.902328025529"
"1716","203.0983822133721","203.0983822133721","203.0983822133721"
"1717","202.75643879054377","202.75643879054377","202.75643879054377"
"1718","204.53418766568385","204.53418766568385","204.53418766568385"
"1719","204.50676733894244","204.50676733894244","204.50676733894244"
"1720","204.41751818194317","204.41751818194317","204.41751818194317"
"1721","204.24129663598055","204.24129663598055","204.24129663598055"
"1722","205.0497533813768","205.0497533813768","205.0497533813768"
"1723","205.39730779938836","205.39730779938836","205.39730779938836"
"1724","205.6444400465439","205.6444400465439","205.6444400465439"
"1725","205.35397122497176","205.35397122497176","205.35397122497176"
"1726","205.24348760761058","205.24348760761058","205.24348760761058"
"1727","205.32212345630194","205.32212345630194","205.32212345630194"
"1728","206.56806991912686","206.56806991912686","206.56806991912686"
"1729","206.439982582785","206.439982582785","206.439982582785"
"1730","206.39502759924886","206.39502759924886","206.39502759924886"
"1731","206.50762407592293","206.50762407592293","206.50762407592293"
"1732","206.2758279923818","206.2758279923818","206.2758279923818"
"1733","206.27855922808433","206.27855922808433","206.27855922808433"
"1734","205.97766662255424","205.97766662255424","205.97766662255424"
"1735","205.98542093296797","205.98542093296797","205.98542093296797"
"1736","206.1516832777651","206.1516832777651","206.1516832777651"
"1737","206.003763427425","206.003763427425","206.003763427425"
"1738","206.10104522245265","206.10104522245265","206.10104522245265"
"1739","205.51899548496615","205.51899548496615","205.51899548496615"
"1740","205.4506909513453","205.4506909513453","205.4506909513453"
"1741","205.34000412302586","205.34000412302586","205.34000412302586"
"1742","205.42719794732082","205.42719794732082","205.42719794732082"
"1743","205.18083644445085","205.18083644445085","205.18083644445085"
"1744","204.5173117726532","204.5173117726532","204.5173117726532"
"1745","204.42941890201035","204.42941890201035","204.42941890201035"
"1746","204.25278319715494","204.25278319715494","204.25278319715494"
"1747","204.27294136342564","204.27294136342564","204.27294136342564"
"1748","204.36905981468473","204.36905981468473","204.36905981468473"
"1749","204.32013465565834","204.32013465565834","204.32013465565834"
"1750","203.86817819332907","203.86817819332907","203.86817819332907"
"1751","203.71680548191566","203.71680548191566","203.71680548191566"
"1752","203.8597919960742","203.8597919960742","203.8597919960742"
"1753","203.79181085277378","203.79181085277378","203.79181085277378"
"1754","203.27072719282967","203.27072719282967","203.27072719282967"
"1755","203.09205620937544","203.09205620937544","203.09205620937544"
"1756","203.08029665242444","203.08029665242444","203.08029665242444"
"1757","202.56444147513974","202.56444147513974","202.56444147513974"
"1758","201.90857174496895","201.90857174496895","201.90857174496895"
"1759","201.1389001922679","201.1389001922679","201.1389001922679"
"1760","200.54039604175108","200.54039604175108","200.54039604175108"
"1761","200.4355469517081","200.4355469517081","200.4355469517081"
"1762","199.72193004700793","199.72193004700793","199.72193004700793"
"1763","199.6797863837138","199.6797863837138","199.6797863837138"
"1764","199.43880902763382","199.43880902763382","199.43880902763382"
"1765","199.3883572250504","199.3883572250504","199.3883572250504"
"1766","199.3555943155747","199.3555943155747","199.3555943155747"
"1767","199.17562423117852","199.17562423117852","199.17562423117852"
"1768","199.20424488295262","199.20424488295262","199.20424488295262"
"1769","199.44051777103843","199.44051777103843","199.44051777103843"
"1770","199.1897155295957","199.1897155295957","199.1897155295957"
"1771","199.3231658714723","199.3231658714723","199.3231658714723"
"1772","199.19129235316927","199.19129235316927","199.19129235316927"
"1773","199.2100052152008","199.2100052152008","199.2100052152008"
"1774","199.35735769988895","199.35735769988895","199.35735769988895"
"1775","199.50144704778606","199.50144704778606","199.50144704778606"
"1776","199.3027990310725","199.3027990310725","199.3027990310725"
"1777","199.04407489648017","199.04407489648017","199.04407489648017"
"1778","198.99959439374433","198.99959439374433","198.99959439374433"
"1779","199.21431119704081","199.21431119704081","199.21431119704081"
"1780","199.2321024495426","199.2321024495426","199.2321024495426"
"1781","199.05731746170306","199.05731746170306","199.05731746170306"
"1782","199.30232264190082","199.30232264190082","199.30232264190082"
"1783","199.39113243037937","199.39113243037937","199.39113243037937"
"1784","199.25305093933466","199.25305093933466","199.25305093933466"
"1785","199.23478685172842","199.23478685172842","199.23478685172842"
"1786","199.26298631903353","199.26298631903353","199.26298631903353"
"1787","199.11740802045549","199.11740802045549","199.11740802045549"
"1788","199.21544338848776","199.21544338848776","199.21544338848776"
"1789","199.76842322511467","199.76842322511467","199.76842322511467"
"1790","200.37087368066292","200.37087368066292","200.37087368066292"
"1791","200.46949266785813","200.46949266785813","200.46949266785813"
"1792","200.53934606771975","200.53934606771975","200.53934606771975"
"1793","200.29176585035165","200.29176585035165","200.29176585035165"
"1794","200.10394047604873","200.10394047604873","200.10394047604873"
"1795","200.07545849190095","200.07545849190095","200.07545849190095"
"1796","200.3021114412998","200.3021114412998","200.3021114412998"
"1797","200.4164974266244","200.4164974266244","200.4164974266244"
"1798","201.13446192550938","201.13446192550938","201.13446192550938"
"1799","201.65684200589078","201.65684200589078","201.65684200589078"
"1800","201.53572375206278","201.53572375206278","201.53572375206278"
"1801","201.6786029860424","201.6786029860424","201.6786029860424"
"1802","202.41060641044285","202.41060641044285","202.41060641044285"
"1803","203.3023616464669","203.3023616464669","203.3023616464669"
"1804","203.41718905066605","203.41718905066605","203.41718905066605"
"1805","203.70948429301615","203.70948429301615","203.70948429301615"
"1806","204.03537400013067","204.03537400013067","204.03537400013067"
"1807","204.8242796342098","204.8242796342098","204.8242796342098"
"1808","205.2023084257194","205.2023084257194","205.2023084257194"
"1809","205.55804438324122","205.55804438324122","205.55804438324122"
"1810","205.80510523421165","205.80510523421165","205.80510523421165"
"1811","206.15828917786655","206.15828917786655","206.15828917786655"
"1812","206.57836421866145","206.57836421866145","206.57836421866145"
"1813","206.96622520256963","206.96622520256963","206.96622520256963"
"1814","207.19604052371753","207.19604052371753","207.19604052371753"
"1815","207.49336516188865","207.49336516188865","207.49336516188865"
"1816","207.85453996755822","207.85453996755822","207.85453996755822"
"1817","208.5105426435167","208.5105426435167","208.5105426435167"
"1818","208.7972987022245","208.7972987022245","208.7972987022245"
"1819","209.1429155013984","209.1429155013984","209.1429155013984"
"1820","209.45019534619175","209.45019534619175","209.45019534619175"
"1821","209.81261788703617","209.81261788703617","209.81261788703617"
"1822","210.28419915200328","210.28419915200328","210.28419915200328"
"1823","210.25500740134274","210.25500740134274","210.25500740134274"
"1824","210.41242246252602","210.41242246252602","210.41242246252602"
"1825","211.09090774485958","211.09090774485958","211.09090774485958"
"1826","211.68840403369046","211.68840403369046","211.68840403369046"
"1827","211.9517734025215","211.9517734025215","211.9517734025215"
"1828","212.71534365924833","212.71534365924833","212.71534365924833"
"1829","213.00941321191203","213.00941321191203","213.00941321191203"
"1830","213.20205989805808","213.20205989805808","213.20205989805808"
"1831","213.5208057836519","213.5208057836519","213.5208057836519"
"1832","213.73780657578084","213.73780657578084","213.73780657578084"
"1833","214.1718092953722","214.1718092953722","214.1718092953722"
"1834","214.7014216834522","214.7014216834522","214.7014216834522"
"1835","215.148818001303","215.148818001303","215.148818001303"
"1836","215.21429609895975","215.21429609895975","215.21429609895975"
"1837","215.28507167244155","215.28507167244155","215.28507167244155"
"1838","215.53181078845927","215.53181078845927","215.53181078845927"
"1839","216.0027633961133","216.0027633961133","216.0027633961133"
"1840","216.3509197422565","216.3509197422565","216.3509197422565"
"1841","216.53227987537917","216.53227987537917","216.53227987537917"
"1842","216.4993334537634","216.4993334537634","216.4993334537634"
"1843","216.6678613898001","216.6678613898001","216.6678613898001"
"1844","216.97357864000193","216.97357864000193","216.97357864000193"
"1845","217.0363476118265","217.0363476118265","217.0363476118265"
"1846","217.29488601751683","217.29488601751683","217.29488601751683"
"1847","217.53632650697196","217.53632650697196","217.53632650697196"
"1848","217.66492025688814","217.66492025688814","217.66492025688814"
"1849","217.83612163622922","217.83612163622922","217.83612163622922"
"1850","218.50311163278587","218.50311163278587","218.50311163278587"
"1851","218.860113992712","218.860113992712","218.860113992712"
"1852","219.24334736764663","219.24334736764663","219.24334736764663"
"1853","219.30919886402785","219.30919886402785","219.30919886402785"
"1854","220.00444200439844","220.00444200439844","220.00444200439844"
"1855","220.43826275147032","220.43826275147032","220.43826275147032"
"1856","221.42165724904743","221.42165724904743","221.42165724904743"
"1857","222.11621518393514","222.11621518393514","222.11621518393514"
"1858","223.05880669167732","223.05880669167732","223.05880669167732"
"1859","223.99954124580603","223.99954124580603","223.99954124580603"
"1860","224.53010879576672","224.53010879576672","224.53010879576672"
"1861","224.86030460645443","224.86030460645443","224.86030460645443"
"1862","225.60445467514452","225.60445467514452","225.60445467514452"
"1863","225.9018962924974","225.9018962924974","225.9018962924974"
"1864","226.30767322087195","226.30767322087195","226.30767322087195"
"1865","226.53991733947302","226.53991733947302","226.53991733947302"
"1866","226.70119273490738","226.70119273490738","226.70119273490738"
"1867","226.85633130380418","226.85633130380418","226.85633130380418"
"1868","226.8570256160153","226.8570256160153","226.8570256160153"
"1869","226.61634621664416","226.61634621664416","226.61634621664416"
"1870","227.0242498051608","227.0242498051608","227.0242498051608"
"1871","227.14849087559153","227.14849087559153","227.14849087559153"
"1872","227.20085210955236","227.20085210955236","227.20085210955236"
"1873","227.49801598472988","227.49801598472988","227.49801598472988"
"1874","227.69759814240504","227.69759814240504","227.69759814240504"
"1875","227.75558019857388","227.75558019857388","227.75558019857388"
"1876","228.09667984374335","228.09667984374335","228.09667984374335"
"1877","228.09732451947872","228.09732451947872","228.09732451947872"
"1878","228.42568872047588","228.42568872047588","228.42568872047588"
"1879","228.63267301971092","228.63267301971092","228.63267301971092"
"1880","228.9299430136429","228.9299430136429","228.9299430136429"
"1881","229.3279148999136","229.3279148999136","229.3279148999136"
"1882","229.39769288356416","229.39769288356416","229.39769288356416"
"1883","229.6689522313606","229.6689522313606","229.6689522313606"
"1884","229.73740032709668","229.73740032709668","229.73740032709668"
"1885","230.2257224090863","230.2257224090863","230.2257224090863"
"1886","230.46310380049982","230.46310380049982","230.46310380049982"
"1887","230.77501901208424","230.77501901208424","230.77501901208424"
"1888","230.9080866974313","230.9080866974313","230.9080866974313"
"1889","231.20157887345647","231.20157887345647","231.20157887345647"
"1890","231.5371146926703","231.5371146926703","231.5371146926703"
"1891","231.802526166779","231.802526166779","231.802526166779"
"1892","232.04810146965553","232.04810146965553","232.04810146965553"
"1893","232.14446172387804","232.14446172387804","232.14446172387804"
"1894","232.3793621004862","232.3793621004862","232.3793621004862"
"1895","232.76065973747754","232.76065973747754","232.76065973747754"
"1896","233.04749621413882","233.04749621413882","233.04749621413882"
"1897","233.28943248078926","233.28943248078926","233.28943248078926"
"1898","233.5307087280485","233.5307087280485","233.5307087280485"
"1899","233.40189558067127","233.40189558067127","233.40189558067127"
"1900","233.68981695995433","233.68981695995433","233.68981695995433"
"1901","233.95882290324894","233.95882290324894","233.95882290324894"
"1902","233.98391661439788","233.98391661439788","233.98391661439788"
"1903","234.28353372141254","234.28353372141254","234.28353372141254"
"1904","234.39065747987945","234.39065747987945","234.39065747987945"
"1905","234.4805538123427","234.4805538123427","234.4805538123427"
"1906","234.5703288863832","234.5703288863832","234.5703288863832"
"1907","234.36544071691577","234.36544071691577","234.36544071691577"
"1908","234.31414715450722","234.31414715450722","234.31414715450722"
"1909","234.4175690488564","234.4175690488564","234.4175690488564"
"1910","234.56996459294112","234.56996459294112","234.56996459294112"
"1911","234.73721558840944","234.73721558840944","234.73721558840944"
"1912","234.66896399811375","234.66896399811375","234.66896399811375"
"1913","234.57635262161958","234.57635262161958","234.57635262161958"
"1914","234.61747406321112","234.61747406321112","234.61747406321112"
"1915","234.47227332910057","234.47227332910057","234.47227332910057"
"1916","234.34858651648275","234.34858651648275","234.34858651648275"
"1917","234.4434098872263","234.4434098872263","234.4434098872263"
"1918","234.43265100204385","234.43265100204385","234.43265100204385"
"1919","234.49833822240586","234.49833822240586","234.49833822240586"
"1920","234.752294945647","234.752294945647","234.752294945647"
"1921","234.93529140125028","234.93529140125028","234.93529140125028"
"1922","235.25873252339662","235.25873252339662","235.25873252339662"
"1923","235.55080282693729","235.55080282693729","235.55080282693729"
"1924","235.4302030535508","235.4302030535508","235.4302030535508"
"1925","235.72475919442252","235.72475919442252","235.72475919442252"
"1926","235.80541003910824","235.80541003910824","235.80541003910824"
"1927","235.98800950463863","235.98800950463863","235.98800950463863"
"1928","235.70217123162934","235.70217123162934","235.70217123162934"
"1929","235.86114316164515","235.86114316164515","235.86114316164515"
"1930","236.13054303741083","236.13054303741083","236.13054303741083"
"1931","236.05460829682647","236.05460829682647","236.05460829682647"
"1932","236.27282220190392","236.27282220190392","236.27282220190392"
"1933","236.14016525559128","236.14016525559128","236.14016525559128"
"1934","236.11745411993004","236.11745411993004","236.11745411993004"
"1935","235.79451235520654","235.79451235520654","235.79451235520654"
"1936","236.002625610698","236.002625610698","236.002625610698"
"1937","236.49988043114544","236.49988043114544","236.49988043114544"
"1938","236.4086853773892","236.4086853773892","236.4086853773892"
"1939","236.51002829771488","236.51002829771488","236.51002829771488"
"1940","236.40639493134339","236.40639493134339","236.40639493134339"
"1941","236.20189781419","236.20189781419","236.20189781419"
"1942","236.2729180704616","236.2729180704616","236.2729180704616"
"1943","236.19908512113616","236.19908512113616","236.19908512113616"
"1944","236.45293227679096","236.45293227679096","236.45293227679096"
"1945","236.94857917461079","236.94857917461079","236.94857917461079"
"1946","236.94362153798807","236.94362153798807","236.94362153798807"
"1947","236.72719098313712","236.72719098313712","236.72719098313712"
"1948","236.63532230692917","236.63532230692917","236.63532230692917"
"1949","236.6313834716985","236.6313834716985","236.6313834716985"
"1950","236.50483426659602","236.50483426659602","236.50483426659602"
"1951","236.51071015270892","236.51071015270892","236.51071015270892"
"1952","236.2720791923115","236.2720791923115","236.2720791923115"
"1953","236.39334971937816","236.39334971937816","236.39334971937816"
"1954","236.4512165615661","236.4512165615661","236.4512165615661"
"1955","236.38049467239063","236.38049467239063","236.38049467239063"
"1956","236.17056647802704","236.17056647802704","236.17056647802704"
"1957","236.40531286643352","236.40531286643352","236.40531286643352"
"1958","236.33239649029915","236.33239649029915","236.33239649029915"
"1959","236.10166818990837","236.10166818990837","236.10166818990837"
"1960","236.35311342983042","236.35311342983042","236.35311342983042"
"1961","236.09959038272035","236.09959038272035","236.09959038272035"
"1962","236.1357583922008","236.1357583922008","236.1357583922008"
"1963","236.07174160903784","236.07174160903784","236.07174160903784"
"1964","235.98031580441864","235.98031580441864","235.98031580441864"
"1965","236.025902932107","236.025902932107","236.025902932107"
"1966","236.1465421520057","236.1465421520057","236.1465421520057"
"1967","236.26768245384795","236.26768245384795","236.26768245384795"
"1968","236.30988299899502","236.30988299899502","236.30988299899502"
"1969","236.50735239364715","236.50735239364715","236.50735239364715"
"1970","236.38323235024276","236.38323235024276","236.38323235024276"
"1971","236.2031173326871","236.2031173326871","236.2031173326871"
"1972","236.36201397100973","236.36201397100973","236.36201397100973"
"1973","236.02910374174405","236.02910374174405","236.02910374174405"
"1974","235.6341594655397","235.6341594655397","235.6341594655397"
"1975","235.06746603550434","235.06746603550434","235.06746603550434"
"1976","234.51742324434264","234.51742324434264","234.51742324434264"
"1977","234.36713422539688","234.36713422539688","234.36713422539688"
"1978","233.86417049003342","233.86417049003342","233.86417049003342"
"1979","233.56085927918596","233.56085927918596","233.56085927918596"
"1980","233.0998741294518","233.0998741294518","233.0998741294518"
"1981","232.9699303517425","232.9699303517425","232.9699303517425"
"1982","232.8529702281607","232.8529702281607","232.8529702281607"
"1983","232.5546422831742","232.5546422831742","232.5546422831742"
"1984","232.44261488623727","232.44261488623727","232.44261488623727"
"1985","232.21173292176144","232.21173292176144","232.21173292176144"
"1986","232.32816564049847","232.32816564049847","232.32816564049847"
"1987","232.00894704162886","232.00894704162886","232.00894704162886"
"1988","231.78518266870452","231.78518266870452","231.78518266870452"
"1989","231.73659306418426","231.73659306418426","231.73659306418426"
"1990","231.5086855762107","231.5086855762107","231.5086855762107"
"1991","231.31982156751022","231.31982156751022","231.31982156751022"
"1992","231.2787174806469","231.2787174806469","231.2787174806469"
"1993","231.36163395659344","231.36163395659344","231.36163395659344"
"1994","230.9137877804837","230.9137877804837","230.9137877804837"
"1995","230.6827439567777","230.6827439567777","230.6827439567777"
"1996","230.50924841556974","230.50924841556974","230.50924841556974"
"1997","230.09262605421986","230.09262605421986","230.09262605421986"
"1998","229.96173990529772","229.96173990529772","229.96173990529772"
"1999","229.93197406376524","229.93197406376524","229.93197406376524"
"2000","229.71164104856828","229.71164104856828","229.71164104856828"