"Step","a2c - train/reward_mean","a2c - train/reward_mean__MIN","a2c - train/reward_mean__MAX"
"1","23.351595061365515","23.351595061365515","23.351595061365515"
"2","29.252359139267355","29.252359139267355","29.252359139267355"
"3","5.580964636057615","5.580964636057615","5.580964636057615"
"4","11.822429109364748","11.822429109364748","11.822429109364748"
"5","15.92928134035319","15.92928134035319","15.92928134035319"
"6","18.803804960257064","18.803804960257064","18.803804960257064"
"7","22.44434289793467","22.44434289793467","22.44434289793467"
"8","23.898623991404747","23.898623991404747","23.898623991404747"
"9","25.171837244903955","25.171837244903955","25.171837244903955"
"10","26.661829730772297","26.661829730772297","26.661829730772297"
"11","27.593940595416246","27.593940595416246","27.593940595416246"
"12","28.39900804070203","28.39900804070203","28.39900804070203"
"13","37.772536054179696","37.772536054179696","37.772536054179696"
"14","39.98731577079369","39.98731577079369","39.98731577079369"
"15","41.745176103608294","41.745176103608294","41.745176103608294"
"16","41.32173672972385","41.32173672972385","41.32173672972385"
"17","35.380134047630506","35.380134047630506","35.380134047630506"
"18","30.632266584387658","30.632266584387658","30.632266584387658"
"19","29.841516757988995","29.841516757988995","29.841516757988995"
"20","29.817635683824484","29.817635683824484","29.817635683824484"
"21","27.704194201105217","27.704194201105217","27.704194201105217"
"22","23.226451222354875","23.226451222354875","23.226451222354875"
"23","17.809381210987972","17.809381210987972","17.809381210987972"
"24","14.617032653937107","14.617032653937107","14.617032653937107"
"25","13.576320184668294","13.576320184668294","13.576320184668294"
"26","11.314977497913507","11.314977497913507","11.314977497913507"
"27","9.827496139534222","9.827496139534222","9.827496139534222"
"28","8.398493254601947","8.398493254601947","8.398493254601947"
"29","5.28880351901773","5.28880351901773","5.28880351901773"
"30","4.617571705435209","4.617571705435209","4.617571705435209"
"31","2.735154348856492","2.735154348856492","2.735154348856492"
"32","3.4499722033315265","3.4499722033315265","3.4499722033315265"
"33","4.162952233200265","4.162952233200265","4.162952233200265"
"34","2.0252211628411554","2.0252211628411554","2.0252211628411554"
"35","2.6598453643424103","2.6598453643424103","2.6598453643424103"
"36","3.4967172356256118","3.4967172356256118","3.4967172356256118"
"37","1.78277168119235","1.78277168119235","1.78277168119235"
"38","1.1243086418735881","1.1243086418735881","1.1243086418735881"
"39","1.6293052260320668","1.6293052260320668","1.6293052260320668"
"40","2.378462845595641","2.378462845595641","2.378462845595641"
"41","1.0464585025918318","1.0464585025918318","1.0464585025918318"
"42","1.5423258735453211","1.5423258735453211","1.5423258735453211"
"43","2.0468389100772817","2.0468389100772817","2.0468389100772817"
"44","2.9183413044262454","2.9183413044262454","2.9183413044262454"
"45","4.339186075367939","4.339186075367939","4.339186075367939"
"46","6.109383106430988","6.109383106430988","6.109383106430988"
"47","7.0540878023683495","7.0540878023683495","7.0540878023683495"
"48","7.512636791601229","7.512636791601229","7.512636791601229"
"49","7.887876562201014","7.887876562201014","7.887876562201014"
"50","8.686751207520137","8.686751207520137","8.686751207520137"
"51","9.19829895905865","9.19829895905865","9.19829895905865"
"52","9.521524401199713","9.521524401199713","9.521524401199713"
"53","9.074372630396677","9.074372630396677","9.074372630396677"
"54","8.836925252838194","8.836925252838194","8.836925252838194"
"55","8.460549695456972","8.460549695456972","8.460549695456972"
"56","8.741039508826361","8.741039508826361","8.741039508826361"
"57","7.498797804318887","7.498797804318887","7.498797804318887"
"58","7.906196502620928","7.906196502620928","7.906196502620928"
"59","8.302893440386624","8.302893440386624","8.302893440386624"
"60","8.60631656616218","8.60631656616218","8.60631656616218"
"61","8.84690932719348","8.84690932719348","8.84690932719348"
"62","7.881539427590343","7.881539427590343","7.881539427590343"
"63","8.13065414397288","8.13065414397288","8.13065414397288"
"64","8.362575105367341","8.362575105367341","8.362575105367341"
"65","8.563163294820026","8.563163294820026","8.563163294820026"
"66","8.744225964970996","8.744225964970996","8.744225964970996"
"67","8.926410232494678","8.926410232494678","8.926410232494678"
"68","9.094103288848332","9.094103288848332","9.094103288848332"
"69","8.692703338405304","8.692703338405304","8.692703338405304"
"70","8.230765685270724","8.230765685270724","8.230765685270724"
"71","6.668612659801844","6.668612659801844","6.668612659801844"
"72","5.166154293431949","5.166154293431949","5.166154293431949"
"73","4.73575754051395","4.73575754051395","4.73575754051395"
"74","4.546372056917863","4.546372056917863","4.546372056917863"
"75","4.150437008916633","4.150437008916633","4.150437008916633"
"76","3.813157550804853","3.813157550804853","3.813157550804853"
"77","3.534059255327591","3.534059255327591","3.534059255327591"
"78","2.9747837482849344","2.9747837482849344","2.9747837482849344"
"79","1.7454578435454442","1.7454578435454442","1.7454578435454442"
"80","1.2135872093185753","1.2135872093185753","1.2135872093185753"
"81","1.2444970752152091","1.2444970752152091","1.2444970752152091"
"82","0.9200885514767767","0.9200885514767767","0.9200885514767767"
"83","1.1973640218707424","1.1973640218707424","1.1973640218707424"
"84","1.181785569186364","1.181785569186364","1.181785569186364"
"85","0.8045735972642433","0.8045735972642433","0.8045735972642433"
"86","-0.38718083782052504","-0.38718083782052504","-0.38718083782052504"
"87","-0.8304914457997141","-0.8304914457997141","-0.8304914457997141"
"88","-1.1223024891240294","-1.1223024891240294","-1.1223024891240294"
"89","-1.5945824728300926","-1.5945824728300926","-1.5945824728300926"
"90","-1.8977659333927375","-1.8977659333927375","-1.8977659333927375"
"91","-2.1857573967750037","-2.1857573967750037","-2.1857573967750037"
"92","-2.4518926020869203","-2.4518926020869203","-2.4518926020869203"
"93","-3.2344145025693067","-3.2344145025693067","-3.2344145025693067"
"94","-3.93898732844459","-3.93898732844459","-3.93898732844459"
"95","-3.8616650889495903","-3.8616650889495903","-3.8616650889495903"
"96","-4.061225525289349","-4.061225525289349","-4.061225525289349"
"97","-3.9704660357845607","-3.9704660357845607","-3.9704660357845607"
"98","-4.177250215642651","-4.177250215642651","-4.177250215642651"
"99","-4.458489775160537","-4.458489775160537","-4.458489775160537"
"100","-5.320868141340616","-5.320868141340616","-5.320868141340616"
"101","-6.2959453501660025","-6.2959453501660025","-6.2959453501660025"
"102","-7.408052258804965","-7.408052258804965","-7.408052258804965"
"103","-8.049923745134437","-8.049923745134437","-8.049923745134437"
"104","-9.310162360520627","-9.310162360520627","-9.310162360520627"
"105","-9.915627780008654","-9.915627780008654","-9.915627780008654"
"106","-10.610824278813089","-10.610824278813089","-10.610824278813089"
"107","-11.179762167377339","-11.179762167377339","-11.179762167377339"
"108","-11.330762377680221","-11.330762377680221","-11.330762377680221"
"109","-11.80700385056989","-11.80700385056989","-11.80700385056989"
"110","-12.304184971564391","-12.304184971564391","-12.304184971564391"
"111","-12.762415582189279","-12.762415582189279","-12.762415582189279"
"112","-13.46024337106006","-13.46024337106006","-13.46024337106006"
"113","-14.96678143410565","-14.96678143410565","-14.96678143410565"
"114","-15.647296831607527","-15.647296831607527","-15.647296831607527"
"115","-16.345340399201667","-16.345340399201667","-16.345340399201667"
"116","-16.801807992327667","-16.801807992327667","-16.801807992327667"
"117","-15.961039416379936","-15.961039416379936","-15.961039416379936"
"118","-16.179484283607163","-16.179484283607163","-16.179484283607163"
"119","-16.710308385467798","-16.710308385467798","-16.710308385467798"
"120","-16.768309628418354","-16.768309628418354","-16.768309628418354"
"121","-16.74120583232929","-16.74120583232929","-16.74120583232929"
"122","-15.953563989200338","-15.953563989200338","-15.953563989200338"
"123","-14.826016047466256","-14.826016047466256","-14.826016047466256"
"124","-14.622409712765075","-14.622409712765075","-14.622409712765075"
"125","-14.782906701345636","-14.782906701345636","-14.782906701345636"
"126","-14.229800345622643","-14.229800345622643","-14.229800345622643"
"127","-14.191043903575919","-14.191043903575919","-14.191043903575919"
"128","-13.668871273179247","-13.668871273179247","-13.668871273179247"
"129","-12.995217237686447","-12.995217237686447","-12.995217237686447"
"130","-12.644333404348872","-12.644333404348872","-12.644333404348872"
"131","-12.063566252477177","-12.063566252477177","-12.063566252477177"
"132","-12.069203934445687","-12.069203934445687","-12.069203934445687"
"133","-12.150779825057544","-12.150779825057544","-12.150779825057544"
"134","-11.248288275990344","-11.248288275990344","-11.248288275990344"
"135","-11.482027540374256","-11.482027540374256","-11.482027540374256"
"136","-11.577850448544778","-11.577850448544778","-11.577850448544778"
"137","-10.7746240351905","-10.7746240351905","-10.7746240351905"
"138","-10.337092544040352","-10.337092544040352","-10.337092544040352"
"139","-10.83710131544125","-10.83710131544125","-10.83710131544125"
"140","-10.923261410393462","-10.923261410393462","-10.923261410393462"
"141","-10.416790114137985","-10.416790114137985","-10.416790114137985"
"142","-10.526390733886219","-10.526390733886219","-10.526390733886219"
"143","-10.70137830116757","-10.70137830116757","-10.70137830116757"
"144","-10.893128559207252","-10.893128559207252","-10.893128559207252"
"145","-11.353237540824047","-11.353237540824047","-11.353237540824047"
"146","-12.002119950921916","-12.002119950921916","-12.002119950921916"
"147","-12.37953557259374","-12.37953557259374","-12.37953557259374"
"148","-12.436916768597149","-12.436916768597149","-12.436916768597149"
"149","-12.450841654380492","-12.450841654380492","-12.450841654380492"
"150","-12.699596367282503","-12.699596367282503","-12.699596367282503"
"151","-12.802163864886097","-12.802163864886097","-12.802163864886097"
"152","-12.863046146100096","-12.863046146100096","-12.863046146100096"
"153","-12.510581008433073","-12.510581008433073","-12.510581008433073"
"154","-12.15820843471185","-12.15820843471185","-12.15820843471185"
"155","-11.771079268469185","-11.771079268469185","-11.771079268469185"
"156","-11.740698243579537","-11.740698243579537","-11.740698243579537"
"157","-10.808237258153676","-10.808237258153676","-10.808237258153676"
"158","-10.836548343184113","-10.836548343184113","-10.836548343184113"
"159","-10.826697238511114","-10.826697238511114","-10.826697238511114"
"160","-10.744719418524474","-10.744719418524474","-10.744719418524474"
"161","-10.534786511244892","-10.534786511244892","-10.534786511244892"
"162","-9.671882752063393","-9.671882752063393","-9.671882752063393"
"163","-9.557969998004555","-9.557969998004555","-9.557969998004555"
"164","-9.410720360851556","-9.410720360851556","-9.410720360851556"
"165","-9.281554653043568","-9.281554653043568","-9.281554653043568"
"166","-9.15579605762352","-9.15579605762352","-9.15579605762352"
"167","-9.010034235205676","-9.010034235205676","-9.010034235205676"
"168","-8.875226122529421","-8.875226122529421","-8.875226122529421"
"169","-8.335759461035195","-8.335759461035195","-8.335759461035195"
"170","-7.520470300924208","-7.520470300924208","-7.520470300924208"
"171","-6.107602233916696","-6.107602233916696","-6.107602233916696"
"172","-4.547931926049496","-4.547931926049496","-4.547931926049496"
"173","-3.9123905412146995","-3.9123905412146995","-3.9123905412146995"
"174","-3.271703041893634","-3.271703041893634","-3.271703041893634"
"175","-2.495559992929193","-2.495559992929193","-2.495559992929193"
"176","-1.837091798423062","-1.837091798423062","-1.837091798423062"
"177","-1.2567421090630524","-1.2567421090630524","-1.2567421090630524"
"178","-0.33122860934134224","-0.33122860934134224","-0.33122860934134224"
"179","1.1459151032006776","1.1459151032006776","1.1459151032006776"
"180","2.167884297801793","2.167884297801793","2.167884297801793"
"181","2.6067182494305596","2.6067182494305596","2.6067182494305596"
"182","3.3016048856476847","3.3016048856476847","3.3016048856476847"
"183","3.5140895778515553","3.5140895778515553","3.5140895778515553"
"184","3.9596301075948577","3.9596301075948577","3.9596301075948577"
"185","4.666916352417757","4.666916352417757","4.666916352417757"
"186","6.2677546875602275","6.2677546875602275","6.2677546875602275"
"187","7.132665261005604","7.132665261005604","7.132665261005604"
"188","7.922635820287833","7.922635820287833","7.922635820287833"
"189","8.787978610190185","8.787978610190185","8.787978610190185"
"190","9.458355398862187","9.458355398862187","9.458355398862187"
"191","10.109500436718081","10.109500436718081","10.109500436718081"
"192","10.702354805100914","10.702354805100914","10.702354805100914"
"193","11.846944756828453","11.846944756828453","11.846944756828453"
"194","12.905958295468444","12.905958295468444","12.905958295468444"
"195","13.178773381746288","13.178773381746288","13.178773381746288"
"196","13.957589920981409","13.957589920981409","13.957589920981409"
"197","14.485673108853371","14.485673108853371","14.485673108853371"
"198","15.167805427437852","15.167805427437852","15.167805427437852"
"199","15.881131231101898","15.881131231101898","15.881131231101898"
"200","17.15288537262866","17.15288537262866","17.15288537262866"
"201","18.320386815976672","18.320386815976672","18.320386815976672"
"202","19.592213395447033","19.592213395447033","19.592213395447033"
"203","21.145285338542163","21.145285338542163","21.145285338542163"
"204","22.605115110936314","22.605115110936314","22.605115110936314"
"205","23.252874721136614","23.252874721136614","23.252874721136614"
"206","23.969505051836748","23.969505051836748","23.969505051836748"
"207","24.53508673752556","24.53508673752556","24.53508673752556"
"208","24.670376621393807","24.670376621393807","24.670376621393807"
"209","25.250893667057245","25.250893667057245","25.250893667057245"
"210","25.806779447087173","25.806779447087173","25.806779447087173"
"211","26.390398184057414","26.390398184057414","26.390398184057414"
"212","27.074652777412993","27.074652777412993","27.074652777412993"
"213","27.460156014517924","27.460156014517924","27.460156014517924"
"214","27.738790657104037","27.738790657104037","27.738790657104037"
"215","28.154949658243495","28.154949658243495","28.154949658243495"
"216","28.57770964881631","28.57770964881631","28.57770964881631"
"217","28.812907623318534","28.812907623318534","28.812907623318534"
"218","29.78552713436009","29.78552713436009","29.78552713436009"
"219","30.60900304938601","30.60900304938601","30.60900304938601"
"220","30.786832453216704","30.786832453216704","30.786832453216704"
"221","31.247690576007226","31.247690576007226","31.247690576007226"
"222","31.538519070171386","31.538519070171386","31.538519070171386"
"223","31.786735606438086","31.786735606438086","31.786735606438086"
"224","32.53618695697027","32.53618695697027","32.53618695697027"
"225","33.23436689238886","33.23436689238886","33.23436689238886"
"226","33.55930069057162","33.55930069057162","33.55930069057162"
"227","34.09748118058647","34.09748118058647","34.09748118058647"
"228","34.25385101623964","34.25385101623964","34.25385101623964"
"229","34.864819429497146","34.864819429497146","34.864819429497146"
"230","35.06857337934329","35.06857337934329","35.06857337934329"
"231","35.42325087480611","35.42325087480611","35.42325087480611"
"232","35.41812087704559","35.41812087704559","35.41812087704559"
"233","35.698117683836756","35.698117683836756","35.698117683836756"
"234","35.796671876383044","35.796671876383044","35.796671876383044"
"235","36.19064270301104","36.19064270301104","36.19064270301104"
"236","36.39866900779387","36.39866900779387","36.39866900779387"
"237","36.52841665370266","36.52841665370266","36.52841665370266"
"238","36.732568858022496","36.732568858022496","36.732568858022496"
"239","37.26654413838194","37.26654413838194","37.26654413838194"
"240","37.370718821469566","37.370718821469566","37.370718821469566"
"241","37.715518420372646","37.715518420372646","37.715518420372646"
"242","38.03957999200295","38.03957999200295","38.03957999200295"
"243","38.371077030860725","38.371077030860725","38.371077030860725"
"244","38.50894350618033","38.50894350618033","38.50894350618033"
"245","38.73437755903895","38.73437755903895","38.73437755903895"
"246","38.850738721966884","38.850738721966884","38.850738721966884"
"247","39.12005296674117","39.12005296674117","39.12005296674117"
"248","39.300968534476375","39.300968534476375","39.300968534476375"
"249","39.53704766876294","39.53704766876294","39.53704766876294"
"250","39.72997821344146","39.72997821344146","39.72997821344146"
"251","39.868829933602576","39.868829933602576","39.868829933602576"
"252","40.12867977006568","40.12867977006568","40.12867977006568"
"253","40.458437051998665","40.458437051998665","40.458437051998665"
"254","40.57403409923518","40.57403409923518","40.57403409923518"
"255","40.77592635474957","40.77592635474957","40.77592635474957"
"256","40.8227332382635","40.8227332382635","40.8227332382635"
"257","41.04875015227215","41.04875015227215","41.04875015227215"
"258","41.06662270057892","41.06662270057892","41.06662270057892"
"259","41.19742839315852","41.19742839315852","41.19742839315852"
"260","41.042261344287","41.042261344287","41.042261344287"
"261","41.066149468484255","41.066149468484255","41.066149468484255"
"262","41.07794977643621","41.07794977643621","41.07794977643621"
"263","41.21439364541416","41.21439364541416","41.21439364541416"
"264","41.19455013620063","41.19455013620063","41.19455013620063"
"265","41.10530785218209","41.10530785218209","41.10530785218209"
"266","41.01514918021254","41.01514918021254","41.01514918021254"
"267","41.045688179373755","41.045688179373755","41.045688179373755"
"268","41.03419448693843","41.03419448693843","41.03419448693843"
"269","41.00272031331064","41.00272031331064","41.00272031331064"
"270","40.84746684012098","40.84746684012098","40.84746684012098"
"271","40.705933798575785","40.705933798575785","40.705933798575785"
"272","40.42105899873066","40.42105899873066","40.42105899873066"
"273","40.39572834337007","40.39572834337007","40.39572834337007"
"274","40.1997797337194","40.1997797337194","40.1997797337194"
"275","40.19761316938347","40.19761316938347","40.19761316938347"
"276","40.1327967143806","40.1327967143806","40.1327967143806"
"277","40.18254274913015","40.18254274913015","40.18254274913015"
"278","39.85922091207904","39.85922091207904","39.85922091207904"
"279","39.74563766079082","39.74563766079082","39.74563766079082"
"280","39.51066499348642","39.51066499348642","39.51066499348642"
"281","39.55890462809737","39.55890462809737","39.55890462809737"
"282","39.51340320013027","39.51340320013027","39.51340320013027"
"283","39.32818717953865","39.32818717953865","39.32818717953865"
"284","39.45468325316789","39.45468325316789","39.45468325316789"
"285","39.52342362073832","39.52342362073832","39.52342362073832"
"286","39.254066037636946","39.254066037636946","39.254066037636946"
"287","39.02567687882285","39.02567687882285","39.02567687882285"
"288","38.79378971533093","38.79378971533093","38.79378971533093"
"289","38.727727184828254","38.727727184828254","38.727727184828254"
"290","38.59638017755846","38.59638017755846","38.59638017755846"
"291","38.559787404132656","38.559787404132656","38.559787404132656"
"292","38.541914246505186","38.541914246505186","38.541914246505186"
"293","38.50610292561003","38.50610292561003","38.50610292561003"
"294","38.488357519259445","38.488357519259445","38.488357519259445"
"295","38.584816667113046","38.584816667113046","38.584816667113046"
"296","38.36287646213721","38.36287646213721","38.36287646213721"
"297","38.03884177441942","38.03884177441942","38.03884177441942"
"298","37.96959247448453","37.96959247448453","37.96959247448453"
"299","37.87050709190982","37.87050709190982","37.87050709190982"
"300","37.74163451846311","37.74163451846311","37.74163451846311"
"301","37.61603596261964","37.61603596261964","37.61603596261964"
"302","37.488386094047456","37.488386094047456","37.488386094047456"
"303","37.235469660567176","37.235469660567176","37.235469660567176"
"304","37.090188776159486","37.090188776159486","37.090188776159486"
"305","37.08077595765033","37.08077595765033","37.08077595765033"
"306","37.09484733315912","37.09484733315912","37.09484733315912"
"307","36.868043693311336","36.868043693311336","36.868043693311336"
"308","36.91827950578125","36.91827950578125","36.91827950578125"
"309","36.69831290843955","36.69831290843955","36.69831290843955"
"310","36.51013335177966","36.51013335177966","36.51013335177966"
"311","36.30566819562519","36.30566819562519","36.30566819562519"
"312","36.39239030129625","36.39239030129625","36.39239030129625"
"313","36.3016707094005","36.3016707094005","36.3016707094005"
"314","36.43464008494422","36.43464008494422","36.43464008494422"
"315","36.35713409036773","36.35713409036773","36.35713409036773"
"316","36.371799763546115","36.371799763546115","36.371799763546115"
"317","36.137316010024186","36.137316010024186","36.137316010024186"
"318","36.29173874105469","36.29173874105469","36.29173874105469"
"319","36.10520108790453","36.10520108790453","36.10520108790453"
"320","36.01959693713197","36.01959693713197","36.01959693713197"
"321","36.01855396158931","36.01855396158931","36.01855396158931"
"322","36.028199910471486","36.028199910471486","36.028199910471486"
"323","35.98574866949424","35.98574866949424","35.98574866949424"
"324","36.04758026482992","36.04758026482992","36.04758026482992"
"325","36.08921033502953","36.08921033502953","36.08921033502953"
"326","36.01536685367686","36.01536685367686","36.01536685367686"
"327","36.0361762029085","36.0361762029085","36.0361762029085"
"328","36.00326969138328","36.00326969138328","36.00326969138328"
"329","35.91429386692227","35.91429386692227","35.91429386692227"
"330","35.860836679848035","35.860836679848035","35.860836679848035"
"331","35.856841896904115","35.856841896904115","35.856841896904115"
"332","36.059843516642175","36.059843516642175","36.059843516642175"
"333","35.84231525669882","35.84231525669882","35.84231525669882"
"334","35.972713020878906","35.972713020878906","35.972713020878906"
"335","35.83025169971119","35.83025169971119","35.83025169971119"
"336","35.71462886186968","35.71462886186968","35.71462886186968"
"337","35.805368568589145","35.805368568589145","35.805368568589145"
"338","35.7893877865739","35.7893877865739","35.7893877865739"
"339","36.10878218079113","36.10878218079113","36.10878218079113"
"340","36.21520313935424","36.21520313935424","36.21520313935424"
"341","36.22746224102106","36.22746224102106","36.22746224102106"
"342","36.26050211299626","36.26050211299626","36.26050211299626"
"343","36.18433111385508","36.18433111385508","36.18433111385508"
"344","36.221481483003664","36.221481483003664","36.221481483003664"
"345","36.11651175232728","36.11651175232728","36.11651175232728"
"346","36.287470808159924","36.287470808159924","36.287470808159924"
"347","36.39830454339601","36.39830454339601","36.39830454339601"
"348","36.34144164755337","36.34144164755337","36.34144164755337"
"349","36.15508599685163","36.15508599685163","36.15508599685163"
"350","36.18422258150567","36.18422258150567","36.18422258150567"
"351","36.10408191740891","36.10408191740891","36.10408191740891"
"352","35.94508986583678","35.94508986583678","35.94508986583678"
"353","35.80187402699841","35.80187402699841","35.80187402699841"
"354","35.779602839256405","35.779602839256405","35.779602839256405"
"355","35.79627229144214","35.79627229144214","35.79627229144214"
"356","35.80864096267498","35.80864096267498","35.80864096267498"
"357","35.7968201985443","35.7968201985443","35.7968201985443"
"358","35.92244174965337","35.92244174965337","35.92244174965337"
"359","35.86294553240441","35.86294553240441","35.86294553240441"
"360","36.18793043153972","36.18793043153972","36.18793043153972"
"361","36.1184154205388","36.1184154205388","36.1184154205388"
"362","36.07192231821358","36.07192231821358","36.07192231821358"
"363","36.00768967290813","36.00768967290813","36.00768967290813"
"364","35.97900664547862","35.97900664547862","35.97900664547862"
"365","36.06140410457036","36.06140410457036","36.06140410457036"
"366","36.246385244235825","36.246385244235825","36.246385244235825"
"367","36.22935987090543","36.22935987090543","36.22935987090543"
"368","36.24367945052069","36.24367945052069","36.24367945052069"
"369","36.30608435133789","36.30608435133789","36.30608435133789"
"370","36.40876872386052","36.40876872386052","36.40876872386052"
"371","36.62394750458854","36.62394750458854","36.62394750458854"
"372","36.75031441521973","36.75031441521973","36.75031441521973"
"373","36.78693137983002","36.78693137983002","36.78693137983002"
"374","36.86033790810728","36.86033790810728","36.86033790810728"
"375","36.673282991628476","36.673282991628476","36.673282991628476"
"376","36.65727934938095","36.65727934938095","36.65727934938095"
"377","36.60529019645121","36.60529019645121","36.60529019645121"
"378","36.82141884260189","36.82141884260189","36.82141884260189"
"379","36.99591401013302","36.99591401013302","36.99591401013302"
"380","37.0522480696264","37.0522480696264","37.0522480696264"
"381","36.955908920117544","36.955908920117544","36.955908920117544"
"382","37.00629469773256","37.00629469773256","37.00629469773256"
"383","37.2961318830516","37.2961318830516","37.2961318830516"
"384","37.208729313269615","37.208729313269615","37.208729313269615"
"385","37.13396177123639","37.13396177123639","37.13396177123639"
"386","37.23229540747696","37.23229540747696","37.23229540747696"
"387","37.36744864194177","37.36744864194177","37.36744864194177"
"388","37.447040069480316","37.447040069480316","37.447040069480316"
"389","37.603321268972834","37.603321268972834","37.603321268972834"
"390","37.7548750294901","37.7548750294901","37.7548750294901"
"391","37.79687713197829","37.79687713197829","37.79687713197829"
"392","37.88144851646579","37.88144851646579","37.88144851646579"
"393","37.87504073017266","37.87504073017266","37.87504073017266"
"394","37.89903211536457","37.89903211536457","37.89903211536457"
"395","37.87651276458393","37.87651276458393","37.87651276458393"
"396","37.92643452267501","37.92643452267501","37.92643452267501"
"397","38.04699725511822","38.04699725511822","38.04699725511822"
"398","37.989940674444846","37.989940674444846","37.989940674444846"
"399","38.11623386799842","38.11623386799842","38.11623386799842"
"400","38.256152021590566","38.256152021590566","38.256152021590566"
"401","38.35486681154365","38.35486681154365","38.35486681154365"
"402","38.35645737508854","38.35645737508854","38.35645737508854"
"403","38.47663612947177","38.47663612947177","38.47663612947177"
"404","38.522797757275","38.522797757275","38.522797757275"
"405","38.562888792152116","38.562888792152116","38.562888792152116"
"406","38.588078474807155","38.588078474807155","38.588078474807155"
"407","38.72489454526647","38.72489454526647","38.72489454526647"
"408","38.71581046818483","38.71581046818483","38.71581046818483"
"409","38.9229418267748","38.9229418267748","38.9229418267748"
"410","39.13371086551069","39.13371086551069","39.13371086551069"
"411","39.24539036660066","39.24539036660066","39.24539036660066"
"412","39.16425435170666","39.16425435170666","39.16425435170666"
"413","39.27511618857196","39.27511618857196","39.27511618857196"
"414","39.19211498776902","39.19211498776902","39.19211498776902"
"415","39.26336771612332","39.26336771612332","39.26336771612332"
"416","39.463538305556725","39.463538305556725","39.463538305556725"
"417","39.66822122896483","39.66822122896483","39.66822122896483"
"418","39.63877273171835","39.63877273171835","39.63877273171835"
"419","39.733147065122466","39.733147065122466","39.733147065122466"
"420","39.86838323335382","39.86838323335382","39.86838323335382"
"421","40.01431507019195","40.01431507019195","40.01431507019195"
"422","40.01075408044424","40.01075408044424","40.01075408044424"
"423","40.02091910117808","40.02091910117808","40.02091910117808"
"424","40.0059427149027","40.0059427149027","40.0059427149027"
"425","39.95012593062311","39.95012593062311","39.95012593062311"
"426","39.92230672331068","39.92230672331068","39.92230672331068"
"427","40.008551414241154","40.008551414241154","40.008551414241154"
"428","40.09238539438586","40.09238539438586","40.09238539438586"
"429","40.11082465747837","40.11082465747837","40.11082465747837"
"430","40.26114965230692","40.26114965230692","40.26114965230692"
"431","40.24899278211378","40.24899278211378","40.24899278211378"
"432","40.21708064657607","40.21708064657607","40.21708064657607"
"433","40.3361855940285","40.3361855940285","40.3361855940285"
"434","40.38275007481541","40.38275007481541","40.38275007481541"
"435","40.47728875442612","40.47728875442612","40.47728875442612"
"436","40.55263871605945","40.55263871605945","40.55263871605945"
"437","40.51781150090014","40.51781150090014","40.51781150090014"
"438","40.496208135462076","40.496208135462076","40.496208135462076"
"439","40.292477727512306","40.292477727512306","40.292477727512306"
"440","40.19207243719691","40.19207243719691","40.19207243719691"
"441","40.202922186043","40.202922186043","40.202922186043"
"442","40.1140902979119","40.1140902979119","40.1140902979119"
"443","40.239291394437316","40.239291394437316","40.239291394437316"
"444","40.23256260879396","40.23256260879396","40.23256260879396"
"445","40.38347040462657","40.38347040462657","40.38347040462657"
"446","40.25586445638415","40.25586445638415","40.25586445638415"
"447","40.11008016205247","40.11008016205247","40.11008016205247"
"448","40.11970252534229","40.11970252534229","40.11970252534229"
"449","40.19701824078191","40.19701824078191","40.19701824078191"
"450","40.103810686821525","40.103810686821525","40.103810686821525"
"451","40.162082286468646","40.162082286468646","40.162082286468646"
"452","40.299466966798065","40.299466966798065","40.299466966798065"
"453","40.24995809755987","40.24995809755987","40.24995809755987"
"454","40.1732519981428","40.1732519981428","40.1732519981428"
"455","40.03672612545546","40.03672612545546","40.03672612545546"
"456","40.20900051620323","40.20900051620323","40.20900051620323"
"457","40.025360924018315","40.025360924018315","40.025360924018315"
"458","39.9194533854106","39.9194533854106","39.9194533854106"
"459","39.8388328022731","39.8388328022731","39.8388328022731"
"460","39.61771161095589","39.61771161095589","39.61771161095589"
"461","39.550600534820695","39.550600534820695","39.550600534820695"
"462","39.58098918853677","39.58098918853677","39.58098918853677"
"463","39.48530314481293","39.48530314481293","39.48530314481293"
"464","39.51434601233515","39.51434601233515","39.51434601233515"
"465","39.53815656761057","39.53815656761057","39.53815656761057"
"466","39.427400343803455","39.427400343803455","39.427400343803455"
"467","39.34995167116897","39.34995167116897","39.34995167116897"
"468","39.36392785817181","39.36392785817181","39.36392785817181"
"469","39.33109717903455","39.33109717903455","39.33109717903455"
"470","39.166186984906965","39.166186984906965","39.166186984906965"
"471","39.268106881476996","39.268106881476996","39.268106881476996"
"472","39.232138394041975","39.232138394041975","39.232138394041975"
"473","39.197141054830574","39.197141054830574","39.197141054830574"
"474","39.038367740884134","39.038367740884134","39.038367740884134"
"475","38.99285349839338","38.99285349839338","38.99285349839338"
"476","38.93611285972147","38.93611285972147","38.93611285972147"
"477","38.89427866427897","38.89427866427897","38.89427866427897"
"478","38.74303037737234","38.74303037737234","38.74303037737234"
"479","38.467139657854275","38.467139657854275","38.467139657854275"
"480","38.31107591922133","38.31107591922133","38.31107591922133"
"481","38.15570016913785","38.15570016913785","38.15570016913785"
"482","37.969672452627854","37.969672452627854","37.969672452627854"
"483","36.78676473342319","36.78676473342319","36.78676473342319"
"484","35.61625972873036","35.61625972873036","35.61625972873036"
"485","35.54400972411473","35.54400972411473","35.54400972411473"
"486","35.34655434600514","35.34655434600514","35.34655434600514"
"487","35.29415455152717","35.29415455152717","35.29415455152717"
"488","35.22120975602855","35.22120975602855","35.22120975602855"
"489","35.0335649486116","35.0335649486116","35.0335649486116"
"490","34.91725233376463","34.91725233376463","34.91725233376463"
"491","34.85828101942752","34.85828101942752","34.85828101942752"
"492","34.74676097043295","34.74676097043295","34.74676097043295"
"493","34.73701441698213","34.73701441698213","34.73701441698213"
"494","34.67999706327071","34.67999706327071","34.67999706327071"
"495","34.53798799300654","34.53798799300654","34.53798799300654"
"496","34.40101350301964","34.40101350301964","34.40101350301964"
"497","34.33130882203666","34.33130882203666","34.33130882203666"
"498","34.22749301234347","34.22749301234347","34.22749301234347"
"499","34.079511906431","34.079511906431","34.079511906431"
"500","33.95836783167062","33.95836783167062","33.95836783167062"
"501","33.88928537674335","33.88928537674335","33.88928537674335"
"502","33.64142071568029","33.64142071568029","33.64142071568029"
"503","33.432503169128616","33.432503169128616","33.432503169128616"
"504","33.04188098444225","33.04188098444225","33.04188098444225"
"505","32.59108358238911","32.59108358238911","32.59108358238911"
"506","31.933648012365158","31.933648012365158","31.933648012365158"
"507","31.45178363216197","31.45178363216197","31.45178363216197"
"508","30.934113190161007","30.934113190161007","30.934113190161007"
"509","30.33765653445007","30.33765653445007","30.33765653445007"
"510","29.709565609771527","29.709565609771527","29.709565609771527"
"511","28.96324608082301","28.96324608082301","28.96324608082301"
"512","28.330179761083564","28.330179761083564","28.330179761083564"
"513","27.915937717811904","27.915937717811904","27.915937717811904"
"514","27.537563973297946","27.537563973297946","27.537563973297946"
"515","26.980000705977435","26.980000705977435","26.980000705977435"
"516","26.143988795776387","26.143988795776387","26.143988795776387"
"517","25.494460892912468","25.494460892912468","25.494460892912468"
"518","24.740293860838282","24.740293860838282","24.740293860838282"
"519","24.10581389326835","24.10581389326835","24.10581389326835"
"520","23.456673399836472","23.456673399836472","23.456673399836472"
"521","22.90048989951396","22.90048989951396","22.90048989951396"
"522","22.464590177771353","22.464590177771353","22.464590177771353"
"523","21.937138560068743","21.937138560068743","21.937138560068743"
"524","21.778714841500804","21.778714841500804","21.778714841500804"
"525","21.57485746261682","21.57485746261682","21.57485746261682"
"526","21.454850120572555","21.454850120572555","21.454850120572555"
"527","21.36541156009789","21.36541156009789","21.36541156009789"
"528","21.15551255204733","21.15551255204733","21.15551255204733"
"529","20.98352487538028","20.98352487538028","20.98352487538028"
"530","20.72341768158618","20.72341768158618","20.72341768158618"
"531","20.570944656804386","20.570944656804386","20.570944656804386"
"532","20.378316016942446","20.378316016942446","20.378316016942446"
"533","20.25533685395512","20.25533685395512","20.25533685395512"
"534","19.968291902544625","19.968291902544625","19.968291902544625"
"535","19.90291062694294","19.90291062694294","19.90291062694294"
"536","19.74007981898514","19.74007981898514","19.74007981898514"
"537","19.582774239082536","19.582774239082536","19.582774239082536"
"538","19.42008881743317","19.42008881743317","19.42008881743317"
"539","19.278867711334204","19.278867711334204","19.278867711334204"
"540","19.27074140967121","19.27074140967121","19.27074140967121"
"541","19.17983760312829","19.17983760312829","19.17983760312829"
"542","19.0259607763663","19.0259607763663","19.0259607763663"
"543","18.784026918921626","18.784026918921626","18.784026918921626"
"544","18.625931745141752","18.625931745141752","18.625931745141752"
"545","18.39608852346242","18.39608852346242","18.39608852346242"
"546","18.268834390158773","18.268834390158773","18.268834390158773"
"547","18.25831630809513","18.25831630809513","18.25831630809513"
"548","18.161029994863092","18.161029994863092","18.161029994863092"
"549","18.092163143309772","18.092163143309772","18.092163143309772"
"550","18.030215297642172","18.030215297642172","18.030215297642172"
"551","17.993589090242057","17.993589090242057","17.993589090242057"
"552","17.83983425608185","17.83983425608185","17.83983425608185"
"553","17.818201050127865","17.818201050127865","17.818201050127865"
"554","17.94858500853461","17.94858500853461","17.94858500853461"
"555","17.86227606388089","17.86227606388089","17.86227606388089"
"556","17.57388204822597","17.57388204822597","17.57388204822597"
"557","17.523212560089778","17.523212560089778","17.523212560089778"
"558","17.49028717410798","17.49028717410798","17.49028717410798"
"559","17.481789596891502","17.481789596891502","17.481789596891502"
"560","17.498099472793292","17.498099472793292","17.498099472793292"
"561","17.451634001611275","17.451634001611275","17.451634001611275"
"562","17.403469101591508","17.403469101591508","17.403469101591508"
"563","17.363006636938554","17.363006636938554","17.363006636938554"
"564","17.215669447044384","17.215669447044384","17.215669447044384"
"565","17.12322527729022","17.12322527729022","17.12322527729022"
"566","17.140066904314335","17.140066904314335","17.140066904314335"
"567","17.188258708734537","17.188258708734537","17.188258708734537"
"568","17.10328141829046","17.10328141829046","17.10328141829046"
"569","17.060537091764164","17.060537091764164","17.060537091764164"
"570","17.035354831382175","17.035354831382175","17.035354831382175"
"571","16.819998194794643","16.819998194794643","16.819998194794643"
"572","16.704545121356386","16.704545121356386","16.704545121356386"
"573","16.66785795507534","16.66785795507534","16.66785795507534"
"574","16.740743478308904","16.740743478308904","16.740743478308904"
"575","16.81101293658419","16.81101293658419","16.81101293658419"
"576","16.773741650372287","16.773741650372287","16.773741650372287"
"577","16.704602078381466","16.704602078381466","16.704602078381466"
"578","16.749169674027254","16.749169674027254","16.749169674027254"
"579","16.75094295877545","16.75094295877545","16.75094295877545"
"580","16.780154887265997","16.780154887265997","16.780154887265997"
"581","16.75138824268757","16.75138824268757","16.75138824268757"
"582","16.803150923955727","16.803150923955727","16.803150923955727"
"583","17.719154275316285","17.719154275316285","17.719154275316285"
"584","18.72275829359471","18.72275829359471","18.72275829359471"
"585","18.615660668216186","18.615660668216186","18.615660668216186"
"586","18.724030932891655","18.724030932891655","18.724030932891655"
"587","18.699714061371523","18.699714061371523","18.699714061371523"
"588","18.70697482484906","18.70697482484906","18.70697482484906"
"589","18.643786246101843","18.643786246101843","18.643786246101843"
"590","18.671668939323173","18.671668939323173","18.671668939323173"
"591","18.681401479051456","18.681401479051456","18.681401479051456"
"592","18.875685132288382","18.875685132288382","18.875685132288382"
"593","18.91033207197954","18.91033207197954","18.91033207197954"
"594","18.96683190989588","18.96683190989588","18.96683190989588"
"595","19.007067209773705","19.007067209773705","19.007067209773705"
"596","19.066719263860033","19.066719263860033","19.066719263860033"
"597","19.24817773304505","19.24817773304505","19.24817773304505"
"598","19.324779323277216","19.324779323277216","19.324779323277216"
"599","19.401008398340238","19.401008398340238","19.401008398340238"
"600","19.50409389094744","19.50409389094744","19.50409389094744"
"601","19.502038318508458","19.502038318508458","19.502038318508458"
"602","19.716127790108477","19.716127790108477","19.716127790108477"
"603","19.892720397029226","19.892720397029226","19.892720397029226"
"604","20.223700512860123","20.223700512860123","20.223700512860123"
"605","20.624332329531352","20.624332329531352","20.624332329531352"
"606","21.249080612131547","21.249080612131547","21.249080612131547"
"607","21.71228715899695","21.71228715899695","21.71228715899695"
"608","22.247555019718746","22.247555019718746","22.247555019718746"
"609","22.706453909774464","22.706453909774464","22.706453909774464"
"610","23.188305218068745","23.188305218068745","23.188305218068745"
"611","23.90357907259637","23.90357907259637","23.90357907259637"
"612","24.522455229962105","24.522455229962105","24.522455229962105"
"613","24.87316427837857","24.87316427837857","24.87316427837857"
"614","25.360117798957834","25.360117798957834","25.360117798957834"
"615","25.883080517181988","25.883080517181988","25.883080517181988"
"616","26.453434059315224","26.453434059315224","26.453434059315224"
"617","27.035102882676618","27.035102882676618","27.035102882676618"
"618","27.69930355263208","27.69930355263208","27.69930355263208"
"619","28.259518626917014","28.259518626917014","28.259518626917014"
"620","28.772563874714688","28.772563874714688","28.772563874714688"
"621","29.17902521844735","29.17902521844735","29.17902521844735"
"622","29.574614209725624","29.574614209725624","29.574614209725624"
"623","30.13471992346189","30.13471992346189","30.13471992346189"
"624","30.22408965172908","30.22408965172908","30.22408965172908"
"625","30.361511296617902","30.361511296617902","30.361511296617902"
"626","30.478662299539064","30.478662299539064","30.478662299539064"
"627","30.523640861238455","30.523640861238455","30.523640861238455"
"628","30.66778141603536","30.66778141603536","30.66778141603536"
"629","30.759676834202473","30.759676834202473","30.759676834202473"
"630","30.883018304544603","30.883018304544603","30.883018304544603"
"631","30.95177789612404","30.95177789612404","30.95177789612404"
"632","31.037686839594606","31.037686839594606","31.037686839594606"
"633","31.106443377516335","31.106443377516335","31.106443377516335"
"634","31.16336966653085","31.16336966653085","31.16336966653085"
"635","31.238846405536968","31.238846405536968","31.238846405536968"
"636","31.33790991011738","31.33790991011738","31.33790991011738"
"637","31.459533918087473","31.459533918087473","31.459533918087473"
"638","31.60279618154942","31.60279618154942","31.60279618154942"
"639","31.734750084818444","31.734750084818444","31.734750084818444"
"640","31.702698467576045","31.702698467576045","31.702698467576045"
"641","31.811683994622072","31.811683994622072","31.811683994622072"
"642","31.91072024667832","31.91072024667832","31.91072024667832"
"643","32.064214031465454","32.064214031465454","32.064214031465454"
"644","32.17415761274482","32.17415761274482","32.17415761274482"
"645","32.22749097670625","32.22749097670625","32.22749097670625"
"646","32.35891657210151","32.35891657210151","32.35891657210151"
"647","32.33919916433479","32.33919916433479","32.33919916433479"
"648","32.36544187505926","32.36544187505926","32.36544187505926"
"649","32.41158337517838","32.41158337517838","32.41158337517838"
"650","32.43057076635967","32.43057076635967","32.43057076635967"
"651","32.45746445412944","32.45746445412944","32.45746445412944"
"652","32.52672366310107","32.52672366310107","32.52672366310107"
"653","32.50077936688635","32.50077936688635","32.50077936688635"
"654","32.39078609876531","32.39078609876531","32.39078609876531"
"655","32.458166204189986","32.458166204189986","32.458166204189986"
"656","32.544674116710304","32.544674116710304","32.544674116710304"
"657","32.62980840292025","32.62980840292025","32.62980840292025"
"658","32.70126046788144","32.70126046788144","32.70126046788144"
"659","32.844068742172894","32.844068742172894","32.844068742172894"
"660","32.929641634227806","32.929641634227806","32.929641634227806"
"661","33.02687057595897","33.02687057595897","33.02687057595897"
"662","33.08153456229913","33.08153456229913","33.08153456229913"
"663","33.37749119257751","33.37749119257751","33.37749119257751"
"664","33.54008788325089","33.54008788325089","33.54008788325089"
"665","33.65687891934263","33.65687891934263","33.65687891934263"
"666","33.66149351258027","33.66149351258027","33.66149351258027"
"667","33.663313566262005","33.663313566262005","33.663313566262005"
"668","33.80157797049694","33.80157797049694","33.80157797049694"
"669","33.832448684814956","33.832448684814956","33.832448684814956"
"670","33.857119830045484","33.857119830045484","33.857119830045484"
"671","33.788141599795416","33.788141599795416","33.788141599795416"
"672","33.866146239335286","33.866146239335286","33.866146239335286"
"673","33.90915045486261","33.90915045486261","33.90915045486261"
"674","34.165528960707235","34.165528960707235","34.165528960707235"
"675","34.13453301550319","34.13453301550319","34.13453301550319"
"676","34.18616204235201","34.18616204235201","34.18616204235201"
"677","34.15368473920469","34.15368473920469","34.15368473920469"
"678","34.14567442424093","34.14567442424093","34.14567442424093"
"679","34.077130615575804","34.077130615575804","34.077130615575804"
"680","34.070562283689725","34.070562283689725","34.070562283689725"
"681","34.098335084686624","34.098335084686624","34.098335084686624"
"682","34.22291414753963","34.22291414753963","34.22291414753963"
"683","34.29615571021532","34.29615571021532","34.29615571021532"
"684","34.3383594352143","34.3383594352143","34.3383594352143"
"685","34.46676838360225","34.46676838360225","34.46676838360225"
"686","34.43760938524698","34.43760938524698","34.43760938524698"
"687","34.424530724654545","34.424530724654545","34.424530724654545"
"688","34.4021499931017","34.4021499931017","34.4021499931017"
"689","34.460597550882596","34.460597550882596","34.460597550882596"
"690","34.479390826352976","34.479390826352976","34.479390826352976"
"691","34.50630022663354","34.50630022663354","34.50630022663354"
"692","34.380095141583226","34.380095141583226","34.380095141583226"
"693","34.34112682124331","34.34112682124331","34.34112682124331"
"694","34.31033565073936","34.31033565073936","34.31033565073936"
"695","34.37558366511912","34.37558366511912","34.37558366511912"
"696","34.553922662911575","34.553922662911575","34.553922662911575"
"697","34.40110956960045","34.40110956960045","34.40110956960045"
"698","34.45845955324308","34.45845955324308","34.45845955324308"
"699","34.465371780180796","34.465371780180796","34.465371780180796"
"700","34.45455951855467","34.45455951855467","34.45455951855467"
"701","34.4535142653896","34.4535142653896","34.4535142653896"
"702","34.461550439064816","34.461550439064816","34.461550439064816"
"703","34.518416263730686","34.518416263730686","34.518416263730686"
"704","34.47222618812819","34.47222618812819","34.47222618812819"
"705","34.44389843311284","34.44389843311284","34.44389843311284"
"706","34.36343085583423","34.36343085583423","34.36343085583423"
"707","34.35931377487381","34.35931377487381","34.35931377487381"
"708","34.32990581218277","34.32990581218277","34.32990581218277"
"709","34.274928438478454","34.274928438478454","34.274928438478454"
"710","34.23917490035419","34.23917490035419","34.23917490035419"
"711","34.217951063868895","34.217951063868895","34.217951063868895"
"712","34.18876231682611","34.18876231682611","34.18876231682611"
"713","34.183029669608295","34.183029669608295","34.183029669608295"
"714","34.09079358010211","34.09079358010211","34.09079358010211"
"715","34.10796176268377","34.10796176268377","34.10796176268377"
"716","34.30922929475673","34.30922929475673","34.30922929475673"
"717","34.33249840740704","34.33249840740704","34.33249840740704"
"718","34.34565544555553","34.34565544555553","34.34565544555553"
"719","34.51614440221929","34.51614440221929","34.51614440221929"
"720","34.501901047161155","34.501901047161155","34.501901047161155"
"721","34.481093160981615","34.481093160981615","34.481093160981615"
"722","34.49640397355135","34.49640397355135","34.49640397355135"
"723","34.41653025701817","34.41653025701817","34.41653025701817"
"724","34.43207359777938","34.43207359777938","34.43207359777938"
"725","34.34946789017122","34.34946789017122","34.34946789017122"
"726","34.25842075774621","34.25842075774621","34.25842075774621"
"727","34.211587543507925","34.211587543507925","34.211587543507925"
"728","34.17564024564054","34.17564024564054","34.17564024564054"
"729","34.11991858678113","34.11991858678113","34.11991858678113"
"730","34.16636448918085","34.16636448918085","34.16636448918085"
"731","34.18482534660201","34.18482534660201","34.18482534660201"
"732","34.11954379290517","34.11954379290517","34.11954379290517"
"733","34.09959032483574","34.09959032483574","34.09959032483574"
"734","34.14905901288788","34.14905901288788","34.14905901288788"
"735","34.11382476834755","34.11382476834755","34.11382476834755"
"736","34.08294203315105","34.08294203315105","34.08294203315105"
"737","34.04862366613175","34.04862366613175","34.04862366613175"
"738","33.95710370952438","33.95710370952438","33.95710370952438"
"739","33.926141823364304","33.926141823364304","33.926141823364304"
"740","33.988328170908495","33.988328170908495","33.988328170908495"
"741","33.905341037811596","33.905341037811596","33.905341037811596"
"742","33.8949013304495","33.8949013304495","33.8949013304495"
"743","33.86334440680861","33.86334440680861","33.86334440680861"
"744","33.87509903049737","33.87509903049737","33.87509903049737"
"745","33.86945085922896","33.86945085922896","33.86945085922896"
"746","33.848595738808505","33.848595738808505","33.848595738808505"
"747","33.7954224860546","33.7954224860546","33.7954224860546"
"748","33.8100982709293","33.8100982709293","33.8100982709293"
"749","33.792593527200516","33.792593527200516","33.792593527200516"
"750","33.82530317951634","33.82530317951634","33.82530317951634"
"751","33.80482767477806","33.80482767477806","33.80482767477806"
"752","33.78539981494832","33.78539981494832","33.78539981494832"
"753","33.774311575369794","33.774311575369794","33.774311575369794"
"754","33.732296270562216","33.732296270562216","33.732296270562216"
"755","33.7534037444758","33.7534037444758","33.7534037444758"
"756","33.71675392635341","33.71675392635341","33.71675392635341"
"757","33.71182594388898","33.71182594388898","33.71182594388898"
"758","33.667439401486774","33.667439401486774","33.667439401486774"
"759","33.494228853845854","33.494228853845854","33.494228853845854"
"760","33.44037649404432","33.44037649404432","33.44037649404432"
"761","33.37480213684204","33.37480213684204","33.37480213684204"
"762","33.343734072271616","33.343734072271616","33.343734072271616"
"763","33.070994735315324","33.070994735315324","33.070994735315324"
"764","33.00036641220737","33.00036641220737","33.00036641220737"
"765","32.87630401923496","32.87630401923496","32.87630401923496"
"766","32.91474387076858","32.91474387076858","32.91474387076858"
"767","32.918990611854824","32.918990611854824","32.918990611854824"
"768","32.88040411937458","32.88040411937458","32.88040411937458"
"769","32.850230087688544","32.850230087688544","32.850230087688544"
"770","32.82521999781427","32.82521999781427","32.82521999781427"
"771","32.84053908094705","32.84053908094705","32.84053908094705"
"772","32.81035863159166","32.81035863159166","32.81035863159166"
"773","32.74150249602215","32.74150249602215","32.74150249602215"
"774","32.42919276826026","32.42919276826026","32.42919276826026"
"775","32.42671276945563","32.42671276945563","32.42671276945563"
"776","32.42025408983172","32.42025408983172","32.42025408983172"
"777","32.396945471297364","32.396945471297364","32.396945471297364"
"778","32.43330135328637","32.43330135328637","32.43330135328637"
"779","32.50824456376897","32.50824456376897","32.50824456376897"
"780","32.55461255162896","32.55461255162896","32.55461255162896"
"781","32.76569463914202","32.76569463914202","32.76569463914202"
"782","32.65430515590997","32.65430515590997","32.65430515590997"
"783","32.59802504835592","32.59802504835592","32.59802504835592"
"784","32.55750149981992","32.55750149981992","32.55750149981992"
"785","32.58366220621334","32.58366220621334","32.58366220621334"
"786","32.63595302805246","32.63595302805246","32.63595302805246"
"787","32.691941474433406","32.691941474433406","32.691941474433406"
"788","32.74200818844081","32.74200818844081","32.74200818844081"
"789","32.747927681567965","32.747927681567965","32.747927681567965"
"790","32.75557019139349","32.75557019139349","32.75557019139349"
"791","32.73426366532862","32.73426366532862","32.73426366532862"
"792","32.62113862572878","32.62113862572878","32.62113862572878"
"793","32.59305829471617","32.59305829471617","32.59305829471617"
"794","32.49145616686612","32.49145616686612","32.49145616686612"
"795","32.45233483485354","32.45233483485354","32.45233483485354"
"796","32.202211175872364","32.202211175872364","32.202211175872364"
"797","32.091727030048496","32.091727030048496","32.091727030048496"
"798","31.969269564258283","31.969269564258283","31.969269564258283"
"799","31.90037506175635","31.90037506175635","31.90037506175635"
"800","31.88872953999264","31.88872953999264","31.88872953999264"
"801","31.784772449316804","31.784772449316804","31.784772449316804"
"802","31.698500893352904","31.698500893352904","31.698500893352904"
"803","31.54132707613928","31.54132707613928","31.54132707613928"
"804","31.554496723732445","31.554496723732445","31.554496723732445"
"805","31.63980946779484","31.63980946779484","31.63980946779484"
"806","31.691446426047477","31.691446426047477","31.691446426047477"
"807","31.637925109306817","31.637925109306817","31.637925109306817"
"808","31.52887435797835","31.52887435797835","31.52887435797835"
"809","31.542227530668026","31.542227530668026","31.542227530668026"
"810","31.454379503431266","31.454379503431266","31.454379503431266"
"811","31.43870047956938","31.43870047956938","31.43870047956938"
"812","31.42644581879722","31.42644581879722","31.42644581879722"
"813","31.35550469880225","31.35550469880225","31.35550469880225"
"814","31.30232685220195","31.30232685220195","31.30232685220195"
"815","31.212076708010862","31.212076708010862","31.212076708010862"
"816","31.088347102503757","31.088347102503757","31.088347102503757"
"817","30.99844397769077","30.99844397769077","30.99844397769077"
"818","30.953942748892587","30.953942748892587","30.953942748892587"
"819","30.798645609233063","30.798645609233063","30.798645609233063"
"820","30.782105263441334","30.782105263441334","30.782105263441334"
"821","30.77151320175035","30.77151320175035","30.77151320175035"
"822","30.680862628000323","30.680862628000323","30.680862628000323"
"823","30.757917609869036","30.757917609869036","30.757917609869036"
"824","30.708344895655756","30.708344895655756","30.708344895655756"
"825","30.753822430337312","30.753822430337312","30.753822430337312"
"826","30.84917016158113","30.84917016158113","30.84917016158113"
"827","30.773322712706868","30.773322712706868","30.773322712706868"
"828","30.753893472703638","30.753893472703638","30.753893472703638"
"829","30.840521058666056","30.840521058666056","30.840521058666056"
"830","30.753838653175627","30.753838653175627","30.753838653175627"
"831","30.725556803105864","30.725556803105864","30.725556803105864"
"832","30.81353061103495","30.81353061103495","30.81353061103495"
"833","30.838857102722397","30.838857102722397","30.838857102722397"
"834","30.81942046777578","30.81942046777578","30.81942046777578"
"835","30.75269557834836","30.75269557834836","30.75269557834836"
"836","30.86008339700522","30.86008339700522","30.86008339700522"
"837","30.87486359942937","30.87486359942937","30.87486359942937"
"838","30.911884991119152","30.911884991119152","30.911884991119152"
"839","30.892095574850682","30.892095574850682","30.892095574850682"
"840","30.829780948220286","30.829780948220286","30.829780948220286"
"841","30.85955372283468","30.85955372283468","30.85955372283468"
"842","30.847220735719894","30.847220735719894","30.847220735719894"
"843","30.789864792751615","30.789864792751615","30.789864792751615"
"844","30.703824614158364","30.703824614158364","30.703824614158364"
"845","30.63451957967365","30.63451957967365","30.63451957967365"
"846","30.55217074677581","30.55217074677581","30.55217074677581"
"847","30.519172281904613","30.519172281904613","30.519172281904613"
"848","30.509433746712748","30.509433746712748","30.509433746712748"
"849","30.404250652345365","30.404250652345365","30.404250652345365"
"850","30.307672038881574","30.307672038881574","30.307672038881574"
"851","30.282606322045904","30.282606322045904","30.282606322045904"
"852","30.19623818495078","30.19623818495078","30.19623818495078"
"853","30.16178323905682","30.16178323905682","30.16178323905682"
"854","30.17248352560913","30.17248352560913","30.17248352560913"
"855","30.096122545131948","30.096122545131948","30.096122545131948"
"856","30.074685504788068","30.074685504788068","30.074685504788068"
"857","30.016303163764533","30.016303163764533","30.016303163764533"
"858","30.040360466928686","30.040360466928686","30.040360466928686"
"859","30.04794618619373","30.04794618619373","30.04794618619373"
"860","29.95289055131143","29.95289055131143","29.95289055131143"
"861","29.924579347274268","29.924579347274268","29.924579347274268"
"862","29.934322357638738","29.934322357638738","29.934322357638738"
"863","29.87752994430717","29.87752994430717","29.87752994430717"
"864","29.840946161034516","29.840946161034516","29.840946161034516"
"865","29.82075430105906","29.82075430105906","29.82075430105906"
"866","29.681150209358893","29.681150209358893","29.681150209358893"
"867","29.56712397856172","29.56712397856172","29.56712397856172"
"868","29.418407276007347","29.418407276007347","29.418407276007347"
"869","29.348148483592084","29.348148483592084","29.348148483592084"
"870","29.295482058296912","29.295482058296912","29.295482058296912"
"871","29.263007249902003","29.263007249902003","29.263007249902003"
"872","29.220137123647145","29.220137123647145","29.220137123647145"
"873","29.19943891057279","29.19943891057279","29.19943891057279"
"874","29.171395871373825","29.171395871373825","29.171395871373825"
"875","29.124224804560654","29.124224804560654","29.124224804560654"
"876","29.040946876606903","29.040946876606903","29.040946876606903"
"877","29.135321954446844","29.135321954446844","29.135321954446844"
"878","29.10449094945099","29.10449094945099","29.10449094945099"
"879","29.088575876555407","29.088575876555407","29.088575876555407"
"880","29.018869308321737","29.018869308321737","29.018869308321737"
"881","28.808069331436418","28.808069331436418","28.808069331436418"
"882","28.810698283682576","28.810698283682576","28.810698283682576"
"883","28.87398162863683","28.87398162863683","28.87398162863683"
"884","28.822872897624038","28.822872897624038","28.822872897624038"
"885","28.763251235350037","28.763251235350037","28.763251235350037"
"886","28.73906581602525","28.73906581602525","28.73906581602525"
"887","28.719808867494574","28.719808867494574","28.719808867494574"
"888","28.69528300588485","28.69528300588485","28.69528300588485"
"889","28.637585198476444","28.637585198476444","28.637585198476444"
"890","28.578416260525117","28.578416260525117","28.578416260525117"
"891","28.5855582927051","28.5855582927051","28.5855582927051"
"892","28.69917336000828","28.69917336000828","28.69917336000828"
"893","28.70697578520281","28.70697578520281","28.70697578520281"
"894","28.844476331665646","28.844476331665646","28.844476331665646"
"895","28.915953560310882","28.915953560310882","28.915953560310882"
"896","29.018141647938172","29.018141647938172","29.018141647938172"
"897","29.105064363561105","29.105064363561105","29.105064363561105"
"898","29.184698559686076","29.184698559686076","29.184698559686076"
"899","29.216325215741527","29.216325215741527","29.216325215741527"
"900","29.23685717710061","29.23685717710061","29.23685717710061"
"901","29.356000108073932","29.356000108073932","29.356000108073932"
"902","29.370864648807327","29.370864648807327","29.370864648807327"
"903","28.61301018717466","28.61301018717466","28.61301018717466"
"904","28.61845754937036","28.61845754937036","28.61845754937036"
"905","28.50120225206716","28.50120225206716","28.50120225206716"
"906","27.498919650528116","27.498919650528116","27.498919650528116"
"907","26.676154113456143","26.676154113456143","26.676154113456143"
"908","25.8874494839157","25.8874494839157","25.8874494839157"
"909","25.11745647161035","25.11745647161035","25.11745647161035"
"910","24.445844074215273","24.445844074215273","24.445844074215273"
"911","23.546743898529094","23.546743898529094","23.546743898529094"
"912","22.86890123353107","22.86890123353107","22.86890123353107"
"913","22.894116971238983","22.894116971238983","22.894116971238983"
"914","22.097210221036804","22.097210221036804","22.097210221036804"
"915","22.150745128623676","22.150745128623676","22.150745128623676"
"916","22.12899412964238","22.12899412964238","22.12899412964238"
"917","21.771813029709737","21.771813029709737","21.771813029709737"
"918","21.820189554102253","21.820189554102253","21.820189554102253"
"919","20.81900528616039","20.81900528616039","20.81900528616039"
"920","20.81934276682092","20.81934276682092","20.81934276682092"
"921","20.846227499383968","20.846227499383968","20.846227499383968"
"922","20.926917480684352","20.926917480684352","20.926917480684352"
"923","20.83491784215672","20.83491784215672","20.83491784215672"
"924","20.109574204559905","20.109574204559905","20.109574204559905"
"925","19.147581417306792","19.147581417306792","19.147581417306792"
"926","19.054151894811074","19.054151894811074","19.054151894811074"
"927","18.26667545654578","18.26667545654578","18.26667545654578"
"928","18.284924315165263","18.284924315165263","18.284924315165263"
"929","18.20523555014981","18.20523555014981","18.20523555014981"
"930","17.353937749385366","17.353937749385366","17.353937749385366"
"931","17.346358346033377","17.346358346033377","17.346358346033377"
"932","17.32886496605119","17.32886496605119","17.32886496605119"
"933","17.303644182605204","17.303644182605204","17.303644182605204"
"934","17.263501481299755","17.263501481299755","17.263501481299755"
"935","16.496991594803987","16.496991594803987","16.496991594803987"
"936","16.346497078023386","16.346497078023386","16.346497078023386"
"937","16.325781030615325","16.325781030615325","16.325781030615325"
"938","16.31854980474105","16.31854980474105","16.31854980474105"
"939","16.31388973504072","16.31388973504072","16.31388973504072"
"940","16.298937734009233","16.298937734009233","16.298937734009233"
"941","15.599141866804565","15.599141866804565","15.599141866804565"
"942","15.636970860471484","15.636970860471484","15.636970860471484"
"943","15.679306290687528","15.679306290687528","15.679306290687528"
"944","15.682799569999334","15.682799569999334","15.682799569999334"
"945","15.766620939688291","15.766620939688291","15.766620939688291"
"946","15.853599212819244","15.853599212819244","15.853599212819244"
"947","15.860895391067025","15.860895391067025","15.860895391067025"
"948","15.848871554767248","15.848871554767248","15.848871554767248"
"949","15.866884021961596","15.866884021961596","15.866884021961596"
"950","15.841707706765737","15.841707706765737","15.841707706765737"
"951","15.834635418539401","15.834635418539401","15.834635418539401"
"952","15.915821966098155","15.915821966098155","15.915821966098155"
"953","15.997844787647482","15.997844787647482","15.997844787647482"
"954","15.941977482845541","15.941977482845541","15.941977482845541"
"955","16.004517772940453","16.004517772940453","16.004517772940453"
"956","16.015295581815298","16.015295581815298","16.015295581815298"
"957","15.981714316119906","15.981714316119906","15.981714316119906"
"958","15.96573494968703","15.96573494968703","15.96573494968703"
"959","15.943416049012448","15.943416049012448","15.943416049012448"
"960","15.951638492567","15.951638492567","15.951638492567"
"961","15.909169106381015","15.909169106381015","15.909169106381015"
"962","15.877294952301309","15.877294952301309","15.877294952301309"
"963","15.933521033870056","15.933521033870056","15.933521033870056"
"964","15.975868109753355","15.975868109753355","15.975868109753355"
"965","16.016841721488163","16.016841721488163","16.016841721488163"
"966","16.03534258536063","16.03534258536063","16.03534258536063"
"967","16.148639091914518","16.148639091914518","16.148639091914518"
"968","16.166858228249474","16.166858228249474","16.166858228249474"
"969","16.16563332750462","16.16563332750462","16.16563332750462"
"970","16.12262199160643","16.12262199160643","16.12262199160643"
"971","16.11071233692579","16.11071233692579","16.11071233692579"
"972","16.11494741843082","16.11494741843082","16.11494741843082"
"973","16.07481712578796","16.07481712578796","16.07481712578796"
"974","16.08927922268398","16.08927922268398","16.08927922268398"
"975","16.041290550557896","16.041290550557896","16.041290550557896"
"976","16.016643498046324","16.016643498046324","16.016643498046324"
"977","15.781658356706611","15.781658356706611","15.781658356706611"
"978","15.71031672963407","15.71031672963407","15.71031672963407"
"979","15.630137591804377","15.630137591804377","15.630137591804377"
"980","15.636220117374323","15.636220117374323","15.636220117374323"
"981","15.596156791443937","15.596156791443937","15.596156791443937"
"982","15.54004458823707","15.54004458823707","15.54004458823707"
"983","15.439025899185799","15.439025899185799","15.439025899185799"
"984","15.484533970071935","15.484533970071935","15.484533970071935"
"985","15.470932911126875","15.470932911126875","15.470932911126875"
"986","15.401163175734691","15.401163175734691","15.401163175734691"
"987","15.386644563651643","15.386644563651643","15.386644563651643"
"988","15.326948836143128","15.326948836143128","15.326948836143128"
"989","15.299232305842452","15.299232305842452","15.299232305842452"
"990","15.275211442331784","15.275211442331784","15.275211442331784"
"991","15.23418148947414","15.23418148947414","15.23418148947414"
"992","15.13948154875543","15.13948154875543","15.13948154875543"
"993","15.043542842729948","15.043542842729948","15.043542842729948"
"994","14.920980179696343","14.920980179696343","14.920980179696343"
"995","14.817313842917793","14.817313842917793","14.817313842917793"
"996","14.716577297854236","14.716577297854236","14.716577297854236"
"997","14.679527351683937","14.679527351683937","14.679527351683937"
"998","14.64936999426689","14.64936999426689","14.64936999426689"
"999","14.657129276185296","14.657129276185296","14.657129276185296"
"1000","14.58960139261093","14.58960139261093","14.58960139261093"
"1001","14.515164216007106","14.515164216007106","14.515164216007106"
"1002","14.569837479754352","14.569837479754352","14.569837479754352"
"1003","15.382882374874317","15.382882374874317","15.382882374874317"
"1004","15.359655980276875","15.359655980276875","15.359655980276875"
"1005","15.319340911651961","15.319340911651961","15.319340911651961"
"1006","16.276344689591788","16.276344689591788","16.276344689591788"
"1007","17.148924985784106","17.148924985784106","17.148924985784106"
"1008","17.92845610437449","17.92845610437449","17.92845610437449"
"1009","18.696428592666052","18.696428592666052","18.696428592666052"
"1010","19.41429446216207","19.41429446216207","19.41429446216207"
"1011","20.31621703402605","20.31621703402605","20.31621703402605"
"1012","20.982048693704417","20.982048693704417","20.982048693704417"
"1013","20.992241199961864","20.992241199961864","20.992241199961864"
"1014","21.81851247859653","21.81851247859653","21.81851247859653"
"1015","21.826259913197717","21.826259913197717","21.826259913197717"
"1016","21.760687448135577","21.760687448135577","21.760687448135577"
"1017","22.052402998465112","22.052402998465112","22.052402998465112"
"1018","22.043852782803587","22.043852782803587","22.043852782803587"
"1019","23.047485993779265","23.047485993779265","23.047485993779265"
"1020","22.99000523661729","22.99000523661729","22.99000523661729"
"1021","22.96693666895386","22.96693666895386","22.96693666895386"
"1022","22.911717318496667","22.911717318496667","22.911717318496667"
"1023","22.967532983305865","22.967532983305865","22.967532983305865"
"1024","23.640413460168055","23.640413460168055","23.640413460168055"
"1025","24.564939671303147","24.564939671303147","24.564939671303147"
"1026","24.631895461003296","24.631895461003296","24.631895461003296"
"1027","25.452648799787276","25.452648799787276","25.452648799787276"
"1028","25.40409263964277","25.40409263964277","25.40409263964277"
"1029","25.536715514170936","25.536715514170936","25.536715514170936"
"1030","26.29851765846368","26.29851765846368","26.29851765846368"
"1031","26.293029418750667","26.293029418750667","26.293029418750667"
"1032","26.218384519922548","26.218384519922548","26.218384519922548"
"1033","26.19839249753859","26.19839249753859","26.19839249753859"
"1034","26.23136531060096","26.23136531060096","26.23136531060096"
"1035","26.986524339723402","26.986524339723402","26.986524339723402"
"1036","26.961791660194287","26.961791660194287","26.961791660194287"
"1037","26.88731355531607","26.88731355531607","26.88731355531607"
"1038","26.705026942724363","26.705026942724363","26.705026942724363"
"1039","26.67869900445454","26.67869900445454","26.67869900445454"
"1040","26.677305529573932","26.677305529573932","26.677305529573932"
"1041","27.321205691201612","27.321205691201612","27.321205691201612"
"1042","27.240056228553875","27.240056228553875","27.240056228553875"
"1043","27.257853249209003","27.257853249209003","27.257853249209003"
"1044","27.24291668969672","27.24291668969672","27.24291668969672"
"1045","26.85041411431506","26.85041411431506","26.85041411431506"
"1046","26.753018127586692","26.753018127586692","26.753018127586692"
"1047","26.717252331338823","26.717252331338823","26.717252331338823"
"1048","26.64723373530491","26.64723373530491","26.64723373530491"
"1049","26.653383200131938","26.653383200131938","26.653383200131938"
"1050","26.652046283074306","26.652046283074306","26.652046283074306"
"1051","26.168840419557526","26.168840419557526","26.168840419557526"
"1052","25.823288557883934","25.823288557883934","25.823288557883934"
"1053","25.167697952315795","25.167697952315795","25.167697952315795"
"1054","24.849473371878847","24.849473371878847","24.849473371878847"
"1055","24.18692953616439","24.18692953616439","24.18692953616439"
"1056","23.676879026573733","23.676879026573733","23.676879026573733"
"1057","23.023043391793617","23.023043391793617","23.023043391793617"
"1058","22.4808061466465","22.4808061466465","22.4808061466465"
"1059","22.06696477048623","22.06696477048623","22.06696477048623"
"1060","21.619218109981738","21.619218109981738","21.619218109981738"
"1061","20.98495614097046","20.98495614097046","20.98495614097046"
"1062","20.921994206519447","20.921994206519447","20.921994206519447"
"1063","20.50794686921465","20.50794686921465","20.50794686921465"
"1064","19.892442508321984","19.892442508321984","19.892442508321984"
"1065","19.3691327534437","19.3691327534437","19.3691327534437"
"1066","18.87478882640673","18.87478882640673","18.87478882640673"
"1067","18.503420861066115","18.503420861066115","18.503420861066115"
"1068","18.02015796193926","18.02015796193926","18.02015796193926"
"1069","17.940070683733357","17.940070683733357","17.940070683733357"
"1070","17.430547243078035","17.430547243078035","17.430547243078035"
"1071","17.323731492460503","17.323731492460503","17.323731492460503"
"1072","17.08318014146833","17.08318014146833","17.08318014146833"
"1073","16.843349566427786","16.843349566427786","16.843349566427786"
"1074","16.816664839876612","16.816664839876612","16.816664839876612"
"1075","16.821121707675776","16.821121707675776","16.821121707675776"
"1076","16.6190350236425","16.6190350236425","16.6190350236425"
"1077","16.564820165248385","16.564820165248385","16.564820165248385"
"1078","16.22816705707999","16.22816705707999","16.22816705707999"
"1079","15.85076200775904","15.85076200775904","15.85076200775904"
"1080","15.800002337434416","15.800002337434416","15.800002337434416"
"1081","15.7042668053518","15.7042668053518","15.7042668053518"
"1082","15.659631319508044","15.659631319508044","15.659631319508044"
"1083","15.641041557915596","15.641041557915596","15.641041557915596"
"1084","15.587930621259002","15.587930621259002","15.587930621259002"
"1085","15.588995614700107","15.588995614700107","15.588995614700107"
"1086","15.57653661844888","15.57653661844888","15.57653661844888"
"1087","15.514583855919627","15.514583855919627","15.514583855919627"
"1088","15.564199903789994","15.564199903789994","15.564199903789994"
"1089","15.576558780741033","15.576558780741033","15.576558780741033"
"1090","15.641253144774673","15.641253144774673","15.641253144774673"
"1091","15.59910352861145","15.59910352861145","15.59910352861145"
"1092","15.615546291709034","15.615546291709034","15.615546291709034"
"1093","15.637184945862828","15.637184945862828","15.637184945862828"
"1094","15.626586953099904","15.626586953099904","15.626586953099904"
"1095","15.641445796020417","15.641445796020417","15.641445796020417"
"1096","15.715934305839328","15.715934305839328","15.715934305839328"
"1097","15.741754527069716","15.741754527069716","15.741754527069716"
"1098","15.945920694951056","15.945920694951056","15.945920694951056"
"1099","15.899978738870558","15.899978738870558","15.899978738870558"
"1100","15.940357954926876","15.940357954926876","15.940357954926876"
"1101","15.924294182021258","15.924294182021258","15.924294182021258"
"1102","15.920609672680584","15.920609672680584","15.920609672680584"
"1103","15.920994513478217","15.920994513478217","15.920994513478217"
"1104","15.929483529344289","15.929483529344289","15.929483529344289"
"1105","15.971589893490163","15.971589893490163","15.971589893490163"
"1106","16.007026279397397","16.007026279397397","16.007026279397397"
"1107","16.01412883154684","16.01412883154684","16.01412883154684"
"1108","16.136194614857523","16.136194614857523","16.136194614857523"
"1109","16.20968771871747","16.20968771871747","16.20968771871747"
"1110","16.290598409628583","16.290598409628583","16.290598409628583"
"1111","16.279150591088545","16.279150591088545","16.279150591088545"
"1112","16.32659693146692","16.32659693146692","16.32659693146692"
"1113","16.32711771296905","16.32711771296905","16.32711771296905"
"1114","16.340965524004858","16.340965524004858","16.340965524004858"
"1115","16.275560695534658","16.275560695534658","16.275560695534658"
"1116","16.335248126318767","16.335248126318767","16.335248126318767"
"1117","16.407124953741295","16.407124953741295","16.407124953741295"
"1118","16.441877616053535","16.441877616053535","16.441877616053535"
"1119","16.4340877677557","16.4340877677557","16.4340877677557"
"1120","16.512902587266726","16.512902587266726","16.512902587266726"
"1121","16.431649145489647","16.431649145489647","16.431649145489647"
"1122","16.41457589543061","16.41457589543061","16.41457589543061"
"1123","16.41386242792578","16.41386242792578","16.41386242792578"
"1124","16.46177494831951","16.46177494831951","16.46177494831951"
"1125","16.505885609431278","16.505885609431278","16.505885609431278"
"1126","16.518593991404487","16.518593991404487","16.518593991404487"
"1127","16.603296573689295","16.603296573689295","16.603296573689295"
"1128","16.653633747423154","16.653633747423154","16.653633747423154"
"1129","16.53437350068809","16.53437350068809","16.53437350068809"
"1130","16.613205908821982","16.613205908821982","16.613205908821982"
"1131","16.65300463373409","16.65300463373409","16.65300463373409"
"1132","16.715597607983362","16.715597607983362","16.715597607983362"
"1133","16.78809558101566","16.78809558101566","16.78809558101566"
"1134","16.808838708443655","16.808838708443655","16.808838708443655"
"1135","16.92034311915384","16.92034311915384","16.92034311915384"
"1136","17.008707216052425","17.008707216052425","17.008707216052425"
"1137","17.118992404813035","17.118992404813035","17.118992404813035"
"1138","17.29437104785917","17.29437104785917","17.29437104785917"
"1139","17.290143064131115","17.290143064131115","17.290143064131115"
"1140","17.29948955308748","17.29948955308748","17.29948955308748"
"1141","17.38023200161857","17.38023200161857","17.38023200161857"
"1142","17.378442333080894","17.378442333080894","17.378442333080894"
"1143","17.37094245560569","17.37094245560569","17.37094245560569"
"1144","17.503240577165126","17.503240577165126","17.503240577165126"
"1145","17.95142951925387","17.95142951925387","17.95142951925387"
"1146","18.12441711159001","18.12441711159001","18.12441711159001"
"1147","18.21259304696272","18.21259304696272","18.21259304696272"
"1148","18.338758868030126","18.338758868030126","18.338758868030126"
"1149","18.42816425302517","18.42816425302517","18.42816425302517"
"1150","18.531218529264297","18.531218529264297","18.531218529264297"
"1151","19.03981558540356","19.03981558540356","19.03981558540356"
"1152","19.435528255882527","19.435528255882527","19.435528255882527"
"1153","20.115969674228545","20.115969674228545","20.115969674228545"
"1154","20.54755599060547","20.54755599060547","20.54755599060547"
"1155","21.222689202776966","21.222689202776966","21.222689202776966"
"1156","22.188901988142025","22.188901988142025","22.188901988142025"
"1157","22.860885851057102","22.860885851057102","22.860885851057102"
"1158","23.437937532677168","23.437937532677168","23.437937532677168"
"1159","24.292291435208025","24.292291435208025","24.292291435208025"
"1160","24.860286712236558","24.860286712236558","24.860286712236558"
"1161","25.592108594700548","25.592108594700548","25.592108594700548"
"1162","25.715727749205982","25.715727749205982","25.715727749205982"
"1163","26.17061546897501","26.17061546897501","26.17061546897501"
"1164","26.849624768388168","26.849624768388168","26.849624768388168"
"1165","27.43220221939002","27.43220221939002","27.43220221939002"
"1166","28.013931061126932","28.013931061126932","28.013931061126932"
"1167","28.37444832819019","28.37444832819019","28.37444832819019"
"1168","28.993129977746577","28.993129977746577","28.993129977746577"
"1169","29.20491525180143","29.20491525180143","29.20491525180143"
"1170","29.776845115883916","29.776845115883916","29.776845115883916"
"1171","29.953191596339167","29.953191596339167","29.953191596339167"
"1172","30.3089830631527","30.3089830631527","30.3089830631527"
"1173","30.623346996819308","30.623346996819308","30.623346996819308"
"1174","30.776323367617735","30.776323367617735","30.776323367617735"
"1175","30.894780305735477","30.894780305735477","30.894780305735477"
"1176","31.38405844860914","31.38405844860914","31.38405844860914"
"1177","31.708309590245772","31.708309590245772","31.708309590245772"
"1178","32.11657496303058","32.11657496303058","32.11657496303058"
"1179","32.61202542925428","32.61202542925428","32.61202542925428"
"1180","32.72944642638962","32.72944642638962","32.72944642638962"
"1181","32.95561382750224","32.95561382750224","32.95561382750224"
"1182","33.0569338802126","33.0569338802126","33.0569338802126"
"1183","33.18866360276647","33.18866360276647","33.18866360276647"
"1184","33.232017078694774","33.232017078694774","33.232017078694774"
"1185","33.24259404211946","33.24259404211946","33.24259404211946"
"1186","33.31294789313979","33.31294789313979","33.31294789313979"
"1187","33.396795035206594","33.396795035206594","33.396795035206594"
"1188","33.40260195472918","33.40260195472918","33.40260195472918"
"1189","33.501816412151676","33.501816412151676","33.501816412151676"
"1190","33.47140915881551","33.47140915881551","33.47140915881551"
"1191","33.56757721900649","33.56757721900649","33.56757721900649"
"1192","33.658179751724816","33.658179751724816","33.658179751724816"
"1193","33.76199518469802","33.76199518469802","33.76199518469802"
"1194","33.88142698565207","33.88142698565207","33.88142698565207"
"1195","33.97146870994649","33.97146870994649","33.97146870994649"
"1196","34.01559159422002","34.01559159422002","34.01559159422002"
"1197","34.07169555177621","34.07169555177621","34.07169555177621"
"1198","33.945562583460124","33.945562583460124","33.945562583460124"
"1199","34.06500728013984","34.06500728013984","34.06500728013984"
"1200","34.084805993429036","34.084805993429036","34.084805993429036"
"1201","34.215959196882906","34.215959196882906","34.215959196882906"
"1202","34.239112369726065","34.239112369726065","34.239112369726065"
"1203","34.283975243261665","34.283975243261665","34.283975243261665"
"1204","34.31581878363213","34.31581878363213","34.31581878363213"
"1205","34.309752047481595","34.309752047481595","34.309752047481595"
"1206","34.28660942872113","34.28660942872113","34.28660942872113"
"1207","34.3078802761581","34.3078802761581","34.3078802761581"
"1208","34.23198627279664","34.23198627279664","34.23198627279664"
"1209","34.205074343667945","34.205074343667945","34.205074343667945"
"1210","34.24525704362022","34.24525704362022","34.24525704362022"
"1211","34.22842730265634","34.22842730265634","34.22842730265634"
"1212","34.244275383861385","34.244275383861385","34.244275383861385"
"1213","34.27199928254413","34.27199928254413","34.27199928254413"
"1214","34.33030329183268","34.33030329183268","34.33030329183268"
"1215","34.40347877432185","34.40347877432185","34.40347877432185"
"1216","34.45244333474489","34.45244333474489","34.45244333474489"
"1217","34.467335154214524","34.467335154214524","34.467335154214524"
"1218","34.501752521941086","34.501752521941086","34.501752521941086"
"1219","34.56654248016479","34.56654248016479","34.56654248016479"
"1220","34.618369428073635","34.618369428073635","34.618369428073635"
"1221","34.72341769675317","34.72341769675317","34.72341769675317"
"1222","34.81749063501658","34.81749063501658","34.81749063501658"
"1223","34.859527737140304","34.859527737140304","34.859527737140304"
"1224","34.900714317854145","34.900714317854145","34.900714317854145"
"1225","34.94919143976236","34.94919143976236","34.94919143976236"
"1226","34.97180926251749","34.97180926251749","34.97180926251749"
"1227","34.9435975378711","34.9435975378711","34.9435975378711"
"1228","34.946268187589595","34.946268187589595","34.946268187589595"
"1229","34.9790538790595","34.9790538790595","34.9790538790595"
"1230","34.98981917790661","34.98981917790661","34.98981917790661"
"1231","35.05664427522162","35.05664427522162","35.05664427522162"
"1232","35.09615964755008","35.09615964755008","35.09615964755008"
"1233","35.073270567148576","35.073270567148576","35.073270567148576"
"1234","35.122499778210766","35.122499778210766","35.122499778210766"
"1235","35.11060724764655","35.11060724764655","35.11060724764655"
"1236","35.16878144742513","35.16878144742513","35.16878144742513"
"1237","35.16300726402144","35.16300726402144","35.16300726402144"
"1238","35.23073142371664","35.23073142371664","35.23073142371664"
"1239","35.278597740303375","35.278597740303375","35.278597740303375"
"1240","35.45844706935401","35.45844706935401","35.45844706935401"
"1241","35.49248965842358","35.49248965842358","35.49248965842358"
"1242","35.58436012604914","35.58436012604914","35.58436012604914"
"1243","35.58907663725026","35.58907663725026","35.58907663725026"
"1244","35.51058274531446","35.51058274531446","35.51058274531446"
"1245","35.43155171021528","35.43155171021528","35.43155171021528"
"1246","35.364763078142424","35.364763078142424","35.364763078142424"
"1247","35.52959290079074","35.52959290079074","35.52959290079074"
"1248","35.55117768718163","35.55117768718163","35.55117768718163"
"1249","35.487471534388604","35.487471534388604","35.487471534388604"
"1250","35.458274196464046","35.458274196464046","35.458274196464046"
"1251","35.50862792447529","35.50862792447529","35.50862792447529"
"1252","35.5063362119472","35.5063362119472","35.5063362119472"
"1253","35.45838423229143","35.45838423229143","35.45838423229143"
"1254","35.45053512554004","35.45053512554004","35.45053512554004"
"1255","35.43761755953863","35.43761755953863","35.43761755953863"
"1256","35.0755661864797","35.0755661864797","35.0755661864797"
"1257","35.117768302497865","35.117768302497865","35.117768302497865"
"1258","35.16219709334284","35.16219709334284","35.16219709334284"
"1259","34.83414289794251","34.83414289794251","34.83414289794251"
"1260","34.83972917978972","34.83972917978972","34.83972917978972"
"1261","34.88436842074007","34.88436842074007","34.88436842074007"
"1262","34.91782323387772","34.91782323387772","34.91782323387772"
"1263","34.91309905794769","34.91309905794769","34.91309905794769"
"1264","34.901466263004984","34.901466263004984","34.901466263004984"
"1265","34.92054816979304","34.92054816979304","34.92054816979304"
"1266","34.92608994775772","34.92608994775772","34.92608994775772"
"1267","34.941244834338725","34.941244834338725","34.941244834338725"
"1268","34.920088801126404","34.920088801126404","34.920088801126404"
"1269","34.90033712175064","34.90033712175064","34.90033712175064"
"1270","34.9184196292641","34.9184196292641","34.9184196292641"
"1271","34.977834086793884","34.977834086793884","34.977834086793884"
"1272","34.951197202972544","34.951197202972544","34.951197202972544"
"1273","35.05670036582596","35.05670036582596","35.05670036582596"
"1274","35.021307517954554","35.021307517954554","35.021307517954554"
"1275","34.965502549608644","34.965502549608644","34.965502549608644"
"1276","34.81500225618569","34.81500225618569","34.81500225618569"
"1277","34.77967856874777","34.77967856874777","34.77967856874777"
"1278","34.818471781415575","34.818471781415575","34.818471781415575"
"1279","34.81761307901674","34.81761307901674","34.81761307901674"
"1280","34.8716871487067","34.8716871487067","34.8716871487067"
"1281","34.909691231539185","34.909691231539185","34.909691231539185"
"1282","34.965496989479","34.965496989479","34.965496989479"
"1283","34.95171377214225","34.95171377214225","34.95171377214225"
"1284","34.983039758956004","34.983039758956004","34.983039758956004"
"1285","35.06110538801731","35.06110538801731","35.06110538801731"
"1286","35.092966850454395","35.092966850454395","35.092966850454395"
"1287","35.07762157834921","35.07762157834921","35.07762157834921"
"1288","35.11773916890699","35.11773916890699","35.11773916890699"
"1289","35.07428548784781","35.07428548784781","35.07428548784781"
"1290","35.11417583126429","35.11417583126429","35.11417583126429"
"1291","35.09419821891788","35.09419821891788","35.09419821891788"
"1292","35.09209959779488","35.09209959779488","35.09209959779488"
"1293","35.07628763627814","35.07628763627814","35.07628763627814"
"1294","35.08151011076377","35.08151011076377","35.08151011076377"
"1295","35.057932886002526","35.057932886002526","35.057932886002526"
"1296","35.07647457665385","35.07647457665385","35.07647457665385"
"1297","35.066651381371486","35.066651381371486","35.066651381371486"
"1298","35.07565778055432","35.07565778055432","35.07565778055432"
"1299","34.96024933056178","34.96024933056178","34.96024933056178"
"1300","34.91251923931035","34.91251923931035","34.91251923931035"
"1301","34.84915871874633","34.84915871874633","34.84915871874633"
"1302","34.82135569426435","34.82135569426435","34.82135569426435"
"1303","34.81887600054237","34.81887600054237","34.81887600054237"
"1304","34.80315497997421","34.80315497997421","34.80315497997421"
"1305","34.846537682686176","34.846537682686176","34.846537682686176"
"1306","34.89027902296948","34.89027902296948","34.89027902296948"
"1307","34.85680419773533","34.85680419773533","34.85680419773533"
"1308","34.91083528271614","34.91083528271614","34.91083528271614"
"1309","34.91421451634466","34.91421451634466","34.91421451634466"
"1310","34.88850654985144","34.88850654985144","34.88850654985144"
"1311","34.893652944298374","34.893652944298374","34.893652944298374"
"1312","34.89887238649084","34.89887238649084","34.89887238649084"
"1313","34.91218416955686","34.91218416955686","34.91218416955686"
"1314","34.80903483443326","34.80903483443326","34.80903483443326"
"1315","34.8787237318269","34.8787237318269","34.8787237318269"
"1316","34.83845603868729","34.83845603868729","34.83845603868729"
"1317","34.81271698213546","34.81271698213546","34.81271698213546"
"1318","34.787000752616585","34.787000752616585","34.787000752616585"
"1319","34.76667161513484","34.76667161513484","34.76667161513484"
"1320","34.72142645465574","34.72142645465574","34.72142645465574"
"1321","34.737208279468035","34.737208279468035","34.737208279468035"
"1322","34.66794779235861","34.66794779235861","34.66794779235861"
"1323","34.62100972735687","34.62100972735687","34.62100972735687"
"1324","34.608396601578136","34.608396601578136","34.608396601578136"
"1325","34.587692546242764","34.587692546242764","34.587692546242764"
"1326","34.56634409356295","34.56634409356295","34.56634409356295"
"1327","34.57717976705535","34.57717976705535","34.57717976705535"
"1328","34.54101997652455","34.54101997652455","34.54101997652455"
"1329","34.544248561164274","34.544248561164274","34.544248561164274"
"1330","34.499911130027755","34.499911130027755","34.499911130027755"
"1331","34.395945798432365","34.395945798432365","34.395945798432365"
"1332","34.289220340059984","34.289220340059984","34.289220340059984"
"1333","34.27737584059491","34.27737584059491","34.27737584059491"
"1334","34.199978114584376","34.199978114584376","34.199978114584376"
"1335","34.116939960041925","34.116939960041925","34.116939960041925"
"1336","34.008893768167034","34.008893768167034","34.008893768167034"
"1337","33.95546814023881","33.95546814023881","33.95546814023881"
"1338","33.849077309140846","33.849077309140846","33.849077309140846"
"1339","33.77998147100574","33.77998147100574","33.77998147100574"
"1340","33.61088884193814","33.61088884193814","33.61088884193814"
"1341","33.512914940940824","33.512914940940824","33.512914940940824"
"1342","33.4182363999846","33.4182363999846","33.4182363999846"
"1343","33.378304207159815","33.378304207159815","33.378304207159815"
"1344","33.319626644628734","33.319626644628734","33.319626644628734"
"1345","33.34758846970522","33.34758846970522","33.34758846970522"
"1346","33.25261195115993","33.25261195115993","33.25261195115993"
"1347","33.02505925121033","33.02505925121033","33.02505925121033"
"1348","32.910773726750776","32.910773726750776","32.910773726750776"
"1349","32.867068634994936","32.867068634994936","32.867068634994936"
"1350","32.799817546672855","32.799817546672855","32.799817546672855"
"1351","32.71481113032598","32.71481113032598","32.71481113032598"
"1352","32.6587533489072","32.6587533489072","32.6587533489072"
"1353","32.64648435941126","32.64648435941126","32.64648435941126"
"1354","32.56442489680063","32.56442489680063","32.56442489680063"
"1355","32.473961839565746","32.473961839565746","32.473961839565746"
"1356","31.63157151689913","31.63157151689913","31.63157151689913"
"1357","30.716936384897416","30.716936384897416","30.716936384897416"
"1358","29.75858679755751","29.75858679755751","29.75858679755751"
"1359","29.67287286429826","29.67287286429826","29.67287286429826"
"1360","28.728295022073873","28.728295022073873","28.728295022073873"
"1361","27.69957427774716","27.69957427774716","27.69957427774716"
"1362","26.758075970571227","26.758075970571227","26.758075970571227"
"1363","26.724609881408252","26.724609881408252","26.724609881408252"
"1364","25.860018725275733","25.860018725275733","25.860018725275733"
"1365","25.76648918383915","25.76648918383915","25.76648918383915"
"1366","25.67675245287988","25.67675245287988","25.67675245287988"
"1367","25.571203475177025","25.571203475177025","25.571203475177025"
"1368","25.491770523965098","25.491770523965098","25.491770523965098"
"1369","25.387142454638816","25.387142454638816","25.387142454638816"
"1370","25.315833298984654","25.315833298984654","25.315833298984654"
"1371","25.17409484346557","25.17409484346557","25.17409484346557"
"1372","25.10066581378851","25.10066581378851","25.10066581378851"
"1373","24.94337041487146","24.94337041487146","24.94337041487146"
"1374","24.808797704346215","24.808797704346215","24.808797704346215"
"1375","24.779223721056916","24.779223721056916","24.779223721056916"
"1376","24.702303054548537","24.702303054548537","24.702303054548537"
"1377","24.079375364507285","24.079375364507285","24.079375364507285"
"1378","23.97940064436567","23.97940064436567","23.97940064436567"
"1379","23.713016741394966","23.713016741394966","23.713016741394966"
"1380","23.60548415866491","23.60548415866491","23.60548415866491"
"1381","23.440071036669398","23.440071036669398","23.440071036669398"
"1382","23.008864024712675","23.008864024712675","23.008864024712675"
"1383","22.478333889112545","22.478333889112545","22.478333889112545"
"1384","22.22951014905397","22.22951014905397","22.22951014905397"
"1385","22.097892471804954","22.097892471804954","22.097892471804954"
"1386","21.63821637518631","21.63821637518631","21.63821637518631"
"1387","21.21493230796812","21.21493230796812","21.21493230796812"
"1388","20.760925669026765","20.760925669026765","20.760925669026765"
"1389","20.2901292256538","20.2901292256538","20.2901292256538"
"1390","19.827093107615802","19.827093107615802","19.827093107615802"
"1391","19.376937323831225","19.376937323831225","19.376937323831225"
"1392","19.19728788507331","19.19728788507331","19.19728788507331"
"1393","19.095401706604026","19.095401706604026","19.095401706604026"
"1394","18.829087917475846","18.829087917475846","18.829087917475846"
"1395","18.326456301013824","18.326456301013824","18.326456301013824"
"1396","17.78958904432773","17.78958904432773","17.78958904432773"
"1397","17.690684424552018","17.690684424552018","17.690684424552018"
"1398","17.338460608545574","17.338460608545574","17.338460608545574"
"1399","17.27928557721141","17.27928557721141","17.27928557721141"
"1400","17.25074461705226","17.25074461705226","17.25074461705226"
"1401","17.159149725764873","17.159149725764873","17.159149725764873"
"1402","16.09035590349871","16.09035590349871","16.09035590349871"
"1403","16.00600188576791","16.00600188576791","16.00600188576791"
"1404","15.397386864339351","15.397386864339351","15.397386864339351"
"1405","14.250275892537902","14.250275892537902","14.250275892537902"
"1406","13.86248704744212","13.86248704744212","13.86248704744212"
"1407","13.378112301567453","13.378112301567453","13.378112301567453"
"1408","12.3005685432459","12.3005685432459","12.3005685432459"
"1409","12.224505315163988","12.224505315163988","12.224505315163988"
"1410","11.850146451844484","11.850146451844484","11.850146451844484"
"1411","11.791976436367404","11.791976436367404","11.791976436367404"
"1412","11.288309195693728","11.288309195693728","11.288309195693728"
"1413","11.161942094299157","11.161942094299157","11.161942094299157"
"1414","11.122546946643997","11.122546946643997","11.122546946643997"
"1415","10.803672200516012","10.803672200516012","10.803672200516012"
"1416","10.206812594775256","10.206812594775256","10.206812594775256"
"1417","10.132756981132697","10.132756981132697","10.132756981132697"
"1418","9.990946785020787","9.990946785020787","9.990946785020787"
"1419","9.562753151586657","9.562753151586657","9.562753151586657"
"1420","9.482108891090757","9.482108891090757","9.482108891090757"
"1421","9.230857371139718","9.230857371139718","9.230857371139718"
"1422","8.789649888548446","8.789649888548446","8.789649888548446"
"1423","8.632153436780355","8.632153436780355","8.632153436780355"
"1424","8.555455450249283","8.555455450249283","8.555455450249283"
"1425","7.990636324509541","7.990636324509541","7.990636324509541"
"1426","7.726031321235496","7.726031321235496","7.726031321235496"
"1427","7.607680897302675","7.607680897302675","7.607680897302675"
"1428","7.083373978361237","7.083373978361237","7.083373978361237"
"1429","6.7152240007927","6.7152240007927","6.7152240007927"
"1430","6.260520750251349","6.260520750251349","6.260520750251349"
"1431","6.2252803538224954","6.2252803538224954","6.2252803538224954"
"1432","5.8679106293301855","5.8679106293301855","5.8679106293301855"
"1433","5.150261962340196","5.150261962340196","5.150261962340196"
"1434","4.691627648753097","4.691627648753097","4.691627648753097"
"1435","4.560451464914699","4.560451464914699","4.560451464914699"
"1436","4.073500736575556","4.073500736575556","4.073500736575556"
"1437","3.6124116707788607","3.6124116707788607","3.6124116707788607"
"1438","3.3279257240155538","3.3279257240155538","3.3279257240155538"
"1439","3.3241759229739953","3.3241759229739953","3.3241759229739953"
"1440","2.982341388623213","2.982341388623213","2.982341388623213"
"1441","2.9449386715059926","2.9449386715059926","2.9449386715059926"
"1442","2.556947726245021","2.556947726245021","2.556947726245021"
"1443","2.521988726790046","2.521988726790046","2.521988726790046"
"1444","2.3135848362659863","2.3135848362659863","2.3135848362659863"
"1445","1.5798709411741994","1.5798709411741994","1.5798709411741994"
"1446","1.4441155510032377","1.4441155510032377","1.4441155510032377"
"1447","1.4373416639873584","1.4373416639873584","1.4373416639873584"
"1448","0.8639374699452719","0.8639374699452719","0.8639374699452719"
"1449","0.5627157878326079","0.5627157878326079","0.5627157878326079"
"1450","0.07692668404055894","0.07692668404055894","0.07692668404055894"
"1451","-0.5321366605013782","-0.5321366605013782","-0.5321366605013782"
"1452","-1.18130885454269","-1.18130885454269","-1.18130885454269"
"1453","-1.2368874014206404","-1.2368874014206404","-1.2368874014206404"
"1454","-1.7008058553271213","-1.7008058553271213","-1.7008058553271213"
"1455","-2.071423702564857","-2.071423702564857","-2.071423702564857"
"1456","-1.5839249074913777","-1.5839249074913777","-1.5839249074913777"
"1457","-1.3234056967579044","-1.3234056967579044","-1.3234056967579044"
"1458","-1.0510177835904277","-1.0510177835904277","-1.0510177835904277"
"1459","-1.759882879065185","-1.759882879065185","-1.759882879065185"
"1460","-1.5127659030759923","-1.5127659030759923","-1.5127659030759923"
"1461","-1.227928602168172","-1.227928602168172","-1.227928602168172"
"1462","-0.9247128087969714","-0.9247128087969714","-0.9247128087969714"
"1463","-1.5121695595363371","-1.5121695595363371","-1.5121695595363371"
"1464","-1.3414883626334586","-1.3414883626334586","-1.3414883626334586"
"1465","-1.895991213534794","-1.895991213534794","-1.895991213534794"
"1466","-2.382961456262342","-2.382961456262342","-2.382961456262342"
"1467","-2.7061970497563697","-2.7061970497563697","-2.7061970497563697"
"1468","-2.940966744547254","-2.940966744547254","-2.940966744547254"
"1469","-3.186748803773439","-3.186748803773439","-3.186748803773439"
"1470","-3.460238896448641","-3.460238896448641","-3.460238896448641"
"1471","-3.4497617912744274","-3.4497617912744274","-3.4497617912744274"
"1472","-3.4478904230226863","-3.4478904230226863","-3.4478904230226863"
"1473","-3.690263686816684","-3.690263686816684","-3.690263686816684"
"1474","-3.9837250657971115","-3.9837250657971115","-3.9837250657971115"
"1475","-4.451982557334482","-4.451982557334482","-4.451982557334482"
"1476","-4.848025745813279","-4.848025745813279","-4.848025745813279"
"1477","-4.32480848390936","-4.32480848390936","-4.32480848390936"
"1478","-4.3341325016911245","-4.3341325016911245","-4.3341325016911245"
"1479","-4.170550550933472","-4.170550550933472","-4.170550550933472"
"1480","-4.34364126522421","-4.34364126522421","-4.34364126522421"
"1481","-4.778150804372049","-4.778150804372049","-4.778150804372049"
"1482","-4.680725945842928","-4.680725945842928","-4.680725945842928"
"1483","-4.356334414378284","-4.356334414378284","-4.356334414378284"
"1484","-4.1940647814641805","-4.1940647814641805","-4.1940647814641805"
"1485","-4.550342261347464","-4.550342261347464","-4.550342261347464"
"1486","-4.655183765230245","-4.655183765230245","-4.655183765230245"
"1487","-4.636916490652143","-4.636916490652143","-4.636916490652143"
"1488","-4.288973493318549","-4.288973493318549","-4.288973493318549"
"1489","-4.193381962802445","-4.193381962802445","-4.193381962802445"
"1490","-4.285704426963998","-4.285704426963998","-4.285704426963998"
"1491","-3.938105605866945","-3.938105605866945","-3.938105605866945"
"1492","-3.896750601216404","-3.896750601216404","-3.896750601216404"
"1493","-4.041509597276522","-4.041509597276522","-4.041509597276522"
"1494","-3.879470089653837","-3.879470089653837","-3.879470089653837"
"1495","-3.467463756202119","-3.467463756202119","-3.467463756202119"
"1496","-3.5602339886905203","-3.5602339886905203","-3.5602339886905203"
"1497","-4.228852025552983","-4.228852025552983","-4.228852025552983"
"1498","-4.029297161762002","-4.029297161762002","-4.029297161762002"
"1499","-4.0147712981778705","-4.0147712981778705","-4.0147712981778705"
"1500","-4.06448100830275","-4.06448100830275","-4.06448100830275"
"1501","-4.289340823640446","-4.289340823640446","-4.289340823640446"
"1502","-3.321286039476613","-3.321286039476613","-3.321286039476613"
"1503","-3.3328481738579967","-3.3328481738579967","-3.3328481738579967"
"1504","-2.8100733839262784","-2.8100733839262784","-2.8100733839262784"
"1505","-1.7476045040398411","-1.7476045040398411","-1.7476045040398411"
"1506","-1.522188225908535","-1.522188225908535","-1.522188225908535"
"1507","-1.1440282809858717","-1.1440282809858717","-1.1440282809858717"
"1508","-0.18493149045235896","-0.18493149045235896","-0.18493149045235896"
"1509","-0.19685918881870293","-0.19685918881870293","-0.19685918881870293"
"1510","0.029908540036199156","0.029908540036199156","0.029908540036199156"
"1511","0.01714763079923159","0.01714763079923159","0.01714763079923159"
"1512","0.058763502581646206","0.058763502581646206","0.058763502581646206"
"1513","-0.3388061854786747","-0.3388061854786747","-0.3388061854786747"
"1514","-0.6024529808837497","-0.6024529808837497","-0.6024529808837497"
"1515","-0.68484586627535","-0.68484586627535","-0.68484586627535"
"1516","-0.18955308703086757","-0.18955308703086757","-0.18955308703086757"
"1517","-0.18631703338898206","-0.18631703338898206","-0.18631703338898206"
"1518","-0.12129553126949304","-0.12129553126949304","-0.12129553126949304"
"1519","0.2697105213817167","0.2697105213817167","0.2697105213817167"
"1520","0.3235058901462662","0.3235058901462662","0.3235058901462662"
"1521","0.4393351899975869","0.4393351899975869","0.4393351899975869"
"1522","0.8011181584889028","0.8011181584889028","0.8011181584889028"
"1523","0.8867740680001635","0.8867740680001635","0.8867740680001635"
"1524","0.852846856308538","0.852846856308538","0.852846856308538"
"1525","1.3761487277292372","1.3761487277292372","1.3761487277292372"
"1526","1.5463810179589972","1.5463810179589972","1.5463810179589972"
"1527","1.5649832192129178","1.5649832192129178","1.5649832192129178"
"1528","2.1629070341652916","2.1629070341652916","2.1629070341652916"
"1529","2.429287079560636","2.429287079560636","2.429287079560636"
"1530","2.8448385941442758","2.8448385941442758","2.8448385941442758"
"1531","2.8486145031098933","2.8486145031098933","2.8486145031098933"
"1532","3.2269757844515334","3.2269757844515334","3.2269757844515334"
"1533","3.860819015377965","3.860819015377965","3.860819015377965"
"1534","4.273076132690367","4.273076132690367","4.273076132690367"
"1535","4.364366322090682","4.364366322090682","4.364366322090682"
"1536","4.839405656467025","4.839405656467025","4.839405656467025"
"1537","5.2686978979835475","5.2686978979835475","5.2686978979835475"
"1538","5.565864367099311","5.565864367099311","5.565864367099311"
"1539","5.5660310776399635","5.5660310776399635","5.5660310776399635"
"1540","5.919501084150579","5.919501084150579","5.919501084150579"
"1541","5.879119633050468","5.879119633050468","5.879119633050468"
"1542","6.246285530911591","6.246285530911591","6.246285530911591"
"1543","6.238599874308165","6.238599874308165","6.238599874308165"
"1544","6.419381635268983","6.419381635268983","6.419381635268983"
"1545","7.150896273996514","7.150896273996514","7.150896273996514"
"1546","7.273935946799647","7.273935946799647","7.273935946799647"
"1547","7.304646755732429","7.304646755732429","7.304646755732429"
"1548","7.828117315783929","7.828117315783929","7.828117315783929"
"1549","8.082492229822856","8.082492229822856","8.082492229822856"
"1550","8.600762806945314","8.600762806945314","8.600762806945314"
"1551","8.562751622908582","8.562751622908582","8.562751622908582"
"1552","8.715650358070452","8.715650358070452","8.715650358070452"
"1553","8.536954524713401","8.536954524713401","8.536954524713401"
"1554","8.581411414873436","8.581411414873436","8.581411414873436"
"1555","8.545235781781958","8.545235781781958","8.545235781781958"
"1556","8.439828779171803","8.439828779171803","8.439828779171803"
"1557","8.744560953281471","8.744560953281471","8.744560953281471"
"1558","8.910737375538448","8.910737375538448","8.910737375538448"
"1559","9.561817102563218","9.561817102563218","9.561817102563218"
"1560","10.146043371074484","10.146043371074484","10.146043371074484"
"1561","10.711030336619006","10.711030336619006","10.711030336619006"
"1562","10.889641140383318","10.889641140383318","10.889641140383318"
"1563","10.859233668950036","10.859233668950036","10.859233668950036"
"1564","10.93782997551898","10.93782997551898","10.93782997551898"
"1565","11.333202845859923","11.333202845859923","11.333202845859923"
"1566","11.784469047966995","11.784469047966995","11.784469047966995"
"1567","11.999618787514628","11.999618787514628","11.999618787514628"
"1568","11.848896386507258","11.848896386507258","11.848896386507258"
"1569","11.648596318872006","11.648596318872006","11.648596318872006"
"1570","11.591579611739435","11.591579611739435","11.591579611739435"
"1571","11.557576369336166","11.557576369336166","11.557576369336166"
"1572","11.253487365865439","11.253487365865439","11.253487365865439"
"1573","11.19313847840327","11.19313847840327","11.19313847840327"
"1574","11.357840620265634","11.357840620265634","11.357840620265634"
"1575","11.676452580495097","11.676452580495097","11.676452580495097"
"1576","11.751097664553964","11.751097664553964","11.751097664553964"
"1577","11.742342177126847","11.742342177126847","11.742342177126847"
"1578","11.726804677769833","11.726804677769833","11.726804677769833"
"1579","11.7218443859744","11.7218443859744","11.7218443859744"
"1580","11.831779750399583","11.831779750399583","11.831779750399583"
"1581","12.061987677701108","12.061987677701108","12.061987677701108"
"1582","11.988725947421335","11.988725947421335","11.988725947421335"
"1583","11.571045155017927","11.571045155017927","11.571045155017927"
"1584","11.54987310731347","11.54987310731347","11.54987310731347"
"1585","11.853535892940418","11.853535892940418","11.853535892940418"
"1586","12.186075682794035","12.186075682794035","12.186075682794035"
"1587","12.47358491791907","12.47358491791907","12.47358491791907"
"1588","12.45925235642615","12.45925235642615","12.45925235642615"
"1589","12.708453669222072","12.708453669222072","12.708453669222072"
"1590","13.229069978832268","13.229069978832268","13.229069978832268"
"1591","13.227425547405145","13.227425547405145","13.227425547405145"
"1592","13.274307853928768","13.274307853928768","13.274307853928768"
"1593","13.397053098357283","13.397053098357283","13.397053098357283"
"1594","13.405100357118062","13.405100357118062","13.405100357118062"
"1595","13.39537345040124","13.39537345040124","13.39537345040124"
"1596","13.890907681770623","13.890907681770623","13.890907681770623"
"1597","14.608124432656915","14.608124432656915","14.608124432656915"
"1598","14.599671091716736","14.599671091716736","14.599671091716736"
"1599","14.562639036104082","14.562639036104082","14.562639036104082"
"1600","14.59697390511632","14.59697390511632","14.59697390511632"
"1601","14.89353864893783","14.89353864893783","14.89353864893783"
"1602","14.95063527467195","14.95063527467195","14.95063527467195"
"1603","14.98382217713166","14.98382217713166","14.98382217713166"
"1604","14.979869875018485","14.979869875018485","14.979869875018485"
"1605","15.034858053498901","15.034858053498901","15.034858053498901"
"1606","15.198357650400139","15.198357650400139","15.198357650400139"
"1607","15.207252472839318","15.207252472839318","15.207252472839318"
"1608","15.266633329163305","15.266633329163305","15.266633329163305"
"1609","15.260166081576608","15.260166081576608","15.260166081576608"
"1610","15.33069019827526","15.33069019827526","15.33069019827526"
"1611","15.30263460317161","15.30263460317161","15.30263460317161"
"1612","15.640280193863436","15.640280193863436","15.640280193863436"
"1613","16.045141416704283","16.045141416704283","16.045141416704283"
"1614","16.289459971208125","16.289459971208125","16.289459971208125"
"1615","16.55282265080139","16.55282265080139","16.55282265080139"
"1616","16.583736430732532","16.583736430732532","16.583736430732532"
"1617","16.591498100766913","16.591498100766913","16.591498100766913"
"1618","16.557971974881365","16.557971974881365","16.557971974881365"
"1619","16.477872890466823","16.477872890466823","16.477872890466823"
"1620","16.419728732844813","16.419728732844813","16.419728732844813"
"1621","16.515616661394017","16.515616661394017","16.515616661394017"
"1622","16.499909667978063","16.499909667978063","16.499909667978063"
"1623","16.496001185523347","16.496001185523347","16.496001185523347"
"1624","16.620071096094325","16.620071096094325","16.620071096094325"
"1625","16.587561478177086","16.587561478177086","16.587561478177086"
"1626","16.638515152530744","16.638515152530744","16.638515152530744"
"1627","16.46374901083298","16.46374901083298","16.46374901083298"
"1628","16.363840289572252","16.363840289572252","16.363840289572252"
"1629","16.423461524909364","16.423461524909364","16.423461524909364"
"1630","16.49054043139331","16.49054043139331","16.49054043139331"
"1631","16.46346776819788","16.46346776819788","16.46346776819788"
"1632","16.51813856163062","16.51813856163062","16.51813856163062"
"1633","16.562275747256354","16.562275747256354","16.562275747256354"
"1634","16.57739940266125","16.57739940266125","16.57739940266125"
"1635","16.5928103173431","16.5928103173431","16.5928103173431"
"1636","16.619636883968486","16.619636883968486","16.619636883968486"
"1637","16.897075118562206","16.897075118562206","16.897075118562206"
"1638","16.93130308910273","16.93130308910273","16.93130308910273"
"1639","16.98081180139445","16.98081180139445","16.98081180139445"
"1640","16.95574023549445","16.95574023549445","16.95574023549445"
"1641","17.014596788464114","17.014596788464114","17.014596788464114"
"1642","17.032127213580534","17.032127213580534","17.032127213580534"
"1643","17.07000828177668","17.07000828177668","17.07000828177668"
"1644","17.181891220798715","17.181891220798715","17.181891220798715"
"1645","17.113342081448064","17.113342081448064","17.113342081448064"
"1646","17.14604091684334","17.14604091684334","17.14604091684334"
"1647","17.14514897047542","17.14514897047542","17.14514897047542"
"1648","17.2049919027742","17.2049919027742","17.2049919027742"
"1649","17.220626435456797","17.220626435456797","17.220626435456797"
"1650","17.192890395717697","17.192890395717697","17.192890395717697"
"1651","17.780285478876905","17.780285478876905","17.780285478876905"
"1652","18.22120943387039","18.22120943387039","18.22120943387039"
"1653","18.457866314016282","18.457866314016282","18.457866314016282"
"1654","18.80572288790252","18.80572288790252","18.80572288790252"
"1655","19.274683796907777","19.274683796907777","19.274683796907777"
"1656","19.59958755996078","19.59958755996078","19.59958755996078"
"1657","19.87400749122724","19.87400749122724","19.87400749122724"
"1658","20.202913649696857","20.202913649696857","20.202913649696857"
"1659","20.186492031700908","20.186492031700908","20.186492031700908"
"1660","20.13718815740198","20.13718815740198","20.13718815740198"
"1661","20.167674592193215","20.167674592193215","20.167674592193215"
"1662","20.492959306705743","20.492959306705743","20.492959306705743"
"1663","21.009919391684235","21.009919391684235","21.009919391684235"
"1664","21.161448610564694","21.161448610564694","21.161448610564694"
"1665","21.314720381489025","21.314720381489025","21.314720381489025"
"1666","21.349384248731656","21.349384248731656","21.349384248731656"
"1667","21.481931000459006","21.481931000459006","21.481931000459006"
"1668","21.85576128482353","21.85576128482353","21.85576128482353"
"1669","22.05953688175883","22.05953688175883","22.05953688175883"
"1670","22.363299417127855","22.363299417127855","22.363299417127855"
"1671","22.421361812339164","22.421361812339164","22.421361812339164"
"1672","22.650435028290374","22.650435028290374","22.650435028290374"
"1673","22.91229679152835","22.91229679152835","22.91229679152835"
"1674","22.74091550365556","22.74091550365556","22.74091550365556"
"1675","22.540905501064845","22.540905501064845","22.540905501064845"
"1676","22.363625386445783","22.363625386445783","22.363625386445783"
"1677","21.765552964326925","21.765552964326925","21.765552964326925"
"1678","21.398838610299862","21.398838610299862","21.398838610299862"
"1679","20.889079735465348","20.889079735465348","20.889079735465348"
"1680","20.354607770480214","20.354607770480214","20.354607770480214"
"1681","20.026273913453334","20.026273913453334","20.026273913453334"
"1682","19.667345646857285","19.667345646857285","19.667345646857285"
"1683","19.476665684781036","19.476665684781036","19.476665684781036"
"1684","18.884899388048797","18.884899388048797","18.884899388048797"
"1685","18.34171697679907","18.34171697679907","18.34171697679907"
"1686","18.023157199765556","18.023157199765556","18.023157199765556"
"1687","17.674366736058147","17.674366736058147","17.674366736058147"
"1688","17.326542125716806","17.326542125716806","17.326542125716806"
"1689","17.189699050504714","17.189699050504714","17.189699050504714"
"1690","17.0247976751253","17.0247976751253","17.0247976751253"
"1691","17.04943198407069","17.04943198407069","17.04943198407069"
"1692","17.095222044847905","17.095222044847905","17.095222044847905"
"1693","17.142639883514494","17.142639883514494","17.142639883514494"
"1694","17.11506110485643","17.11506110485643","17.11506110485643"
"1695","17.146803501993418","17.146803501993418","17.146803501993418"
"1696","17.142537226425485","17.142537226425485","17.142537226425485"
"1697","17.090338753564282","17.090338753564282","17.090338753564282"
"1698","17.16725162197836","17.16725162197836","17.16725162197836"
"1699","17.179076793240384","17.179076793240384","17.179076793240384"
"1700","17.25657283921726","17.25657283921726","17.25657283921726"
"1701","17.161837956840174","17.161837956840174","17.161837956840174"
"1702","17.1756081008818","17.1756081008818","17.1756081008818"
"1703","17.137185479654","17.137185479654","17.137185479654"
"1704","17.186332027493044","17.186332027493044","17.186332027493044"
"1705","17.178345031337813","17.178345031337813","17.178345031337813"
"1706","17.13440054395236","17.13440054395236","17.13440054395236"
"1707","17.174641413120554","17.174641413120554","17.174641413120554"
"1708","17.131941026924178","17.131941026924178","17.131941026924178"
"1709","17.219604866700248","17.219604866700248","17.219604866700248"
"1710","17.183295066645368","17.183295066645368","17.183295066645368"
"1711","17.25398690951057","17.25398690951057","17.25398690951057"
"1712","17.271136507699268","17.271136507699268","17.271136507699268"
"1713","17.347262295568363","17.347262295568363","17.347262295568363"
"1714","17.381683194423093","17.381683194423093","17.381683194423093"
"1715","17.339235302237793","17.339235302237793","17.339235302237793"
"1716","17.324373538910876","17.324373538910876","17.324373538910876"
"1717","17.2884626187454","17.2884626187454","17.2884626187454"
"1718","17.164551917708014","17.164551917708014","17.164551917708014"
"1719","17.18306923335651","17.18306923335651","17.18306923335651"
"1720","17.183331354132388","17.183331354132388","17.183331354132388"
"1721","17.08437399735907","17.08437399735907","17.08437399735907"
"1722","17.139090814946684","17.139090814946684","17.139090814946684"
"1723","17.176479182934855","17.176479182934855","17.176479182934855"
"1724","17.129322839623782","17.129322839623782","17.129322839623782"
"1725","17.131635376086923","17.131635376086923","17.131635376086923"
"1726","17.090912935829255","17.090912935829255","17.090912935829255"
"1727","17.29861929118866","17.29861929118866","17.29861929118866"
"1728","17.262957865691277","17.262957865691277","17.262957865691277"
"1729","17.18476529760519","17.18476529760519","17.18476529760519"
"1730","17.134996245878284","17.134996245878284","17.134996245878284"
"1731","17.13155120257521","17.13155120257521","17.13155120257521"
"1732","17.03824743736768","17.03824743736768","17.03824743736768"
"1733","17.059319033662323","17.059319033662323","17.059319033662323"
"1734","17.158036866842302","17.158036866842302","17.158036866842302"
"1735","17.187821711211","17.187821711211","17.187821711211"
"1736","17.132521735096816","17.132521735096816","17.132521735096816"
"1737","16.896211431792473","16.896211431792473","16.896211431792473"
"1738","16.943486968579236","16.943486968579236","16.943486968579236"
"1739","16.969252968824","16.969252968824","16.969252968824"
"1740","17.01384876856813","17.01384876856813","17.01384876856813"
"1741","17.032366106903645","17.032366106903645","17.032366106903645"
"1742","17.270394366236868","17.270394366236868","17.270394366236868"
"1743","17.395764009004925","17.395764009004925","17.395764009004925"
"1744","17.417858285291587","17.417858285291587","17.417858285291587"
"1745","17.66424144402379","17.66424144402379","17.66424144402379"
"1746","17.724692059590016","17.724692059590016","17.724692059590016"
"1747","17.92679934427375","17.92679934427375","17.92679934427375"
"1748","18.026644288210665","18.026644288210665","18.026644288210665"
"1749","18.13432335132966","18.13432335132966","18.13432335132966"
"1750","18.41606782986084","18.41606782986084","18.41606782986084"
"1751","18.557778414937204","18.557778414937204","18.557778414937204"
"1752","18.89539478689665","18.89539478689665","18.89539478689665"
"1753","18.907882378438952","18.907882378438952","18.907882378438952"
"1754","18.97665654717246","18.97665654717246","18.97665654717246"
"1755","19.030940875860395","19.030940875860395","19.030940875860395"
"1756","19.160600952508393","19.160600952508393","19.160600952508393"
"1757","19.25816381534794","19.25816381534794","19.25816381534794"
"1758","19.358169904185925","19.358169904185925","19.358169904185925"
"1759","19.511021121668165","19.511021121668165","19.511021121668165"
"1760","19.634276601972523","19.634276601972523","19.634276601972523"
"1761","19.77644585347036","19.77644585347036","19.77644585347036"
"1762","19.893591411432716","19.893591411432716","19.893591411432716"
"1763","20.165621725341772","20.165621725341772","20.165621725341772"
"1764","20.564232198328245","20.564232198328245","20.564232198328245"
"1765","20.70550925617339","20.70550925617339","20.70550925617339"
"1766","20.769012186781037","20.769012186781037","20.769012186781037"
"1767","20.868398758110125","20.868398758110125","20.868398758110125"
"1768","21.04409749661805","21.04409749661805","21.04409749661805"
"1769","21.382466142086777","21.382466142086777","21.382466142086777"
"1770","21.47336658619577","21.47336658619577","21.47336658619577"
"1771","21.522119289918336","21.522119289918336","21.522119289918336"
"1772","21.653412064837756","21.653412064837756","21.653412064837756"
"1773","21.807654218936804","21.807654218936804","21.807654218936804"
"1774","22.22245773149887","22.22245773149887","22.22245773149887"
"1775","22.568791954240297","22.568791954240297","22.568791954240297"
"1776","23.483944632189814","23.483944632189814","23.483944632189814"
"1777","24.155729864866007","24.155729864866007","24.155729864866007"
"1778","24.57909681282239","24.57909681282239","24.57909681282239"
"1779","25.154435378497002","25.154435378497002","25.154435378497002"
"1780","25.79014820152661","25.79014820152661","25.79014820152661"
"1781","26.42252687873086","26.42252687873086","26.42252687873086"
"1782","27.206221286596264","27.206221286596264","27.206221286596264"
"1783","27.940735857391264","27.940735857391264","27.940735857391264"
"1784","28.641320906814652","28.641320906814652","28.641320906814652"
"1785","29.18633563458221","29.18633563458221","29.18633563458221"
"1786","29.638222846572752","29.638222846572752","29.638222846572752"
"1787","30.097068456776906","30.097068456776906","30.097068456776906"
"1788","30.45397596293362","30.45397596293362","30.45397596293362"
"1789","30.70523212871747","30.70523212871747","30.70523212871747"
"1790","30.917665277339985","30.917665277339985","30.917665277339985"
"1791","30.985143936455714","30.985143936455714","30.985143936455714"
"1792","30.977944608882535","30.977944608882535","30.977944608882535"
"1793","31.042744791351723","31.042744791351723","31.042744791351723"
"1794","31.14589531258913","31.14589531258913","31.14589531258913"
"1795","31.193310572106856","31.193310572106856","31.193310572106856"
"1796","31.585837368054783","31.585837368054783","31.585837368054783"
"1797","32.020271590559275","32.020271590559275","32.020271590559275"
"1798","32.03448849765817","32.03448849765817","32.03448849765817"
"1799","32.086956469623836","32.086956469623836","32.086956469623836"
"1800","32.136852939075325","32.136852939075325","32.136852939075325"
"1801","32.163678111212796","32.163678111212796","32.163678111212796"
"1802","32.412420488784555","32.412420488784555","32.412420488784555"
"1803","32.51415502015734","32.51415502015734","32.51415502015734"
"1804","32.53563324392075","32.53563324392075","32.53563324392075"
"1805","32.549857678750996","32.549857678750996","32.549857678750996"
"1806","32.49529662315035","32.49529662315035","32.49529662315035"
"1807","32.49838584918761","32.49838584918761","32.49838584918761"
"1808","32.476545473674776","32.476545473674776","32.476545473674776"
"1809","32.48177893022308","32.48177893022308","32.48177893022308"
"1810","32.51508016143227","32.51508016143227","32.51508016143227"
"1811","32.46672864521155","32.46672864521155","32.46672864521155"
"1812","32.5066408048966","32.5066408048966","32.5066408048966"
"1813","32.44454654617468","32.44454654617468","32.44454654617468"
"1814","32.3991658907407","32.3991658907407","32.3991658907407"
"1815","32.49112214116612","32.49112214116612","32.49112214116612"
"1816","32.576112680598165","32.576112680598165","32.576112680598165"
"1817","32.62357898586895","32.62357898586895","32.62357898586895"
"1818","32.827661154344675","32.827661154344675","32.827661154344675"
"1819","32.88333045989275","32.88333045989275","32.88333045989275"
"1820","32.894275842886415","32.894275842886415","32.894275842886415"
"1821","32.947584587913006","32.947584587913006","32.947584587913006"
"1822","32.98095817616209","32.98095817616209","32.98095817616209"
"1823","32.99001542750746","32.99001542750746","32.99001542750746"
"1824","32.997588071729986","32.997588071729986","32.997588071729986"
"1825","32.97210632758215","32.97210632758215","32.97210632758215"
"1826","32.96226743567735","32.96226743567735","32.96226743567735"
"1827","33.03989042252302","33.03989042252302","33.03989042252302"
"1828","33.091923529300836","33.091923529300836","33.091923529300836"
"1829","33.13714996015653","33.13714996015653","33.13714996015653"
"1830","33.226808977276086","33.226808977276086","33.226808977276086"
"1831","33.290594753902404","33.290594753902404","33.290594753902404"
"1832","33.32428946631029","33.32428946631029","33.32428946631029"
"1833","33.32659700166434","33.32659700166434","33.32659700166434"
"1834","33.29181842969731","33.29181842969731","33.29181842969731"
"1835","33.446272239014505","33.446272239014505","33.446272239014505"
"1836","33.502536926837635","33.502536926837635","33.502536926837635"
"1837","33.50787158158608","33.50787158158608","33.50787158158608"
"1838","33.45415717831813","33.45415717831813","33.45415717831813"
"1839","33.41486410795711","33.41486410795711","33.41486410795711"
"1840","33.651492831138896","33.651492831138896","33.651492831138896"
"1841","33.65924233493395","33.65924233493395","33.65924233493395"
"1842","33.4863012568187","33.4863012568187","33.4863012568187"
"1843","33.324657054534185","33.324657054534185","33.324657054534185"
"1844","33.304820799520236","33.304820799520236","33.304820799520236"
"1845","33.072592640882355","33.072592640882355","33.072592640882355"
"1846","32.93818867395632","32.93818867395632","32.93818867395632"
"1847","32.76919970738702","32.76919970738702","32.76919970738702"
"1848","32.663069416405634","32.663069416405634","32.663069416405634"
"1849","32.67099269065075","32.67099269065075","32.67099269065075"
"1850","32.40431785305031","32.40431785305031","32.40431785305031"
"1851","32.3296815958526","32.3296815958526","32.3296815958526"
"1852","31.988371396148576","31.988371396148576","31.988371396148576"
"1853","31.985103945089506","31.985103945089506","31.985103945089506"
"1854","32.03245231824927","32.03245231824927","32.03245231824927"
"1855","32.057871291218326","32.057871291218326","32.057871291218326"
"1856","31.953672585999595","31.953672585999595","31.953672585999595"
"1857","31.91827444740571","31.91827444740571","31.91827444740571"
"1858","31.87894548755139","31.87894548755139","31.87894548755139"
"1859","31.744585765860975","31.744585765860975","31.744585765860975"
"1860","31.60921109849587","31.60921109849587","31.60921109849587"
"1861","31.521080744359644","31.521080744359644","31.521080744359644"
"1862","31.402385847643018","31.402385847643018","31.402385847643018"
"1863","31.223174717631192","31.223174717631192","31.223174717631192"
"1864","31.207477346733214","31.207477346733214","31.207477346733214"
"1865","31.109097144622357","31.109097144622357","31.109097144622357"
"1866","31.104516801536082","31.104516801536082","31.104516801536082"
"1867","31.032938835751267","31.032938835751267","31.032938835751267"
"1868","30.866673217900097","30.866673217900097","30.866673217900097"
"1869","30.778594718910753","30.778594718910753","30.778594718910753"
"1870","30.719201943520456","30.719201943520456","30.719201943520456"
"1871","30.644180919975042","30.644180919975042","30.644180919975042"
"1872","30.564992419965566","30.564992419965566","30.564992419965566"
"1873","30.465059501621873","30.465059501621873","30.465059501621873"
"1874","30.398140115942805","30.398140115942805","30.398140115942805"
"1875","30.34178915269673","30.34178915269673","30.34178915269673"
"1876","29.889570579752327","29.889570579752327","29.889570579752327"
"1877","29.84132031356916","29.84132031356916","29.84132031356916"
"1878","29.81855516506359","29.81855516506359","29.81855516506359"
"1879","29.841225926876067","29.841225926876067","29.841225926876067"
"1880","29.761767972633244","29.761767972633244","29.761767972633244"
"1881","29.66458150755614","29.66458150755614","29.66458150755614"
"1882","29.496814903691412","29.496814903691412","29.496814903691412"
"1883","29.52223496705294","29.52223496705294","29.52223496705294"
"1884","29.40610054401681","29.40610054401681","29.40610054401681"
"1885","29.4771688378416","29.4771688378416","29.4771688378416"
"1886","29.518817290216685","29.518817290216685","29.518817290216685"
"1887","29.50737341456115","29.50737341456115","29.50737341456115"
"1888","29.535834009163082","29.535834009163082","29.535834009163082"
"1889","29.431478014793246","29.431478014793246","29.431478014793246"
"1890","29.398818433955313","29.398818433955313","29.398818433955313"
"1891","29.379038236103952","29.379038236103952","29.379038236103952"
"1892","29.396949753388764","29.396949753388764","29.396949753388764"
"1893","29.35710868777707","29.35710868777707","29.35710868777707"
"1894","29.307926806341857","29.307926806341857","29.307926806341857"
"1895","29.24430697798729","29.24430697798729","29.24430697798729"
"1896","28.857225216515364","28.857225216515364","28.857225216515364"
"1897","28.425927949361505","28.425927949361505","28.425927949361505"
"1898","28.415953097231686","28.415953097231686","28.415953097231686"
"1899","28.479363510180264","28.479363510180264","28.479363510180264"
"1900","28.372140743471682","28.372140743471682","28.372140743471682"
"1901","28.42004520667717","28.42004520667717","28.42004520667717"
"1902","28.164614874385297","28.164614874385297","28.164614874385297"
"1903","28.084286846797912","28.084286846797912","28.084286846797912"
"1904","28.060660180393608","28.060660180393608","28.060660180393608"
"1905","28.03685909776017","28.03685909776017","28.03685909776017"
"1906","28.117617919798942","28.117617919798942","28.117617919798942"
"1907","28.08101347895339","28.08101347895339","28.08101347895339"
"1908","28.120557171534745","28.120557171534745","28.120557171534745"
"1909","28.04455040499568","28.04455040499568","28.04455040499568"
"1910","28.010946760494264","28.010946760494264","28.010946760494264"
"1911","28.00464075691998","28.00464075691998","28.00464075691998"
"1912","27.950295151825994","27.950295151825994","27.950295151825994"
"1913","27.975926693771033","27.975926693771033","27.975926693771033"
"1914","27.962124855928124","27.962124855928124","27.962124855928124"
"1915","27.91288205413148","27.91288205413148","27.91288205413148"
"1916","27.819553336482496","27.819553336482496","27.819553336482496"
"1917","27.789221656862647","27.789221656862647","27.789221656862647"
"1918","27.74580450968817","27.74580450968817","27.74580450968817"
"1919","27.728702646046877","27.728702646046877","27.728702646046877"
"1920","27.70161942636594","27.70161942636594","27.70161942636594"
"1921","27.668510648552328","27.668510648552328","27.668510648552328"
"1922","27.63591207873076","27.63591207873076","27.63591207873076"
"1923","27.5584148658067","27.5584148658067","27.5584148658067"
"1924","27.485880006793888","27.485880006793888","27.485880006793888"
"1925","27.48948735157028","27.48948735157028","27.48948735157028"
"1926","27.225239466167988","27.225239466167988","27.225239466167988"
"1927","27.128773715700955","27.128773715700955","27.128773715700955"
"1928","27.08679055599496","27.08679055599496","27.08679055599496"
"1929","27.1165428574197","27.1165428574197","27.1165428574197"
"1930","26.9918475231342","26.9918475231342","26.9918475231342"
"1931","26.94580359434709","26.94580359434709","26.94580359434709"
"1932","26.943380773365497","26.943380773365497","26.943380773365497"
"1933","26.459401147402822","26.459401147402822","26.459401147402822"
"1934","26.39127354985103","26.39127354985103","26.39127354985103"
"1935","26.2445224802196","26.2445224802196","26.2445224802196"
"1936","26.107625162145123","26.107625162145123","26.107625162145123"
"1937","26.058560632774608","26.058560632774608","26.058560632774608"
"1938","26.00186089267023","26.00186089267023","26.00186089267023"
"1939","25.949948239820078","25.949948239820078","25.949948239820078"
"1940","25.615708739953117","25.615708739953117","25.615708739953117"
"1941","25.57008338135667","25.57008338135667","25.57008338135667"
"1942","25.244677780931816","25.244677780931816","25.244677780931816"
"1943","24.904128171196206","24.904128171196206","24.904128171196206"
"1944","24.355931908483615","24.355931908483615","24.355931908483615"
"1945","23.75438612214755","23.75438612214755","23.75438612214755"
"1946","23.63611381027382","23.63611381027382","23.63611381027382"
"1947","23.147950792568736","23.147950792568736","23.147950792568736"
"1948","22.880405163625255","22.880405163625255","22.880405163625255"
"1949","22.534927313360384","22.534927313360384","22.534927313360384"
"1950","22.267049899832344","22.267049899832344","22.267049899832344"
"1951","22.20915094046388","22.20915094046388","22.20915094046388"
"1952","22.184763138298877","22.184763138298877","22.184763138298877"
"1953","21.63081094196532","21.63081094196532","21.63081094196532"
"1954","21.52478753261734","21.52478753261734","21.52478753261734"
"1955","21.001340739545412","21.001340739545412","21.001340739545412"
"1956","20.99329087980557","20.99329087980557","20.99329087980557"
"1957","20.901939431377688","20.901939431377688","20.901939431377688"
"1958","20.86950661375653","20.86950661375653","20.86950661375653"
"1959","20.767770771416835","20.767770771416835","20.767770771416835"
"1960","20.80810099007096","20.80810099007096","20.80810099007096"
"1961","20.69850174204912","20.69850174204912","20.69850174204912"
"1962","20.045109045002608","20.045109045002608","20.045109045002608"
"1963","19.469972756167408","19.469972756167408","19.469972756167408"
"1964","19.18540687717963","19.18540687717963","19.18540687717963"
"1965","18.846525719584896","18.846525719584896","18.846525719584896"
"1966","18.772725361557676","18.772725361557676","18.772725361557676"
"1967","18.17729194813408","18.17729194813408","18.17729194813408"
"1968","17.741692730742507","17.741692730742507","17.741692730742507"
"1969","17.113487030337566","17.113487030337566","17.113487030337566"
"1970","16.479291328745894","16.479291328745894","16.479291328745894"
"1971","15.948227745550685","15.948227745550685","15.948227745550685"
"1972","15.49110542404931","15.49110542404931","15.49110542404931"
"1973","14.902771142940036","14.902771142940036","14.902771142940036"
"1974","14.18409634573385","14.18409634573385","14.18409634573385"
"1975","13.632655161698349","13.632655161698349","13.632655161698349"
"1976","13.164788723346028","13.164788723346028","13.164788723346028"
"1977","12.564635214340123","12.564635214340123","12.564635214340123"
"1978","12.13915086130164","12.13915086130164","12.13915086130164"
"1979","11.75008303484432","11.75008303484432","11.75008303484432"
"1980","11.743487390452247","11.743487390452247","11.743487390452247"
"1981","11.509857898643423","11.509857898643423","11.509857898643423"
"1982","11.521918562324899","11.521918562324899","11.521918562324899"
"1983","11.462522519985395","11.462522519985395","11.462522519985395"
"1984","11.49064892708342","11.49064892708342","11.49064892708342"
"1985","11.477085365085113","11.477085365085113","11.477085365085113"
"1986","11.438207338145185","11.438207338145185","11.438207338145185"
"1987","11.390332367429691","11.390332367429691","11.390332367429691"
"1988","11.39622117946874","11.39622117946874","11.39622117946874"
"1989","11.05019401371963","11.05019401371963","11.05019401371963"
"1990","11.031451691915462","11.031451691915462","11.031451691915462"
"1991","11.014082129006455","11.014082129006455","11.014082129006455"
"1992","10.211231246260176","10.211231246260176","10.211231246260176"
"1993","10.21696556041501","10.21696556041501","10.21696556041501"
"1994","9.406910269861292","9.406910269861292","9.406910269861292"
"1995","8.507555059665064","8.507555059665064","8.507555059665064"
"1996","7.6573316896196415","7.6573316896196415","7.6573316896196415"
"1997","7.686264513735841","7.686264513735841","7.686264513735841"
"1998","7.643785016690563","7.643785016690563","7.643785016690563"
"1999","7.579456127234916","7.579456127234916","7.579456127234916"
"2000","7.576719886963438","7.576719886963438","7.576719886963438"