"Step","td3 - train/reward_mean","td3 - train/reward_mean__MIN","td3 - train/reward_mean__MAX"
"1","39.22955701415776","39.22955701415776","39.22955701415776"
"2","27.500994543494016","27.500994543494016","27.500994543494016"
"3","-10.19574334724166","-10.19574334724166","-10.19574334724166"
"4","-20.873712763139338","-20.873712763139338","-20.873712763139338"
"5","-22.31210442615993","-22.31210442615993","-22.31210442615993"
"6","-23.48362204843094","-23.48362204843094","-23.48362204843094"
"7","-7.120587799758401","-7.120587799758401","-7.120587799758401"
"8","-9.527419216517956","-9.527419216517956","-9.527419216517956"
"9","-0.2650491682660585","-0.2650491682660585","-0.2650491682660585"
"10","3.592840398468252","3.592840398468252","3.592840398468252"
"11","18.757502496743903","18.757502496743903","18.757502496743903"
"12","30.3021866253827","30.3021866253827","30.3021866253827"
"13","31.484033307771405","31.484033307771405","31.484033307771405"
"14","42.36455985630476","42.36455985630476","42.36455985630476"
"15","51.62306697113575","51.62306697113575","51.62306697113575"
"16","59.97817105944978","59.97817105944978","59.97817105944978"
"17","67.9304359164594","67.9304359164594","67.9304359164594"
"18","75.90194824838142","75.90194824838142","75.90194824838142"
"19","82.63054463554919","82.63054463554919","82.63054463554919"
"20","89.91516863010693","89.91516863010693","89.91516863010693"
"21","91.0990421805341","91.0990421805341","91.0990421805341"
"22","92.25027218744336","92.25027218744336","92.25027218744336"
"23","92.74002988607833","92.74002988607833","92.74002988607833"
"24","93.0151342853175","93.0151342853175","93.0151342853175"
"25","92.6143832863093","92.6143832863093","92.6143832863093"
"26","92.67692501348378","92.67692501348378","92.67692501348378"
"27","92.3412987015666","92.3412987015666","92.3412987015666"
"28","92.00228269988345","92.00228269988345","92.00228269988345"
"29","89.38819401892422","89.38819401892422","89.38819401892422"
"30","89.42061040154803","89.42061040154803","89.42061040154803"
"31","89.3117141249123","89.3117141249123","89.3117141249123"
"32","88.88227708674958","88.88227708674958","88.88227708674958"
"33","88.81149736710843","88.81149736710843","88.81149736710843"
"34","88.51470382557625","88.51470382557625","88.51470382557625"
"35","88.51054359357263","88.51054359357263","88.51054359357263"
"36","88.49461305458479","88.49461305458479","88.49461305458479"
"37","88.51408921587525","88.51408921587525","88.51408921587525"
"38","89.0588462940968","89.0588462940968","89.0588462940968"
"39","88.24736439986027","88.24736439986027","88.24736439986027"
"40","87.59959780546015","87.59959780546015","87.59959780546015"
"41","86.78000138416175","86.78000138416175","86.78000138416175"
"42","85.64191729249536","85.64191729249536","85.64191729249536"
"43","85.49379186637715","85.49379186637715","85.49379186637715"
"44","84.6364043276206","84.6364043276206","84.6364043276206"
"45","85.34862267038261","85.34862267038261","85.34862267038261"
"46","85.06395982618858","85.06395982618858","85.06395982618858"
"47","84.73048591408123","84.73048591408123","84.73048591408123"
"48","84.9164944091893","84.9164944091893","84.9164944091893"
"49","84.8929597063944","84.8929597063944","84.8929597063944"
"50","84.88629739521478","84.88629739521478","84.88629739521478"
"51","84.18756397454212","84.18756397454212","84.18756397454212"
"52","84.70373732036443","84.70373732036443","84.70373732036443"
"53","85.89575158718937","85.89575158718937","85.89575158718937"
"54","88.80274416607561","88.80274416607561","88.80274416607561"
"55","93.02716555078462","93.02716555078462","93.02716555078462"
"56","96.53974378834444","96.53974378834444","96.53974378834444"
"57","98.91499763856623","98.91499763856623","98.91499763856623"
"58","99.3476321254892","99.3476321254892","99.3476321254892"
"59","99.73057263864202","99.73057263864202","99.73057263864202"
"60","97.98033714871902","97.98033714871902","97.98033714871902"
"61","96.39796327722982","96.39796327722982","96.39796327722982"
"62","94.74749034466062","94.74749034466062","94.74749034466062"
"63","93.7948664682539","93.7948664682539","93.7948664682539"
"64","96.13720089186887","96.13720089186887","96.13720089186887"
"65","98.15221565616449","98.15221565616449","98.15221565616449"
"66","100.06379289834882","100.06379289834882","100.06379289834882"
"67","100.89508668951949","100.89508668951949","100.89508668951949"
"68","101.47930860433216","101.47930860433216","101.47930860433216"
"69","101.79123226556328","101.79123226556328","101.79123226556328"
"70","102.1671911503538","102.1671911503538","102.1671911503538"
"71","100.73797673500037","100.73797673500037","100.73797673500037"
"72","100.16596238876653","100.16596238876653","100.16596238876653"
"73","98.40035772742277","98.40035772742277","98.40035772742277"
"74","97.62785604665449","97.62785604665449","97.62785604665449"
"75","98.05331209550896","98.05331209550896","98.05331209550896"
"76","97.85490007487124","97.85490007487124","97.85490007487124"
"77","98.56098640939821","98.56098640939821","98.56098640939821"
"78","98.57287970813225","98.57287970813225","98.57287970813225"
"79","98.75003137458252","98.75003137458252","98.75003137458252"
"80","99.89662117538876","99.89662117538876","99.89662117538876"
"81","101.08647058282905","101.08647058282905","101.08647058282905"
"82","102.1280612151623","102.1280612151623","102.1280612151623"
"83","100.36656615283549","100.36656615283549","100.36656615283549"
"84","98.42941264776763","98.42941264776763","98.42941264776763"
"85","96.78750085486007","96.78750085486007","96.78750085486007"
"86","96.28454162862039","96.28454162862039","96.28454162862039"
"87","94.43918651471296","94.43918651471296","94.43918651471296"
"88","92.95063181334108","92.95063181334108","92.95063181334108"
"89","91.46712377825612","91.46712377825612","91.46712377825612"
"90","90.85878202879145","90.85878202879145","90.85878202879145"
"91","89.40974207223655","89.40974207223655","89.40974207223655"
"92","87.93142956334496","87.93142956334496","87.93142956334496"
"93","87.36272950199228","87.36272950199228","87.36272950199228"
"94","86.3474909215538","86.3474909215538","86.3474909215538"
"95","86.0531068327755","86.0531068327755","86.0531068327755"
"96","85.97078483138142","85.97078483138142","85.97078483138142"
"97","85.69827556619389","85.69827556619389","85.69827556619389"
"98","84.84340011789526","84.84340011789526","84.84340011789526"
"99","83.23250916313931","83.23250916313931","83.23250916313931"
"100","81.65681378815012","81.65681378815012","81.65681378815012"
"101","81.11486789463387","81.11486789463387","81.11486789463387"
"102","81.00331222673437","81.00331222673437","81.00331222673437"
"103","81.9302096500576","81.9302096500576","81.9302096500576"
"104","81.942896030426","81.942896030426","81.942896030426"
"105","81.92921347882164","81.92921347882164","81.92921347882164"
"106","82.35201323008974","82.35201323008974","82.35201323008974"
"107","81.38002066410024","81.38002066410024","81.38002066410024"
"108","81.20356753212278","81.20356753212278","81.20356753212278"
"109","80.90693243107637","80.90693243107637","80.90693243107637"
"110","80.92831144635095","80.92831144635095","80.92831144635095"
"111","79.40778612368268","79.40778612368268","79.40778612368268"
"112","78.2723533885972","78.2723533885972","78.2723533885972"
"113","78.00259524563788","78.00259524563788","78.00259524563788"
"114","76.37131196174299","76.37131196174299","76.37131196174299"
"115","74.5504020940186","74.5504020940186","74.5504020940186"
"116","72.67267473373091","72.67267473373091","72.67267473373091"
"117","70.6382583783613","70.6382583783613","70.6382583783613"
"118","68.7137078028614","68.7137078028614","68.7137078028614"
"119","66.56661019640737","66.56661019640737","66.56661019640737"
"120","64.04940630829189","64.04940630829189","64.04940630829189"
"121","62.56024546931725","62.56024546931725","62.56024546931725"
"122","61.15256376425265","61.15256376425265","61.15256376425265"
"123","59.78733925439877","59.78733925439877","59.78733925439877"
"124","58.73644349574572","58.73644349574572","58.73644349574572"
"125","58.18220039368136","58.18220039368136","58.18220039368136"
"126","57.51010531360744","57.51010531360744","57.51010531360744"
"127","56.93610405099573","56.93610405099573","56.93610405099573"
"128","56.15188298516901","56.15188298516901","56.15188298516901"
"129","56.14132570512587","56.14132570512587","56.14132570512587"
"130","56.08819106003148","56.08819106003148","56.08819106003148"
"131","56.00410840113991","56.00410840113991","56.00410840113991"
"132","55.49573430375307","55.49573430375307","55.49573430375307"
"133","54.8612313125899","54.8612313125899","54.8612313125899"
"134","54.31674915053993","54.31674915053993","54.31674915053993"
"135","53.30638375808596","53.30638375808596","53.30638375808596"
"136","52.2089650311076","52.2089650311076","52.2089650311076"
"137","51.1201558573625","51.1201558573625","51.1201558573625"
"138","50.04490444160876","50.04490444160876","50.04490444160876"
"139","49.87122204355774","49.87122204355774","49.87122204355774"
"140","49.844847464280846","49.844847464280846","49.844847464280846"
"141","48.46172706422274","48.46172706422274","48.46172706422274"
"142","48.05577162016993","48.05577162016993","48.05577162016993"
"143","47.92601660798182","47.92601660798182","47.92601660798182"
"144","48.23138907158858","48.23138907158858","48.23138907158858"
"145","47.30764721412788","47.30764721412788","47.30764721412788"
"146","46.789703834652265","46.789703834652265","46.789703834652265"
"147","46.290228122432694","46.290228122432694","46.290228122432694"
"148","45.54887034355381","45.54887034355381","45.54887034355381"
"149","45.64018049374872","45.64018049374872","45.64018049374872"
"150","45.635964575099734","45.635964575099734","45.635964575099734"
"151","45.99982608547443","45.99982608547443","45.99982608547443"
"152","45.08332038600007","45.08332038600007","45.08332038600007"
"153","43.803155485186814","43.803155485186814","43.803155485186814"
"154","41.61540193792907","41.61540193792907","41.61540193792907"
"155","37.53845029596714","37.53845029596714","37.53845029596714"
"156","33.77518855747776","33.77518855747776","33.77518855747776"
"157","30.589418588755745","30.589418588755745","30.589418588755745"
"158","28.483424226055014","28.483424226055014","28.483424226055014"
"159","26.39228995088497","26.39228995088497","26.39228995088497"
"160","25.57827457935733","25.57827457935733","25.57827457935733"
"161","24.683651982689135","24.683651982689135","24.683651982689135"
"162","23.87795030043586","23.87795030043586","23.87795030043586"
"163","22.661350096401637","22.661350096401637","22.661350096401637"
"164","19.348703808917545","19.348703808917545","19.348703808917545"
"165","16.21259456429898","16.21259456429898","16.21259456429898"
"166","13.062253946728651","13.062253946728651","13.062253946728651"
"167","10.620822444969436","10.620822444969436","10.620822444969436"
"168","8.313607814036423","8.313607814036423","8.313607814036423"
"169","6.191410045317952","6.191410045317952","6.191410045317952"
"170","4.026574060580224","4.026574060580224","4.026574060580224"
"171","3.13499819103954","3.13499819103954","3.13499819103954"
"172","1.6499986697486566","1.6499986697486566","1.6499986697486566"
"173","1.1631947425538964","1.1631947425538964","1.1631947425538964"
"174","-0.14380867028798094","-0.14380867028798094","-0.14380867028798094"
"175","-2.3393089277004764","-2.3393089277004764","-2.3393089277004764"
"176","-4.041639966693328","-4.041639966693328","-4.041639966693328"
"177","-6.467051534478523","-6.467051534478523","-6.467051534478523"
"178","-8.365190535628209","-8.365190535628209","-8.365190535628209"
"179","-9.176919607092533","-9.176919607092533","-9.176919607092533"
"180","-11.9465304449209","-11.9465304449209","-11.9465304449209"
"181","-14.774999859648197","-14.774999859648197","-14.774999859648197"
"182","-17.505330453476308","-17.505330453476308","-17.505330453476308"
"183","-17.929950098878145","-17.929950098878145","-17.929950098878145"
"184","-18.17176407052055","-18.17176407052055","-18.17176407052055"
"185","-18.626129492573344","-18.626129492573344","-18.626129492573344"
"186","-20.02680034748828","-20.02680034748828","-20.02680034748828"
"187","-20.249537099381815","-20.249537099381815","-20.249537099381815"
"188","-20.749709959408175","-20.749709959408175","-20.749709959408175"
"189","-21.224585187429003","-21.224585187429003","-21.224585187429003"
"190","-22.45708215824645","-22.45708215824645","-22.45708215824645"
"191","-22.91277498078849","-22.91277498078849","-22.91277498078849"
"192","-23.312152373449315","-23.312152373449315","-23.312152373449315"
"193","-24.527881578592023","-24.527881578592023","-24.527881578592023"
"194","-25.312888995426146","-25.312888995426146","-25.312888995426146"
"195","-26.762374248149243","-26.762374248149243","-26.762374248149243"
"196","-28.4092579962112","-28.4092579962112","-28.4092579962112"
"197","-29.870368011443315","-29.870368011443315","-29.870368011443315"
"198","-30.754942282208614","-30.754942282208614","-30.754942282208614"
"199","-30.87396801734194","-30.87396801734194","-30.87396801734194"
"200","-30.995984462069718","-30.995984462069718","-30.995984462069718"
"201","-31.711240766081865","-31.711240766081865","-31.711240766081865"
"202","-32.62285409828266","-32.62285409828266","-32.62285409828266"
"203","-33.55919116207948","-33.55919116207948","-33.55919116207948"
"204","-33.908170984402204","-33.908170984402204","-33.908170984402204"
"205","-34.4792137511502","-34.4792137511502","-34.4792137511502"
"206","-35.473963724231254","-35.473963724231254","-35.473963724231254"
"207","-36.277926272755394","-36.277926272755394","-36.277926272755394"
"208","-36.703090962661335","-36.703090962661335","-36.703090962661335"
"209","-38.0101783164273","-38.0101783164273","-38.0101783164273"
"210","-39.27997010119809","-39.27997010119809","-39.27997010119809"
"211","-40.32886922006114","-40.32886922006114","-40.32886922006114"
"212","-41.63169960698662","-41.63169960698662","-41.63169960698662"
"213","-42.683976479252706","-42.683976479252706","-42.683976479252706"
"214","-43.75615770163564","-43.75615770163564","-43.75615770163564"
"215","-44.61203131151935","-44.61203131151935","-44.61203131151935"
"216","-45.452720267629154","-45.452720267629154","-45.452720267629154"
"217","-46.234019512101916","-46.234019512101916","-46.234019512101916"
"218","-47.28896831208458","-47.28896831208458","-47.28896831208458"
"219","-48.0440309633649","-48.0440309633649","-48.0440309633649"
"220","-48.67537787494799","-48.67537787494799","-48.67537787494799"
"221","-49.199418460769486","-49.199418460769486","-49.199418460769486"
"222","-49.82133655102542","-49.82133655102542","-49.82133655102542"
"223","-50.35661318014925","-50.35661318014925","-50.35661318014925"
"224","-51.16449055461762","-51.16449055461762","-51.16449055461762"
"225","-52.30556816015942","-52.30556816015942","-52.30556816015942"
"226","-53.44119290447412","-53.44119290447412","-53.44119290447412"
"227","-54.568765450907776","-54.568765450907776","-54.568765450907776"
"228","-55.47838444062127","-55.47838444062127","-55.47838444062127"
"229","-56.49513910964681","-56.49513910964681","-56.49513910964681"
"230","-58.211024009255596","-58.211024009255596","-58.211024009255596"
"231","-59.8527948800669","-59.8527948800669","-59.8527948800669"
"232","-60.96482656674543","-60.96482656674543","-60.96482656674543"
"233","-62.06114944286728","-62.06114944286728","-62.06114944286728"
"234","-63.16930013788948","-63.16930013788948","-63.16930013788948"
"235","-63.907968488075674","-63.907968488075674","-63.907968488075674"
"236","-64.55526094343597","-64.55526094343597","-64.55526094343597"
"237","-65.2239228196078","-65.2239228196078","-65.2239228196078"
"238","-66.106195848436","-66.106195848436","-66.106195848436"
"239","-67.37195746842855","-67.37195746842855","-67.37195746842855"
"240","-68.83426218831995","-68.83426218831995","-68.83426218831995"
"241","-68.85645517224529","-68.85645517224529","-68.85645517224529"
"242","-69.70571337089027","-69.70571337089027","-69.70571337089027"
"243","-71.23407368471929","-71.23407368471929","-71.23407368471929"
"244","-72.8818389593632","-72.8818389593632","-72.8818389593632"
"245","-73.98894445180977","-73.98894445180977","-73.98894445180977"
"246","-75.05794003289276","-75.05794003289276","-75.05794003289276"
"247","-76.11776512404987","-76.11776512404987","-76.11776512404987"
"248","-77.17832705438221","-77.17832705438221","-77.17832705438221"
"249","-78.97265710344622","-78.97265710344622","-78.97265710344622"
"250","-80.67835252592424","-80.67835252592424","-80.67835252592424"
"251","-82.39938771198878","-82.39938771198878","-82.39938771198878"
"252","-83.45857390414366","-83.45857390414366","-83.45857390414366"
"253","-84.52256718756074","-84.52256718756074","-84.52256718756074"
"254","-85.62890731894785","-85.62890731894785","-85.62890731894785"
"255","-85.62877901452968","-85.62877901452968","-85.62877901452968"
"256","-85.62749651114831","-85.62749651114831","-85.62749651114831"
"257","-85.62639945449682","-85.62639945449682","-85.62639945449682"
"258","-85.62587873012203","-85.62587873012203","-85.62587873012203"
"259","-85.61882805847938","-85.61882805847938","-85.61882805847938"
"260","-85.61738502224351","-85.61738502224351","-85.61738502224351"
"261","-85.6020140346084","-85.6020140346084","-85.6020140346084"
"262","-85.60235028106163","-85.60235028106163","-85.60235028106163"
"263","-85.59850291545878","-85.59850291545878","-85.59850291545878"
"264","-85.58829322819973","-85.58829322819973","-85.58829322819973"
"265","-85.588629273003","-85.588629273003","-85.588629273003"
"266","-85.54715607877264","-85.54715607877264","-85.54715607877264"
"267","-85.52864171295802","-85.52864171295802","-85.52864171295802"
"268","-85.49301930460756","-85.49301930460756","-85.49301930460756"
"269","-85.46620915881965","-85.46620915881965","-85.46620915881965"
"270","-85.44784593559478","-85.44784593559478","-85.44784593559478"
"271","-85.42793731953626","-85.42793731953626","-85.42793731953626"
"272","-85.40382486255515","-85.40382486255515","-85.40382486255515"
"273","-85.49510967493097","-85.49510967493097","-85.49510967493097"
"274","-85.46587310818065","-85.46587310818065","-85.46587310818065"
"275","-85.43114496132166","-85.43114496132166","-85.43114496132166"
"276","-85.42389747095102","-85.42389747095102","-85.42389747095102"
"277","-85.38610608140745","-85.38610608140745","-85.38610608140745"
"278","-85.34817715185501","-85.34817715185501","-85.34817715185501"
"279","-86.52748460205272","-86.52748460205272","-86.52748460205272"
"280","-86.52798496808856","-86.52798496808856","-86.52798496808856"
"281","-86.52659171106293","-86.52659171106293","-86.52659171106293"
"282","-86.52660409655422","-86.52660409655422","-86.52660409655422"
"283","-86.5265661119111","-86.5265661119111","-86.5265661119111"
"284","-86.52659444186837","-86.52659444186837","-86.52659444186837"
"285","-86.52623412394897","-86.52623412394897","-86.52623412394897"
"286","-86.5262842350267","-86.5262842350267","-86.5262842350267"
"287","-86.5262924659811","-86.5262924659811","-86.5262924659811"
"288","-86.52598533606157","-86.52598533606157","-86.52598533606157"
"289","-86.52561582149937","-86.52561582149937","-86.52561582149937"
"290","-86.52565409583971","-86.52565409583971","-86.52565409583971"
"291","-86.52465695636347","-86.52465695636347","-86.52465695636347"
"292","-86.52336634127423","-86.52336634127423","-86.52336634127423"
"293","-86.52344939386472","-86.52344939386472","-86.52344939386472"
"294","-86.52310439351946","-86.52310439351946","-86.52310439351946"
"295","-86.52280325036496","-86.52280325036496","-86.52280325036496"
"296","-86.52206955229863","-86.52206955229863","-86.52206955229863"
"297","-86.52170785756782","-86.52170785756782","-86.52170785756782"
"298","-86.52174630369991","-86.52174630369991","-86.52174630369991"
"299","-86.52107670815661","-86.52107670815661","-86.52107670815661"
"300","-86.52100912733003","-86.52100912733003","-86.52100912733003"
"301","-86.52003691565245","-86.52003691565245","-86.52003691565245"
"302","-86.51923898311333","-86.51923898311333","-86.51923898311333"
"303","-86.51861202850938","-86.51861202850938","-86.51861202850938"
"304","-86.51856423085556","-86.51856423085556","-86.51856423085556"
"305","-86.5185496138595","-86.5185496138595","-86.5185496138595"
"306","-86.51728226598352","-86.51728226598352","-86.51728226598352"
"307","-86.517322261706","-86.517322261706","-86.517322261706"
"308","-86.51731590000912","-86.51731590000912","-86.51731590000912"
"309","-86.51630581526086","-86.51630581526086","-86.51630581526086"
"310","-86.51512967703864","-86.51512967703864","-86.51512967703864"
"311","-86.51414146726951","-86.51414146726951","-86.51414146726951"
"312","-86.51322361920029","-86.51322361920029","-86.51322361920029"
"313","-86.51225473782047","-86.51225473782047","-86.51225473782047"
"314","-86.51162305660546","-86.51162305660546","-86.51162305660546"
"315","-86.51119000421836","-86.51119000421836","-86.51119000421836"
"316","-86.51022725893185","-86.51022725893185","-86.51022725893185"
"317","-86.51059855232015","-86.51059855232015","-86.51059855232015"
"318","-86.51068982722238","-86.51068982722238","-86.51068982722238"
"319","-86.51038896121085","-86.51038896121085","-86.51038896121085"
"320","-86.5094703726843","-86.5094703726843","-86.5094703726843"
"321","-86.50820537885652","-86.50820537885652","-86.50820537885652"
"322","-86.5073289440386","-86.5073289440386","-86.5073289440386"
"323","-86.50621479162946","-86.50621479162946","-86.50621479162946"
"324","-86.50526204975321","-86.50526204975321","-86.50526204975321"
"325","-86.50373524736614","-86.50373524736614","-86.50373524736614"
"326","-86.50080381883308","-86.50080381883308","-86.50080381883308"
"327","-86.4982912328653","-86.4982912328653","-86.4982912328653"
"328","-86.49599368458614","-86.49599368458614","-86.49599368458614"
"329","-86.49372569942847","-86.49372569942847","-86.49372569942847"
"330","-86.48995151175185","-86.48995151175185","-86.48995151175185"
"331","-86.18145782026617","-86.18145782026617","-86.18145782026617"
"332","-85.56293497575334","-85.56293497575334","-85.56293497575334"
"333","-84.9561060616848","-84.9561060616848","-84.9561060616848"
"334","-84.34304754925103","-84.34304754925103","-84.34304754925103"
"335","-83.73836972508454","-83.73836972508454","-83.73836972508454"
"336","-83.12484362143724","-83.12484362143724","-83.12484362143724"
"337","-82.51966323365936","-82.51966323365936","-82.51966323365936"
"338","-81.92635098018977","-81.92635098018977","-81.92635098018977"
"339","-81.31498405424617","-81.31498405424617","-81.31498405424617"
"340","-80.70907997621495","-80.70907997621495","-80.70907997621495"
"341","-80.1043733951485","-80.1043733951485","-80.1043733951485"
"342","-79.37865957686938","-79.37865957686938","-79.37865957686938"
"343","-78.69323282054448","-78.69323282054448","-78.69323282054448"
"344","-77.95921964630082","-77.95921964630082","-77.95921964630082"
"345","-77.22315313464078","-77.22315313464078","-77.22315313464078"
"346","-75.5256003471655","-75.5256003471655","-75.5256003471655"
"347","-73.76573554344523","-73.76573554344523","-73.76573554344523"
"348","-72.20233332159978","-72.20233332159978","-72.20233332159978"
"349","-70.8993237110791","-70.8993237110791","-70.8993237110791"
"350","-69.76200131593322","-69.76200131593322","-69.76200131593322"
"351","-68.66527270032796","-68.66527270032796","-68.66527270032796"
"352","-67.56007449873496","-67.56007449873496","-67.56007449873496"
"353","-66.15950379821244","-66.15950379821244","-66.15950379821244"
"354","-65.10554884087416","-65.10554884087416","-65.10554884087416"
"355","-63.960882419194434","-63.960882419194434","-63.960882419194434"
"356","-62.842554249043516","-62.842554249043516","-62.842554249043516"
"357","-61.34825724966713","-61.34825724966713","-61.34825724966713"
"358","-59.98265694150125","-59.98265694150125","-59.98265694150125"
"359","-58.57553621506672","-58.57553621506672","-58.57553621506672"
"360","-57.207226967759254","-57.207226967759254","-57.207226967759254"
"361","-55.58293556121533","-55.58293556121533","-55.58293556121533"
"362","-53.90593566040863","-53.90593566040863","-53.90593566040863"
"363","-52.395369077039696","-52.395369077039696","-52.395369077039696"
"364","-50.870621860952866","-50.870621860952866","-50.870621860952866"
"365","-49.23673427725566","-49.23673427725566","-49.23673427725566"
"366","-47.5889461705613","-47.5889461705613","-47.5889461705613"
"367","-45.84963838300498","-45.84963838300498","-45.84963838300498"
"368","-44.29819694281387","-44.29819694281387","-44.29819694281387"
"369","-42.67014803228963","-42.67014803228963","-42.67014803228963"
"370","-41.18150243074697","-41.18150243074697","-41.18150243074697"
"371","-39.54074980581242","-39.54074980581242","-39.54074980581242"
"372","-37.86876129689224","-37.86876129689224","-37.86876129689224"
"373","-36.203075645012476","-36.203075645012476","-36.203075645012476"
"374","-34.543691863516045","-34.543691863516045","-34.543691863516045"
"375","-32.82734373398654","-32.82734373398654","-32.82734373398654"
"376","-31.214074485307254","-31.214074485307254","-31.214074485307254"
"377","-29.451693195815324","-29.451693195815324","-29.451693195815324"
"378","-27.011897058918265","-27.011897058918265","-27.011897058918265"
"379","-24.903602940815627","-24.903602940815627","-24.903602940815627"
"380","-22.623226271420727","-22.623226271420727","-22.623226271420727"
"381","-20.13128024546896","-20.13128024546896","-20.13128024546896"
"382","-17.837569674453707","-17.837569674453707","-17.837569674453707"
"383","-15.196515836925254","-15.196515836925254","-15.196515836925254"
"384","-12.786924999789345","-12.786924999789345","-12.786924999789345"
"385","-10.138746858816605","-10.138746858816605","-10.138746858816605"
"386","-8.08481141878293","-8.08481141878293","-8.08481141878293"
"387","-5.440945448293362","-5.440945448293362","-5.440945448293362"
"388","-3.3720579496352117","-3.3720579496352117","-3.3720579496352117"
"389","-1.5759738688683251","-1.5759738688683251","-1.5759738688683251"
"390","0.6653244366217291","0.6653244366217291","0.6653244366217291"
"391","2.5540992928389348","2.5540992928389348","2.5540992928389348"
"392","4.588609602237109","4.588609602237109","4.588609602237109"
"393","6.419526870222751","6.419526870222751","6.419526870222751"
"394","7.930972114102904","7.930972114102904","7.930972114102904"
"395","9.335575145417813","9.335575145417813","9.335575145417813"
"396","10.471640757014963","10.471640757014963","10.471640757014963"
"397","12.325180450023606","12.325180450023606","12.325180450023606"
"398","13.786778635752842","13.786778635752842","13.786778635752842"
"399","15.148546288532659","15.148546288532659","15.148546288532659"
"400","16.248662060049817","16.248662060049817","16.248662060049817"
"401","17.345600267329708","17.345600267329708","17.345600267329708"
"402","18.431242013440922","18.431242013440922","18.431242013440922"
"403","19.56848525993292","19.56848525993292","19.56848525993292"
"404","20.64491139190969","20.64491139190969","20.64491139190969"
"405","21.72995550407969","21.72995550407969","21.72995550407969"
"406","23.014724196072194","23.014724196072194","23.014724196072194"
"407","24.607542583018066","24.607542583018066","24.607542583018066"
"408","25.963915667084503","25.963915667084503","25.963915667084503"
"409","26.82988906765123","26.82988906765123","26.82988906765123"
"410","28.3398852238967","28.3398852238967","28.3398852238967"
"411","29.911676642314987","29.911676642314987","29.911676642314987"
"412","30.903539497207376","30.903539497207376","30.903539497207376"
"413","31.870674511503886","31.870674511503886","31.870674511503886"
"414","32.396220820953594","32.396220820953594","32.396220820953594"
"415","32.78368831922998","32.78368831922998","32.78368831922998"
"416","33.24655564177082","33.24655564177082","33.24655564177082"
"417","33.82837338984245","33.82837338984245","33.82837338984245"
"418","34.389453270139626","34.389453270139626","34.389453270139626"
"419","34.88273744412464","34.88273744412464","34.88273744412464"
"420","35.22894078541779","35.22894078541779","35.22894078541779"
"421","35.71510484151774","35.71510484151774","35.71510484151774"
"422","37.51027876721927","37.51027876721927","37.51027876721927"
"423","39.234942010643415","39.234942010643415","39.234942010643415"
"424","40.32947631405899","40.32947631405899","40.32947631405899"
"425","42.473010490017465","42.473010490017465","42.473010490017465"
"426","44.20811685802647","44.20811685802647","44.20811685802647"
"427","46.3701028179028","46.3701028179028","46.3701028179028"
"428","48.25983098842435","48.25983098842435","48.25983098842435"
"429","50.39931347156175","50.39931347156175","50.39931347156175"
"430","52.69394907040753","52.69394907040753","52.69394907040753"
"431","54.7511887754492","54.7511887754492","54.7511887754492"
"432","56.350226136060684","56.350226136060684","56.350226136060684"
"433","57.5151766530223","57.5151766530223","57.5151766530223"
"434","58.87051323015245","58.87051323015245","58.87051323015245"
"435","60.441791676885586","60.441791676885586","60.441791676885586"
"436","61.778882758878424","61.778882758878424","61.778882758878424"
"437","63.452481909556845","63.452481909556845","63.452481909556845"
"438","64.91366438991717","64.91366438991717","64.91366438991717"
"439","65.85782111649524","65.85782111649524","65.85782111649524"
"440","67.3468912086585","67.3468912086585","67.3468912086585"
"441","68.4829508656221","68.4829508656221","68.4829508656221"
"442","69.79330419622775","69.79330419622775","69.79330419622775"
"443","71.27560122597937","71.27560122597937","71.27560122597937"
"444","72.80034315679903","72.80034315679903","72.80034315679903"
"445","74.4780764946967","74.4780764946967","74.4780764946967"
"446","74.83796474698666","74.83796474698666","74.83796474698666"
"447","76.29858233384057","76.29858233384057","76.29858233384057"
"448","76.90033752700514","76.90033752700514","76.90033752700514"
"449","77.89226002560197","77.89226002560197","77.89226002560197"
"450","80.07255116538344","80.07255116538344","80.07255116538344"
"451","81.74993944630037","81.74993944630037","81.74993944630037"
"452","83.73029394889174","83.73029394889174","83.73029394889174"
"453","85.44773949853345","85.44773949853345","85.44773949853345"
"454","87.6408082162085","87.6408082162085","87.6408082162085"
"455","87.87551320283204","87.87551320283204","87.87551320283204"
"456","87.979394805484","87.979394805484","87.979394805484"
"457","89.35901385526023","89.35901385526023","89.35901385526023"
"458","89.42038419474233","89.42038419474233","89.42038419474233"
"459","89.42031834469027","89.42031834469027","89.42031834469027"
"460","91.74242721740939","91.74242721740939","91.74242721740939"
"461","92.85201016580537","92.85201016580537","92.85201016580537"
"462","94.73698169736042","94.73698169736042","94.73698169736042"
"463","95.20500308581013","95.20500308581013","95.20500308581013"
"464","96.21848361524488","96.21848361524488","96.21848361524488"
"465","98.20627015634174","98.20627015634174","98.20627015634174"
"466","99.4243495159849","99.4243495159849","99.4243495159849"
"467","100.53684493909965","100.53684493909965","100.53684493909965"
"468","101.88900811738011","101.88900811738011","101.88900811738011"
"469","103.2848261288917","103.2848261288917","103.2848261288917"
"470","104.82043886660041","104.82043886660041","104.82043886660041"
"471","106.96651272674465","106.96651272674465","106.96651272674465"
"472","108.99824380561385","108.99824380561385","108.99824380561385"
"473","110.1074792676014","110.1074792676014","110.1074792676014"
"474","111.30865556468864","111.30865556468864","111.30865556468864"
"475","112.38330358559408","112.38330358559408","112.38330358559408"
"476","113.63867557306916","113.63867557306916","113.63867557306916"
"477","115.59453165016275","115.59453165016275","115.59453165016275"
"478","116.95466117578697","116.95466117578697","116.95466117578697"
"479","118.45251860401731","118.45251860401731","118.45251860401731"
"480","118.8900354687882","118.8900354687882","118.8900354687882"
"481","119.93277903749265","119.93277903749265","119.93277903749265"
"482","121.32689232184967","121.32689232184967","121.32689232184967"
"483","122.27451416780073","122.27451416780073","122.27451416780073"
"484","123.4271848313028","123.4271848313028","123.4271848313028"
"485","124.51391474532494","124.51391474532494","124.51391474532494"
"486","125.9957132531942","125.9957132531942","125.9957132531942"
"487","126.91959621044407","126.91959621044407","126.91959621044407"
"488","128.5258677557909","128.5258677557909","128.5258677557909"
"489","130.5859652942379","130.5859652942379","130.5859652942379"
"490","131.98053908173526","131.98053908173526","131.98053908173526"
"491","133.84296973691852","133.84296973691852","133.84296973691852"
"492","135.47145023062424","135.47145023062424","135.47145023062424"
"493","137.21560283661697","137.21560283661697","137.21560283661697"
"494","139.28160052389714","139.28160052389714","139.28160052389714"
"495","141.42498330513823","141.42498330513823","141.42498330513823"
"496","143.8543473449733","143.8543473449733","143.8543473449733"
"497","145.66339617061539","145.66339617061539","145.66339617061539"
"498","147.55094517956132","147.55094517956132","147.55094517956132"
"499","149.82327609834837","149.82327609834837","149.82327609834837"
"500","152.2893215643113","152.2893215643113","152.2893215643113"
"501","154.729546757884","154.729546757884","154.729546757884"
"502","157.06463525311898","157.06463525311898","157.06463525311898"
"503","159.32885944798466","159.32885944798466","159.32885944798466"
"504","161.78495357020634","161.78495357020634","161.78495357020634"
"505","164.28393830195702","164.28393830195702","164.28393830195702"
"506","166.35471556004478","166.35471556004478","166.35471556004478"
"507","168.07946700431748","168.07946700431748","168.07946700431748"
"508","170.2726049700693","170.2726049700693","170.2726049700693"
"509","172.89548330399316","172.89548330399316","172.89548330399316"
"510","174.58170258699093","174.58170258699093","174.58170258699093"
"511","176.33833985257073","176.33833985257073","176.33833985257073"
"512","178.58584804437814","178.58584804437814","178.58584804437814"
"513","181.01916900136735","181.01916900136735","181.01916900136735"
"514","183.79045752871542","183.79045752871542","183.79045752871542"
"515","186.75807527852004","186.75807527852004","186.75807527852004"
"516","189.6208334858249","189.6208334858249","189.6208334858249"
"517","192.42379234188286","192.42379234188286","192.42379234188286"
"518","195.16253822145103","195.16253822145103","195.16253822145103"
"519","198.09847080307134","198.09847080307134","198.09847080307134"
"520","200.97012372484016","200.97012372484016","200.97012372484016"
"521","203.63858186683203","203.63858186683203","203.63858186683203"
"522","205.04759317576935","205.04759317576935","205.04759317576935"
"523","206.64312786770105","206.64312786770105","206.64312786770105"
"524","208.78118716674908","208.78118716674908","208.78118716674908"
"525","209.9638049245887","209.9638049245887","209.9638049245887"
"526","211.53888053597933","211.53888053597933","211.53888053597933"
"527","212.79732940828478","212.79732940828478","212.79732940828478"
"528","214.38030477496613","214.38030477496613","214.38030477496613"
"529","215.6920033321884","215.6920033321884","215.6920033321884"
"530","216.74652460733247","216.74652460733247","216.74652460733247"
"531","217.94346879976854","217.94346879976854","217.94346879976854"
"532","219.05946598386734","219.05946598386734","219.05946598386734"
"533","220.70470044698908","220.70470044698908","220.70470044698908"
"534","222.1693982303633","222.1693982303633","222.1693982303633"
"535","223.4270948861145","223.4270948861145","223.4270948861145"
"536","224.96145657398054","224.96145657398054","224.96145657398054"
"537","226.2791027887228","226.2791027887228","226.2791027887228"
"538","227.73267727440762","227.73267727440762","227.73267727440762"
"539","229.6640392731731","229.6640392731731","229.6640392731731"
"540","231.18584968476105","231.18584968476105","231.18584968476105"
"541","232.71525348964394","232.71525348964394","232.71525348964394"
"542","234.15411736398949","234.15411736398949","234.15411736398949"
"543","235.58216292023673","235.58216292023673","235.58216292023673"
"544","236.84487564682976","236.84487564682976","236.84487564682976"
"545","237.92299967439394","237.92299967439394","237.92299967439394"
"546","239.16047045638334","239.16047045638334","239.16047045638334"
"547","239.62188839994386","239.62188839994386","239.62188839994386"
"548","240.93911263426781","240.93911263426781","240.93911263426781"
"549","242.1645732620523","242.1645732620523","242.1645732620523"
"550","242.33430376503398","242.33430376503398","242.33430376503398"
"551","243.05783127232615","243.05783127232615","243.05783127232615"
"552","243.3457437579242","243.3457437579242","243.3457437579242"
"553","243.67503189098758","243.67503189098758","243.67503189098758"
"554","243.80634221167043","243.80634221167043","243.80634221167043"
"555","245.91232132104662","245.91232132104662","245.91232132104662"
"556","248.29403799232065","248.29403799232065","248.29403799232065"
"557","248.46889438418876","248.46889438418876","248.46889438418876"
"558","250.21274241908017","250.21274241908017","250.21274241908017"
"559","251.81364110066585","251.81364110066585","251.81364110066585"
"560","251.34950545215077","251.34950545215077","251.34950545215077"
"561","251.8886133188897","251.8886133188897","251.8886133188897"
"562","251.69371260896588","251.69371260896588","251.69371260896588"
"563","253.1833321417941","253.1833321417941","253.1833321417941"
"564","253.63821861250705","253.63821861250705","253.63821861250705"
"565","253.52894282362337","253.52894282362337","253.52894282362337"
"566","253.79256241067458","253.79256241067458","253.79256241067458"
"567","254.06119940668955","254.06119940668955","254.06119940668955"
"568","254.69904006035446","254.69904006035446","254.69904006035446"
"569","255.40403894807125","255.40403894807125","255.40403894807125"
"570","256.1579703596133","256.1579703596133","256.1579703596133"
"571","256.0073255809341","256.0073255809341","256.0073255809341"
"572","256.1807243966652","256.1807243966652","256.1807243966652"
"573","257.0055681678807","257.0055681678807","257.0055681678807"
"574","257.8951298893118","257.8951298893118","257.8951298893118"
"575","258.8638612472839","258.8638612472839","258.8638612472839"
"576","259.6569672253463","259.6569672253463","259.6569672253463"
"577","259.73114039142763","259.73114039142763","259.73114039142763"
"578","259.7036060515713","259.7036060515713","259.7036060515713"
"579","259.9992865739824","259.9992865739824","259.9992865739824"
"580","260.7642230658337","260.7642230658337","260.7642230658337"
"581","260.810581821465","260.810581821465","260.810581821465"
"582","260.86701368029503","260.86701368029503","260.86701368029503"
"583","260.2112936198937","260.2112936198937","260.2112936198937"
"584","260.5561270697268","260.5561270697268","260.5561270697268"
"585","260.65290028076777","260.65290028076777","260.65290028076777"
"586","260.9166151289262","260.9166151289262","260.9166151289262"
"587","259.90399611895367","259.90399611895367","259.90399611895367"
"588","258.9498078744805","258.9498078744805","258.9498078744805"
"589","257.6708996383024","257.6708996383024","257.6708996383024"
"590","256.8911530122689","256.8911530122689","256.8911530122689"
"591","255.8003432138152","255.8003432138152","255.8003432138152"
"592","254.9524069824144","254.9524069824144","254.9524069824144"
"593","254.09319971940945","254.09319971940945","254.09319971940945"
"594","253.12906933400313","253.12906933400313","253.12906933400313"
"595","252.34217255222146","252.34217255222146","252.34217255222146"
"596","251.5776769083133","251.5776769083133","251.5776769083133"
"597","250.80454363994068","250.80454363994068","250.80454363994068"
"598","250.0723151662969","250.0723151662969","250.0723151662969"
"599","249.17069664791197","249.17069664791197","249.17069664791197"
"600","248.09284800520197","248.09284800520197","248.09284800520197"
"601","247.13445669179288","247.13445669179288","247.13445669179288"
"602","247.2946127573398","247.2946127573398","247.2946127573398"
"603","246.5405406739912","246.5405406739912","246.5405406739912"
"604","245.8866192297211","245.8866192297211","245.8866192297211"
"605","246.13931532151457","246.13931532151457","246.13931532151457"
"606","246.34587142056247","246.34587142056247","246.34587142056247"
"607","245.99179673551916","245.99179673551916","245.99179673551916"
"608","246.31569715850725","246.31569715850725","246.31569715850725"
"609","246.53326289142453","246.53326289142453","246.53326289142453"
"610","247.0012622037987","247.0012622037987","247.0012622037987"
"611","247.52316526620328","247.52316526620328","247.52316526620328"
"612","247.74667849234334","247.74667849234334","247.74667849234334"
"613","247.75862883424648","247.75862883424648","247.75862883424648"
"614","248.00454092088768","248.00454092088768","248.00454092088768"
"615","248.09895940525604","248.09895940525604","248.09895940525604"
"616","248.2826883385182","248.2826883385182","248.2826883385182"
"617","248.30212365518818","248.30212365518818","248.30212365518818"
"618","248.70881263597403","248.70881263597403","248.70881263597403"
"619","248.93428141653655","248.93428141653655","248.93428141653655"
"620","249.22104673505876","249.22104673505876","249.22104673505876"
"621","249.56208888027467","249.56208888027467","249.56208888027467"
"622","249.8671524775162","249.8671524775162","249.8671524775162"
"623","250.11864872201403","250.11864872201403","250.11864872201403"
"624","250.5052879492572","250.5052879492572","250.5052879492572"
"625","250.80150057040214","250.80150057040214","250.80150057040214"
"626","251.09728427528927","251.09728427528927","251.09728427528927"
"627","251.18874122761773","251.18874122761773","251.18874122761773"
"628","251.4833159597579","251.4833159597579","251.4833159597579"
"629","251.70802453581825","251.70802453581825","251.70802453581825"
"630","252.14661716393778","252.14661716393778","252.14661716393778"
"631","252.2699474287231","252.2699474287231","252.2699474287231"
"632","252.5132974925416","252.5132974925416","252.5132974925416"
"633","252.90717835072778","252.90717835072778","252.90717835072778"
"634","253.0512280660092","253.0512280660092","253.0512280660092"
"635","253.25538726844985","253.25538726844985","253.25538726844985"
"636","253.5232565165234","253.5232565165234","253.5232565165234"
"637","253.69836363776747","253.69836363776747","253.69836363776747"
"638","253.856829058483","253.856829058483","253.856829058483"
"639","254.1492793949756","254.1492793949756","254.1492793949756"
"640","254.11089216467792","254.11089216467792","254.11089216467792"
"641","254.64756625235648","254.64756625235648","254.64756625235648"
"642","254.95982433779966","254.95982433779966","254.95982433779966"
"643","255.05356522350442","255.05356522350442","255.05356522350442"
"644","255.38375774644882","255.38375774644882","255.38375774644882"
"645","255.47539189913238","255.47539189913238","255.47539189913238"
"646","256.02553721569404","256.02553721569404","256.02553721569404"
"647","256.1970836333923","256.1970836333923","256.1970836333923"
"648","256.5658009395561","256.5658009395561","256.5658009395561"
"649","256.8490839996281","256.8490839996281","256.8490839996281"
"650","256.92904617948443","256.92904617948443","256.92904617948443"
"651","256.47396716906206","256.47396716906206","256.47396716906206"
"652","255.971525930201","255.971525930201","255.971525930201"
"653","256.0812748004937","256.0812748004937","256.0812748004937"
"654","256.4124146633943","256.4124146633943","256.4124146633943"
"655","256.6984215035765","256.6984215035765","256.6984215035765"
"656","256.9047653848921","256.9047653848921","256.9047653848921"
"657","257.66640259027815","257.66640259027815","257.66640259027815"
"658","257.60680306090086","257.60680306090086","257.60680306090086"
"659","257.60076337830253","257.60076337830253","257.60076337830253"
"660","257.1807233712365","257.1807233712365","257.1807233712365"
"661","257.90334865469805","257.90334865469805","257.90334865469805"
"662","258.37221257820346","258.37221257820346","258.37221257820346"
"663","258.8441902859378","258.8441902859378","258.8441902859378"
"664","259.61801337831275","259.61801337831275","259.61801337831275"
"665","259.82101034856487","259.82101034856487","259.82101034856487"
"666","260.4599772612107","260.4599772612107","260.4599772612107"
"667","261.13704642275434","261.13704642275434","261.13704642275434"
"668","261.3416922821858","261.3416922821858","261.3416922821858"
"669","261.3424619976114","261.3424619976114","261.3424619976114"
"670","261.1766710529206","261.1766710529206","261.1766710529206"
"671","261.03855826177255","261.03855826177255","261.03855826177255"
"672","260.7999277873637","260.7999277873637","260.7999277873637"
"673","260.71871473319567","260.71871473319567","260.71871473319567"
"674","260.4316723761588","260.4316723761588","260.4316723761588"
"675","260.2658631157942","260.2658631157942","260.2658631157942"
"676","260.3739103655584","260.3739103655584","260.3739103655584"
"677","260.3356779132827","260.3356779132827","260.3356779132827"
"678","260.22270761110326","260.22270761110326","260.22270761110326"
"679","260.06922225609395","260.06922225609395","260.06922225609395"
"680","260.28433777786995","260.28433777786995","260.28433777786995"
"681","259.70486772227304","259.70486772227304","259.70486772227304"
"682","259.14987167006564","259.14987167006564","259.14987167006564"
"683","260.08739004490633","260.08739004490633","260.08739004490633"
"684","260.0448807637181","260.0448807637181","260.0448807637181"
"685","260.14174404235297","260.14174404235297","260.14174404235297"
"686","260.0473099284756","260.0473099284756","260.0473099284756"
"687","261.311063267118","261.311063267118","261.311063267118"
"688","262.43755056751866","262.43755056751866","262.43755056751866"
"689","263.6854152113592","263.6854152113592","263.6854152113592"
"690","263.8518468438668","263.8518468438668","263.8518468438668"
"691","264.28248145300984","264.28248145300984","264.28248145300984"
"692","264.54752785374495","264.54752785374495","264.54752785374495"
"693","264.64179994942475","264.64179994942475","264.64179994942475"
"694","264.91547046336433","264.91547046336433","264.91547046336433"
"695","266.047150612167","266.047150612167","266.047150612167"
"696","266.3701173996562","266.3701173996562","266.3701173996562"
"697","266.6211607080055","266.6211607080055","266.6211607080055"
"698","267.94914012088526","267.94914012088526","267.94914012088526"
"699","268.37188179904945","268.37188179904945","268.37188179904945"
"700","269.60286383437284","269.60286383437284","269.60286383437284"
"701","270.0560619612143","270.0560619612143","270.0560619612143"
"702","269.58464781723103","269.58464781723103","269.58464781723103"
"703","269.7612823537862","269.7612823537862","269.7612823537862"
"704","269.55904370898077","269.55904370898077","269.55904370898077"
"705","269.31896191262626","269.31896191262626","269.31896191262626"
"706","268.540254767374","268.540254767374","268.540254767374"
"707","269.15510227988983","269.15510227988983","269.15510227988983"
"708","268.89042932812765","268.89042932812765","268.89042932812765"
"709","268.6941285284114","268.6941285284114","268.6941285284114"
"710","268.58906949713594","268.58906949713594","268.58906949713594"
"711","267.9849510975089","267.9849510975089","267.9849510975089"
"712","267.38195318046024","267.38195318046024","267.38195318046024"
"713","266.73361660964554","266.73361660964554","266.73361660964554"
"714","266.72301789428224","266.72301789428224","266.72301789428224"
"715","266.21673270256144","266.21673270256144","266.21673270256144"
"716","265.64991260956157","265.64991260956157","265.64991260956157"
"717","266.0095114746032","266.0095114746032","266.0095114746032"
"718","265.97502400539787","265.97502400539787","265.97502400539787"
"719","266.11089606002525","266.11089606002525","266.11089606002525"
"720","266.3176239470075","266.3176239470075","266.3176239470075"
"721","266.7309356139516","266.7309356139516","266.7309356139516"
"722","267.0464509285687","267.0464509285687","267.0464509285687"
"723","267.41127955580276","267.41127955580276","267.41127955580276"
"724","267.671545339773","267.671545339773","267.671545339773"
"725","267.88401886098933","267.88401886098933","267.88401886098933"
"726","268.1891429196499","268.1891429196499","268.1891429196499"
"727","268.64196245410335","268.64196245410335","268.64196245410335"
"728","268.7027682272237","268.7027682272237","268.7027682272237"
"729","268.825588628604","268.825588628604","268.825588628604"
"730","268.6575150337638","268.6575150337638","268.6575150337638"
"731","268.76308421783006","268.76308421783006","268.76308421783006"
"732","268.8565192822649","268.8565192822649","268.8565192822649"
"733","268.6140720788043","268.6140720788043","268.6140720788043"
"734","268.7377387397735","268.7377387397735","268.7377387397735"
"735","268.9663393870181","268.9663393870181","268.9663393870181"
"736","269.10710489400185","269.10710489400185","269.10710489400185"
"737","269.2525083105125","269.2525083105125","269.2525083105125"
"738","269.47817137944963","269.47817137944963","269.47817137944963"
"739","269.7666038139698","269.7666038139698","269.7666038139698"
"740","270.027021407557","270.027021407557","270.027021407557"
"741","269.4017043706936","269.4017043706936","269.4017043706936"
"742","269.45611468913717","269.45611468913717","269.45611468913717"
"743","268.84048804091043","268.84048804091043","268.84048804091043"
"744","268.72500002428876","268.72500002428876","268.72500002428876"
"745","268.8883056131999","268.8883056131999","268.8883056131999"
"746","268.88037978279567","268.88037978279567","268.88037978279567"
"747","268.799971055716","268.799971055716","268.799971055716"
"748","267.99652180786114","267.99652180786114","267.99652180786114"
"749","267.2045820969121","267.2045820969121","267.2045820969121"
"750","267.3058680043799","267.3058680043799","267.3058680043799"
"751","268.19350839686217","268.19350839686217","268.19350839686217"
"752","269.11090095504755","269.11090095504755","269.11090095504755"
"753","268.66438104380956","268.66438104380956","268.66438104380956"
"754","268.05776156999275","268.05776156999275","268.05776156999275"
"755","267.2570762035575","267.2570762035575","267.2570762035575"
"756","267.38841373048706","267.38841373048706","267.38841373048706"
"757","267.5856094261351","267.5856094261351","267.5856094261351"
"758","267.69555949619024","267.69555949619024","267.69555949619024"
"759","268.56052044172714","268.56052044172714","268.56052044172714"
"760","269.6285327489389","269.6285327489389","269.6285327489389"
"761","269.3473076447629","269.3473076447629","269.3473076447629"
"762","269.41845423245513","269.41845423245513","269.41845423245513"
"763","269.41809488120197","269.41809488120197","269.41809488120197"
"764","269.45900859065995","269.45900859065995","269.45900859065995"
"765","269.45882994926245","269.45882994926245","269.45882994926245"
"766","269.57983880763584","269.57983880763584","269.57983880763584"
"767","269.6116628096224","269.6116628096224","269.6116628096224"
"768","269.6729976989183","269.6729976989183","269.6729976989183"
"769","269.7844343597576","269.7844343597576","269.7844343597576"
"770","270.1877458904817","270.1877458904817","270.1877458904817"
"771","270.60882356048967","270.60882356048967","270.60882356048967"
"772","270.6332157909573","270.6332157909573","270.6332157909573"
"773","270.24792654790275","270.24792654790275","270.24792654790275"
"774","270.57280736422456","270.57280736422456","270.57280736422456"
"775","270.70395818293383","270.70395818293383","270.70395818293383"
"776","270.6266482807073","270.6266482807073","270.6266482807073"
"777","269.9590924146265","269.9590924146265","269.9590924146265"
"778","270.2042982023448","270.2042982023448","270.2042982023448"
"779","270.2591548975703","270.2591548975703","270.2591548975703"
"780","270.515864557848","270.515864557848","270.515864557848"
"781","271.3733986080071","271.3733986080071","271.3733986080071"
"782","271.9187356583966","271.9187356583966","271.9187356583966"
"783","271.8504798789421","271.8504798789421","271.8504798789421"
"784","271.6852729157178","271.6852729157178","271.6852729157178"
"785","271.79036615997506","271.79036615997506","271.79036615997506"
"786","271.844938344767","271.844938344767","271.844938344767"
"787","271.7024955117774","271.7024955117774","271.7024955117774"
"788","271.52851066807534","271.52851066807534","271.52851066807534"
"789","271.25129595606836","271.25129595606836","271.25129595606836"
"790","271.71476060169994","271.71476060169994","271.71476060169994"
"791","272.2053766495509","272.2053766495509","272.2053766495509"
"792","272.9296275929602","272.9296275929602","272.9296275929602"
"793","273.7906544868818","273.7906544868818","273.7906544868818"
"794","274.5143452091941","274.5143452091941","274.5143452091941"
"795","274.2840982413811","274.2840982413811","274.2840982413811"
"796","274.6508994913504","274.6508994913504","274.6508994913504"
"797","275.2246346405086","275.2246346405086","275.2246346405086"
"798","275.05556550878407","275.05556550878407","275.05556550878407"
"799","275.5068519401674","275.5068519401674","275.5068519401674"
"800","275.3384419989616","275.3384419989616","275.3384419989616"
"801","275.83484136672996","275.83484136672996","275.83484136672996"
"802","276.46292497171396","276.46292497171396","276.46292497171396"
"803","277.3743681139529","277.3743681139529","277.3743681139529"
"804","278.3858673808568","278.3858673808568","278.3858673808568"
"805","278.3531328271051","278.3531328271051","278.3531328271051"
"806","279.06615224699505","279.06615224699505","279.06615224699505"
"807","279.1408440274281","279.1408440274281","279.1408440274281"
"808","279.2324848348695","279.2324848348695","279.2324848348695"
"809","279.1972063092004","279.1972063092004","279.1972063092004"
"810","279.36952047534766","279.36952047534766","279.36952047534766"
"811","279.6521446169588","279.6521446169588","279.6521446169588"
"812","280.42825882567575","280.42825882567575","280.42825882567575"
"813","281.2842200401101","281.2842200401101","281.2842200401101"
"814","281.3496850338463","281.3496850338463","281.3496850338463"
"815","282.04517714861095","282.04517714861095","282.04517714861095"
"816","282.62527731668","282.62527731668","282.62527731668"
"817","282.36300300174014","282.36300300174014","282.36300300174014"
"818","282.2642001205552","282.2642001205552","282.2642001205552"
"819","282.06543000704","282.06543000704","282.06543000704"
"820","281.0883334886501","281.0883334886501","281.0883334886501"
"821","280.8111136883046","280.8111136883046","280.8111136883046"
"822","280.5316803555112","280.5316803555112","280.5316803555112"
"823","280.1772425933756","280.1772425933756","280.1772425933756"
"824","277.88522862853625","277.88522862853625","277.88522862853625"
"825","276.05147882008606","276.05147882008606","276.05147882008606"
"826","274.4560887182379","274.4560887182379","274.4560887182379"
"827","273.2478189815502","273.2478189815502","273.2478189815502"
"828","272.13389344972705","272.13389344972705","272.13389344972705"
"829","270.8501085184995","270.8501085184995","270.8501085184995"
"830","269.45650333206316","269.45650333206316","269.45650333206316"
"831","267.97972446891623","267.97972446891623","267.97972446891623"
"832","266.95330538646465","266.95330538646465","266.95330538646465"
"833","266.8483221586715","266.8483221586715","266.8483221586715"
"834","266.0220673528142","266.0220673528142","266.0220673528142"
"835","265.7963592032544","265.7963592032544","265.7963592032544"
"836","265.3912467465145","265.3912467465145","265.3912467465145"
"837","264.1615937221018","264.1615937221018","264.1615937221018"
"838","263.70657587084645","263.70657587084645","263.70657587084645"
"839","262.4140944847065","262.4140944847065","262.4140944847065"
"840","262.0456518893103","262.0456518893103","262.0456518893103"
"841","262.3700420148969","262.3700420148969","262.3700420148969"
"842","261.23998215194985","261.23998215194985","261.23998215194985"
"843","261.6829115707243","261.6829115707243","261.6829115707243"
"844","261.5084031936342","261.5084031936342","261.5084031936342"
"845","261.17552588554116","261.17552588554116","261.17552588554116"
"846","260.8367342209771","260.8367342209771","260.8367342209771"
"847","260.6195270536684","260.6195270536684","260.6195270536684"
"848","261.28231877554737","261.28231877554737","261.28231877554737"
"849","261.89125515538916","261.89125515538916","261.89125515538916"
"850","261.9928820173414","261.9928820173414","261.9928820173414"
"851","261.7238875996479","261.7238875996479","261.7238875996479"
"852","261.47949610847695","261.47949610847695","261.47949610847695"
"853","262.0254348090309","262.0254348090309","262.0254348090309"
"854","262.80269165491865","262.80269165491865","262.80269165491865"
"855","263.4079782079737","263.4079782079737","263.4079782079737"
"856","263.08225497349815","263.08225497349815","263.08225497349815"
"857","262.6251957200532","262.6251957200532","262.6251957200532"
"858","262.99419331494437","262.99419331494437","262.99419331494437"
"859","262.6984116147058","262.6984116147058","262.6984116147058"
"860","262.392519789","262.392519789","262.392519789"
"861","262.3143146161846","262.3143146161846","262.3143146161846"
"862","262.14472383561724","262.14472383561724","262.14472383561724"
"863","261.9663575241174","261.9663575241174","261.9663575241174"
"864","261.8829786248337","261.8829786248337","261.8829786248337"
"865","261.9320108075563","261.9320108075563","261.9320108075563"
"866","260.9278937299463","260.9278937299463","260.9278937299463"
"867","260.76371811083584","260.76371811083584","260.76371811083584"
"868","260.71857669911645","260.71857669911645","260.71857669911645"
"869","260.37251397881954","260.37251397881954","260.37251397881954"
"870","260.0639995186992","260.0639995186992","260.0639995186992"
"871","259.6129164730787","259.6129164730787","259.6129164730787"
"872","259.64736397372855","259.64736397372855","259.64736397372855"
"873","260.3276705644496","260.3276705644496","260.3276705644496"
"874","259.8019825587079","259.8019825587079","259.8019825587079"
"875","259.4175527867332","259.4175527867332","259.4175527867332"
"876","259.2409725487169","259.2409725487169","259.2409725487169"
"877","257.9100548697456","257.9100548697456","257.9100548697456"
"878","257.51820849875287","257.51820849875287","257.51820849875287"
"879","257.22825454826767","257.22825454826767","257.22825454826767"
"880","256.86735924840735","256.86735924840735","256.86735924840735"
"881","256.55299076672287","256.55299076672287","256.55299076672287"
"882","256.39835038472074","256.39835038472074","256.39835038472074"
"883","256.13291040070465","256.13291040070465","256.13291040070465"
"884","255.88393769544658","255.88393769544658","255.88393769544658"
"885","255.5313135234171","255.5313135234171","255.5313135234171"
"886","255.4295229291681","255.4295229291681","255.4295229291681"
"887","255.46516858937284","255.46516858937284","255.46516858937284"
"888","255.3488390988275","255.3488390988275","255.3488390988275"
"889","255.40430528282894","255.40430528282894","255.40430528282894"
"890","255.48833046097081","255.48833046097081","255.48833046097081"
"891","255.53318846333255","255.53318846333255","255.53318846333255"
"892","255.3618714941205","255.3618714941205","255.3618714941205"
"893","255.2234682178223","255.2234682178223","255.2234682178223"
"894","255.18983799040134","255.18983799040134","255.18983799040134"
"895","255.1380067375284","255.1380067375284","255.1380067375284"
"896","255.20742679090174","255.20742679090174","255.20742679090174"
"897","255.10252874215882","255.10252874215882","255.10252874215882"
"898","254.85104974573295","254.85104974573295","254.85104974573295"
"899","254.93888612380536","254.93888612380536","254.93888612380536"
"900","255.0153327513887","255.0153327513887","255.0153327513887"
"901","255.04353878285437","255.04353878285437","255.04353878285437"
"902","254.94410957790262","254.94410957790262","254.94410957790262"
"903","254.85215503577194","254.85215503577194","254.85215503577194"
"904","254.57526557326366","254.57526557326366","254.57526557326366"
"905","254.70488102365337","254.70488102365337","254.70488102365337"
"906","254.68978371511758","254.68978371511758","254.68978371511758"
"907","254.57913215871514","254.57913215871514","254.57913215871514"
"908","254.37132678391026","254.37132678391026","254.37132678391026"
"909","254.37375210200284","254.37375210200284","254.37375210200284"
"910","253.9830804924372","253.9830804924372","253.9830804924372"
"911","254.0160163114484","254.0160163114484","254.0160163114484"
"912","253.76324779311975","253.76324779311975","253.76324779311975"
"913","253.64792346926077","253.64792346926077","253.64792346926077"
"914","253.64277062571338","253.64277062571338","253.64277062571338"
"915","253.58679793097974","253.58679793097974","253.58679793097974"
"916","253.70183827011095","253.70183827011095","253.70183827011095"
"917","253.85446492565222","253.85446492565222","253.85446492565222"
"918","253.8452712431673","253.8452712431673","253.8452712431673"
"919","253.56804426554424","253.56804426554424","253.56804426554424"
"920","254.41405509546232","254.41405509546232","254.41405509546232"
"921","254.342648789452","254.342648789452","254.342648789452"
"922","254.3527911543358","254.3527911543358","254.3527911543358"
"923","254.4593399541232","254.4593399541232","254.4593399541232"
"924","256.144417061658","256.144417061658","256.144417061658"
"925","257.8660543782323","257.8660543782323","257.8660543782323"
"926","259.2971096586763","259.2971096586763","259.2971096586763"
"927","260.1863069331437","260.1863069331437","260.1863069331437"
"928","261.3256476952765","261.3256476952765","261.3256476952765"
"929","262.68170866102804","262.68170866102804","262.68170866102804"
"930","264.1473100671883","264.1473100671883","264.1473100671883"
"931","265.45305351020426","265.45305351020426","265.45305351020426"
"932","266.41325839674107","266.41325839674107","266.41325839674107"
"933","266.7041167068414","266.7041167068414","266.7041167068414"
"934","267.45950425936167","267.45950425936167","267.45950425936167"
"935","267.6660438647222","267.6660438647222","267.6660438647222"
"936","267.8475149211016","267.8475149211016","267.8475149211016"
"937","268.7872051987246","268.7872051987246","268.7872051987246"
"938","269.0453077241339","269.0453077241339","269.0453077241339"
"939","269.988126656127","269.988126656127","269.988126656127"
"940","270.0396861884956","270.0396861884956","270.0396861884956"
"941","270.20440453593886","270.20440453593886","270.20440453593886"
"942","271.27437698354277","271.27437698354277","271.27437698354277"
"943","271.4747854498259","271.4747854498259","271.4747854498259"
"944","271.516309215252","271.516309215252","271.516309215252"
"945","271.74299169919703","271.74299169919703","271.74299169919703"
"946","271.9072809816736","271.9072809816736","271.9072809816736"
"947","271.99187936361386","271.99187936361386","271.99187936361386"
"948","272.006025105654","272.006025105654","272.006025105654"
"949","271.91175955875633","271.91175955875633","271.91175955875633"
"950","271.85208863361595","271.85208863361595","271.85208863361595"
"951","271.92931761777817","271.92931761777817","271.92931761777817"
"952","271.89268023905197","271.89268023905197","271.89268023905197"
"953","271.7018819897514","271.7018819897514","271.7018819897514"
"954","271.3742718930994","271.3742718930994","271.3742718930994"
"955","271.4287710967459","271.4287710967459","271.4287710967459"
"956","271.30261708898325","271.30261708898325","271.30261708898325"
"957","271.6466095745363","271.6466095745363","271.6466095745363"
"958","271.78549310577887","271.78549310577887","271.78549310577887"
"959","271.80070080524166","271.80070080524166","271.80070080524166"
"960","271.75696277547485","271.75696277547485","271.75696277547485"
"961","271.7319065384738","271.7319065384738","271.7319065384738"
"962","271.0964637723178","271.0964637723178","271.0964637723178"
"963","270.8510649648108","270.8510649648108","270.8510649648108"
"964","270.67910020708894","270.67910020708894","270.67910020708894"
"965","270.4885035193033","270.4885035193033","270.4885035193033"
"966","271.22984089559844","271.22984089559844","271.22984089559844"
"967","271.08077537157544","271.08077537157544","271.08077537157544"
"968","270.80946220329","270.80946220329","270.80946220329"
"969","270.92260557493165","270.92260557493165","270.92260557493165"
"970","270.82536420403017","270.82536420403017","270.82536420403017"
"971","271.0226170018499","271.0226170018499","271.0226170018499"
"972","270.82452343279465","270.82452343279465","270.82452343279465"
"973","270.6019929495823","270.6019929495823","270.6019929495823"
"974","271.1154447279681","271.1154447279681","271.1154447279681"
"975","271.3418008641709","271.3418008641709","271.3418008641709"
"976","271.46888713782624","271.46888713782624","271.46888713782624"
"977","273.25992791077095","273.25992791077095","273.25992791077095"
"978","273.43484097057694","273.43484097057694","273.43484097057694"
"979","273.5155029006556","273.5155029006556","273.5155029006556"
"980","273.47474914856923","273.47474914856923","273.47474914856923"
"981","273.4703862642676","273.4703862642676","273.4703862642676"
"982","273.4143668400256","273.4143668400256","273.4143668400256"
"983","273.5693526241688","273.5693526241688","273.5693526241688"
"984","273.5746240962243","273.5746240962243","273.5746240962243"
"985","273.5725387883342","273.5725387883342","273.5725387883342"
"986","273.66421162718774","273.66421162718774","273.66421162718774"
"987","273.4611309227931","273.4611309227931","273.4611309227931"
"988","273.4128311126174","273.4128311126174","273.4128311126174"
"989","273.2731411295997","273.2731411295997","273.2731411295997"
"990","273.34421204492986","273.34421204492986","273.34421204492986"
"991","273.31552465133905","273.31552465133905","273.31552465133905"
"992","273.2361687785291","273.2361687785291","273.2361687785291"
"993","273.32155054443484","273.32155054443484","273.32155054443484"
"994","273.3784948046898","273.3784948046898","273.3784948046898"
"995","273.13074563386124","273.13074563386124","273.13074563386124"
"996","273.08339174746624","273.08339174746624","273.08339174746624"
"997","273.13844775893926","273.13844775893926","273.13844775893926"
"998","273.27109247258136","273.27109247258136","273.27109247258136"
"999","273.21559093935156","273.21559093935156","273.21559093935156"
"1000","273.2136501444105","273.2136501444105","273.2136501444105"
"1001","273.147104802377","273.147104802377","273.147104802377"
"1002","272.9243660106577","272.9243660106577","272.9243660106577"
"1003","272.9816366080192","272.9816366080192","272.9816366080192"
"1004","272.9650084543225","272.9650084543225","272.9650084543225"
"1005","272.85213499240547","272.85213499240547","272.85213499240547"
"1006","272.87098930169304","272.87098930169304","272.87098930169304"
"1007","272.7208777856309","272.7208777856309","272.7208777856309"
"1008","272.83657072367555","272.83657072367555","272.83657072367555"
"1009","272.8257202824409","272.8257202824409","272.8257202824409"
"1010","273.01246573802257","273.01246573802257","273.01246573802257"
"1011","272.9777473623975","272.9777473623975","272.9777473623975"
"1012","273.2779467521369","273.2779467521369","273.2779467521369"
"1013","273.3099758145737","273.3099758145737","273.3099758145737"
"1014","273.2617501571268","273.2617501571268","273.2617501571268"
"1015","273.34849197595906","273.34849197595906","273.34849197595906"
"1016","273.40782893203254","273.40782893203254","273.40782893203254"
"1017","273.14894329272266","273.14894329272266","273.14894329272266"
"1018","273.1478941187792","273.1478941187792","273.1478941187792"
"1019","273.54001602455685","273.54001602455685","273.54001602455685"
"1020","273.6201587727078","273.6201587727078","273.6201587727078"
"1021","273.4887706889858","273.4887706889858","273.4887706889858"
"1022","273.4695380383619","273.4695380383619","273.4695380383619"
"1023","273.38946631354224","273.38946631354224","273.38946631354224"
"1024","273.58802968463334","273.58802968463334","273.58802968463334"
"1025","273.54712222898786","273.54712222898786","273.54712222898786"
"1026","273.25089502165616","273.25089502165616","273.25089502165616"
"1027","273.1966713469295","273.1966713469295","273.1966713469295"
"1028","273.10737859820074","273.10737859820074","273.10737859820074"
"1029","272.8303999033844","272.8303999033844","272.8303999033844"
"1030","272.68353716284213","272.68353716284213","272.68353716284213"
"1031","272.54449390262306","272.54449390262306","272.54449390262306"
"1032","272.49948176469246","272.49948176469246","272.49948176469246"
"1033","272.3037931840515","272.3037931840515","272.3037931840515"
"1034","272.4182512014822","272.4182512014822","272.4182512014822"
"1035","270.97326106535417","270.97326106535417","270.97326106535417"
"1036","271.0739901927687","271.0739901927687","271.0739901927687"
"1037","271.18643998230954","271.18643998230954","271.18643998230954"
"1038","271.0891816254417","271.0891816254417","271.0891816254417"
"1039","271.0324333556436","271.0324333556436","271.0324333556436"
"1040","271.28795590142926","271.28795590142926","271.28795590142926"
"1041","271.4216988106185","271.4216988106185","271.4216988106185"
"1042","270.04669048114886","270.04669048114886","270.04669048114886"
"1043","268.77606579123267","268.77606579123267","268.77606579123267"
"1044","268.7421212693436","268.7421212693436","268.7421212693436"
"1045","267.4412022835149","267.4412022835149","267.4412022835149"
"1046","267.36712080745417","267.36712080745417","267.36712080745417"
"1047","267.3755669864306","267.3755669864306","267.3755669864306"
"1048","267.3575129481444","267.3575129481444","267.3575129481444"
"1049","267.31216975703296","267.31216975703296","267.31216975703296"
"1050","267.27315802177804","267.27315802177804","267.27315802177804"
"1051","266.8811961155238","266.8811961155238","266.8811961155238"
"1052","266.7697558559633","266.7697558559633","266.7697558559633"
"1053","266.7175150138668","266.7175150138668","266.7175150138668"
"1054","266.66766588501326","266.66766588501326","266.66766588501326"
"1055","266.5388590327992","266.5388590327992","266.5388590327992"
"1056","266.4046322159439","266.4046322159439","266.4046322159439"
"1057","265.98364773029857","265.98364773029857","265.98364773029857"
"1058","265.4705057566885","265.4705057566885","265.4705057566885"
"1059","265.05044771890084","265.05044771890084","265.05044771890084"
"1060","265.13471210875474","265.13471210875474","265.13471210875474"
"1061","265.0623808420582","265.0623808420582","265.0623808420582"
"1062","265.5929167177335","265.5929167177335","265.5929167177335"
"1063","265.60101832797676","265.60101832797676","265.60101832797676"
"1064","265.65404608694763","265.65404608694763","265.65404608694763"
"1065","265.75939241722153","265.75939241722153","265.75939241722153"
"1066","265.59240083130004","265.59240083130004","265.59240083130004"
"1067","265.65024999017754","265.65024999017754","265.65024999017754"
"1068","265.49542366799824","265.49542366799824","265.49542366799824"
"1069","265.37249883782977","265.37249883782977","265.37249883782977"
"1070","265.22050994226635","265.22050994226635","265.22050994226635"
"1071","265.19178667572254","265.19178667572254","265.19178667572254"
"1072","265.12043546565735","265.12043546565735","265.12043546565735"
"1073","264.87176603821035","264.87176603821035","264.87176603821035"
"1074","264.7472939277107","264.7472939277107","264.7472939277107"
"1075","264.76765629092625","264.76765629092625","264.76765629092625"
"1076","264.8135179994312","264.8135179994312","264.8135179994312"
"1077","264.60911296511637","264.60911296511637","264.60911296511637"
"1078","264.3904182264056","264.3904182264056","264.3904182264056"
"1079","264.34090117348694","264.34090117348694","264.34090117348694"
"1080","264.27653460729084","264.27653460729084","264.27653460729084"
"1081","264.1699407663192","264.1699407663192","264.1699407663192"
"1082","264.0215836323421","264.0215836323421","264.0215836323421"
"1083","263.903048754802","263.903048754802","263.903048754802"
"1084","264.05347701391395","264.05347701391395","264.05347701391395"
"1085","263.9604422448408","263.9604422448408","263.9604422448408"
"1086","263.85352755546523","263.85352755546523","263.85352755546523"
"1087","264.0017458965532","264.0017458965532","264.0017458965532"
"1088","264.12078390699304","264.12078390699304","264.12078390699304"
"1089","264.33750194129027","264.33750194129027","264.33750194129027"
"1090","264.4144263044507","264.4144263044507","264.4144263044507"
"1091","264.38352434390646","264.38352434390646","264.38352434390646"
"1092","264.375705810892","264.375705810892","264.375705810892"
"1093","264.29372165534136","264.29372165534136","264.29372165534136"
"1094","264.2765355297686","264.2765355297686","264.2765355297686"
"1095","264.5757688157396","264.5757688157396","264.5757688157396"
"1096","264.6363463606355","264.6363463606355","264.6363463606355"
"1097","264.35822523891414","264.35822523891414","264.35822523891414"
"1098","263.8381071650209","263.8381071650209","263.8381071650209"
"1099","263.60258767020144","263.60258767020144","263.60258767020144"
"1100","263.46250102238685","263.46250102238685","263.46250102238685"
"1101","263.49432575314495","263.49432575314495","263.49432575314495"
"1102","263.53633856751213","263.53633856751213","263.53633856751213"
"1103","263.4474188734936","263.4474188734936","263.4474188734936"
"1104","263.7222042339058","263.7222042339058","263.7222042339058"
"1105","263.896100837546","263.896100837546","263.896100837546"
"1106","263.90476041271774","263.90476041271774","263.90476041271774"
"1107","264.01641815809955","264.01641815809955","264.01641815809955"
"1108","263.9121132758698","263.9121132758698","263.9121132758698"
"1109","264.1407156720078","264.1407156720078","264.1407156720078"
"1110","264.2548316600612","264.2548316600612","264.2548316600612"
"1111","264.4313832124481","264.4313832124481","264.4313832124481"
"1112","264.39352447986096","264.39352447986096","264.39352447986096"
"1113","264.62041434213245","264.62041434213245","264.62041434213245"
"1114","264.7768111746294","264.7768111746294","264.7768111746294"
"1115","264.6213198978495","264.6213198978495","264.6213198978495"
"1116","264.598289410015","264.598289410015","264.598289410015"
"1117","264.79632797495407","264.79632797495407","264.79632797495407"
"1118","264.8751990449184","264.8751990449184","264.8751990449184"
"1119","264.6751521508897","264.6751521508897","264.6751521508897"
"1120","264.76432907273994","264.76432907273994","264.76432907273994"
"1121","264.9492279967107","264.9492279967107","264.9492279967107"
"1122","265.06378715166943","265.06378715166943","265.06378715166943"
"1123","264.9895043449302","264.9895043449302","264.9895043449302"
"1124","265.0893747069373","265.0893747069373","265.0893747069373"
"1125","265.15190921620643","265.15190921620643","265.15190921620643"
"1126","265.24846370895574","265.24846370895574","265.24846370895574"
"1127","265.3381320568797","265.3381320568797","265.3381320568797"
"1128","265.13356668120895","265.13356668120895","265.13356668120895"
"1129","264.9951315911458","264.9951315911458","264.9951315911458"
"1130","264.975883063252","264.975883063252","264.975883063252"
"1131","265.05176037900094","265.05176037900094","265.05176037900094"
"1132","265.0699976389896","265.0699976389896","265.0699976389896"
"1133","265.0768911700744","265.0768911700744","265.0768911700744"
"1134","264.85859498306894","264.85859498306894","264.85859498306894"
"1135","265.84958077066364","265.84958077066364","265.84958077066364"
"1136","265.44391382885647","265.44391382885647","265.44391382885647"
"1137","265.14754863027036","265.14754863027036","265.14754863027036"
"1138","265.1378837462703","265.1378837462703","265.1378837462703"
"1139","265.0450726920781","265.0450726920781","265.0450726920781"
"1140","264.63715004385","264.63715004385","264.63715004385"
"1141","264.3748262842793","264.3748262842793","264.3748262842793"
"1142","265.33666266690494","265.33666266690494","265.33666266690494"
"1143","266.53520511559697","266.53520511559697","266.53520511559697"
"1144","266.37742762957254","266.37742762957254","266.37742762957254"
"1145","267.5358383845243","267.5358383845243","267.5358383845243"
"1146","267.54761245364165","267.54761245364165","267.54761245364165"
"1147","267.4535294924754","267.4535294924754","267.4535294924754"
"1148","267.1285664828758","267.1285664828758","267.1285664828758"
"1149","267.2833833330854","267.2833833330854","267.2833833330854"
"1150","267.273422217768","267.273422217768","267.273422217768"
"1151","267.5350664010559","267.5350664010559","267.5350664010559"
"1152","267.69636083439303","267.69636083439303","267.69636083439303"
"1153","267.9943210860699","267.9943210860699","267.9943210860699"
"1154","267.77599039457584","267.77599039457584","267.77599039457584"
"1155","267.77646986628724","267.77646986628724","267.77646986628724"
"1156","268.0841816361326","268.0841816361326","268.0841816361326"
"1157","268.09568509047926","268.09568509047926","268.09568509047926"
"1158","268.3865706993973","268.3865706993973","268.3865706993973"
"1159","268.8007774274385","268.8007774274385","268.8007774274385"
"1160","268.51465405668677","268.51465405668677","268.51465405668677"
"1161","268.3744930871863","268.3744930871863","268.3744930871863"
"1162","268.011069044716","268.011069044716","268.011069044716"
"1163","267.83811832713275","267.83811832713275","267.83811832713275"
"1164","267.6984043281347","267.6984043281347","267.6984043281347"
"1165","267.465951800254","267.465951800254","267.465951800254"
"1166","267.5303905533681","267.5303905533681","267.5303905533681"
"1167","267.2517588656776","267.2517588656776","267.2517588656776"
"1168","267.37250304260834","267.37250304260834","267.37250304260834"
"1169","267.3080383502164","267.3080383502164","267.3080383502164"
"1170","267.36637652883616","267.36637652883616","267.36637652883616"
"1171","267.33280860752177","267.33280860752177","267.33280860752177"
"1172","267.4235003037595","267.4235003037595","267.4235003037595"
"1173","267.50135895643695","267.50135895643695","267.50135895643695"
"1174","267.3458407207656","267.3458407207656","267.3458407207656"
"1175","267.3087514190081","267.3087514190081","267.3087514190081"
"1176","267.08726826054647","267.08726826054647","267.08726826054647"
"1177","267.3593969430462","267.3593969430462","267.3593969430462"
"1178","267.4431434807078","267.4431434807078","267.4431434807078"
"1179","267.42761837462797","267.42761837462797","267.42761837462797"
"1180","267.22664628742353","267.22664628742353","267.22664628742353"
"1181","267.3203218206512","267.3203218206512","267.3203218206512"
"1182","267.24183787855134","267.24183787855134","267.24183787855134"
"1183","267.2752831746317","267.2752831746317","267.2752831746317"
"1184","267.13567686403684","267.13567686403684","267.13567686403684"
"1185","267.09478858259087","267.09478858259087","267.09478858259087"
"1186","267.02009179387056","267.02009179387056","267.02009179387056"
"1187","266.8403251813427","266.8403251813427","266.8403251813427"
"1188","266.81870190927106","266.81870190927106","266.81870190927106"
"1189","266.7276705866847","266.7276705866847","266.7276705866847"
"1190","266.49167264597304","266.49167264597304","266.49167264597304"
"1191","266.48994011111836","266.48994011111836","266.48994011111836"
"1192","266.5648210556833","266.5648210556833","266.5648210556833"
"1193","266.39500708461554","266.39500708461554","266.39500708461554"
"1194","266.4087333750706","266.4087333750706","266.4087333750706"
"1195","266.3888651465094","266.3888651465094","266.3888651465094"
"1196","266.2796450337749","266.2796450337749","266.2796450337749"
"1197","266.381453081945","266.381453081945","266.381453081945"
"1198","266.6302296270575","266.6302296270575","266.6302296270575"
"1199","266.78268273132903","266.78268273132903","266.78268273132903"
"1200","266.8053019505302","266.8053019505302","266.8053019505302"
"1201","267.0485720832092","267.0485720832092","267.0485720832092"
"1202","267.35522117169853","267.35522117169853","267.35522117169853"
"1203","267.3043546274286","267.3043546274286","267.3043546274286"
"1204","267.1783869451289","267.1783869451289","267.1783869451289"
"1205","267.076427227641","267.076427227641","267.076427227641"
"1206","267.03925328053117","267.03925328053117","267.03925328053117"
"1207","267.13197335700085","267.13197335700085","267.13197335700085"
"1208","267.106397462192","267.106397462192","267.106397462192"
"1209","267.1701555584725","267.1701555584725","267.1701555584725"
"1210","267.12562074363046","267.12562074363046","267.12562074363046"
"1211","267.03786959604173","267.03786959604173","267.03786959604173"
"1212","266.86016173039377","266.86016173039377","266.86016173039377"
"1213","266.73657413872473","266.73657413872473","266.73657413872473"
"1214","266.7016611864906","266.7016611864906","266.7016611864906"
"1215","266.7795928884094","266.7795928884094","266.7795928884094"
"1216","266.7304389560671","266.7304389560671","266.7304389560671"
"1217","266.7823739039974","266.7823739039974","266.7823739039974"
"1218","266.7448543462233","266.7448543462233","266.7448543462233"
"1219","266.867175591251","266.867175591251","266.867175591251"
"1220","266.7548205286561","266.7548205286561","266.7548205286561"
"1221","266.70655673026283","266.70655673026283","266.70655673026283"
"1222","266.750101180069","266.750101180069","266.750101180069"
"1223","266.76875421161935","266.76875421161935","266.76875421161935"
"1224","266.7074512930977","266.7074512930977","266.7074512930977"
"1225","266.70307675377114","266.70307675377114","266.70307675377114"
"1226","266.71258064140216","266.71258064140216","266.71258064140216"
"1227","266.75285958794996","266.75285958794996","266.75285958794996"
"1228","266.71504976333233","266.71504976333233","266.71504976333233"
"1229","266.81317035520567","266.81317035520567","266.81317035520567"
"1230","267.0401192197029","267.0401192197029","267.0401192197029"
"1231","267.1613768543967","267.1613768543967","267.1613768543967"
"1232","267.2903212917375","267.2903212917375","267.2903212917375"
"1233","267.3730649904499","267.3730649904499","267.3730649904499"
"1234","267.5868234793434","267.5868234793434","267.5868234793434"
"1235","267.9959053659637","267.9959053659637","267.9959053659637"
"1236","268.25550451239457","268.25550451239457","268.25550451239457"
"1237","268.56323526630064","268.56323526630064","268.56323526630064"
"1238","268.80304156014114","268.80304156014114","268.80304156014114"
"1239","268.91673459369804","268.91673459369804","268.91673459369804"
"1240","269.3667191846535","269.3667191846535","269.3667191846535"
"1241","269.39640348305517","269.39640348305517","269.39640348305517"
"1242","269.6950127168425","269.6950127168425","269.6950127168425"
"1243","269.6256488956936","269.6256488956936","269.6256488956936"
"1244","269.9190075965185","269.9190075965185","269.9190075965185"
"1245","270.1072677952878","270.1072677952878","270.1072677952878"
"1246","270.01798166047666","270.01798166047666","270.01798166047666"
"1247","270.11674049756374","270.11674049756374","270.11674049756374"
"1248","270.4090871425613","270.4090871425613","270.4090871425613"
"1249","270.2271099287167","270.2271099287167","270.2271099287167"
"1250","270.33413015663876","270.33413015663876","270.33413015663876"
"1251","270.4209441898579","270.4209441898579","270.4209441898579"
"1252","270.5241172126263","270.5241172126263","270.5241172126263"
"1253","270.40175692191366","270.40175692191366","270.40175692191366"
"1254","270.80294936974553","270.80294936974553","270.80294936974553"
"1255","270.9258541494703","270.9258541494703","270.9258541494703"
"1256","270.87351219627095","270.87351219627095","270.87351219627095"
"1257","271.1057585646493","271.1057585646493","271.1057585646493"
"1258","271.2640540963134","271.2640540963134","271.2640540963134"
"1259","271.4219336310496","271.4219336310496","271.4219336310496"
"1260","271.85309576847607","271.85309576847607","271.85309576847607"
"1261","272.16877435325665","272.16877435325665","272.16877435325665"
"1262","272.64415783983907","272.64415783983907","272.64415783983907"
"1263","273.0741826534948","273.0741826534948","273.0741826534948"
"1264","273.24938968462425","273.24938968462425","273.24938968462425"
"1265","273.4647189431779","273.4647189431779","273.4647189431779"
"1266","273.7437189139975","273.7437189139975","273.7437189139975"
"1267","274.1300722617786","274.1300722617786","274.1300722617786"
"1268","274.3336987373642","274.3336987373642","274.3336987373642"
"1269","274.5504944996968","274.5504944996968","274.5504944996968"
"1270","274.57511585505813","274.57511585505813","274.57511585505813"
"1271","274.61166503103584","274.61166503103584","274.61166503103584"
"1272","274.682344641766","274.682344641766","274.682344641766"
"1273","274.5518139209751","274.5518139209751","274.5518139209751"
"1274","274.6809294997029","274.6809294997029","274.6809294997029"
"1275","274.70114299898637","274.70114299898637","274.70114299898637"
"1276","274.93949892785537","274.93949892785537","274.93949892785537"
"1277","275.0561410098257","275.0561410098257","275.0561410098257"
"1278","275.0458040088149","275.0458040088149","275.0458040088149"
"1279","275.08183386056817","275.08183386056817","275.08183386056817"
"1280","275.3476461548465","275.3476461548465","275.3476461548465"
"1281","275.39750418544884","275.39750418544884","275.39750418544884"
"1282","275.5983676093784","275.5983676093784","275.5983676093784"
"1283","275.5932494059731","275.5932494059731","275.5932494059731"
"1284","275.71616344670434","275.71616344670434","275.71616344670434"
"1285","275.78923481351364","275.78923481351364","275.78923481351364"
"1286","275.66246371296836","275.66246371296836","275.66246371296836"
"1287","275.84229695345874","275.84229695345874","275.84229695345874"
"1288","275.89196161195304","275.89196161195304","275.89196161195304"
"1289","275.7400406246739","275.7400406246739","275.7400406246739"
"1290","275.97664672082425","275.97664672082425","275.97664672082425"
"1291","276.1089381352034","276.1089381352034","276.1089381352034"
"1292","276.0495727878031","276.0495727878031","276.0495727878031"
"1293","276.32459163951825","276.32459163951825","276.32459163951825"
"1294","276.34387801581664","276.34387801581664","276.34387801581664"
"1295","276.36221814203213","276.36221814203213","276.36221814203213"
"1296","276.4158797896387","276.4158797896387","276.4158797896387"
"1297","276.3456324203605","276.3456324203605","276.3456324203605"
"1298","276.6381090099005","276.6381090099005","276.6381090099005"
"1299","276.80147886576265","276.80147886576265","276.80147886576265"
"1300","276.93639615932614","276.93639615932614","276.93639615932614"
"1301","276.63649088267374","276.63649088267374","276.63649088267374"
"1302","276.54109666277554","276.54109666277554","276.54109666277554"
"1303","276.530249172965","276.530249172965","276.530249172965"
"1304","276.6355259202248","276.6355259202248","276.6355259202248"
"1305","276.5083175172391","276.5083175172391","276.5083175172391"
"1306","276.56868176063193","276.56868176063193","276.56868176063193"
"1307","276.65616186927673","276.65616186927673","276.65616186927673"
"1308","276.64270759002903","276.64270759002903","276.64270759002903"
"1309","276.36828054089","276.36828054089","276.36828054089"
"1310","276.51937332933204","276.51937332933204","276.51937332933204"
"1311","276.5781228088205","276.5781228088205","276.5781228088205"
"1312","276.73655095026265","276.73655095026265","276.73655095026265"
"1313","276.7946898277234","276.7946898277234","276.7946898277234"
"1314","276.55591851772175","276.55591851772175","276.55591851772175"
"1315","275.38821756428473","275.38821756428473","275.38821756428473"
"1316","275.5100715102292","275.5100715102292","275.5100715102292"
"1317","274.1769766925685","274.1769766925685","274.1769766925685"
"1318","274.1783457900434","274.1783457900434","274.1783457900434"
"1319","274.3414131282097","274.3414131282097","274.3414131282097"
"1320","274.3510521052419","274.3510521052419","274.3510521052419"
"1321","274.2429647095329","274.2429647095329","274.2429647095329"
"1322","274.38959374604883","274.38959374604883","274.38959374604883"
"1323","274.42423913110184","274.42423913110184","274.42423913110184"
"1324","274.60643566920555","274.60643566920555","274.60643566920555"
"1325","274.8086516540511","274.8086516540511","274.8086516540511"
"1326","274.89818740613896","274.89818740613896","274.89818740613896"
"1327","274.8148059823238","274.8148059823238","274.8148059823238"
"1328","274.8852861848813","274.8852861848813","274.8852861848813"
"1329","274.89234948362827","274.89234948362827","274.89234948362827"
"1330","274.7886777973608","274.7886777973608","274.7886777973608"
"1331","274.65020169806337","274.65020169806337","274.65020169806337"
"1332","274.4639181723785","274.4639181723785","274.4639181723785"
"1333","274.4916831432622","274.4916831432622","274.4916831432622"
"1334","274.35130230552653","274.35130230552653","274.35130230552653"
"1335","274.0851552281496","274.0851552281496","274.0851552281496"
"1336","272.90550459337555","272.90550459337555","272.90550459337555"
"1337","271.887690703805","271.887690703805","271.887690703805"
"1338","271.8020626031341","271.8020626031341","271.8020626031341"
"1339","270.808588154755","270.808588154755","270.808588154755"
"1340","270.680662363443","270.680662363443","270.680662363443"
"1341","270.6586524902903","270.6586524902903","270.6586524902903"
"1342","270.9412481313352","270.9412481313352","270.9412481313352"
"1343","271.04660804583125","271.04660804583125","271.04660804583125"
"1344","270.46289092935524","270.46289092935524","270.46289092935524"
"1345","270.28273604372765","270.28273604372765","270.28273604372765"
"1346","270.6866650261103","270.6866650261103","270.6866650261103"
"1347","270.48616289929737","270.48616289929737","270.48616289929737"
"1348","270.2881079493209","270.2881079493209","270.2881079493209"
"1349","270.3985127459142","270.3985127459142","270.3985127459142"
"1350","269.24019783760536","269.24019783760536","269.24019783760536"
"1351","269.16669623672846","269.16669623672846","269.16669623672846"
"1352","269.35417135273923","269.35417135273923","269.35417135273923"
"1353","269.4185392882267","269.4185392882267","269.4185392882267"
"1354","269.61479185740114","269.61479185740114","269.61479185740114"
"1355","269.58217154164447","269.58217154164447","269.58217154164447"
"1356","269.56591896687286","269.56591896687286","269.56591896687286"
"1357","269.32624447934677","269.32624447934677","269.32624447934677"
"1358","269.403328748442","269.403328748442","269.403328748442"
"1359","269.21945276709624","269.21945276709624","269.21945276709624"
"1360","269.1744993900543","269.1744993900543","269.1744993900543"
"1361","269.0676540242217","269.0676540242217","269.0676540242217"
"1362","268.6581404864683","268.6581404864683","268.6581404864683"
"1363","268.38149251623895","268.38149251623895","268.38149251623895"
"1364","268.2218713558174","268.2218713558174","268.2218713558174"
"1365","267.8452870734397","267.8452870734397","267.8452870734397"
"1366","267.56398290923795","267.56398290923795","267.56398290923795"
"1367","267.33029394605836","267.33029394605836","267.33029394605836"
"1368","267.2295886955352","267.2295886955352","267.2295886955352"
"1369","267.1400212008343","267.1400212008343","267.1400212008343"
"1370","267.2388609897636","267.2388609897636","267.2388609897636"
"1371","266.9997116520081","266.9997116520081","266.9997116520081"
"1372","267.0143711820216","267.0143711820216","267.0143711820216"
"1373","267.16396713151187","267.16396713151187","267.16396713151187"
"1374","266.17506675215265","266.17506675215265","266.17506675215265"
"1375","266.1201778075594","266.1201778075594","266.1201778075594"
"1376","265.704011453882","265.704011453882","265.704011453882"
"1377","265.4712856873061","265.4712856873061","265.4712856873061"
"1378","265.3957625441934","265.3957625441934","265.3957625441934"
"1379","265.15598140028595","265.15598140028595","265.15598140028595"
"1380","264.91457518223035","264.91457518223035","264.91457518223035"
"1381","264.67522430115673","264.67522430115673","264.67522430115673"
"1382","264.63586930113206","264.63586930113206","264.63586930113206"
"1383","264.3885733747977","264.3885733747977","264.3885733747977"
"1384","264.1957394035981","264.1957394035981","264.1957394035981"
"1385","263.9331454076787","263.9331454076787","263.9331454076787"
"1386","263.7079646237736","263.7079646237736","263.7079646237736"
"1387","263.3369859274646","263.3369859274646","263.3369859274646"
"1388","262.984124235714","262.984124235714","262.984124235714"
"1389","262.8028580147383","262.8028580147383","262.8028580147383"
"1390","262.7618226961029","262.7618226961029","262.7618226961029"
"1391","262.4308701118204","262.4308701118204","262.4308701118204"
"1392","262.1845174665918","262.1845174665918","262.1845174665918"
"1393","261.87023819246156","261.87023819246156","261.87023819246156"
"1394","261.5565851877007","261.5565851877007","261.5565851877007"
"1395","261.2243768294837","261.2243768294837","261.2243768294837"
"1396","261.1046010266693","261.1046010266693","261.1046010266693"
"1397","261.0124848301598","261.0124848301598","261.0124848301598"
"1398","260.5739724545303","260.5739724545303","260.5739724545303"
"1399","260.1686724786303","260.1686724786303","260.1686724786303"
"1400","259.8327318227832","259.8327318227832","259.8327318227832"
"1401","259.653995162191","259.653995162191","259.653995162191"
"1402","258.99096744153474","258.99096744153474","258.99096744153474"
"1403","258.7241473591543","258.7241473591543","258.7241473591543"
"1404","258.414342839304","258.414342839304","258.414342839304"
"1405","258.2798430640303","258.2798430640303","258.2798430640303"
"1406","258.2062269736972","258.2062269736972","258.2062269736972"
"1407","257.8610782643646","257.8610782643646","257.8610782643646"
"1408","257.7322234170657","257.7322234170657","257.7322234170657"
"1409","257.54041270850985","257.54041270850985","257.54041270850985"
"1410","257.04600113960277","257.04600113960277","257.04600113960277"
"1411","256.66676151757883","256.66676151757883","256.66676151757883"
"1412","256.456786363938","256.456786363938","256.456786363938"
"1413","256.18220408825493","256.18220408825493","256.18220408825493"
"1414","256.0754715725995","256.0754715725995","256.0754715725995"
"1415","257.1667676313437","257.1667676313437","257.1667676313437"
"1416","256.8313677010435","256.8313677010435","256.8313677010435"
"1417","258.07817224511234","258.07817224511234","258.07817224511234"
"1418","258.01946163763586","258.01946163763586","258.01946163763586"
"1419","257.76774987238053","257.76774987238053","257.76774987238053"
"1420","257.64231204332845","257.64231204332845","257.64231204332845"
"1421","257.7559314987628","257.7559314987628","257.7559314987628"
"1422","257.65840364214324","257.65840364214324","257.65840364214324"
"1423","257.8704937801353","257.8704937801353","257.8704937801353"
"1424","257.6739268469048","257.6739268469048","257.6739268469048"
"1425","257.1223106134805","257.1223106134805","257.1223106134805"
"1426","257.2657005799125","257.2657005799125","257.2657005799125"
"1427","257.1893499659916","257.1893499659916","257.1893499659916"
"1428","257.33703424215145","257.33703424215145","257.33703424215145"
"1429","257.34103671738706","257.34103671738706","257.34103671738706"
"1430","257.4703583706339","257.4703583706339","257.4703583706339"
"1431","257.49228229968634","257.49228229968634","257.49228229968634"
"1432","257.70046252216036","257.70046252216036","257.70046252216036"
"1433","257.70307587463236","257.70307587463236","257.70307587463236"
"1434","257.6979006282083","257.6979006282083","257.6979006282083"
"1435","257.7842200621433","257.7842200621433","257.7842200621433"
"1436","259.06536525467703","259.06536525467703","259.06536525467703"
"1437","260.1283694068092","260.1283694068092","260.1283694068092"
"1438","260.1148005144234","260.1148005144234","260.1148005144234"
"1439","261.0936099664291","261.0936099664291","261.0936099664291"
"1440","261.0956670998019","261.0956670998019","261.0956670998019"
"1441","261.2799151613965","261.2799151613965","261.2799151613965"
"1442","261.02777782152697","261.02777782152697","261.02777782152697"
"1443","261.2020774972491","261.2020774972491","261.2020774972491"
"1444","261.6588088071259","261.6588088071259","261.6588088071259"
"1445","262.03812250319925","262.03812250319925","262.03812250319925"
"1446","261.92038448908426","261.92038448908426","261.92038448908426"
"1447","262.21305587538575","262.21305587538575","262.21305587538575"
"1448","262.3559634694742","262.3559634694742","262.3559634694742"
"1449","262.5116100566351","262.5116100566351","262.5116100566351"
"1450","263.63059934945136","263.63059934945136","263.63059934945136"
"1451","263.68114190349877","263.68114190349877","263.68114190349877"
"1452","263.516634494444","263.516634494444","263.516634494444"
"1453","263.6190555708838","263.6190555708838","263.6190555708838"
"1454","263.2915971102036","263.2915971102036","263.2915971102036"
"1455","263.3296829118236","263.3296829118236","263.3296829118236"
"1456","263.34047061531163","263.34047061531163","263.34047061531163"
"1457","263.6725756703742","263.6725756703742","263.6725756703742"
"1458","263.6801616097853","263.6801616097853","263.6801616097853"
"1459","263.893311165325","263.893311165325","263.893311165325"
"1460","264.04434926758114","264.04434926758114","264.04434926758114"
"1461","264.14443814471423","264.14443814471423","264.14443814471423"
"1462","264.59292675155274","264.59292675155274","264.59292675155274"
"1463","265.03149861254786","265.03149861254786","265.03149861254786"
"1464","265.3207335058047","265.3207335058047","265.3207335058047"
"1465","265.80708310110555","265.80708310110555","265.80708310110555"
"1466","265.9735001489712","265.9735001489712","265.9735001489712"
"1467","266.26654500625443","266.26654500625443","266.26654500625443"
"1468","266.45822424358863","266.45822424358863","266.45822424358863"
"1469","266.7033287521853","266.7033287521853","266.7033287521853"
"1470","266.7343149236118","266.7343149236118","266.7343149236118"
"1471","266.93791497141996","266.93791497141996","266.93791497141996"
"1472","267.02861282108233","267.02861282108233","267.02861282108233"
"1473","267.4437356842682","267.4437356842682","267.4437356842682"
"1474","268.66281195981196","268.66281195981196","268.66281195981196"
"1475","268.88282634407517","268.88282634407517","268.88282634407517"
"1476","269.2829309699987","269.2829309699987","269.2829309699987"
"1477","269.51111344496485","269.51111344496485","269.51111344496485"
"1478","269.5662227160181","269.5662227160181","269.5662227160181"
"1479","269.84873699093004","269.84873699093004","269.84873699093004"
"1480","270.3521208238951","270.3521208238951","270.3521208238951"
"1481","270.7207687244448","270.7207687244448","270.7207687244448"
"1482","270.9429522794741","270.9429522794741","270.9429522794741"
"1483","271.2927029458317","271.2927029458317","271.2927029458317"
"1484","271.62666863474294","271.62666863474294","271.62666863474294"
"1485","271.99637836375507","271.99637836375507","271.99637836375507"
"1486","272.4745162164909","272.4745162164909","272.4745162164909"
"1487","272.80992725243095","272.80992725243095","272.80992725243095"
"1488","273.1332896455773","273.1332896455773","273.1332896455773"
"1489","273.5878624669113","273.5878624669113","273.5878624669113"
"1490","273.7034415651043","273.7034415651043","273.7034415651043"
"1491","273.8864613920427","273.8864613920427","273.8864613920427"
"1492","274.17957062537084","274.17957062537084","274.17957062537084"
"1493","274.54129627916615","274.54129627916615","274.54129627916615"
"1494","274.8621312656219","274.8621312656219","274.8621312656219"
"1495","275.07719897023986","275.07719897023986","275.07719897023986"
"1496","275.33370521090575","275.33370521090575","275.33370521090575"
"1497","275.6735003822076","275.6735003822076","275.6735003822076"
"1498","276.0199833750271","276.0199833750271","276.0199833750271"
"1499","276.4168620961916","276.4168620961916","276.4168620961916"
"1500","276.55422026126297","276.55422026126297","276.55422026126297"
"1501","276.7815843290149","276.7815843290149","276.7815843290149"
"1502","277.34641861230716","277.34641861230716","277.34641861230716"
"1503","277.7161142308172","277.7161142308172","277.7161142308172"
"1504","278.0218652573973","278.0218652573973","278.0218652573973"
"1505","278.1698832511622","278.1698832511622","278.1698832511622"
"1506","278.5453806316527","278.5453806316527","278.5453806316527"
"1507","278.7299125211453","278.7299125211453","278.7299125211453"
"1508","279.03907968239395","279.03907968239395","279.03907968239395"
"1509","279.225168457196","279.225168457196","279.225168457196"
"1510","279.7289008149196","279.7289008149196","279.7289008149196"
"1511","279.9315822771023","279.9315822771023","279.9315822771023"
"1512","280.14413778785325","280.14413778785325","280.14413778785325"
"1513","280.6044368455763","280.6044368455763","280.6044368455763"
"1514","280.9374466269504","280.9374466269504","280.9374466269504"
"1515","280.9665589694491","280.9665589694491","280.9665589694491"
"1516","281.4105346770863","281.4105346770863","281.4105346770863"
"1517","281.6075361572671","281.6075361572671","281.6075361572671"
"1518","281.6430508000542","281.6430508000542","281.6430508000542"
"1519","281.9160871085477","281.9160871085477","281.9160871085477"
"1520","282.18593957368273","282.18593957368273","282.18593957368273"
"1521","282.2036452103219","282.2036452103219","282.2036452103219"
"1522","282.28948790287353","282.28948790287353","282.28948790287353"
"1523","282.27993679094817","282.27993679094817","282.27993679094817"
"1524","282.44556034601516","282.44556034601516","282.44556034601516"
"1525","282.9964069124915","282.9964069124915","282.9964069124915"
"1526","282.7789084787456","282.7789084787456","282.7789084787456"
"1527","282.7758228609035","282.7758228609035","282.7758228609035"
"1528","282.7944850759044","282.7944850759044","282.7944850759044"
"1529","282.9427579289883","282.9427579289883","282.9427579289883"
"1530","282.7287959388293","282.7287959388293","282.7287959388293"
"1531","282.59897412919196","282.59897412919196","282.59897412919196"
"1532","282.601616245401","282.601616245401","282.601616245401"
"1533","282.55236847143146","282.55236847143146","282.55236847143146"
"1534","282.54576928768876","282.54576928768876","282.54576928768876"
"1535","282.4384369297499","282.4384369297499","282.4384369297499"
"1536","282.34221736492054","282.34221736492054","282.34221736492054"
"1537","282.200306582839","282.200306582839","282.200306582839"
"1538","282.1195808277435","282.1195808277435","282.1195808277435"
"1539","281.95164111872833","281.95164111872833","281.95164111872833"
"1540","282.1123468445025","282.1123468445025","282.1123468445025"
"1541","281.89329937756224","281.89329937756224","281.89329937756224"
"1542","281.77748891951217","281.77748891951217","281.77748891951217"
"1543","281.7654538923053","281.7654538923053","281.7654538923053"
"1544","281.9328622450696","281.9328622450696","281.9328622450696"
"1545","281.6689432435015","281.6689432435015","281.6689432435015"
"1546","281.54626228827726","281.54626228827726","281.54626228827726"
"1547","281.5166801594405","281.5166801594405","281.5166801594405"
"1548","281.4429785144909","281.4429785144909","281.4429785144909"
"1549","281.4692075179771","281.4692075179771","281.4692075179771"
"1550","281.3506231479746","281.3506231479746","281.3506231479746"
"1551","281.3891458838716","281.3891458838716","281.3891458838716"
"1552","281.45401379616965","281.45401379616965","281.45401379616965"
"1553","281.3992771388524","281.3992771388524","281.3992771388524"
"1554","281.49006240349183","281.49006240349183","281.49006240349183"
"1555","281.6473544654615","281.6473544654615","281.6473544654615"
"1556","281.6102537054374","281.6102537054374","281.6102537054374"
"1557","281.43960296931596","281.43960296931596","281.43960296931596"
"1558","281.3566611015509","281.3566611015509","281.3566611015509"
"1559","281.33411825884986","281.33411825884986","281.33411825884986"
"1560","281.0714407094752","281.0714407094752","281.0714407094752"
"1561","281.0099521628462","281.0099521628462","281.0099521628462"
"1562","280.9404569903992","280.9404569903992","280.9404569903992"
"1563","280.82188835805727","280.82188835805727","280.82188835805727"
"1564","280.7499959991777","280.7499959991777","280.7499959991777"
"1565","280.5315857750827","280.5315857750827","280.5315857750827"
"1566","280.5603288491068","280.5603288491068","280.5603288491068"
"1567","280.45861400344853","280.45861400344853","280.45861400344853"
"1568","280.4803727461442","280.4803727461442","280.4803727461442"
"1569","280.5343171233798","280.5343171233798","280.5343171233798"
"1570","280.4855395178797","280.4855395178797","280.4855395178797"
"1571","280.69284790895625","280.69284790895625","280.69284790895625"
"1572","280.67460142525823","280.67460142525823","280.67460142525823"
"1573","280.5006469720489","280.5006469720489","280.5006469720489"
"1574","280.2278788153924","280.2278788153924","280.2278788153924"
"1575","280.0375286498274","280.0375286498274","280.0375286498274"
"1576","279.9215722244213","279.9215722244213","279.9215722244213"
"1577","279.7292529176482","279.7292529176482","279.7292529176482"
"1578","279.8437699824226","279.8437699824226","279.8437699824226"
"1579","279.80636071902967","279.80636071902967","279.80636071902967"
"1580","279.7061734737436","279.7061734737436","279.7061734737436"
"1581","279.67521181286116","279.67521181286116","279.67521181286116"
"1582","279.6914850821559","279.6914850821559","279.6914850821559"
"1583","279.591647315971","279.591647315971","279.591647315971"
"1584","279.52207770878255","279.52207770878255","279.52207770878255"
"1585","279.4038951758066","279.4038951758066","279.4038951758066"
"1586","279.3676746461404","279.3676746461404","279.3676746461404"
"1587","279.38701674649064","279.38701674649064","279.38701674649064"
"1588","279.4067621756582","279.4067621756582","279.4067621756582"
"1589","279.2855596257773","279.2855596257773","279.2855596257773"
"1590","279.22216875936175","279.22216875936175","279.22216875936175"
"1591","279.27022234790763","279.27022234790763","279.27022234790763"
"1592","279.34163865013784","279.34163865013784","279.34163865013784"
"1593","279.23286507007816","279.23286507007816","279.23286507007816"
"1594","279.08541350464725","279.08541350464725","279.08541350464725"
"1595","279.2769038834182","279.2769038834182","279.2769038834182"
"1596","279.2477569995021","279.2477569995021","279.2477569995021"
"1597","279.23290277230296","279.23290277230296","279.23290277230296"
"1598","279.3422109429513","279.3422109429513","279.3422109429513"
"1599","279.4048129273134","279.4048129273134","279.4048129273134"
"1600","279.6654958088158","279.6654958088158","279.6654958088158"
"1601","279.78133222729645","279.78133222729645","279.78133222729645"
"1602","279.96644427138125","279.96644427138125","279.96644427138125"
"1603","279.7332810269003","279.7332810269003","279.7332810269003"
"1604","279.8648515219926","279.8648515219926","279.8648515219926"
"1605","279.9800198297701","279.9800198297701","279.9800198297701"
"1606","279.7559398835674","279.7559398835674","279.7559398835674"
"1607","279.95459824122116","279.95459824122116","279.95459824122116"
"1608","279.89442197216306","279.89442197216306","279.89442197216306"
"1609","279.99081486662305","279.99081486662305","279.99081486662305"
"1610","279.90209758861374","279.90209758861374","279.90209758861374"
"1611","280.0455706285491","280.0455706285491","280.0455706285491"
"1612","280.02760327440143","280.02760327440143","280.02760327440143"
"1613","279.8254606505382","279.8254606505382","279.8254606505382"
"1614","279.75683955828345","279.75683955828345","279.75683955828345"
"1615","279.674149349603","279.674149349603","279.674149349603"
"1616","279.55279393429976","279.55279393429976","279.55279393429976"
"1617","279.42219093427633","279.42219093427633","279.42219093427633"
"1618","279.52543003686577","279.52543003686577","279.52543003686577"
"1619","279.37336323349143","279.37336323349143","279.37336323349143"
"1620","279.34850487161765","279.34850487161765","279.34850487161765"
"1621","279.4191673148271","279.4191673148271","279.4191673148271"
"1622","279.26731570685155","279.26731570685155","279.26731570685155"
"1623","279.1387384004878","279.1387384004878","279.1387384004878"
"1624","279.2147235606598","279.2147235606598","279.2147235606598"
"1625","279.20090790351026","279.20090790351026","279.20090790351026"
"1626","279.33393661369325","279.33393661369325","279.33393661369325"
"1627","279.37207850578466","279.37207850578466","279.37207850578466"
"1628","279.24013159424754","279.24013159424754","279.24013159424754"
"1629","279.12135880327537","279.12135880327537","279.12135880327537"
"1630","279.17665515006627","279.17665515006627","279.17665515006627"
"1631","279.30912803077246","279.30912803077246","279.30912803077246"
"1632","279.270509412469","279.270509412469","279.270509412469"
"1633","279.19909452298066","279.19909452298066","279.19909452298066"
"1634","279.2571522203296","279.2571522203296","279.2571522203296"
"1635","279.55039324488945","279.55039324488945","279.55039324488945"
"1636","279.56033120782047","279.56033120782047","279.56033120782047"
"1637","279.72765109334597","279.72765109334597","279.72765109334597"
"1638","279.63441123398474","279.63441123398474","279.63441123398474"
"1639","279.7951742137595","279.7951742137595","279.7951742137595"
"1640","279.62982282704195","279.62982282704195","279.62982282704195"
"1641","279.91386531787214","279.91386531787214","279.91386531787214"
"1642","279.83210006211874","279.83210006211874","279.83210006211874"
"1643","279.57212379399954","279.57212379399954","279.57212379399954"
"1644","279.4815492739229","279.4815492739229","279.4815492739229"
"1645","279.4536091057489","279.4536091057489","279.4536091057489"
"1646","279.38583674168433","279.38583674168433","279.38583674168433"
"1647","279.3243801217129","279.3243801217129","279.3243801217129"
"1648","279.4836659739351","279.4836659739351","279.4836659739351"
"1649","279.5969691520136","279.5969691520136","279.5969691520136"
"1650","279.7000080391897","279.7000080391897","279.7000080391897"
"1651","279.7106615515302","279.7106615515302","279.7106615515302"
"1652","279.5472897075482","279.5472897075482","279.5472897075482"
"1653","279.4764709918496","279.4764709918496","279.4764709918496"
"1654","279.5237791133816","279.5237791133816","279.5237791133816"
"1655","279.54011334281154","279.54011334281154","279.54011334281154"
"1656","279.7659953490782","279.7659953490782","279.7659953490782"
"1657","279.90694780941385","279.90694780941385","279.90694780941385"
"1658","280.0219782211076","280.0219782211076","280.0219782211076"
"1659","279.9219698476329","279.9219698476329","279.9219698476329"
"1660","280.0558711055198","280.0558711055198","280.0558711055198"
"1661","280.1400331732279","280.1400331732279","280.1400331732279"
"1662","280.12564832093284","280.12564832093284","280.12564832093284"
"1663","279.8911880632941","279.8911880632941","279.8911880632941"
"1664","279.85842601423474","279.85842601423474","279.85842601423474"
"1665","279.9706550020041","279.9706550020041","279.9706550020041"
"1666","279.9708381798273","279.9708381798273","279.9708381798273"
"1667","279.81386185962856","279.81386185962856","279.81386185962856"
"1668","279.6791640684047","279.6791640684047","279.6791640684047"
"1669","279.4960111565161","279.4960111565161","279.4960111565161"
"1670","279.6390172625118","279.6390172625118","279.6390172625118"
"1671","279.4168469026854","279.4168469026854","279.4168469026854"
"1672","279.4799188019295","279.4799188019295","279.4799188019295"
"1673","279.5375589485071","279.5375589485071","279.5375589485071"
"1674","279.7058509781445","279.7058509781445","279.7058509781445"
"1675","279.9361090043467","279.9361090043467","279.9361090043467"
"1676","280.0732951927232","280.0732951927232","280.0732951927232"
"1677","280.2247466981132","280.2247466981132","280.2247466981132"
"1678","280.3356208863296","280.3356208863296","280.3356208863296"
"1679","280.53889167848513","280.53889167848513","280.53889167848513"
"1680","280.5934233988473","280.5934233988473","280.5934233988473"
"1681","280.71889629613844","280.71889629613844","280.71889629613844"
"1682","280.7344078157633","280.7344078157633","280.7344078157633"
"1683","280.7476325788751","280.7476325788751","280.7476325788751"
"1684","280.5420090719598","280.5420090719598","280.5420090719598"
"1685","280.74223733749534","280.74223733749534","280.74223733749534"
"1686","280.5865313432302","280.5865313432302","280.5865313432302"
"1687","280.69736413922453","280.69736413922453","280.69736413922453"
"1688","280.6963829439838","280.6963829439838","280.6963829439838"
"1689","280.7783981892729","280.7783981892729","280.7783981892729"
"1690","280.82355100664137","280.82355100664137","280.82355100664137"
"1691","280.72701928237746","280.72701928237746","280.72701928237746"
"1692","280.7521979343641","280.7521979343641","280.7521979343641"
"1693","280.94770382480294","280.94770382480294","280.94770382480294"
"1694","281.07858750376215","281.07858750376215","281.07858750376215"
"1695","280.98159566829975","280.98159566829975","280.98159566829975"
"1696","281.0739014030394","281.0739014030394","281.0739014030394"
"1697","281.0495421575848","281.0495421575848","281.0495421575848"
"1698","280.92207247573884","280.92207247573884","280.92207247573884"
"1699","280.7366096982221","280.7366096982221","280.7366096982221"
"1700","280.6261612559995","280.6261612559995","280.6261612559995"
"1701","280.60519723200764","280.60519723200764","280.60519723200764"
"1702","280.41176087722476","280.41176087722476","280.41176087722476"
"1703","280.6806782876124","280.6806782876124","280.6806782876124"
"1704","280.67167135820085","280.67167135820085","280.67167135820085"
"1705","280.3058130450204","280.3058130450204","280.3058130450204"
"1706","280.4220140918333","280.4220140918333","280.4220140918333"
"1707","280.31036350650135","280.31036350650135","280.31036350650135"
"1708","280.28463318439555","280.28463318439555","280.28463318439555"
"1709","280.29086707474085","280.29086707474085","280.29086707474085"
"1710","280.1137594017608","280.1137594017608","280.1137594017608"
"1711","279.9800099315157","279.9800099315157","279.9800099315157"
"1712","279.86232605709114","279.86232605709114","279.86232605709114"
"1713","279.81025401268323","279.81025401268323","279.81025401268323"
"1714","279.3806129521893","279.3806129521893","279.3806129521893"
"1715","279.4494739932537","279.4494739932537","279.4494739932537"
"1716","279.497614031459","279.497614031459","279.497614031459"
"1717","279.33550259649456","279.33550259649456","279.33550259649456"
"1718","279.1155839589837","279.1155839589837","279.1155839589837"
"1719","278.9757280504138","278.9757280504138","278.9757280504138"
"1720","278.5558894744695","278.5558894744695","278.5558894744695"
"1721","278.48267281461443","278.48267281461443","278.48267281461443"
"1722","278.3776495489146","278.3776495489146","278.3776495489146"
"1723","277.9809866050112","277.9809866050112","277.9809866050112"
"1724","277.4973692987247","277.4973692987247","277.4973692987247"
"1725","277.20544818865534","277.20544818865534","277.20544818865534"
"1726","276.93448539644066","276.93448539644066","276.93448539644066"
"1727","276.4744891723437","276.4744891723437","276.4744891723437"
"1728","276.27923080280243","276.27923080280243","276.27923080280243"
"1729","276.2373355502757","276.2373355502757","276.2373355502757"
"1730","276.19951222050696","276.19951222050696","276.19951222050696"
"1731","276.36024008317145","276.36024008317145","276.36024008317145"
"1732","276.5438724600267","276.5438724600267","276.5438724600267"
"1733","276.6325897872732","276.6325897872732","276.6325897872732"
"1734","276.6732750800257","276.6732750800257","276.6732750800257"
"1735","276.254271043954","276.254271043954","276.254271043954"
"1736","276.3294829756632","276.3294829756632","276.3294829756632"
"1737","275.9421628934633","275.9421628934633","275.9421628934633"
"1738","276.0997189887636","276.0997189887636","276.0997189887636"
"1739","276.01640853157494","276.01640853157494","276.01640853157494"
"1740","275.9883373059215","275.9883373059215","275.9883373059215"
"1741","275.8442154309199","275.8442154309199","275.8442154309199"
"1742","275.92520523367676","275.92520523367676","275.92520523367676"
"1743","276.0289710048535","276.0289710048535","276.0289710048535"
"1744","276.12377943044476","276.12377943044476","276.12377943044476"
"1745","276.0893972886721","276.0893972886721","276.0893972886721"
"1746","276.01377803244577","276.01377803244577","276.01377803244577"
"1747","275.70955795823545","275.70955795823545","275.70955795823545"
"1748","275.5485444706743","275.5485444706743","275.5485444706743"
"1749","275.4137090122299","275.4137090122299","275.4137090122299"
"1750","275.0453257079394","275.0453257079394","275.0453257079394"
"1751","275.01074093440263","275.01074093440263","275.01074093440263"
"1752","275.21134022556953","275.21134022556953","275.21134022556953"
"1753","275.3688425214013","275.3688425214013","275.3688425214013"
"1754","275.3417797876552","275.3417797876552","275.3417797876552"
"1755","274.4058012798442","274.4058012798442","274.4058012798442"
"1756","274.1480257927512","274.1480257927512","274.1480257927512"
"1757","273.9932516550059","273.9932516550059","273.9932516550059"
"1758","273.86496245583527","273.86496245583527","273.86496245583527"
"1759","273.8113735195976","273.8113735195976","273.8113735195976"
"1760","273.44966808836494","273.44966808836494","273.44966808836494"
"1761","272.5313670422375","272.5313670422375","272.5313670422375"
"1762","272.3434566754585","272.3434566754585","272.3434566754585"
"1763","272.1883098183799","272.1883098183799","272.1883098183799"
"1764","272.2057751692592","272.2057751692592","272.2057751692592"
"1765","272.1957865129096","272.1957865129096","272.1957865129096"
"1766","272.1598116019426","272.1598116019426","272.1598116019426"
"1767","272.2427907242404","272.2427907242404","272.2427907242404"
"1768","272.07447429735555","272.07447429735555","272.07447429735555"
"1769","272.2518644763165","272.2518644763165","272.2518644763165"
"1770","271.39222134281493","271.39222134281493","271.39222134281493"
"1771","271.5083253006354","271.5083253006354","271.5083253006354"
"1772","271.46827441514665","271.46827441514665","271.46827441514665"
"1773","270.4198158896548","270.4198158896548","270.4198158896548"
"1774","270.3350056929375","270.3350056929375","270.3350056929375"
"1775","269.56848406685754","269.56848406685754","269.56848406685754"
"1776","269.52878712755637","269.52878712755637","269.52878712755637"
"1777","269.64897140606314","269.64897140606314","269.64897140606314"
"1778","269.72679609583696","269.72679609583696","269.72679609583696"
"1779","269.627414953732","269.627414953732","269.627414953732"
"1780","269.56980085903086","269.56980085903086","269.56980085903086"
"1781","269.5011442587083","269.5011442587083","269.5011442587083"
"1782","269.5038185047848","269.5038185047848","269.5038185047848"
"1783","269.4772929458827","269.4772929458827","269.4772929458827"
"1784","269.4903954855674","269.4903954855674","269.4903954855674"
"1785","269.4078764243186","269.4078764243186","269.4078764243186"
"1786","269.39539201335464","269.39539201335464","269.39539201335464"
"1787","269.0935278631881","269.0935278631881","269.0935278631881"
"1788","269.16091188026775","269.16091188026775","269.16091188026775"
"1789","269.15602518327483","269.15602518327483","269.15602518327483"
"1790","269.1023408478866","269.1023408478866","269.1023408478866"
"1791","269.38670148116483","269.38670148116483","269.38670148116483"
"1792","269.29069287662344","269.29069287662344","269.29069287662344"
"1793","268.88793139644616","268.88793139644616","268.88793139644616"
"1794","268.82061363340074","268.82061363340074","268.82061363340074"
"1795","268.5857103888767","268.5857103888767","268.5857103888767"
"1796","268.6115538902852","268.6115538902852","268.6115538902852"
"1797","268.4302153211661","268.4302153211661","268.4302153211661"
"1798","268.4496875075825","268.4496875075825","268.4496875075825"
"1799","268.52624083582","268.52624083582","268.52624083582"
"1800","268.6087673638136","268.6087673638136","268.6087673638136"
"1801","268.6270309458703","268.6270309458703","268.6270309458703"
"1802","268.57029113531064","268.57029113531064","268.57029113531064"
"1803","268.5454618971976","268.5454618971976","268.5454618971976"
"1804","268.37736742350336","268.37736742350336","268.37736742350336"
"1805","268.65749888072787","268.65749888072787","268.65749888072787"
"1806","268.52834645396103","268.52834645396103","268.52834645396103"
"1807","268.4203356095643","268.4203356095643","268.4203356095643"
"1808","268.63808852663794","268.63808852663794","268.63808852663794"
"1809","268.5338809617941","268.5338809617941","268.5338809617941"
"1810","268.58412731067574","268.58412731067574","268.58412731067574"
"1811","268.5835421146948","268.5835421146948","268.5835421146948"
"1812","268.71450283757827","268.71450283757827","268.71450283757827"
"1813","268.6556806389233","268.6556806389233","268.6556806389233"
"1814","269.263065937963","269.263065937963","269.263065937963"
"1815","269.4312158255984","269.4312158255984","269.4312158255984"
"1816","269.36528497345574","269.36528497345574","269.36528497345574"
"1817","269.57517302953","269.57517302953","269.57517302953"
"1818","269.4864087745018","269.4864087745018","269.4864087745018"
"1819","269.64142218200783","269.64142218200783","269.64142218200783"
"1820","270.05256450664547","270.05256450664547","270.05256450664547"
"1821","270.0913026266202","270.0913026266202","270.0913026266202"
"1822","270.07744497797745","270.07744497797745","270.07744497797745"
"1823","270.61904597919727","270.61904597919727","270.61904597919727"
"1824","270.9698363706313","270.9698363706313","270.9698363706313"
"1825","271.06096838125325","271.06096838125325","271.06096838125325"
"1826","271.3855808633159","271.3855808633159","271.3855808633159"
"1827","272.01404305183917","272.01404305183917","272.01404305183917"
"1828","272.1775342817407","272.1775342817407","272.1775342817407"
"1829","272.39506996859217","272.39506996859217","272.39506996859217"
"1830","272.52057417246107","272.52057417246107","272.52057417246107"
"1831","272.56396546367154","272.56396546367154","272.56396546367154"
"1832","272.48521702096394","272.48521702096394","272.48521702096394"
"1833","272.4091563237901","272.4091563237901","272.4091563237901"
"1834","272.4994838296553","272.4994838296553","272.4994838296553"
"1835","272.84646680586275","272.84646680586275","272.84646680586275"
"1836","272.9124985078187","272.9124985078187","272.9124985078187"
"1837","273.2697964618681","273.2697964618681","273.2697964618681"
"1838","273.2852041449445","273.2852041449445","273.2852041449445"
"1839","273.3075497871125","273.3075497871125","273.3075497871125"
"1840","273.3551360124117","273.3551360124117","273.3551360124117"
"1841","273.3786668490945","273.3786668490945","273.3786668490945"
"1842","273.4322328497144","273.4322328497144","273.4322328497144"
"1843","273.4780218062597","273.4780218062597","273.4780218062597"
"1844","273.51862901127726","273.51862901127726","273.51862901127726"
"1845","273.73224114197603","273.73224114197603","273.73224114197603"
"1846","273.9317532607989","273.9317532607989","273.9317532607989"
"1847","274.3122387162416","274.3122387162416","274.3122387162416"
"1848","274.5766645529686","274.5766645529686","274.5766645529686"
"1849","274.550351802049","274.550351802049","274.550351802049"
"1850","274.93801007827165","274.93801007827165","274.93801007827165"
"1851","274.99997400422","274.99997400422","274.99997400422"
"1852","274.9700295063301","274.9700295063301","274.9700295063301"
"1853","275.02028242813776","275.02028242813776","275.02028242813776"
"1854","275.0834083883296","275.0834083883296","275.0834083883296"
"1855","275.86011740178515","275.86011740178515","275.86011740178515"
"1856","276.00130248228385","276.00130248228385","276.00130248228385"
"1857","276.1913306149986","276.1913306149986","276.1913306149986"
"1858","276.23967283271736","276.23967283271736","276.23967283271736"
"1859","276.31046771045044","276.31046771045044","276.31046771045044"
"1860","276.66015368812225","276.66015368812225","276.66015368812225"
"1861","277.52901932229724","277.52901932229724","277.52901932229724"
"1862","277.7310306234119","277.7310306234119","277.7310306234119"
"1863","278.0247194657495","278.0247194657495","278.0247194657495"
"1864","278.0088003333213","278.0088003333213","278.0088003333213"
"1865","278.18662974337786","278.18662974337786","278.18662974337786"
"1866","278.3332580342769","278.3332580342769","278.3332580342769"
"1867","278.429893513459","278.429893513459","278.429893513459"
"1868","278.72015938459634","278.72015938459634","278.72015938459634"
"1869","278.58735158596625","278.58735158596625","278.58735158596625"
"1870","279.4812351216047","279.4812351216047","279.4812351216047"
"1871","279.48281675693084","279.48281675693084","279.48281675693084"
"1872","279.4923088638132","279.4923088638132","279.4923088638132"
"1873","280.628557437977","280.628557437977","280.628557437977"
"1874","280.6051252011086","280.6051252011086","280.6051252011086"
"1875","281.35992116926866","281.35992116926866","281.35992116926866"
"1876","281.3325707962403","281.3325707962403","281.3325707962403"
"1877","281.28579207774646","281.28579207774646","281.28579207774646"
"1878","281.17805262162744","281.17805262162744","281.17805262162744"
"1879","281.22387642373724","281.22387642373724","281.22387642373724"
"1880","281.25234337085317","281.25234337085317","281.25234337085317"
"1881","281.36128541052733","281.36128541052733","281.36128541052733"
"1882","281.3612733624356","281.3612733624356","281.3612733624356"
"1883","281.5015523404388","281.5015523404388","281.5015523404388"
"1884","281.80249974313585","281.80249974313585","281.80249974313585"
"1885","281.7666992065629","281.7666992065629","281.7666992065629"
"1886","282.00876913587956","282.00876913587956","282.00876913587956"
"1887","282.3954157243988","282.3954157243988","282.3954157243988"
"1888","282.40469841435015","282.40469841435015","282.40469841435015"
"1889","282.42578308376176","282.42578308376176","282.42578308376176"
"1890","282.2660880703402","282.2660880703402","282.2660880703402"
"1891","281.94140576337156","281.94140576337156","281.94140576337156"
"1892","282.0891458044264","282.0891458044264","282.0891458044264"
"1893","282.43556807583127","282.43556807583127","282.43556807583127"
"1894","282.6198146476589","282.6198146476589","282.6198146476589"
"1895","283.04348117395347","283.04348117395347","283.04348117395347"
"1896","282.91953375589816","282.91953375589816","282.91953375589816"
"1897","283.0742476092723","283.0742476092723","283.0742476092723"
"1898","283.3051788081812","283.3051788081812","283.3051788081812"
"1899","283.2454691553746","283.2454691553746","283.2454691553746"
"1900","283.3187658096584","283.3187658096584","283.3187658096584"
"1901","283.37057471490044","283.37057471490044","283.37057471490044"
"1902","283.4897941225341","283.4897941225341","283.4897941225341"
"1903","283.563222046857","283.563222046857","283.563222046857"
"1904","283.5724450875334","283.5724450875334","283.5724450875334"
"1905","283.7329590309579","283.7329590309579","283.7329590309579"
"1906","283.78480402168395","283.78480402168395","283.78480402168395"
"1907","283.88540857050555","283.88540857050555","283.88540857050555"
"1908","283.8612188044934","283.8612188044934","283.8612188044934"
"1909","283.95286917406","283.95286917406","283.95286917406"
"1910","284.2380257625888","284.2380257625888","284.2380257625888"
"1911","284.31289525824934","284.31289525824934","284.31289525824934"
"1912","284.2461855250689","284.2461855250689","284.2461855250689"
"1913","284.1835237786615","284.1835237786615","284.1835237786615"
"1914","284.06616926005864","284.06616926005864","284.06616926005864"
"1915","283.9669583154592","283.9669583154592","283.9669583154592"
"1916","283.73341457128583","283.73341457128583","283.73341457128583"
"1917","283.6240735579055","283.6240735579055","283.6240735579055"
"1918","284.00746631412824","284.00746631412824","284.00746631412824"
"1919","284.0374799596897","284.0374799596897","284.0374799596897"
"1920","284.0461777097067","284.0461777097067","284.0461777097067"
"1921","283.90016378173476","283.90016378173476","283.90016378173476"
"1922","284.0098424249595","284.0098424249595","284.0098424249595"
"1923","283.87750051824304","283.87750051824304","283.87750051824304"
"1924","284.0016009384014","284.0016009384014","284.0016009384014"
"1925","283.87960050881304","283.87960050881304","283.87960050881304"
"1926","283.6681411527573","283.6681411527573","283.6681411527573"
"1927","283.5326395507912","283.5326395507912","283.5326395507912"
"1928","283.4468819349921","283.4468819349921","283.4468819349921"
"1929","283.2162137903144","283.2162137903144","283.2162137903144"
"1930","283.25251732549265","283.25251732549265","283.25251732549265"
"1931","283.1815051534852","283.1815051534852","283.1815051534852"
"1932","283.08508562652264","283.08508562652264","283.08508562652264"
"1933","283.12080739824904","283.12080739824904","283.12080739824904"
"1934","283.03794631194194","283.03794631194194","283.03794631194194"
"1935","282.9356997741606","282.9356997741606","282.9356997741606"
"1936","282.7931221514741","282.7931221514741","282.7931221514741"
"1937","282.6172927935571","282.6172927935571","282.6172927935571"
"1938","282.3952559372141","282.3952559372141","282.3952559372141"
"1939","282.59754263574825","282.59754263574825","282.59754263574825"
"1940","282.361670182176","282.361670182176","282.361670182176"
"1941","282.3894756547907","282.3894756547907","282.3894756547907"
"1942","282.20929338350993","282.20929338350993","282.20929338350993"
"1943","282.14819626933763","282.14819626933763","282.14819626933763"
"1944","282.04722749731314","282.04722749731314","282.04722749731314"
"1945","281.9597373922732","281.9597373922732","281.9597373922732"
"1946","281.70432512380927","281.70432512380927","281.70432512380927"
"1947","281.44503714676523","281.44503714676523","281.44503714676523"
"1948","281.2627420818647","281.2627420818647","281.2627420818647"
"1949","281.1745445903296","281.1745445903296","281.1745445903296"
"1950","280.9971212428411","280.9971212428411","280.9971212428411"
"1951","280.9692059816488","280.9692059816488","280.9692059816488"
"1952","280.8685120969241","280.8685120969241","280.8685120969241"
"1953","280.6533957937696","280.6533957937696","280.6533957937696"
"1954","280.5123475403576","280.5123475403576","280.5123475403576"
"1955","280.4350540217482","280.4350540217482","280.4350540217482"
"1956","280.4879393225517","280.4879393225517","280.4879393225517"
"1957","280.1527900872268","280.1527900872268","280.1527900872268"
"1958","280.0039250960741","280.0039250960741","280.0039250960741"
"1959","279.9158059407798","279.9158059407798","279.9158059407798"
"1960","279.8676173289986","279.8676173289986","279.8676173289986"
"1961","279.82724773044043","279.82724773044043","279.82724773044043"
"1962","279.76879701206735","279.76879701206735","279.76879701206735"
"1963","279.7933513729884","279.7933513729884","279.7933513729884"
"1964","279.8781518724798","279.8781518724798","279.8781518724798"
"1965","279.7734657806861","279.7734657806861","279.7734657806861"
"1966","279.4889928774102","279.4889928774102","279.4889928774102"
"1967","279.5148828233624","279.5148828233624","279.5148828233624"
"1968","279.4956995858657","279.4956995858657","279.4956995858657"
"1969","279.5678209072849","279.5678209072849","279.5678209072849"
"1970","279.52028394974155","279.52028394974155","279.52028394974155"
"1971","279.51358086946743","279.51358086946743","279.51358086946743"
"1972","279.54785322081443","279.54785322081443","279.54785322081443"
"1973","279.45275937513594","279.45275937513594","279.45275937513594"
"1974","279.54139940069433","279.54139940069433","279.54139940069433"
"1975","279.582880731585","279.582880731585","279.582880731585"
"1976","279.7188280381044","279.7188280381044","279.7188280381044"
"1977","279.59008416698924","279.59008416698924","279.59008416698924"
"1978","279.56732196518135","279.56732196518135","279.56732196518135"
"1979","279.4074712936036","279.4074712936036","279.4074712936036"
"1980","279.349346729239","279.349346729239","279.349346729239"
"1981","279.27523515620413","279.27523515620413","279.27523515620413"
"1982","279.32389503826533","279.32389503826533","279.32389503826533"
"1983","279.2479869868341","279.2479869868341","279.2479869868341"
"1984","279.02270525324536","279.02270525324536","279.02270525324536"
"1985","279.09967724577905","279.09967724577905","279.09967724577905"
"1986","278.99617047331674","278.99617047331674","278.99617047331674"
"1987","278.7894788843711","278.7894788843711","278.7894788843711"
"1988","278.60262993195704","278.60262993195704","278.60262993195704"
"1989","278.5983190583778","278.5983190583778","278.5983190583778"
"1990","278.74843029694546","278.74843029694546","278.74843029694546"
"1991","278.9988923749226","278.9988923749226","278.9988923749226"
"1992","278.9331424440155","278.9331424440155","278.9331424440155"
"1993","278.8319232954519","278.8319232954519","278.8319232954519"
"1994","278.7962784979926","278.7962784979926","278.7962784979926"
"1995","278.5692813318575","278.5692813318575","278.5692813318575"
"1996","278.51375013314623","278.51375013314623","278.51375013314623"
"1997","278.50122424605684","278.50122424605684","278.50122424605684"
"1998","278.25878804541395","278.25878804541395","278.25878804541395"
"1999","278.23893654002313","278.23893654002313","278.23893654002313"
"2000","278.2612947462543","278.2612947462543","278.2612947462543"